shape_id,begin,end,stop_id,stop_name,stop_lat,stop_lon,distAlongR,parent_route
10th-ASTH-CSLA,1,427,20200814260,10thAv_AerotropolisSouth_b,-33.93448283,150.74096519999998,47.945026399999996,10th-ASTH-CSLA
10th-ASTH-CSLA,1,427,20200814198,Rossmore-SW-WE,-33.92576573,150.7691628,3804.0891869999996,10th-ASTH-CSLA
10th-ASTH-CSLA,1,427,20200814202,Rossmore-SE-WE,-33.92903499,150.78489130000003,5446.924075,10th-ASTH-CSLA
10th-ASTH-CSLA,1,427,20200814210,Austral-SW-WE,-33.93912283,150.7971876,7647.130829000001,10th-ASTH-CSLA
10th-ASTH-CSLA,1,427,20200814214,Austral-SE-WE,-33.93304835,150.8118293,10067.40745,10th-ASTH-CSLA
10th-ASTH-CSLA,1,427,20200814262,10thAv_WestHoxton_b,-33.93422593,150.8353623,12843.47618,10th-ASTH-CSLA
10th-ASTH-CSLA,1,427,20200814264,10thAv_CarnesHill_b,-33.93596396,150.84553530000002,14018.127209999999,10th-ASTH-CSLA
10th-ASTH-CSLA,1,427,20200814276,10thAv_PrestonsIndustrial_b,-33.94098811,150.8582142,15398.4143,10th-ASTH-CSLA
10th-ASTH-CSLA,1,427,20200814266,10thAv_Prestons_b,-33.94224109,150.8676134,16278.431209999999,10th-ASTH-CSLA
10th-ASTH-CSLA,1,427,20200814274,10thAv_NexusIndustryPark_b,-33.94418223,150.8818029,17614.71851,10th-ASTH-CSLA
10th-ASTH-CSLA,1,427,20200814268,10thAv_Lurnea_b,-33.94551763,150.891427,18541.63567,10th-ASTH-CSLA
10th-ASTH-CSLA,1,427,20200814272,10thAv_CasulaMall_b,-33.94691283,150.9003706,19391.08762,10th-ASTH-CSLA
10th-ASTH-CSLA,1,427,20200814269,10thAv_CasulaStation_a,-33.9500156,150.91139219999997,21041.31814,10th-ASTH-CSLA
10th-CSLA-ASTH,1,452,20200814270,10thAv_CasulaStation_b,-33.95004272,150.9114066,15.59479527,10th-CSLA-ASTH
10th-CSLA-ASTH,1,452,20200814271,10thAv_CasulaMall_a,-33.94694684,150.9003094,1698.143954,10th-CSLA-ASTH
10th-CSLA-ASTH,1,452,20200814267,10thAv_Lurnea_a,-33.94553124,150.89126869999998,2559.691639,10th-CSLA-ASTH
10th-CSLA-ASTH,1,452,20200814273,10thAv_NexusIndustryPark_a,-33.94422559,150.88173419999998,3475.8877079999997,10th-CSLA-ASTH
10th-CSLA-ASTH,1,452,20200814265,10thAv_Prestons_a,-33.9421996,150.8670715,4864.257865,10th-CSLA-ASTH
10th-CSLA-ASTH,1,452,20200814275,10thAv_PrestonsIndustrial_a,-33.94101184,150.85817350000002,5697.419064,10th-CSLA-ASTH
10th-CSLA-ASTH,1,452,20200814263,10thAv_CarnesHill_a,-33.93603132,150.8450449,7115.375982,10th-CSLA-ASTH
10th-CSLA-ASTH,1,452,20200814261,10thAv_WestHoxton_a,-33.93424806,150.83534440000003,8304.760425,10th-CSLA-ASTH
10th-CSLA-ASTH,1,452,20200814213,Austral-SE-EW,-33.93307771,150.811872,10851.98448,10th-CSLA-ASTH
10th-CSLA-ASTH,1,452,20200814209,Austral-SW-EW,-33.93916583,150.7972398,13271.16478,10th-CSLA-ASTH
10th-CSLA-ASTH,1,452,20200814201,Rossmore-SE-EW,-33.92908856,150.7849627,15469.6523,10th-CSLA-ASTH
10th-CSLA-ASTH,1,452,20200814197,Rossmore-SW-EW,-33.92580296,150.7690967,17125.16855,10th-CSLA-ASTH
10th-CSLA-ASTH,1,452,20200814259,10thAv_AerotropolisSouth_a,-33.93459147,150.7408746,20882.14321,10th-CSLA-ASTH
15th-AERO-LVPL,1,314,20200814257,AerotropolisStation_a,-33.92049719,150.73677450000002,22.03212261,15th-AERO-LVPL
15th-AERO-LVPL,1,314,20200814256,15thAv_Bringelly_b,-33.91018533,150.7459844,1939.6769219999999,15th-AERO-LVPL
15th-AERO-LVPL,1,314,20200814193,Rossmore-NW-WE,-33.91237445,150.77140769999997,4390.0425399999995,15th-AERO-LVPL
15th-AERO-LVPL,1,314,20200814206,Rossmore-NE-WE,-33.91407917,150.78536680000002,5695.011535000001,15th-AERO-LVPL
15th-AERO-LVPL,1,314,20200814221,Austral-NW-WE,-33.91795364,150.8089158,8020.320159000001,15th-AERO-LVPL
15th-AERO-LVPL,1,314,20200814218,Austral-NE-WE,-33.91876096,150.8147676,8568.859457999999,15th-AERO-LVPL
15th-AERO-LVPL,1,314,20200814254,15thAv_MiddletonGrange_b,-33.92220673,150.8396429,10900.88767,15th-AERO-LVPL
15th-AERO-LVPL,1,314,20200814252,15thAv_HoxtonPark_b,-33.92637451,150.8607375,13022.53835,15th-AERO-LVPL
15th-AERO-LVPL,1,314,20200814249,15thAv_MillerTway_a,-33.926964700000006,150.87097450000002,13986.16704,15th-AERO-LVPL
15th-AERO-LVPL,1,314,20200814247,15thAv_AshTway_a,-33.92753548,150.88323359999998,15131.84921,15th-AERO-LVPL
15th-AERO-LVPL,1,314,20200814245,15thAv_MaxwellsTway_a,-33.92633517,150.8992313,16623.104890000002,15th-AERO-LVPL
15th-AERO-LVPL,1,314,20200814243,15thAv_BrickmakersTway_a,-33.92784302,150.91032019999997,17662.37967,15th-AERO-LVPL
15th-AERO-LVPL,1,314,20200814242,15thAv_LiverpoolStation_b,-33.923103000000005,150.9268322,19513.54229,15th-AERO-LVPL
15th-LVPL-AERO,1,336,20200814241,15thAv_LiverpoolStation_a,-33.92295892,150.9266524,20.87140608,15th-LVPL-AERO
15th-LVPL-AERO,1,336,20200814244,15thAv-BrickmakersTway_b,-33.9280105,150.9102682,1927.665536,15th-LVPL-AERO
15th-LVPL-AERO,1,336,20200814246,15thAv_MaxwellsTway_b,-33.92658085,150.8983681,3042.120458,15th-LVPL-AERO
15th-LVPL-AERO,1,336,20200814248,15thAv_AshTway_b,-33.92784671,150.8820715,4562.523131,15th-LVPL-AERO
15th-LVPL-AERO,1,336,20200814250,15thAv_MillerTway_b,-33.92730335,150.8713841,5559.34222,15th-LVPL-AERO
15th-LVPL-AERO,1,336,20200814251,15thAv_HoxtonPark_a,-33.92667545,150.8581175,6808.2194930000005,15th-LVPL-AERO
15th-LVPL-AERO,1,336,20200814253,15thAv_MiddletonGrange_a,-33.92224766,150.8396293,8696.11355,15th-LVPL-AERO
15th-LVPL-AERO,1,336,20200814217,Austral-NE-EW,-33.91878525,150.81478380000001,11025.70613,15th-LVPL-AERO
15th-LVPL-AERO,1,336,20200814222,Austral-NW-EW,-33.91796598,150.80892619999997,11575.02306,15th-LVPL-AERO
15th-LVPL-AERO,1,336,20200814205,Rossmore-NE-EW,-33.91408072,150.7853648,13903.442519999999,15th-LVPL-AERO
15th-LVPL-AERO,1,336,20200814194,Rossmore-NW-EW,-33.91240923,150.77134980000002,15213.0008,15th-LVPL-AERO
15th-LVPL-AERO,1,336,20200814255,15thAv_Bringelly_a,-33.91019163,150.745996,17659.12777,15th-LVPL-AERO
15th-LVPL-AERO,1,336,20200814258,AerotropolisStation_b,-33.92042120000001,150.73688090000002,19566.33713,15th-LVPL-AERO
20th-AERO-LVPL,1,318,20200814257,AerotropolisStation_a,-33.92049719,150.73677450000002,22.03211363,20th-AERO-LVPL
20th-AERO-LVPL,1,318,20200814256,15thAv_Bringelly_b,-33.91018533,150.7459844,1939.6769219999999,20th-AERO-LVPL
20th-AERO-LVPL,1,318,20200814278,20thAv_ETway_Interchange_b,-33.89858536,150.7589481,4394.12195,20th-AERO-LVPL
20th-AERO-LVPL,1,318,20200814226,KempsCreek-SW-WE,-33.90099186,150.77695690000002,6085.402829,20th-AERO-LVPL
20th-AERO-LVPL,1,318,20200814230,KempsCreek-SE-WE,-33.90211413,150.78822580000002,7143.154481999999,20th-AERO-LVPL
20th-AERO-LVPL,1,318,20200814221,Austral-NW-WE,-33.91795364,150.8089158,10579.76185,20th-AERO-LVPL
20th-AERO-LVPL,1,318,20200814218,Austral-NE-WE,-33.91876096,150.8147676,11128.30092,20th-AERO-LVPL
20th-AERO-LVPL,1,318,20200814254,15thAv_MiddletonGrange_b,-33.92220673,150.8396429,13460.32914,20th-AERO-LVPL
20th-AERO-LVPL,1,318,20200814252,15thAv_HoxtonPark_b,-33.92637451,150.8607375,15581.979809999999,20th-AERO-LVPL
20th-AERO-LVPL,1,318,20200814249,15thAv_MillerTway_a,-33.926964700000006,150.87097450000002,16545.60851,20th-AERO-LVPL
20th-AERO-LVPL,1,318,20200814247,15thAv_AshTway_a,-33.92753548,150.88323359999998,17691.29067,20th-AERO-LVPL
20th-AERO-LVPL,1,318,20200814245,15thAv_MaxwellsTway_a,-33.92633517,150.8992313,19182.54635,20th-AERO-LVPL
20th-AERO-LVPL,1,318,20200814243,15thAv_BrickmakersTway_a,-33.92784302,150.91032019999997,20221.82114,20th-AERO-LVPL
20th-AERO-LVPL,1,318,20200814242,15thAv_LiverpoolStation_b,-33.923103000000005,150.9268322,22072.98376,20th-AERO-LVPL
20th-LVPL-AERO,1,327,20200814241,15thAv_LiverpoolStation_a,-33.92295892,150.9266524,20.87140608,20th-LVPL-AERO
20th-LVPL-AERO,1,327,20200814244,15thAv-BrickmakersTway_b,-33.9280105,150.9102682,1927.665536,20th-LVPL-AERO
20th-LVPL-AERO,1,327,20200814246,15thAv_MaxwellsTway_b,-33.92658085,150.8983681,3042.120458,20th-LVPL-AERO
20th-LVPL-AERO,1,327,20200814248,15thAv_AshTway_b,-33.92784671,150.8820715,4562.523131,20th-LVPL-AERO
20th-LVPL-AERO,1,327,20200814250,15thAv_MillerTway_b,-33.92730335,150.8713841,5559.34222,20th-LVPL-AERO
20th-LVPL-AERO,1,327,20200814251,15thAv_HoxtonPark_a,-33.92667545,150.8581175,6808.2194930000005,20th-LVPL-AERO
20th-LVPL-AERO,1,327,20200814253,15thAv_MiddletonGrange_a,-33.92224766,150.8396293,8696.11355,20th-LVPL-AERO
20th-LVPL-AERO,1,327,20200814217,Austral-NE-EW,-33.91878525,150.81478380000001,11025.70613,20th-LVPL-AERO
20th-LVPL-AERO,1,327,20200814222,Austral-NW-EW,-33.91796598,150.80892619999997,11575.02306,20th-LVPL-AERO
20th-LVPL-AERO,1,327,20200814229,KempsCreek-SE-EW,-33.90214498,150.7882644,15038.085330000002,20th-LVPL-AERO
20th-LVPL-AERO,1,327,20200814225,KempsCreek-SW-EW,-33.90099913,150.7769497,16100.059980000002,20th-LVPL-AERO
20th-LVPL-AERO,1,327,20200814277,20thAv_ETway_Interchange_a,-33.89859899,150.7589481,17790.92094,20th-LVPL-AERO
20th-LVPL-AERO,1,327,20200814255,15thAv_Bringelly_a,-33.91019163,150.745996,20246.09777,20th-LVPL-AERO
20th-LVPL-AERO,1,327,20200814258,AerotropolisStation_b,-33.92042120000001,150.73688090000002,22153.30713,20th-LVPL-AERO
25th-BPRK-CBMT,1,320,20200814280,BusinessParkStation_b,-33.88336706,150.7384856,247.88203140000002,25th-BPRK-CBMT
25th-BPRK-CBMT,1,320,20200814282,25thAv_ETway_Interchange_b,-33.88642859,150.7604154,2501.766564,25th-BPRK-CBMT
25th-BPRK-CBMT,1,320,20200814237,KempsCreek-NW-EW,-33.88979905,150.7789893,4617.870054999999,25th-BPRK-CBMT
25th-BPRK-CBMT,1,320,20200814234,KempsCreek-NE-WE,-33.89133065,150.7904357,5750.949009,25th-BPRK-CBMT
25th-BPRK-CBMT,1,320,20200814327,DTway_ElizabethDrive_a,-33.88097491,150.7926725,6934.689987000001,25th-BPRK-CBMT
25th-BPRK-CBMT,1,320,20200814284,ETway_MamreRoad_b,-33.88046288,150.809186,8513.4227,25th-BPRK-CBMT
25th-BPRK-CBMT,1,320,20200814302,ETway_CecilRoad_b,-33.87467622,150.8388989,11517.98515,25th-BPRK-CBMT
25th-BPRK-CBMT,1,320,20200814299,ETway_CecilHills_b,-33.88352747,150.857888,13640.018890000001,25th-BPRK-CBMT
25th-BPRK-CBMT,1,320,20200814298,ETway_BonnyriggHeights_b,-33.88536386,150.86988169999998,14801.019690000001,25th-BPRK-CBMT
25th-BPRK-CBMT,1,320,20200814286,ETway_LPTway_b,-33.88942837,150.8831937,16132.32824,25th-BPRK-CBMT
25th-BPRK-CBMT,1,320,20200814290,ETway_Bonnyrigg_b,-33.89325479,150.8916649,17043.375219999998,25th-BPRK-CBMT
25th-BPRK-CBMT,1,320,20200814288,ETway_MountPritchard_b,-33.89480678,150.9032201,18126.04676,25th-BPRK-CBMT
25th-BPRK-CBMT,1,320,20200814296,ETway_TownviewRoad_b,-33.89694046,150.9126904,19052.08334,25th-BPRK-CBMT
25th-BPRK-CBMT,1,320,20200814294,ETway_CabramattaWest_b,-33.89926278,150.92183400000002,19965.603580000003,25th-BPRK-CBMT
25th-BPRK-CBMT,1,320,20200814292,ETway_Cabramatta_b,-33.89519865,150.9384586,21614.94624,25th-BPRK-CBMT
25th-CBMT-BPRK,1,334,20200814291,ETWay_Cabramatta_a,-33.8951539,150.9385034,23.68100208,25th-CBMT-BPRK
25th-CBMT-BPRK,1,334,20200814293,ETway_CabramattaWest_a,-33.89933379,150.9218006,1785.4067559999999,25th-CBMT-BPRK
25th-CBMT-BPRK,1,334,20200814295,ETway_TownviewRoad_a,-33.89694911,150.912653,2702.576845,25th-CBMT-BPRK
25th-CBMT-BPRK,1,334,20200814287,ETway_MountPritchard_a,-33.89485316,150.90313569999998,3633.362964,25th-CBMT-BPRK
25th-CBMT-BPRK,1,334,20200814289,ETway_Bonnyrigg_a,-33.89327506,150.89162439999998,4712.555201,25th-CBMT-BPRK
25th-CBMT-BPRK,1,334,20200814285,ETway_LPTway_a,-33.88943468,150.8831053,5646.838455,25th-CBMT-BPRK
25th-CBMT-BPRK,1,334,20200814297,ETway_BonnyriggHeights_a,-33.88544686,150.8696643,6985.751209,25th-CBMT-BPRK
25th-CBMT-BPRK,1,334,20200814300,ETway_CecilHills_a,-33.88372728,150.8574727,8164.77659,25th-CBMT-BPRK
25th-CBMT-BPRK,1,334,20200814301,ETway_CecilRoad_a,-33.87475658,150.8387649,10271.11162,25th-CBMT-BPRK
25th-CBMT-BPRK,1,334,20200814283,ETway_MamreRoad_a,-33.88060189,150.8090608,13277.17109,25th-CBMT-BPRK
25th-CBMT-BPRK,1,334,20200814328,DTway_ElizabethDrive_b,-33.88095915,150.79269219999998,14836.75535,25th-CBMT-BPRK
25th-CBMT-BPRK,1,334,20200814233,KempsCreek-NE-EW,-33.89134184,150.7904917,16018.08657,25th-CBMT-BPRK
25th-CBMT-BPRK,1,334,20200814238,KempsCreek-NW-WE,-33.88978774,150.778978,17156.69577,25th-CBMT-BPRK
25th-CBMT-BPRK,1,334,20200814281,25thAv_ETway_Interchange_a,-33.88654472,150.76052099999998,19260.19263,25th-CBMT-BPRK
25th-CBMT-BPRK,1,334,20200814279,BusinessParkStation_a,-33.88343221,150.7384801,21530.19086,25th-CBMT-BPRK
AERO-MG,1,164,20200814257,AerotropolisStation_a,-33.92049719,150.73677450000002,22.03212261,AERO-MG
AERO-MG,1,164,20200814256,15thAv_Bringelly_b,-33.91018533,150.7459844,1939.6769219999999,AERO-MG
AERO-MG,1,164,20200814193,Rossmore-NW-WE,-33.91237445,150.77140769999997,4390.0425399999995,AERO-MG
AERO-MG,1,164,20200814206,Rossmore-NE-WE,-33.91407917,150.78536680000002,5695.011535000001,AERO-MG
AERO-MG,1,164,20200814221,Austral-NW-WE,-33.91795364,150.8089158,8019.105197,AERO-MG
AERO-MG,1,164,20200814218,Austral-NE-WE,-33.91876096,150.8147676,8567.644268,AERO-MG
AERO-MG,1,164,20200814254,15thAv_MiddletonGrange_b,-33.92220673,150.8396429,10899.671409999999,AERO-MG
AERO-MG,1,164,202008281,Bryant Av,-33.92035842,150.8403634,11143.01482,AERO-MG
AERO-MG,1,164,2020082612,Kelsey St,-33.91820909,150.8425681,11581.277740000001,AERO-MG
AERO-MG,1,164,2020082610,Swoffer Av near Reardon Av,-33.91835285,150.84470019999998,11793.80952,AERO-MG
Austral-NE-E-to,1,242,20200814241,15thAv_LiverpoolStation_a,-33.92295892,150.9266524,20.87140608,Austral-NE-E
Austral-NE-E-to,1,242,20200814244,15thAv-BrickmakersTway_b,-33.9280105,150.9102682,1927.665536,Austral-NE-E
Austral-NE-E-to,1,242,20200814246,15thAv_MaxwellsTway_b,-33.92658085,150.8983681,3042.120458,Austral-NE-E
Austral-NE-E-to,1,242,20200814248,15thAv_AshTway_b,-33.92784671,150.8820715,4562.523131,Austral-NE-E
Austral-NE-E-to,1,242,20200814250,15thAv_MillerTway_b,-33.92730335,150.8713841,5559.34222,Austral-NE-E
Austral-NE-E-to,1,242,20200814251,15thAv_HoxtonPark_a,-33.92667545,150.8581175,6808.2194930000005,Austral-NE-E
Austral-NE-E-to,1,242,20200814253,15thAv_MiddletonGrange_a,-33.92224766,150.8396293,8696.11355,Austral-NE-E
Austral-NE-E-to,1,242,2020081413,Austral-NE-7a,-33.92091594,150.81945359999997,10724.170540000001,Austral-NE-E
Austral-NE-E-to,1,242,2020081415,Austral-NE-8a,-33.92197779,150.81658240000002,11125.77995,Austral-NE-E
Austral-NE-E-to,1,242,202008141,Austral-NE-1a,-33.92342299,150.8115901,11784.59115,Austral-NE-E
Austral-NE-E-to,1,242,202008143,Austral-NE-2a,-33.92022367,150.8096795,12339.53594,Austral-NE-E
Austral-NE-E-from,1,249,202008145,Austral-NE-3a,-33.91536535,150.8101168,15101.571069115174,Austral-NE-E
Austral-NE-E-from,1,249,202008147,Austral-NE-4a,-33.91494651,150.8133789,15652.454578215174,Austral-NE-E
Austral-NE-E-from,1,249,202008149,Austral-NE-5a,-33.91478435,150.81791,16146.072852215175,Austral-NE-E
Austral-NE-E-from,1,249,2020081411,Austral-NE-6a,-33.91663555,150.81989009999998,16530.268544215174,Austral-NE-E
Austral-NE-E-from,1,249,20200814254,15thAv_MiddletonGrange_b,-33.92220673,150.8396429,18933.571144215173,Austral-NE-E
Austral-NE-E-from,1,249,20200814252,15thAv_HoxtonPark_b,-33.92637451,150.8607375,21055.221820215174,Austral-NE-E
Austral-NE-E-from,1,249,20200814249,15thAv_MillerTway_a,-33.926964700000006,150.87097450000002,22018.850517215174,Austral-NE-E
Austral-NE-E-from,1,249,20200814247,15thAv_AshTway_a,-33.92753548,150.88323359999998,23164.532682215176,Austral-NE-E
Austral-NE-E-from,1,249,20200814245,15thAv_MaxwellsTway_a,-33.92633517,150.8992313,24655.788365215176,Austral-NE-E
Austral-NE-E-from,1,249,20200814243,15thAv_BrickmakersTway_a,-33.92784302,150.91032019999997,25695.063145215176,Austral-NE-E
Austral-NE-E-from,1,249,20200814242,15thAv_LiverpoolStation_b,-33.923103000000005,150.9268322,27546.225765215175,Austral-NE-E
Austral-NE-N-to,1,105,20200814280,BusinessParkStation_b,-33.88336706,150.7384856,247.88203140000002,Austral-NE-N
Austral-NE-N-to,1,105,20200814282,25thAv_ETway_Interchange_b,-33.88642859,150.7604154,2501.766564,Austral-NE-N
Austral-NE-N-to,1,105,20200814278,20thAv_ETway_Interchange_b,-33.89858536,150.7589481,3910.93199,Austral-NE-N
Austral-NE-N-to,1,105,20200814226,KempsCreek-SW-WE,-33.90099186,150.77695690000002,5602.212869,Austral-NE-N
Austral-NE-N-to,1,105,20200814230,KempsCreek-SE-WE,-33.90211413,150.78822580000002,6659.964522,Austral-NE-N
Austral-NE-N-to,1,105,202008149,Austral-NE-5a,-33.91478435,150.81791,10428.14985,Austral-NE-N
Austral-NE-N-to,1,105,2020081411,Austral-NE-6a,-33.91663555,150.81989009999998,10812.34649,Austral-NE-N
Austral-NE-N-to,1,105,2020081413,Austral-NE-7a,-33.92091594,150.81945359999997,11511.79927,Austral-NE-N
Austral-NE-N-to,1,105,2020081415,Austral-NE-8a,-33.92197779,150.81658240000002,11913.40869,Austral-NE-N
Austral-NE-N-from,1,114,202008141,Austral-NE-1a,-33.92342299,150.8115901,13825.808982884868,Austral-NE-N
Austral-NE-N-from,1,114,202008143,Austral-NE-2a,-33.92022367,150.8096795,14380.75377288487,Austral-NE-N
Austral-NE-N-from,1,114,202008145,Austral-NE-3a,-33.91536535,150.8101168,15246.568715684869,Austral-NE-N
Austral-NE-N-from,1,114,202008147,Austral-NE-4a,-33.91494651,150.8133789,15797.452224684868,Austral-NE-N
Austral-NE-N-from,1,114,20200814229,KempsCreek-SE-EW,-33.90214498,150.7882644,19646.611352684868,Austral-NE-N
Austral-NE-N-from,1,114,20200814225,KempsCreek-SW-EW,-33.90099913,150.7769497,20708.586001684867,Austral-NE-N
Austral-NE-N-from,1,114,20200814277,20thAv_ETway_Interchange_a,-33.89859899,150.7589481,22399.44695968487,Austral-NE-N
Austral-NE-N-from,1,114,20200814281,25thAv_ETway_Interchange_a,-33.88654472,150.76052099999998,23797.314521684868,Austral-NE-N
Austral-NE-N-from,1,114,20200814279,BusinessParkStation_a,-33.88343221,150.7384801,26067.31275168487,Austral-NE-N
Austral-NE-S-to,1,67,20200814358,LeppingtonStation_b,-33.95360524,150.8082583,7.314022398,Austral-NE-S
Austral-NE-S-to,1,67,20200814215,Austral-SE-SN,-33.93328323,150.8119841,2370.5787179999998,Austral-NE-S
Austral-NE-S-to,1,67,202008141,Austral-NE-1a,-33.92342299,150.8115901,3962.114143,Austral-NE-S
Austral-NE-S-to,1,67,202008143,Austral-NE-2a,-33.92022367,150.8096795,4517.058933,Austral-NE-S
Austral-NE-S-to,1,67,202008145,Austral-NE-3a,-33.91536535,150.8101168,5382.876862,Austral-NE-S
Austral-NE-S-to,1,67,202008147,Austral-NE-4a,-33.91494651,150.8133789,5933.760371,Austral-NE-S
Austral-NE-S-from,1,59,202008149,Austral-NE-5a,-33.91478435,150.81791,6128.153346350527,Austral-NE-S
Austral-NE-S-from,1,59,2020081411,Austral-NE-6a,-33.91663555,150.81989009999998,6512.349985950527,Austral-NE-S
Austral-NE-S-from,1,59,2020081413,Austral-NE-7a,-33.92091594,150.81945359999997,7211.802766650527,Austral-NE-S
Austral-NE-S-from,1,59,2020081415,Austral-NE-8a,-33.92197779,150.81658240000002,7613.412186650527,Austral-NE-S
Austral-NE-S-from,1,59,20200814216,Austral-SE-NS,-33.93325387,150.81202150000001,9124.867390650526,Austral-NE-S
Austral-NE-S-from,1,59,20200814357,LeppingtonStation_a,-33.95404554,150.8081304,11561.353167650526,Austral-NE-S
Austral-NE-W-to,1,73,20200814257,AerotropolisStation_a,-33.92049719,150.73677450000002,22.03211339,Austral-NE-W
Austral-NE-W-to,1,73,20200814256,15thAv_Bringelly_b,-33.91018533,150.7459844,1939.676921,Austral-NE-W
Austral-NE-W-to,1,73,20200814193,Rossmore-NW-WE,-33.91237445,150.77140769999997,4390.042538000001,Austral-NE-W
Austral-NE-W-to,1,73,20200814206,Rossmore-NE-WE,-33.91407917,150.78536680000002,5695.011534,Austral-NE-W
Austral-NE-W-to,1,73,20200814221,Austral-NW-WE,-33.91795364,150.8089158,8020.318723,Austral-NE-W
Austral-NE-W-to,1,73,202008145,Austral-NE-3a,-33.91536535,150.8101168,8762.477331,Austral-NE-W
Austral-NE-W-to,1,73,202008147,Austral-NE-4a,-33.91494651,150.8133789,9313.360840000001,Austral-NE-W
Austral-NE-W-to,1,73,202008149,Austral-NE-5a,-33.91478435,150.81791,9806.979115,Austral-NE-W
Austral-NE-W-to,1,73,2020081411,Austral-NE-6a,-33.91663555,150.81989009999998,10191.174809999999,Austral-NE-W
Austral-NE-W-from,1,70,2020081413,Austral-NE-7a,-33.92091594,150.81945359999997,12136.755178090867,Austral-NE-W
Austral-NE-W-from,1,70,2020081415,Austral-NE-8a,-33.92197779,150.81658240000002,12538.364597490867,Austral-NE-W
Austral-NE-W-from,1,70,202008141,Austral-NE-1a,-33.92342299,150.8115901,13197.175791890868,Austral-NE-W
Austral-NE-W-from,1,70,202008143,Austral-NE-2a,-33.92022367,150.8096795,13752.120581890867,Austral-NE-W
Austral-NE-W-from,1,70,20200814222,Austral-NW-EW,-33.91796598,150.80892619999997,14101.037662890867,Austral-NE-W
Austral-NE-W-from,1,70,20200814205,Rossmore-NE-EW,-33.91408072,150.7853648,16429.44749689087,Austral-NE-W
Austral-NE-W-from,1,70,20200814194,Rossmore-NW-EW,-33.91240923,150.77134980000002,17739.005747890867,Austral-NE-W
Austral-NE-W-from,1,70,20200814255,15thAv_Bringelly_a,-33.91019163,150.745996,20185.13271889087,Austral-NE-W
Austral-NE-W-from,1,70,20200814258,AerotropolisStation_b,-33.92042120000001,150.73688090000002,22092.342064890865,Austral-NE-W
Austral-NW-E-to,1,281,20200814241,15thAv_LiverpoolStation_a,-33.92295892,150.9266524,20.87140608,Austral-NW-E
Austral-NW-E-to,1,281,20200814244,15thAv-BrickmakersTway_b,-33.9280105,150.9102682,1927.665536,Austral-NW-E
Austral-NW-E-to,1,281,20200814246,15thAv_MaxwellsTway_b,-33.92658085,150.8983681,3042.120458,Austral-NW-E
Austral-NW-E-to,1,281,20200814248,15thAv_AshTway_b,-33.92784671,150.8820715,4562.523131,Austral-NW-E
Austral-NW-E-to,1,281,20200814250,15thAv_MillerTway_b,-33.92730335,150.8713841,5559.34222,Austral-NW-E
Austral-NW-E-to,1,281,20200814251,15thAv_HoxtonPark_a,-33.92667545,150.8581175,6808.2194930000005,Austral-NW-E
Austral-NW-E-to,1,281,20200814253,15thAv_MiddletonGrange_a,-33.92224766,150.8396293,8696.11355,Austral-NW-E
Austral-NW-E-to,1,281,20200814217,Austral-NE-EW,-33.91878525,150.81478380000001,11025.70613,Austral-NW-E
Austral-NW-E-to,1,281,2020081420,Austral-NW-6b,-33.92082381,150.808125,11919.10419,Austral-NW-E
Austral-NW-E-to,1,281,2020081421,Austral-NW-7a,-33.92394314,150.8074264,12271.14307,Austral-NW-E
Austral-NW-E-to,1,281,2020081423,Austral-NW-8a,-33.92639325,150.8056726,12680.8682,Austral-NW-E
Austral-NW-E-to,1,281,2020081417,Austral-NW-1a,-33.92565717,150.8005757,13159.23432,Austral-NW-E
Austral-NW-E-to,1,281,2020081425,Austral-NW-2a,-33.92300287,150.80272639999998,13885.78644,Austral-NW-E
Austral-NW-E-to,1,281,2020081427,Austral-NW-3a,-33.92032002,150.80481730000002,14793.54525,Austral-NW-E
Austral-NW-E-from,1,274,2020081429,Austral-NW-4a,-33.91696908,150.8004336,17804.64709494265,Austral-NW-E
Austral-NW-E-from,1,274,2020081431,Austral-NW-5a,-33.91216504,150.8013513,18733.65337504265,Austral-NW-E
Austral-NW-E-from,1,274,20200814218,Austral-NE-WE,-33.91876096,150.8147676,20552.65555704265,Austral-NW-E
Austral-NW-E-from,1,274,20200814254,15thAv_MiddletonGrange_b,-33.92220673,150.8396429,22884.68667604265,Austral-NW-E
Austral-NW-E-from,1,274,20200814252,15thAv_HoxtonPark_b,-33.92637451,150.8607375,25006.33735204265,Austral-NW-E
Austral-NW-E-from,1,274,20200814249,15thAv_MillerTway_a,-33.926964700000006,150.87097450000002,25969.96604904265,Austral-NW-E
Austral-NW-E-from,1,274,20200814247,15thAv_AshTway_a,-33.92753548,150.88323359999998,27115.64821404265,Austral-NW-E
Austral-NW-E-from,1,274,20200814245,15thAv_MaxwellsTway_a,-33.92633517,150.8992313,28606.90389404265,Austral-NW-E
Austral-NW-E-from,1,274,20200814243,15thAv_BrickmakersTway_a,-33.92784302,150.91032019999997,29646.17868404265,Austral-NW-E
Austral-NW-E-from,1,274,20200814242,15thAv_LiverpoolStation_b,-33.923103000000005,150.9268322,31497.34130404265,Austral-NW-E
Austral-NW-N-to,1,72,20200814280,BusinessParkStation_b,-33.88336706,150.7384856,247.88203140000002,Austral-NW-N
Austral-NW-N-to,1,72,20200814282,25thAv_ETway_Interchange_b,-33.88642859,150.7604154,2501.766565,Austral-NW-N
Austral-NW-N-to,1,72,20200814278,20thAv_ETway_Interchange_b,-33.89858536,150.7589481,3910.93199,Austral-NW-N
Austral-NW-N-to,1,72,20200814226,KempsCreek-SW-WE,-33.90099186,150.77695690000002,5602.212869,Austral-NW-N
Austral-NW-N-to,1,72,20200814230,KempsCreek-SE-WE,-33.90211413,150.78822580000002,6659.964522,Austral-NW-N
Austral-NW-N-to,1,72,2020081420,Austral-NW-6b,-33.92082381,150.808125,10415.12271,Austral-NW-N
Austral-NW-N-to,1,72,2020081421,Austral-NW-7a,-33.92394314,150.8074264,10767.16159,Austral-NW-N
Austral-NW-N-to,1,72,2020081423,Austral-NW-8a,-33.92639325,150.8056726,11176.88673,Austral-NW-N
Austral-NW-N-to,1,72,2020081417,Austral-NW-1a,-33.92565717,150.8005757,11655.252840000001,Austral-NW-N
Austral-NW-N-from,1,62,2020081425,Austral-NW-2a,-33.92300287,150.80272639999998,13381.049591730503,Austral-NW-N
Austral-NW-N-from,1,62,2020081427,Austral-NW-3a,-33.92032002,150.80481730000002,14288.808398530504,Austral-NW-N
Austral-NW-N-from,1,62,2020081429,Austral-NW-4a,-33.91696908,150.8004336,15114.709814530503,Austral-NW-N
Austral-NW-N-from,1,62,2020081431,Austral-NW-5a,-33.91216504,150.8013513,16043.716095530503,Austral-NW-N
Austral-NW-N-from,1,62,20200814229,KempsCreek-SE-EW,-33.90214498,150.7882644,18250.072595530502,Austral-NW-N
Austral-NW-N-from,1,62,20200814225,KempsCreek-SW-EW,-33.90099913,150.7769497,19312.047244530502,Austral-NW-N
Austral-NW-N-from,1,62,20200814277,20thAv_ETway_Interchange_a,-33.89859899,150.7589481,21002.908202530503,Austral-NW-N
Austral-NW-N-from,1,62,20200814281,25thAv_ETway_Interchange_a,-33.88654472,150.76052099999998,22400.775763530502,Austral-NW-N
Austral-NW-N-from,1,62,20200814279,BusinessParkStation_a,-33.88343221,150.7384801,24670.773993530504,Austral-NW-N
Austral-NW-S-to,1,85,20200814358,LeppingtonStation_b,-33.95360524,150.8082583,7.314022398,Austral-NW-S
Austral-NW-S-to,1,85,20200814211,Austral-SW-SN,-33.93937777,150.79736880000002,2653.216515,Austral-NW-S
Austral-NW-S-to,1,85,2020081423,Austral-NW-8a,-33.92639325,150.8056726,4966.09379,Austral-NW-S
Austral-NW-S-to,1,85,2020081417,Austral-NW-1a,-33.92565717,150.8005757,5444.459907,Austral-NW-S
Austral-NW-S-to,1,85,2020081425,Austral-NW-2a,-33.92300287,150.80272639999998,6171.012031,Austral-NW-S
Austral-NW-S-to,1,85,2020081427,Austral-NW-3a,-33.92032002,150.80481730000002,7078.770839,Austral-NW-S
Austral-NW-S-to,1,85,2020081429,Austral-NW-4a,-33.91696908,150.8004336,7904.672254000001,Austral-NW-S
Austral-NW-S-from,1,87,2020081431,Austral-NW-5a,-33.91216504,150.8013513,9207.830459691893,Austral-NW-S
Austral-NW-S-from,1,87,2020081420,Austral-NW-6b,-33.92082381,150.808125,10797.009524291894,Austral-NW-S
Austral-NW-S-from,1,87,2020081421,Austral-NW-7a,-33.92394314,150.8074264,11149.048408291894,Austral-NW-S
Austral-NW-S-from,1,87,20200814212,Austral-SW-NS,-33.93935627,150.79739030000002,13638.550998291894,Austral-NW-S
Austral-NW-S-from,1,87,20200814357,LeppingtonStation_a,-33.95404554,150.8081304,16365.646478291892,Austral-NW-S
Austral-NW-W-to,1,63,20200814257,AerotropolisStation_a,-33.92049719,150.73677450000002,22.03211339,Austral-NW-W
Austral-NW-W-to,1,63,20200814256,15thAv_Bringelly_b,-33.91018533,150.7459844,1939.676921,Austral-NW-W
Austral-NW-W-to,1,63,20200814193,Rossmore-NW-WE,-33.91237445,150.77140769999997,4390.042538000001,Austral-NW-W
Austral-NW-W-to,1,63,20200814206,Rossmore-NE-WE,-33.91407917,150.78536680000002,5695.011534,Austral-NW-W
Austral-NW-W-to,1,63,2020081431,Austral-NW-5a,-33.91216504,150.8013513,7731.571772,Austral-NW-W
Austral-NW-W-to,1,63,2020081420,Austral-NW-6b,-33.92082381,150.808125,9320.752531999999,Austral-NW-W
Austral-NW-W-to,1,63,2020081421,Austral-NW-7a,-33.92394314,150.8074264,9672.791415,Austral-NW-W
Austral-NW-W-from,1,61,2020081423,Austral-NW-8a,-33.92639325,150.8056726,10923.998547402403,Austral-NW-W
Austral-NW-W-from,1,61,2020081417,Austral-NW-1a,-33.92565717,150.8005757,11402.364664402403,Austral-NW-W
Austral-NW-W-from,1,61,2020081425,Austral-NW-2a,-33.92300287,150.80272639999998,12128.916788402403,Austral-NW-W
Austral-NW-W-from,1,61,2020081427,Austral-NW-3a,-33.92032002,150.80481730000002,13036.675596402403,Austral-NW-W
Austral-NW-W-from,1,61,2020081429,Austral-NW-4a,-33.91696908,150.8004336,13862.577012402402,Austral-NW-W
Austral-NW-W-from,1,61,20200814205,Rossmore-NE-EW,-33.91408072,150.7853648,15409.573337402402,Austral-NW-W
Austral-NW-W-from,1,61,20200814194,Rossmore-NW-EW,-33.91240923,150.77134980000002,16719.131588402404,Austral-NW-W
Austral-NW-W-from,1,61,20200814255,15thAv_Bringelly_a,-33.91019163,150.745996,19165.258559402402,Austral-NW-W
Austral-NW-W-from,1,61,20200814258,AerotropolisStation_b,-33.92042120000001,150.73688090000002,21072.467913402405,Austral-NW-W
Austral-SE-E-to,1,389,20200814270,10thAv_CasulaStation_b,-33.95004272,150.9114066,15.59479527,Austral-SE-E
Austral-SE-E-to,1,389,20200814271,10thAv_CasulaMall_a,-33.94694684,150.9003094,1698.145036,Austral-SE-E
Austral-SE-E-to,1,389,20200814267,10thAv_Lurnea_a,-33.94553124,150.89126869999998,2559.692721,Austral-SE-E
Austral-SE-E-to,1,389,20200814273,10thAv_NexusIndustryPark_a,-33.94422559,150.88173419999998,3475.88879,Austral-SE-E
Austral-SE-E-to,1,389,20200814265,10thAv_Prestons_a,-33.9421996,150.8670715,4864.258947,Austral-SE-E
Austral-SE-E-to,1,389,20200814275,10thAv_PrestonsIndustrial_a,-33.94101184,150.85817350000002,5697.420146,Austral-SE-E
Austral-SE-E-to,1,389,20200814263,10thAv_CarnesHill_a,-33.93603132,150.8450449,7115.359953,Austral-SE-E
Austral-SE-E-to,1,389,20200814261,10thAv_WestHoxton_a,-33.93424806,150.83534440000003,8304.720645,Austral-SE-E
Austral-SE-E-to,1,389,2020081445,Austral-SE-7a,-33.93589133,150.8164635,10619.67545,Austral-SE-E
Austral-SE-E-to,1,389,2020081447,Austral-SE-8a,-33.9384054,150.81333869999997,11181.57338,Austral-SE-E
Austral-SE-E-to,1,389,2020081433,Austral-SE-1a,-33.93571484,150.80922809999998,11838.21577,Austral-SE-E
Austral-SE-E-to,1,389,2020081435,Austral-SE-2a,-33.93323012,150.80705469999998,12314.35156,Austral-SE-E
Austral-SE-E-from,1,364,2020081437,Austral-SE-3a,-33.93025465,150.80760969999997,14271.361863480251,Austral-SE-E
Austral-SE-E-from,1,364,2020081439,Austral-SE-4a,-33.93002412,150.8112299,14676.057389580252,Austral-SE-E
Austral-SE-E-from,1,364,2020081441,Austral-SE-5a,-33.9290069,150.8151938,15190.261577180252,Austral-SE-E
Austral-SE-E-from,1,364,2020081443,Austral-SE-6a,-33.93188771,150.81640819999998,15839.733881180251,Austral-SE-E
Austral-SE-E-from,1,364,20200814262,10thAv_WestHoxton_b,-33.93422593,150.8353623,18102.583525180253,Austral-SE-E
Austral-SE-E-from,1,364,20200814264,10thAv_CarnesHill_b,-33.93596396,150.84553530000002,19277.228849180254,Austral-SE-E
Austral-SE-E-from,1,364,20200814276,10thAv_PrestonsIndustrial_b,-33.94098811,150.8582142,20657.51593918025,Austral-SE-E
Austral-SE-E-from,1,364,20200814266,10thAv_Prestons_b,-33.94224109,150.8676134,21537.53284918025,Austral-SE-E
Austral-SE-E-from,1,364,20200814274,10thAv_NexusIndustryPark_b,-33.94418223,150.8818029,22873.820123180252,Austral-SE-E
Austral-SE-E-from,1,364,20200814268,10thAv_Lurnea_b,-33.94551763,150.891427,23800.737280180252,Austral-SE-E
Austral-SE-E-from,1,364,20200814272,10thAv_CasulaMall_b,-33.94691283,150.9003706,24650.189235180253,Austral-SE-E
Austral-SE-E-from,1,364,20200814269,10thAv_CasulaStation_a,-33.9500156,150.91139219999997,26300.403905180254,Austral-SE-E
Austral-SE-N-to,1,127,20200814280,BusinessParkStation_b,-33.88336706,150.7384856,247.88203140000002,Austral-SE-N
Austral-SE-N-to,1,127,20200814282,25thAv_ETway_Interchange_b,-33.88642859,150.7604154,2501.766564,Austral-SE-N
Austral-SE-N-to,1,127,20200814278,20thAv_ETway_Interchange_b,-33.89858536,150.7589481,3910.93199,Austral-SE-N
Austral-SE-N-to,1,127,20200814226,KempsCreek-SW-WE,-33.90099186,150.77695690000002,5602.212869,Austral-SE-N
Austral-SE-N-to,1,127,20200814230,KempsCreek-SE-WE,-33.90211413,150.78822580000002,6659.964522,Austral-SE-N
Austral-SE-N-to,1,127,20200814220,Austral-NE-NS,-33.91897349,150.814887,10725.236640000001,Austral-SE-N
Austral-SE-N-to,1,127,2020081441,Austral-SE-5a,-33.9290069,150.8151938,12033.681559999999,Austral-SE-N
Austral-SE-N-to,1,127,2020081443,Austral-SE-6a,-33.93188771,150.81640819999998,12683.153859999999,Austral-SE-N
Austral-SE-N-to,1,127,2020081445,Austral-SE-7a,-33.93589133,150.8164635,13327.51167,Austral-SE-N
Austral-SE-N-to,1,127,2020081447,Austral-SE-8a,-33.9384054,150.81333869999997,13889.4096,Austral-SE-N
Austral-SE-N-from,1,122,2020081433,Austral-SE-1a,-33.93571484,150.80922809999998,15633.514801022136,Austral-SE-N
Austral-SE-N-from,1,122,2020081435,Austral-SE-2a,-33.93323012,150.80705469999998,16109.650595122135,Austral-SE-N
Austral-SE-N-from,1,122,2020081437,Austral-SE-3a,-33.93025465,150.80760969999997,16443.694357022137,Austral-SE-N
Austral-SE-N-from,1,122,2020081439,Austral-SE-4a,-33.93002412,150.8112299,16848.389884022137,Austral-SE-N
Austral-SE-N-from,1,122,20200814219,Austral-NE-SN,-33.91899375,150.8148515,18242.643314022134,Austral-SE-N
Austral-SE-N-from,1,122,20200814229,KempsCreek-SE-EW,-33.90214498,150.7882644,22306.602472022136,Austral-SE-N
Austral-SE-N-from,1,122,20200814225,KempsCreek-SW-EW,-33.90099913,150.7769497,23368.577121022136,Austral-SE-N
Austral-SE-N-from,1,122,20200814277,20thAv_ETway_Interchange_a,-33.89859899,150.7589481,25059.438079022133,Austral-SE-N
Austral-SE-N-from,1,122,20200814281,25thAv_ETway_Interchange_a,-33.88654472,150.76052099999998,26457.305639022135,Austral-SE-N
Austral-SE-N-from,1,122,20200814279,BusinessParkStation_a,-33.88343221,150.7384801,28727.303869022136,Austral-SE-N
Austral-SE-S-to,1,41,20200814358,LeppingtonStation_b,-33.95360524,150.8082583,7.314022398,Austral-SE-S
Austral-SE-S-to,1,41,2020081433,Austral-SE-1a,-33.93571484,150.80922809999998,2275.611021,Austral-SE-S
Austral-SE-S-to,1,41,2020081435,Austral-SE-2a,-33.93323012,150.80705469999998,2751.746815,Austral-SE-S
Austral-SE-S-to,1,41,2020081437,Austral-SE-3a,-33.93025465,150.80760969999997,3085.790578,Austral-SE-S
Austral-SE-S-to,1,41,2020081439,Austral-SE-4a,-33.93002412,150.8112299,3490.486104,Austral-SE-S
Austral-SE-S-from,1,52,2020081441,Austral-SE-5a,-33.9290069,150.8151938,3897.649363568381,Austral-SE-S
Austral-SE-S-from,1,52,2020081443,Austral-SE-6a,-33.93188771,150.81640819999998,4547.121667368381,Austral-SE-S
Austral-SE-S-from,1,52,2020081445,Austral-SE-7a,-33.93589133,150.8164635,5191.479477368381,Austral-SE-S
Austral-SE-S-from,1,52,2020081447,Austral-SE-8a,-33.9384054,150.81333869999997,5753.377408368381,Austral-SE-S
Austral-SE-S-from,1,52,20200814357,LeppingtonStation_a,-33.95404554,150.8081304,8024.311522368381,Austral-SE-S
Austral-SE-W-to,1,73,20200814260,10thAv_AerotropolisSouth_b,-33.93448283,150.74096519999998,47.945026399999996,Austral-SE-W
Austral-SE-W-to,1,73,20200814198,Rossmore-SW-WE,-33.92576573,150.7691628,3802.83486,Austral-SE-W
Austral-SE-W-to,1,73,20200814202,Rossmore-SE-WE,-33.92903499,150.78489130000003,5445.669747,Austral-SE-W
Austral-SE-W-to,1,73,20200814210,Austral-SW-WE,-33.93912283,150.7971876,7645.876569,Austral-SE-W
Austral-SE-W-to,1,73,2020081437,Austral-SE-3a,-33.93025465,150.80760969999997,9882.385263,Austral-SE-W
Austral-SE-W-to,1,73,2020081439,Austral-SE-4a,-33.93002412,150.8112299,10287.08079,Austral-SE-W
Austral-SE-W-to,1,73,2020081441,Austral-SE-5a,-33.9290069,150.8151938,10801.28498,Austral-SE-W
Austral-SE-W-to,1,73,2020081443,Austral-SE-6a,-33.93188771,150.81640819999998,11450.75728,Austral-SE-W
Austral-SE-W-from,1,71,2020081445,Austral-SE-7a,-33.93589133,150.8164635,12980.977535126167,Austral-SE-W
Austral-SE-W-from,1,71,2020081447,Austral-SE-8a,-33.9384054,150.81333869999997,13542.875466126166,Austral-SE-W
Austral-SE-W-from,1,71,2020081433,Austral-SE-1a,-33.93571484,150.80922809999998,14199.517859426167,Austral-SE-W
Austral-SE-W-from,1,71,2020081435,Austral-SE-2a,-33.93323012,150.80705469999998,14675.653653426167,Austral-SE-W
Austral-SE-W-from,1,71,20200814209,Austral-SW-EW,-33.93916583,150.7972398,16744.053043426167,Austral-SE-W
Austral-SE-W-from,1,71,20200814201,Rossmore-SE-EW,-33.92908856,150.7849627,18942.540507426165,Austral-SE-W
Austral-SE-W-from,1,71,20200814197,Rossmore-SW-EW,-33.92580296,150.7690967,20598.056756426166,Austral-SE-W
Austral-SE-W-from,1,71,20200814259,10thAv_AerotropolisSouth_a,-33.93459147,150.7408746,24353.77708842617,Austral-SE-W
Austral-SW-E-to,1,402,20200814270,10thAv_CasulaStation_b,-33.95004272,150.9114066,15.59479527,Austral-SW-E
Austral-SW-E-to,1,402,20200814271,10thAv_CasulaMall_a,-33.94694684,150.9003094,1698.145036,Austral-SW-E
Austral-SW-E-to,1,402,20200814267,10thAv_Lurnea_a,-33.94553124,150.89126869999998,2559.692721,Austral-SW-E
Austral-SW-E-to,1,402,20200814273,10thAv_NexusIndustryPark_a,-33.94422559,150.88173419999998,3475.88879,Austral-SW-E
Austral-SW-E-to,1,402,20200814265,10thAv_Prestons_a,-33.9421996,150.8670715,4864.258947,Austral-SW-E
Austral-SW-E-to,1,402,20200814275,10thAv_PrestonsIndustrial_a,-33.94101184,150.85817350000002,5697.420146,Austral-SW-E
Austral-SW-E-to,1,402,20200814263,10thAv_CarnesHill_a,-33.93603132,150.8450449,7115.359953,Austral-SW-E
Austral-SW-E-to,1,402,20200814261,10thAv_WestHoxton_a,-33.93424806,150.83534440000003,8304.720645,Austral-SW-E
Austral-SW-E-to,1,402,20200814213,Austral-SE-EW,-33.93307771,150.811872,10851.91912,Austral-SW-E
Austral-SW-E-to,1,402,2020081461,Austral-SW-7a,-33.94067852,150.8018416,12612.283290000001,Austral-SW-E
Austral-SW-E-to,1,402,2020081463,Austral-SW-8a,-33.943139,150.79956130000002,13077.743620000001,Austral-SW-E
Austral-SW-E-to,1,402,2020081449,Austral-SW-1a,-33.94247299,150.7948586,13518.9737,Austral-SW-E
Austral-SW-E-to,1,402,2020081451,Austral-SW-2a,-33.94059034,150.792802,13909.56641,Austral-SW-E
Austral-SW-E-from,1,378,2020081453,Austral-SW-3a,-33.93635158,150.79362869999997,16171.859676326942,Austral-SW-E
Austral-SW-E-from,1,378,2020081455,Austral-SW-4a,-33.93388539,150.79648280000004,16701.06875502694,Austral-SW-E
Austral-SW-E-from,1,378,2020081457,Austral-SW-5a,-33.93454441,150.80123030000001,17146.09863412694,Austral-SW-E
Austral-SW-E-from,1,378,2020081459,Austral-SW-6a,-33.93763683,150.8024131,17629.51317412694,Austral-SW-E
Austral-SW-E-from,1,378,20200814214,Austral-SE-WE,-33.93304835,150.8118293,19692.70435812694,Austral-SW-E
Austral-SW-E-from,1,378,20200814262,10thAv_WestHoxton_b,-33.93422593,150.8353623,22246.64166012694,Austral-SW-E
Austral-SW-E-from,1,378,20200814264,10thAv_CarnesHill_b,-33.93596396,150.84553530000002,23421.286984126942,Austral-SW-E
Austral-SW-E-from,1,378,20200814276,10thAv_PrestonsIndustrial_b,-33.94098811,150.8582142,24801.57407412694,Austral-SW-E
Austral-SW-E-from,1,378,20200814266,10thAv_Prestons_b,-33.94224109,150.8676134,25681.59098412694,Austral-SW-E
Austral-SW-E-from,1,378,20200814274,10thAv_NexusIndustryPark_b,-33.94418223,150.8818029,27017.878262126942,Austral-SW-E
Austral-SW-E-from,1,378,20200814268,10thAv_Lurnea_b,-33.94551763,150.891427,27944.795412126943,Austral-SW-E
Austral-SW-E-from,1,378,20200814272,10thAv_CasulaMall_b,-33.94691283,150.9003706,28794.247362126942,Austral-SW-E
Austral-SW-E-from,1,378,20200814269,10thAv_CasulaStation_a,-33.9500156,150.91139219999997,30444.46204212694,Austral-SW-E
Austral-SW-N-to,1,95,20200814280,BusinessParkStation_b,-33.88336706,150.7384856,247.88203140000002,Austral-SW-N
Austral-SW-N-to,1,95,20200814282,25thAv_ETway_Interchange_b,-33.88642859,150.7604154,2501.766565,Austral-SW-N
Austral-SW-N-to,1,95,20200814278,20thAv_ETway_Interchange_b,-33.89858536,150.7589481,3910.93199,Austral-SW-N
Austral-SW-N-to,1,95,20200814226,KempsCreek-SW-WE,-33.90099186,150.77695690000002,5602.212869,Austral-SW-N
Austral-SW-N-to,1,95,20200814230,KempsCreek-SE-WE,-33.90211413,150.78822580000002,6659.964522,Austral-SW-N
Austral-SW-N-to,1,95,20200814224,Austral-NW-NS,-33.91815957,150.80865319999998,10115.76033,Austral-SW-N
Austral-SW-N-to,1,95,2020081457,Austral-SW-5a,-33.93454441,150.80123030000001,12939.81755,Austral-SW-N
Austral-SW-N-to,1,95,2020081459,Austral-SW-6a,-33.93763683,150.8024131,13423.23234,Austral-SW-N
Austral-SW-N-to,1,95,2020081461,Austral-SW-7a,-33.94067852,150.8018416,13765.997319999999,Austral-SW-N
Austral-SW-N-to,1,95,2020081463,Austral-SW-8a,-33.943139,150.79956130000002,14231.45765,Austral-SW-N
Austral-SW-N-to,1,95,2020081449,Austral-SW-1a,-33.94247299,150.7948586,14672.687719999998,Austral-SW-N
Austral-SW-N-to,1,95,2020081451,Austral-SW-2a,-33.94059034,150.792802,15063.28043,Austral-SW-N
Austral-SW-N-to,1,95,2020081453,Austral-SW-3a,-33.93635158,150.79362869999997,15539.671890000001,Austral-SW-N
Austral-SW-N-from,1,78,2020081455,Austral-SW-4a,-33.93388539,150.79648280000004,16963.12232020257,Austral-SW-N
Austral-SW-N-from,1,78,20200814223,Austral-NW-SN,-33.918120200000004,150.8086286,19703.736718902568,Austral-SW-N
Austral-SW-N-from,1,78,20200814229,KempsCreek-SE-EW,-33.90214498,150.7882644,23150.049752902567,Austral-SW-N
Austral-SW-N-from,1,78,20200814225,KempsCreek-SW-EW,-33.90099913,150.7769497,24212.02440190257,Austral-SW-N
Austral-SW-N-from,1,78,20200814277,20thAv_ETway_Interchange_a,-33.89859899,150.7589481,25902.885359902568,Austral-SW-N
Austral-SW-N-from,1,78,20200814281,25thAv_ETway_Interchange_a,-33.88654472,150.76052099999998,27300.752921902567,Austral-SW-N
Austral-SW-N-from,1,78,20200814279,BusinessParkStation_a,-33.88343221,150.7384801,29570.75115190257,Austral-SW-N
Austral-SW-S-to,1,39,20200814358,LeppingtonStation_b,-33.95360524,150.8082583,7.314022398,Austral-SW-S
Austral-SW-S-to,1,39,2020081449,Austral-SW-1a,-33.94247299,150.7948586,2448.5909100000003,Austral-SW-S
Austral-SW-S-to,1,39,2020081451,Austral-SW-2a,-33.94059034,150.792802,2839.183621,Austral-SW-S
Austral-SW-S-to,1,39,2020081453,Austral-SW-3a,-33.93635158,150.79362869999997,3315.5750780000003,Austral-SW-S
Austral-SW-S-to,1,39,2020081455,Austral-SW-4a,-33.93388539,150.79648280000004,3844.784157,Austral-SW-S
Austral-SW-S-from,1,42,2020081457,Austral-SW-5a,-33.93454441,150.80123030000001,4456.325590200566,Austral-SW-S
Austral-SW-S-from,1,42,2020081459,Austral-SW-6a,-33.93763683,150.8024131,4939.740130000566,Austral-SW-S
Austral-SW-S-from,1,42,2020081461,Austral-SW-7a,-33.94067852,150.8018416,5282.5051114005655,Austral-SW-S
Austral-SW-S-from,1,42,2020081463,Austral-SW-8a,-33.943139,150.79956130000002,5747.965442400566,Austral-SW-S
Austral-SW-S-from,1,42,20200814357,LeppingtonStation_a,-33.95404554,150.8081304,8358.542429400566,Austral-SW-S
Austral-SW-W-to,1,41,20200814260,10thAv_AerotropolisSouth_b,-33.93448283,150.74096519999998,47.945026399999996,Austral-SW-W
Austral-SW-W-to,1,41,20200814198,Rossmore-SW-WE,-33.92576573,150.7691628,3802.8348579999997,Austral-SW-W
Austral-SW-W-to,1,41,20200814202,Rossmore-SE-WE,-33.92903499,150.78489130000003,5445.6697460000005,Austral-SW-W
Austral-SW-W-to,1,41,2020081453,Austral-SW-3a,-33.93635158,150.79362869999997,7530.164253,Austral-SW-W
Austral-SW-W-to,1,41,2020081455,Austral-SW-4a,-33.93388539,150.79648280000004,8059.373331000001,Austral-SW-W
Austral-SW-W-to,1,41,2020081457,Austral-SW-5a,-33.93454441,150.80123030000001,8504.402965000001,Austral-SW-W
Austral-SW-W-to,1,41,2020081459,Austral-SW-6a,-33.93763683,150.8024131,8987.817749,Austral-SW-W
Austral-SW-W-from,1,42,2020081461,Austral-SW-7a,-33.94067852,150.8018416,10042.931482204633,Austral-SW-W
Austral-SW-W-from,1,42,2020081463,Austral-SW-8a,-33.943139,150.79956130000002,10508.391812804633,Austral-SW-W
Austral-SW-W-from,1,42,2020081449,Austral-SW-1a,-33.94247299,150.7948586,10949.621887904634,Austral-SW-W
Austral-SW-W-from,1,42,2020081451,Austral-SW-2a,-33.94059034,150.792802,11340.214598904633,Austral-SW-W
Austral-SW-W-from,1,42,20200814201,Rossmore-SE-EW,-33.92908856,150.7849627,13381.875714904634,Austral-SW-W
Austral-SW-W-from,1,42,20200814197,Rossmore-SW-EW,-33.92580296,150.7690967,15037.391963904633,Austral-SW-W
Austral-SW-W-from,1,42,20200814259,10thAv_AerotropolisSouth_a,-33.93459147,150.7408746,18794.36658590463,Austral-SW-W
B-AERO-BPRK,1,39,20200814360,B_AerotropolisSouth_b,-33.92047185,150.7350899,7.238441873999999,B-AERO-BPRK
B-AERO-BPRK,1,39,20200814303,BTway_BadgerysCreek_a,-33.90345734,150.7356198,2684.840285,B-AERO-BPRK
B-AERO-BPRK,1,39,20200814279,BusinessParkStation_a,-33.88343221,150.7384801,5660.260454,B-AERO-BPRK
B-BPRK-AERO,1,40,20200814280,BusinessParkStation_b,-33.88336706,150.7384856,247.88203140000002,B-BPRK-AERO
B-BPRK-AERO,1,40,20200814304,BTway_BadgerysCreek_b,-33.90342337,150.73567930000002,3214.185992,B-BPRK-AERO
B-BPRK-AERO,1,40,20200814359,B_AerotropolisSouth_a,-33.92046178,150.73509840000003,5896.903412,B-BPRK-AERO
C-STCK-STMR,1,161,20200814354,SouthCreekStation_b,-33.94749102,150.7570353,34.03069563,C-STCK-STMR
C-STCK-STMR,1,161,20200814199,Rossmore-SW-SN,-33.92605531,150.7693821,3348.4884899999997,C-STCK-STMR
C-STCK-STMR,1,161,20200814195,Rossmore-NW-SN,-33.91266432,150.7717131,4849.573924,C-STCK-STMR
C-STCK-STMR,1,161,20200814227,KempsCreek-SW-SN,-33.9008908,150.777151,6514.6831329999995,C-STCK-STMR
C-STCK-STMR,1,161,20200814239,KempsCreek-NW-SN,-33.88965814,150.7793809,7777.795786,C-STCK-STMR
C-STCK-STMR,1,161,20200814325,CTway_ElizabethDrive_a,-33.87773846,150.781578,9115.873547,C-STCK-STMR
C-STCK-STMR,1,161,20200814305,CTway_MetroWestStation_a,-33.86933661,150.77509780000003,10709.35989,C-STCK-STMR
C-STCK-STMR,1,161,20200814309,CTway_M12_a,-33.86111499,150.77733369999999,11671.156079999999,C-STCK-STMR
C-STCK-STMR,1,161,20200814307,CTway_MamreRoad_a,-33.84246193,150.78103969999998,13889.680559999999,C-STCK-STMR
C-STCK-STMR,1,161,20200814311,CTway_TrainingAcademy_a,-33.82728766,150.77897040000002,15615.01129,C-STCK-STMR
C-STCK-STMR,1,161,20200814313,CTway_ErskineParkRoad_a,-33.81728013,150.7758564,16783.75041,C-STCK-STMR
C-STCK-STMR,1,161,20200814315,CTway_LuddenhamRoad_a,-33.803628700000004,150.76943400000002,18458.46494,C-STCK-STMR
C-STCK-STMR,1,161,20200814317,CTway_BanksDrive_a,-33.78832729,150.7703189,20192.684869999997,C-STCK-STMR
C-STCK-STMR,1,161,20200814323,CTway_WilsonOval_a,-33.77764061,150.7721842,21392.53557,C-STCK-STMR
C-STCK-STMR,1,161,20200814321,CTway_StMarysLibrary_a,-33.76887121,150.7736533,22374.89505,C-STCK-STMR
C-STCK-STMR,1,161,20200814319,CTway_StMarysStation_a,-33.7625796,150.77630209999998,23231.44907,C-STCK-STMR
C-STMR-STCK,1,155,20200814320,CTway_StMarysStation_b,-33.76281198,150.77631259999998,16.10340644,C-STMR-STCK
C-STMR-STCK,1,155,20200814322,CTway_StMarysLibrary_b,-33.7688064,150.7737289,861.8715562000001,C-STMR-STCK
C-STMR-STCK,1,155,20200814324,CTway_WilsonOval_b,-33.77759325,150.77221310000002,1846.7594350000002,C-STMR-STCK
C-STMR-STCK,1,155,20200814318,CTway_BanksDrive_b,-33.78818257,150.7704191,3034.007102,C-STMR-STCK
C-STMR-STCK,1,155,20200814316,CTway_LuddenhamRoad_b,-33.80336132,150.76933449999999,4755.114713,C-STMR-STCK
C-STMR-STCK,1,155,20200814314,CTWay_ErskineParkRoad_b,-33.81796432,150.7760715,6536.508326,C-STMR-STCK
C-STMR-STCK,1,155,20200814312,CTway_TrainingAcademy_b,-33.82715651,150.778926,7611.226883,C-STMR-STCK
C-STMR-STCK,1,155,20200814308,CTWay_MamreRoad_b,-33.8423063,150.78121090000002,9334.168521,C-STMR-STCK
C-STMR-STCK,1,155,20200814310,CTway_M12_b,-33.86101571,150.7774726,11557.21495,C-STMR-STCK
C-STMR-STCK,1,155,20200814306,CTway_MetroWestStation_b,-33.86925411,150.7752608,12520.53391,C-STMR-STCK
C-STMR-STCK,1,155,20200814326,CTway_ElizabethDrive_b,-33.87772959,150.7816084,14123.275269999998,C-STMR-STCK
C-STMR-STCK,1,155,20200814240,KempsCreek-NW-NS,-33.88966333,150.7793922,15463.744830000001,C-STMR-STCK
C-STMR-STCK,1,155,20200814228,KempsCreek-SW-NS,-33.90088571,150.7771612,16725.7187,C-STMR-STCK
C-STMR-STCK,1,155,20200814196,Rossmore-NW-NS,-33.9126334,150.77175559999998,18387.5812,C-STMR-STCK
C-STMR-STCK,1,155,20200814200,Rossmore-SW-NS,-33.9260098,150.76943590000002,19886.91597,C-STMR-STCK
C-STMR-STCK,1,155,20200814353,SouthCreekStation_a,-33.94758831,150.7569468,23213.6261,C-STMR-STCK
D-MTDT-RSMR,1,220,20200814341,DTway_MtDruittStation_a,-33.76980501,150.81982580000002,24.50348066,D-MTDT-RSMR
D-MTDT-RSMR,1,220,20200814344,DTway_GreatWesternHighway_b,-33.77905808,150.8145774,1441.977082,D-MTDT-RSMR
D-MTDT-RSMR,1,220,20200814346,DTway_RoperRoad_b,-33.78670719,150.8061186,2722.144518,D-MTDT-RSMR
D-MTDT-RSMR,1,220,20200814350,DTway_SwallowDr_b,-33.79824605,150.8038282,4135.275429,D-MTDT-RSMR
D-MTDT-RSMR,1,220,20200814348,DTway_PeppertreeDr_b,-33.80240175,150.79715919999998,4906.444403,D-MTDT-RSMR
D-MTDT-RSMR,1,220,20200814340,DTway_StClairConnection_b,-33.80615709,150.79117549999998,5600.063706,D-MTDT-RSMR
D-MTDT-RSMR,1,220,20200814338,DTway_ErskineParkRoad_b,-33.81238575,150.7862122,6443.627342,D-MTDT-RSMR
D-MTDT-RSMR,1,220,20200814336,DTway_LenoreDrive_b,-33.81433842,150.7927536,7126.341751000001,D-MTDT-RSMR
D-MTDT-RSMR,1,220,20200814334,DTway_ServiceRoadConnection_b,-33.82340085,150.8044597,9459.037484999999,D-MTDT-RSMR
D-MTDT-RSMR,1,220,20200814352,DTway_KempsCreek_b,-33.83544046,150.8023357,10809.78728,D-MTDT-RSMR
D-MTDT-RSMR,1,220,20200814332,DTway_AldingtonRoad_b,-33.84991705,150.7974034,12689.50226,D-MTDT-RSMR
D-MTDT-RSMR,1,220,20200814330,DTway_MetroWestStation_b,-33.86712297,150.7944345,14617.87091,D-MTDT-RSMR
D-MTDT-RSMR,1,220,20200814328,DTway_ElizabethDrive_b,-33.88095915,150.79269219999998,16215.03173,D-MTDT-RSMR
D-MTDT-RSMR,1,220,20200814236,KempsCreek-NE-NS,-33.89169528,150.7906775,17420.55777,D-MTDT-RSMR
D-MTDT-RSMR,1,220,20200814232,KempsCreek-SE-NS,-33.90225552,150.788668,18606.720719999998,D-MTDT-RSMR
D-MTDT-RSMR,1,220,20200814208,Rossmore-NE-NS,-33.91468548,150.7861241,20006.48884,D-MTDT-RSMR
D-MTDT-RSMR,1,220,20200814204,Rossmore-SE-NS,-33.92933263,150.78526630000002,21785.2472,D-MTDT-RSMR
D-MTDT-RSMR,1,220,20200814355,RossmoreStation_a,-33.95048465,150.78107580000002,24659.62799,D-MTDT-RSMR
D-RSMR-MTDT,1,260,20200814356,RossmoreStation_b,-33.95042741,150.7811331,35.59746016,D-RSMR-MTDT
D-RSMR-MTDT,1,260,20200814203,Rossmore-SE-SN,-33.92939812,150.7851889,2912.457714,D-RSMR-MTDT
D-RSMR-MTDT,1,260,20200814207,Rossmore-NE-SN,-33.91467863,150.78611819999998,4711.940469,D-RSMR-MTDT
D-RSMR-MTDT,1,260,20200814231,KempsCreek-SE-SN,-33.90228122,150.78864480000001,6107.851292,D-RSMR-MTDT
D-RSMR-MTDT,1,260,20200814235,KempsCreek-NE-SN,-33.89162634,150.79064619999997,7304.252315000001,D-RSMR-MTDT
D-RSMR-MTDT,1,260,20200814327,DTway_ElizabethDrive_a,-33.88097491,150.7926725,8500.667368,D-RSMR-MTDT
D-RSMR-MTDT,1,260,20200814329,DTway_MetroWestStation_a,-33.86720207,150.7943115,10089.55369,D-RSMR-MTDT
D-RSMR-MTDT,1,260,20200814331,DTway_AldingtonRoad_a,-33.849988200000006,150.7973125,12019.21988,D-RSMR-MTDT
D-RSMR-MTDT,1,260,20200814351,DTway_KempsCreek_a,-33.83545772,150.8023205,13905.85426,D-RSMR-MTDT
D-RSMR-MTDT,1,260,20200814333,DTway_ServiceRoadConnection_a,-33.82345477,150.8043853,15250.42999,D-RSMR-MTDT
D-RSMR-MTDT,1,260,20200814335,DTway_LenoreDrive_a,-33.81451383,150.79276819999998,17571.40879,D-RSMR-MTDT
D-RSMR-MTDT,1,260,20200814337,DTway_ErskineParkRoad_a,-33.81240384,150.78615280000002,18269.761769999997,D-RSMR-MTDT
D-RSMR-MTDT,1,260,20200814339,DTway_StClairConnection_a,-33.80617987,150.79107869999999,19109.46205,D-RSMR-MTDT
D-RSMR-MTDT,1,260,20200814347,DTway_PeppertreeDr_a,-33.8024581,150.7969641,19793.28847,D-RSMR-MTDT
D-RSMR-MTDT,1,260,20200814349,DTway_SwallowDr_a,-33.79810206,150.8036842,20581.77559,D-RSMR-MTDT
D-RSMR-MTDT,1,260,20200814345,DTway_RoperRoad_a,-33.78667813,150.8060508,21989.144480000003,D-RSMR-MTDT
D-RSMR-MTDT,1,260,20200814343,DTway_GreatWesternHighway_a,-33.77898316,150.8144011,23291.98014,D-RSMR-MTDT
D-RSMR-MTDT,1,260,20200814342,DTway_MtDruittStation_b,-33.76979081,150.8198481,24736.19673,D-RSMR-MTDT
E-BPRK-LPTN,1,137,20200814280,BusinessParkStation_b,-33.88336706,150.7384856,247.88203140000002,E-BPRK-LPTN
E-BPRK-LPTN,1,137,20200814282,25thAv_ETway_Interchange_b,-33.88642859,150.7604154,2501.766564,E-BPRK-LPTN
E-BPRK-LPTN,1,137,20200814278,20thAv_ETway_Interchange_b,-33.89858536,150.7589481,3910.93199,E-BPRK-LPTN
E-BPRK-LPTN,1,137,20200814226,KempsCreek-SW-WE,-33.90099186,150.77695690000002,5602.212869,E-BPRK-LPTN
E-BPRK-LPTN,1,137,20200814230,KempsCreek-SE-WE,-33.90211413,150.78822580000002,6659.964522,E-BPRK-LPTN
E-BPRK-LPTN,1,137,20200814220,Austral-NE-NS,-33.91897349,150.814887,10726.13397,E-BPRK-LPTN
E-BPRK-LPTN,1,137,20200814216,Austral-SE-NS,-33.93325387,150.81202150000001,12332.35387,E-BPRK-LPTN
E-BPRK-LPTN,1,137,20200814357,LeppingtonStation_a,-33.95404554,150.8081304,14768.88044,E-BPRK-LPTN
E-LPTN-BPRK,1,135,20200814358,LeppingtonStation_b,-33.95360524,150.8082583,7.30193723,E-LPTN-BPRK
E-LPTN-BPRK,1,135,20200814215,Austral-SE-SN,-33.93328323,150.8119841,2370.581462,E-LPTN-BPRK
E-LPTN-BPRK,1,135,20200814219,Austral-NE-SN,-33.91899375,150.8148515,3977.841867,E-LPTN-BPRK
E-LPTN-BPRK,1,135,20200814229,KempsCreek-SE-EW,-33.90214498,150.7882644,8042.720808,E-LPTN-BPRK
E-LPTN-BPRK,1,135,20200814225,KempsCreek-SW-EW,-33.90099913,150.7769497,9104.695457,E-LPTN-BPRK
E-LPTN-BPRK,1,135,20200814277,20thAv_ETway_Interchange_a,-33.89859899,150.7589481,10795.55641,E-LPTN-BPRK
E-LPTN-BPRK,1,135,20200814281,25thAv_ETway_Interchange_a,-33.88654472,150.76052099999998,12193.42398,E-LPTN-BPRK
E-LPTN-BPRK,1,135,20200814279,BusinessParkStation_a,-33.88343221,150.7384801,14463.422209999999,E-LPTN-BPRK
KempsCreek-NE-E-to,1,289,20200814291,ETWay_Cabramatta_a,-33.8951539,150.9385034,23.68100208,KempsCreek-NE-E
KempsCreek-NE-E-to,1,289,20200814293,ETway_CabramattaWest_a,-33.89933379,150.9218006,1785.4067559999999,KempsCreek-NE-E
KempsCreek-NE-E-to,1,289,20200814295,ETway_TownviewRoad_a,-33.89694911,150.912653,2702.576845,KempsCreek-NE-E
KempsCreek-NE-E-to,1,289,20200814287,ETway_MountPritchard_a,-33.89485316,150.90313569999998,3633.362964,KempsCreek-NE-E
KempsCreek-NE-E-to,1,289,20200814289,ETway_Bonnyrigg_a,-33.89327506,150.89162439999998,4712.555201,KempsCreek-NE-E
KempsCreek-NE-E-to,1,289,20200814285,ETway_LPTway_a,-33.88943468,150.8831053,5646.838455,KempsCreek-NE-E
KempsCreek-NE-E-to,1,289,20200814297,ETway_BonnyriggHeights_a,-33.88544686,150.8696643,6985.751209,KempsCreek-NE-E
KempsCreek-NE-E-to,1,289,20200814300,ETway_CecilHills_a,-33.88372728,150.8574727,8164.77659,KempsCreek-NE-E
KempsCreek-NE-E-to,1,289,20200814301,ETway_CecilRoad_a,-33.87475658,150.8387649,10271.11162,KempsCreek-NE-E
KempsCreek-NE-E-to,1,289,20200814283,ETway_MamreRoad_a,-33.88060189,150.8090608,13277.17109,KempsCreek-NE-E
KempsCreek-NE-E-to,1,289,20200814328,DTway_ElizabethDrive_b,-33.88095915,150.79269219999998,14836.75535,KempsCreek-NE-E
KempsCreek-NE-E-to,1,289,20200814185,KempsCreek-NE-5a,-33.88635,150.7934859,15573.39365,KempsCreek-NE-E
KempsCreek-NE-E-to,1,289,20200814187,KempsCreek-NE-6a,-33.889306700000006,150.79548259999999,16096.440709999999,KempsCreek-NE-E
KempsCreek-NE-E-to,1,289,20200814189,KempsCreek-NE-7a,-33.89218822,150.7949595,16419.73009,KempsCreek-NE-E
KempsCreek-NE-E-to,1,289,20200814191,KempsCreek-NE-8a,-33.89441853,150.7920789,16927.915240000002,KempsCreek-NE-E
KempsCreek-NE-E-from,1,278,20200814177,KempsCreek-NE-1a,-33.89384884,150.7873102,19681.46702079993,KempsCreek-NE-E
KempsCreek-NE-E-from,1,278,20200814179,KempsCreek-NE-2a,-33.89056108,150.78536680000002,20240.36727799993,KempsCreek-NE-E
KempsCreek-NE-E-from,1,278,20200814181,KempsCreek-NE-3a,-33.88682608,150.7860881,20661.483038299928,KempsCreek-NE-E
KempsCreek-NE-E-from,1,278,20200814183,KempsCreek-NE-4a,-33.88424603,150.79064409999998,21377.37282929993,KempsCreek-NE-E
KempsCreek-NE-E-from,1,278,20200814327,DTway_ElizabethDrive_a,-33.88097491,150.7926725,21894.19908229993,KempsCreek-NE-E
KempsCreek-NE-E-from,1,278,20200814284,ETway_MamreRoad_b,-33.88046288,150.809186,23472.931795299926,KempsCreek-NE-E
KempsCreek-NE-E-from,1,278,20200814302,ETway_CecilRoad_b,-33.87467622,150.8388989,26477.494244299927,KempsCreek-NE-E
KempsCreek-NE-E-from,1,278,20200814299,ETway_CecilHills_b,-33.88352747,150.857888,28599.52798129993,KempsCreek-NE-E
KempsCreek-NE-E-from,1,278,20200814298,ETway_BonnyriggHeights_b,-33.88536386,150.86988169999998,29760.528788299926,KempsCreek-NE-E
KempsCreek-NE-E-from,1,278,20200814286,ETway_LPTway_b,-33.88942837,150.8831937,31091.83732829993,KempsCreek-NE-E
KempsCreek-NE-E-from,1,278,20200814290,ETway_Bonnyrigg_b,-33.89325479,150.8916649,32002.88430829993,KempsCreek-NE-E
KempsCreek-NE-E-from,1,278,20200814288,ETway_MountPritchard_b,-33.89480678,150.9032201,33085.555848299926,KempsCreek-NE-E
KempsCreek-NE-E-from,1,278,20200814296,ETway_TownviewRoad_b,-33.89694046,150.9126904,34011.59242829993,KempsCreek-NE-E
KempsCreek-NE-E-from,1,278,20200814294,ETway_CabramattaWest_b,-33.89926278,150.92183400000002,34925.11266829993,KempsCreek-NE-E
KempsCreek-NE-E-from,1,278,20200814292,ETway_Cabramatta_b,-33.89519865,150.9384586,36574.455328299926,KempsCreek-NE-E
KempsCreek-NE-N-to,1,186,20200814341,DTway_MtDruittStation_a,-33.76980501,150.81982580000002,24.50348066,KempsCreek-NE-N
KempsCreek-NE-N-to,1,186,20200814344,DTway_GreatWesternHighway_b,-33.77905808,150.8145774,1441.977082,KempsCreek-NE-N
KempsCreek-NE-N-to,1,186,20200814346,DTway_RoperRoad_b,-33.78670719,150.8061186,2722.144518,KempsCreek-NE-N
KempsCreek-NE-N-to,1,186,20200814350,DTway_SwallowDr_b,-33.79824605,150.8038282,4135.275429,KempsCreek-NE-N
KempsCreek-NE-N-to,1,186,20200814348,DTway_PeppertreeDr_b,-33.80240175,150.79715919999998,4906.444403,KempsCreek-NE-N
KempsCreek-NE-N-to,1,186,20200814340,DTway_StClairConnection_b,-33.80615709,150.79117549999998,5600.063706,KempsCreek-NE-N
KempsCreek-NE-N-to,1,186,20200814338,DTway_ErskineParkRoad_b,-33.81238575,150.7862122,6443.627342,KempsCreek-NE-N
KempsCreek-NE-N-to,1,186,20200814336,DTway_LenoreDrive_b,-33.81433842,150.7927536,7126.341751000001,KempsCreek-NE-N
KempsCreek-NE-N-to,1,186,20200814334,DTway_ServiceRoadConnection_b,-33.82340085,150.8044597,9459.037484999999,KempsCreek-NE-N
KempsCreek-NE-N-to,1,186,20200814352,DTway_KempsCreek_b,-33.83544046,150.8023357,10809.78728,KempsCreek-NE-N
KempsCreek-NE-N-to,1,186,20200814332,DTway_AldingtonRoad_b,-33.84991705,150.7974034,12689.50226,KempsCreek-NE-N
KempsCreek-NE-N-to,1,186,20200814330,DTway_MetroWestStation_b,-33.86712297,150.7944345,14617.87091,KempsCreek-NE-N
KempsCreek-NE-N-to,1,186,20200814328,DTway_ElizabethDrive_b,-33.88095915,150.79269219999998,16215.03173,KempsCreek-NE-N
KempsCreek-NE-N-to,1,186,20200814185,KempsCreek-NE-5a,-33.88635,150.7934859,16951.67003,KempsCreek-NE-N
KempsCreek-NE-N-to,1,186,20200814187,KempsCreek-NE-6a,-33.889306700000006,150.79548259999999,17474.717080000002,KempsCreek-NE-N
KempsCreek-NE-N-to,1,186,20200814189,KempsCreek-NE-7a,-33.89218822,150.7949595,17798.00647,KempsCreek-NE-N
KempsCreek-NE-N-to,1,186,20200814191,KempsCreek-NE-8a,-33.89441853,150.7920789,18306.191619999998,KempsCreek-NE-N
KempsCreek-NE-N-from,1,224,20200814177,KempsCreek-NE-1a,-33.89384884,150.7873102,18395.530409678973,KempsCreek-NE-N
KempsCreek-NE-N-from,1,224,20200814179,KempsCreek-NE-2a,-33.89056108,150.78536680000002,18954.430666878972,KempsCreek-NE-N
KempsCreek-NE-N-from,1,224,20200814181,KempsCreek-NE-3a,-33.88682608,150.7860881,19375.54642717897,KempsCreek-NE-N
KempsCreek-NE-N-from,1,224,20200814183,KempsCreek-NE-4a,-33.88424603,150.79064409999998,20091.436218178973,KempsCreek-NE-N
KempsCreek-NE-N-from,1,224,20200814327,DTway_ElizabethDrive_a,-33.88097491,150.7926725,20608.262471178972,KempsCreek-NE-N
KempsCreek-NE-N-from,1,224,20200814329,DTway_MetroWestStation_a,-33.86720207,150.7943115,22197.148789178973,KempsCreek-NE-N
KempsCreek-NE-N-from,1,224,20200814331,DTway_AldingtonRoad_a,-33.849988200000006,150.7973125,24126.81498317897,KempsCreek-NE-N
KempsCreek-NE-N-from,1,224,20200814351,DTway_KempsCreek_a,-33.83545772,150.8023205,26013.449359178972,KempsCreek-NE-N
KempsCreek-NE-N-from,1,224,20200814333,DTway_ServiceRoadConnection_a,-33.82345477,150.8043853,27358.02509017897,KempsCreek-NE-N
KempsCreek-NE-N-from,1,224,20200814335,DTway_LenoreDrive_a,-33.81451383,150.79276819999998,29679.003897178973,KempsCreek-NE-N
KempsCreek-NE-N-from,1,224,20200814337,DTway_ErskineParkRoad_a,-33.81240384,150.78615280000002,30377.356877178972,KempsCreek-NE-N
KempsCreek-NE-N-from,1,224,20200814339,DTway_StClairConnection_a,-33.80617987,150.79107869999999,31217.05715717897,KempsCreek-NE-N
KempsCreek-NE-N-from,1,224,20200814347,DTway_PeppertreeDr_a,-33.8024581,150.7969641,31900.88357717897,KempsCreek-NE-N
KempsCreek-NE-N-from,1,224,20200814349,DTway_SwallowDr_a,-33.79810206,150.8036842,32689.370697178972,KempsCreek-NE-N
KempsCreek-NE-N-from,1,224,20200814345,DTway_RoperRoad_a,-33.78667813,150.8060508,34096.73958717897,KempsCreek-NE-N
KempsCreek-NE-N-from,1,224,20200814343,DTway_GreatWesternHighway_a,-33.77898316,150.8144011,35399.575247178975,KempsCreek-NE-N
KempsCreek-NE-N-from,1,224,20200814342,DTway_MtDruittStation_b,-33.76979081,150.8198481,36843.79183717897,KempsCreek-NE-N
KempsCreek-NE-S-to,1,53,20200814356,RossmoreStation_b,-33.95042741,150.7811331,35.59746016,KempsCreek-NE-S
KempsCreek-NE-S-to,1,53,20200814203,Rossmore-SE-SN,-33.92939812,150.7851889,2912.457714,KempsCreek-NE-S
KempsCreek-NE-S-to,1,53,20200814207,Rossmore-NE-SN,-33.91467863,150.78611819999998,4711.940469,KempsCreek-NE-S
KempsCreek-NE-S-to,1,53,20200814231,KempsCreek-SE-SN,-33.90228122,150.78864480000001,6107.851292,KempsCreek-NE-S
KempsCreek-NE-S-to,1,53,20200814177,KempsCreek-NE-1a,-33.89384884,150.7873102,7325.97152,KempsCreek-NE-S
KempsCreek-NE-S-to,1,53,20200814179,KempsCreek-NE-2a,-33.89056108,150.78536680000002,7884.871778,KempsCreek-NE-S
KempsCreek-NE-S-to,1,53,20200814181,KempsCreek-NE-3a,-33.88682608,150.7860881,8305.987538,KempsCreek-NE-S
KempsCreek-NE-S-from,1,47,20200814185,KempsCreek-NE-5a,-33.88635,150.7934859,8968.909226930038,KempsCreek-NE-S
KempsCreek-NE-S-to,1,53,20200814183,KempsCreek-NE-4a,-33.88424603,150.79064409999998,9021.877329,KempsCreek-NE-S
KempsCreek-NE-S-from,1,47,20200814187,KempsCreek-NE-6a,-33.889306700000006,150.79548259999999,9491.956285730037,KempsCreek-NE-S
KempsCreek-NE-S-from,1,47,20200814189,KempsCreek-NE-7a,-33.89218822,150.7949595,9815.245667930038,KempsCreek-NE-S
KempsCreek-NE-S-from,1,47,20200814191,KempsCreek-NE-8a,-33.89441853,150.7920789,10323.430820930038,KempsCreek-NE-S
KempsCreek-NE-S-from,1,47,20200814232,KempsCreek-SE-NS,-33.90225552,150.788668,11452.540514930039,KempsCreek-NE-S
KempsCreek-NE-S-from,1,47,20200814208,Rossmore-NE-NS,-33.91468548,150.7861241,12852.327440930037,KempsCreek-NE-S
KempsCreek-NE-S-from,1,47,20200814204,Rossmore-SE-NS,-33.92933263,150.78526630000002,14631.085798930038,KempsCreek-NE-S
KempsCreek-NE-S-from,1,47,20200814355,RossmoreStation_a,-33.95048465,150.78107580000002,17505.466588930038,KempsCreek-NE-S
KempsCreek-NE-W-to,1,24,20200814280,BusinessParkStation_b,-33.88336706,150.7384856,247.88203140000002,KempsCreek-NE-W
KempsCreek-NE-W-to,1,24,20200814282,25thAv_ETway_Interchange_b,-33.88642859,150.7604154,2501.766565,KempsCreek-NE-W
KempsCreek-NE-W-to,1,24,20200814237,KempsCreek-NW-EW,-33.88979905,150.7789893,4617.870054999999,KempsCreek-NE-W
KempsCreek-NE-W-to,1,24,20200814179,KempsCreek-NE-2a,-33.89056108,150.78536680000002,5305.902968,KempsCreek-NE-W
KempsCreek-NE-W-to,1,24,20200814181,KempsCreek-NE-3a,-33.88682608,150.7860881,5727.018728,KempsCreek-NE-W
KempsCreek-NE-W-to,1,24,20200814183,KempsCreek-NE-4a,-33.88424603,150.79064409999998,6442.884569,KempsCreek-NE-W
KempsCreek-NE-W-to,1,24,20200814185,KempsCreek-NE-5a,-33.88635,150.7934859,6910.699685,KempsCreek-NE-W
KempsCreek-NE-W-to,1,24,20200814187,KempsCreek-NE-6a,-33.889306700000006,150.79548259999999,7433.746743000001,KempsCreek-NE-W
KempsCreek-NE-W-from,1,20,20200814189,KempsCreek-NE-7a,-33.89218822,150.7949595,8511.196489239994,KempsCreek-NE-W
KempsCreek-NE-W-from,1,20,20200814191,KempsCreek-NE-8a,-33.89441853,150.7920789,9019.381641879992,KempsCreek-NE-W
KempsCreek-NE-W-from,1,20,20200814177,KempsCreek-NE-1a,-33.89384884,150.7873102,9486.752384279993,KempsCreek-NE-W
KempsCreek-NE-W-from,1,20,20200814238,KempsCreek-NW-WE,-33.88978774,150.778978,10670.474535179994,KempsCreek-NE-W
KempsCreek-NE-W-from,1,20,20200814281,25thAv_ETway_Interchange_a,-33.88654472,150.76052099999998,12773.971397179994,KempsCreek-NE-W
KempsCreek-NE-W-from,1,20,20200814279,BusinessParkStation_a,-33.88343221,150.7384801,15043.969629179992,KempsCreek-NE-W
KempsCreek-NW-E-to,1,304,20200814291,ETWay_Cabramatta_a,-33.8951539,150.9385034,23.68100208,KempsCreek-NW-E
KempsCreek-NW-E-to,1,304,20200814293,ETway_CabramattaWest_a,-33.89933379,150.9218006,1785.4067559999999,KempsCreek-NW-E
KempsCreek-NW-E-to,1,304,20200814295,ETway_TownviewRoad_a,-33.89694911,150.912653,2702.576845,KempsCreek-NW-E
KempsCreek-NW-E-to,1,304,20200814287,ETway_MountPritchard_a,-33.89485316,150.90313569999998,3633.362964,KempsCreek-NW-E
KempsCreek-NW-E-to,1,304,20200814289,ETway_Bonnyrigg_a,-33.89327506,150.89162439999998,4712.555201,KempsCreek-NW-E
KempsCreek-NW-E-to,1,304,20200814285,ETway_LPTway_a,-33.88943468,150.8831053,5646.838455,KempsCreek-NW-E
KempsCreek-NW-E-to,1,304,20200814297,ETway_BonnyriggHeights_a,-33.88544686,150.8696643,6985.751209,KempsCreek-NW-E
KempsCreek-NW-E-to,1,304,20200814300,ETway_CecilHills_a,-33.88372728,150.8574727,8164.77659,KempsCreek-NW-E
KempsCreek-NW-E-to,1,304,20200814301,ETway_CecilRoad_a,-33.87475658,150.8387649,10271.11162,KempsCreek-NW-E
KempsCreek-NW-E-to,1,304,20200814283,ETway_MamreRoad_a,-33.88060189,150.8090608,13277.17109,KempsCreek-NW-E
KempsCreek-NW-E-to,1,304,20200814328,DTway_ElizabethDrive_b,-33.88095915,150.79269219999998,14836.75535,KempsCreek-NW-E
KempsCreek-NW-E-to,1,304,20200814233,KempsCreek-NE-EW,-33.89134184,150.7904917,16018.0866,KempsCreek-NW-E
KempsCreek-NW-E-to,1,304,20200814173,KempsCreek-NW-7a,-33.89311546,150.7817128,17096.44213,KempsCreek-NW-E
KempsCreek-NW-E-to,1,304,20200814175,KempsCreek-NW-8a,-33.89034775,150.77970249999998,17605.21867,KempsCreek-NW-E
KempsCreek-NW-E-to,1,304,20200814161,KempsCreek-NW-1a,-33.89256946,150.77685309999998,18175.32831,KempsCreek-NW-E
KempsCreek-NW-E-to,1,304,20200814163,KempsCreek-NW-2a,-33.88951737,150.77415580000002,18920.816769999998,KempsCreek-NW-E
KempsCreek-NW-E-from,1,282,20200814165,KempsCreek-NW-3a,-33.88521364,150.77238830000002,21966.599705641547,KempsCreek-NW-E
KempsCreek-NW-E-from,1,282,20200814167,KempsCreek-NW-4a,-33.8844033,150.7774355,22566.91365744155,KempsCreek-NW-E
KempsCreek-NW-E-from,1,282,20200814169,KempsCreek-NW-5a,-33.88507818,150.7830402,23123.01386584155,KempsCreek-NW-E
KempsCreek-NW-E-from,1,282,20200814171,KempsCreek-NW-6a,-33.88908823,150.7824226,23571.76368484155,KempsCreek-NW-E
KempsCreek-NW-E-from,1,282,20200814234,KempsCreek-NE-WE,-33.89133065,150.7904357,24503.79568484155,KempsCreek-NW-E
KempsCreek-NW-E-from,1,282,20200814327,DTway_ElizabethDrive_a,-33.88097491,150.7926725,25687.536663841547,KempsCreek-NW-E
KempsCreek-NW-E-from,1,282,20200814284,ETway_MamreRoad_b,-33.88046288,150.809186,27266.269375841548,KempsCreek-NW-E
KempsCreek-NW-E-from,1,282,20200814302,ETway_CecilRoad_b,-33.87467622,150.8388989,30270.83182484155,KempsCreek-NW-E
KempsCreek-NW-E-from,1,282,20200814299,ETway_CecilHills_b,-33.88352747,150.857888,32392.865566841545,KempsCreek-NW-E
KempsCreek-NW-E-from,1,282,20200814298,ETway_BonnyriggHeights_b,-33.88536386,150.86988169999998,33553.86636684155,KempsCreek-NW-E
KempsCreek-NW-E-from,1,282,20200814286,ETway_LPTway_b,-33.88942837,150.8831937,34885.17490684155,KempsCreek-NW-E
KempsCreek-NW-E-from,1,282,20200814290,ETway_Bonnyrigg_b,-33.89325479,150.8916649,35796.22189684155,KempsCreek-NW-E
KempsCreek-NW-E-from,1,282,20200814288,ETway_MountPritchard_b,-33.89480678,150.9032201,36878.89343684155,KempsCreek-NW-E
KempsCreek-NW-E-from,1,282,20200814296,ETway_TownviewRoad_b,-33.89694046,150.9126904,37804.93001684155,KempsCreek-NW-E
KempsCreek-NW-E-from,1,282,20200814294,ETway_CabramattaWest_b,-33.89926278,150.92183400000002,38718.450246841545,KempsCreek-NW-E
KempsCreek-NW-E-from,1,282,20200814292,ETway_Cabramatta_b,-33.89519865,150.9384586,40367.79291684154,KempsCreek-NW-E
KempsCreek-NW-N-to,1,133,20200814320,CTway_StMarysStation_b,-33.76281198,150.77631259999998,16.10340644,KempsCreek-NW-N
KempsCreek-NW-N-to,1,133,20200814322,CTway_StMarysLibrary_b,-33.7688064,150.7737289,861.8715562000001,KempsCreek-NW-N
KempsCreek-NW-N-to,1,133,20200814324,CTway_WilsonOval_b,-33.77759325,150.77221310000002,1846.7594350000002,KempsCreek-NW-N
KempsCreek-NW-N-to,1,133,20200814318,CTway_BanksDrive_b,-33.78818257,150.7704191,3034.007102,KempsCreek-NW-N
KempsCreek-NW-N-to,1,133,20200814316,CTway_LuddenhamRoad_b,-33.80336132,150.76933449999999,4755.114713,KempsCreek-NW-N
KempsCreek-NW-N-to,1,133,20200814314,CTWay_ErskineParkRoad_b,-33.81796432,150.7760715,6536.508326,KempsCreek-NW-N
KempsCreek-NW-N-to,1,133,20200814312,CTway_TrainingAcademy_b,-33.82715651,150.778926,7611.226883,KempsCreek-NW-N
KempsCreek-NW-N-to,1,133,20200814308,CTWay_MamreRoad_b,-33.8423063,150.78121090000002,9334.168521,KempsCreek-NW-N
KempsCreek-NW-N-to,1,133,20200814310,CTway_M12_b,-33.86101571,150.7774726,11557.21495,KempsCreek-NW-N
KempsCreek-NW-N-to,1,133,20200814306,CTway_MetroWestStation_b,-33.86925411,150.7752608,12520.53391,KempsCreek-NW-N
KempsCreek-NW-N-to,1,133,20200814326,CTway_ElizabethDrive_b,-33.87772959,150.7816084,14123.275269999998,KempsCreek-NW-N
KempsCreek-NW-N-to,1,133,20200814169,KempsCreek-NW-5a,-33.88507818,150.7830402,15227.431480000001,KempsCreek-NW-N
KempsCreek-NW-N-to,1,133,20200814171,KempsCreek-NW-6a,-33.88908823,150.7824226,15676.1813,KempsCreek-NW-N
KempsCreek-NW-N-from,1,143,20200814161,KempsCreek-NW-1a,-33.89256946,150.77685309999998,15885.88193733676,KempsCreek-NW-N
KempsCreek-NW-N-to,1,133,20200814173,KempsCreek-NW-7a,-33.89311546,150.7817128,16127.735490000001,KempsCreek-NW-N
KempsCreek-NW-N-from,1,143,20200814163,KempsCreek-NW-2a,-33.88951737,150.77415580000002,16631.37039883676,KempsCreek-NW-N
KempsCreek-NW-N-to,1,133,20200814175,KempsCreek-NW-8a,-33.89034775,150.77970249999998,16636.51202,KempsCreek-NW-N
KempsCreek-NW-N-from,1,143,20200814165,KempsCreek-NW-3a,-33.88521364,150.77238830000002,17307.04928483676,KempsCreek-NW-N
KempsCreek-NW-N-from,1,143,20200814167,KempsCreek-NW-4a,-33.8844033,150.7774355,17907.36323683676,KempsCreek-NW-N
KempsCreek-NW-N-from,1,143,20200814325,CTway_ElizabethDrive_a,-33.87773846,150.781578,19017.78285383676,KempsCreek-NW-N
KempsCreek-NW-N-from,1,143,20200814305,CTway_MetroWestStation_a,-33.86933661,150.77509780000003,20611.26919983676,KempsCreek-NW-N
KempsCreek-NW-N-from,1,143,20200814309,CTway_M12_a,-33.86111499,150.77733369999999,21573.065383836758,KempsCreek-NW-N
KempsCreek-NW-N-from,1,143,20200814307,CTway_MamreRoad_a,-33.84246193,150.78103969999998,23791.58986183676,KempsCreek-NW-N
KempsCreek-NW-N-from,1,143,20200814311,CTway_TrainingAcademy_a,-33.82728766,150.77897040000002,25516.920588836758,KempsCreek-NW-N
KempsCreek-NW-N-from,1,143,20200814313,CTway_ErskineParkRoad_a,-33.81728013,150.7758564,26685.65971883676,KempsCreek-NW-N
KempsCreek-NW-N-from,1,143,20200814315,CTway_LuddenhamRoad_a,-33.803628700000004,150.76943400000002,28360.37423883676,KempsCreek-NW-N
KempsCreek-NW-N-from,1,143,20200814317,CTway_BanksDrive_a,-33.78832729,150.7703189,30094.59417883676,KempsCreek-NW-N
KempsCreek-NW-N-from,1,143,20200814323,CTway_WilsonOval_a,-33.77764061,150.7721842,31294.444868836763,KempsCreek-NW-N
KempsCreek-NW-N-from,1,143,20200814321,CTway_StMarysLibrary_a,-33.76887121,150.7736533,32276.804358836762,KempsCreek-NW-N
KempsCreek-NW-N-from,1,143,20200814319,CTway_StMarysStation_a,-33.7625796,150.77630209999998,33133.35837883676,KempsCreek-NW-N
KempsCreek-NW-S-to,1,30,20200814354,SouthCreekStation_b,-33.94749102,150.7570353,34.03069563,KempsCreek-NW-S
KempsCreek-NW-S-to,1,30,20200814199,Rossmore-SW-SN,-33.92605531,150.7693821,3348.4884899999997,KempsCreek-NW-S
KempsCreek-NW-S-to,1,30,20200814195,Rossmore-NW-SN,-33.91266432,150.7717131,4849.573924,KempsCreek-NW-S
KempsCreek-NW-S-to,1,30,20200814227,KempsCreek-SW-SN,-33.9008908,150.777151,6514.688285,KempsCreek-NW-S
KempsCreek-NW-S-to,1,30,20200814161,KempsCreek-NW-1a,-33.89256946,150.77685309999998,8257.247747,KempsCreek-NW-S
KempsCreek-NW-S-to,1,30,20200814163,KempsCreek-NW-2a,-33.88951737,150.77415580000002,9002.736209,KempsCreek-NW-S
KempsCreek-NW-S-to,1,30,20200814165,KempsCreek-NW-3a,-33.88521364,150.77238830000002,9678.415095,KempsCreek-NW-S
KempsCreek-NW-S-to,1,30,20200814167,KempsCreek-NW-4a,-33.8844033,150.7774355,10278.72905,KempsCreek-NW-S
KempsCreek-NW-S-from,1,25,20200814169,KempsCreek-NW-5a,-33.88507818,150.7830402,10441.069463649123,KempsCreek-NW-S
KempsCreek-NW-S-from,1,25,20200814171,KempsCreek-NW-6a,-33.88908823,150.7824226,10889.819282149123,KempsCreek-NW-S
KempsCreek-NW-S-from,1,25,20200814173,KempsCreek-NW-7a,-33.89311546,150.7817128,11341.373473749123,KempsCreek-NW-S
KempsCreek-NW-S-from,1,25,20200814175,KempsCreek-NW-8a,-33.89034775,150.77970249999998,11850.150008749122,KempsCreek-NW-S
KempsCreek-NW-S-from,1,25,20200814228,KempsCreek-SW-NS,-33.90088571,150.7771612,13164.734365749124,KempsCreek-NW-S
KempsCreek-NW-S-from,1,25,20200814196,Rossmore-NW-NS,-33.9126334,150.77175559999998,14826.596876749123,KempsCreek-NW-S
KempsCreek-NW-S-from,1,25,20200814200,Rossmore-SW-NS,-33.9260098,150.76943590000002,16325.931641749123,KempsCreek-NW-S
KempsCreek-NW-S-from,1,25,20200814353,SouthCreekStation_a,-33.94758831,150.7569468,19652.64177274912,KempsCreek-NW-S
KempsCreek-NW-W-to,1,16,20200814280,BusinessParkStation_b,-33.88336706,150.7384856,247.88203140000002,KempsCreek-NW-W
KempsCreek-NW-W-to,1,16,20200814282,25thAv_ETway_Interchange_b,-33.88642859,150.7604154,2501.766565,KempsCreek-NW-W
KempsCreek-NW-W-to,1,16,20200814165,KempsCreek-NW-3a,-33.88521364,150.77238830000002,3821.3297439999997,KempsCreek-NW-W
KempsCreek-NW-W-to,1,16,20200814167,KempsCreek-NW-4a,-33.8844033,150.7774355,4421.643696,KempsCreek-NW-W
KempsCreek-NW-W-to,1,16,20200814169,KempsCreek-NW-5a,-33.88507818,150.7830402,4977.743904999999,KempsCreek-NW-W
KempsCreek-NW-W-to,1,16,20200814171,KempsCreek-NW-6a,-33.88908823,150.7824226,5426.493723,KempsCreek-NW-W
KempsCreek-NW-W-from,1,24,20200814173,KempsCreek-NW-7a,-33.89311546,150.7817128,6513.181496363465,KempsCreek-NW-W
KempsCreek-NW-W-from,1,24,20200814175,KempsCreek-NW-8a,-33.89034775,150.77970249999998,7021.958031263465,KempsCreek-NW-W
KempsCreek-NW-W-from,1,24,20200814161,KempsCreek-NW-1a,-33.89256946,150.77685309999998,7592.067672863465,KempsCreek-NW-W
KempsCreek-NW-W-from,1,24,20200814163,KempsCreek-NW-2a,-33.88951737,150.77415580000002,8337.556133863465,KempsCreek-NW-W
KempsCreek-NW-W-from,1,24,20200814281,25thAv_ETway_Interchange_a,-33.88654472,150.76052099999998,10026.932023863465,KempsCreek-NW-W
KempsCreek-NW-W-from,1,24,20200814279,BusinessParkStation_a,-33.88343221,150.7384801,12296.930255863466,KempsCreek-NW-W
KempsCreek-SE-E-to,1,287,20200814241,15thAv_LiverpoolStation_a,-33.92295892,150.9266524,20.87140608,KempsCreek-SE-E
KempsCreek-SE-E-to,1,287,20200814244,15thAv-BrickmakersTway_b,-33.9280105,150.9102682,1927.665536,KempsCreek-SE-E
KempsCreek-SE-E-to,1,287,20200814246,15thAv_MaxwellsTway_b,-33.92658085,150.8983681,3042.120458,KempsCreek-SE-E
KempsCreek-SE-E-to,1,287,20200814248,15thAv_AshTway_b,-33.92784671,150.8820715,4562.523131,KempsCreek-SE-E
KempsCreek-SE-E-to,1,287,20200814250,15thAv_MillerTway_b,-33.92730335,150.8713841,5559.34222,KempsCreek-SE-E
KempsCreek-SE-E-to,1,287,20200814251,15thAv_HoxtonPark_a,-33.92667545,150.8581175,6808.2194930000005,KempsCreek-SE-E
KempsCreek-SE-E-to,1,287,20200814253,15thAv_MiddletonGrange_a,-33.92224766,150.8396293,8696.11355,KempsCreek-SE-E
KempsCreek-SE-E-to,1,287,20200814217,Austral-NE-EW,-33.91878525,150.81478380000001,11025.711159999999,KempsCreek-SE-E
KempsCreek-SE-E-to,1,287,20200814222,Austral-NW-EW,-33.91796598,150.80892619999997,11575.02809,KempsCreek-SE-E
KempsCreek-SE-E-to,1,287,20200814141,KempsCreek-SE-7a,-33.90547873,150.7934747,14805.93254,KempsCreek-SE-E
KempsCreek-SE-E-to,1,287,20200814143,KempsCreek-SE-8a,-33.90635589,150.7892291,15331.56009,KempsCreek-SE-E
KempsCreek-SE-E-to,1,287,20200814129,KempsCreek-SE-1a,-33.905975500000004,150.78597390000002,16213.886999999999,KempsCreek-SE-E
KempsCreek-SE-E-to,1,287,20200814131,KempsCreek-SE-2a,-33.90410617,150.78221530000002,16739.25304,KempsCreek-SE-E
KempsCreek-SE-E-from,1,275,20200814133,KempsCreek-SE-3a,-33.89880701,150.7831191,19527.07816481852,KempsCreek-SE-E
KempsCreek-SE-E-from,1,275,20200814135,KempsCreek-SE-4a,-33.89800604,150.7881829,20127.719092618518,KempsCreek-SE-E
KempsCreek-SE-E-from,1,275,20200814137,KempsCreek-SE-5a,-33.89856521,150.79297519999997,20629.962962118516,KempsCreek-SE-E
KempsCreek-SE-E-from,1,275,20200814140,KempsCreek-SE-6b,-33.90142464,150.794217,21077.962356118518,KempsCreek-SE-E
KempsCreek-SE-E-from,1,275,20200814221,Austral-NW-WE,-33.91795364,150.8089158,24136.811707118515,KempsCreek-SE-E
KempsCreek-SE-E-from,1,275,20200814218,Austral-NE-WE,-33.91876096,150.8147676,24685.351006118515,KempsCreek-SE-E
KempsCreek-SE-E-from,1,275,20200814254,15thAv_MiddletonGrange_b,-33.92220673,150.8396429,27017.379223118518,KempsCreek-SE-E
KempsCreek-SE-E-from,1,275,20200814252,15thAv_HoxtonPark_b,-33.92637451,150.8607375,29139.029900118516,KempsCreek-SE-E
KempsCreek-SE-E-from,1,275,20200814249,15thAv_MillerTway_a,-33.926964700000006,150.87097450000002,30102.65859511852,KempsCreek-SE-E
KempsCreek-SE-E-from,1,275,20200814247,15thAv_AshTway_a,-33.92753548,150.88323359999998,31248.34076511852,KempsCreek-SE-E
KempsCreek-SE-E-from,1,275,20200814245,15thAv_MaxwellsTway_a,-33.92633517,150.8992313,32739.596445118517,KempsCreek-SE-E
KempsCreek-SE-E-from,1,275,20200814243,15thAv_BrickmakersTway_a,-33.92784302,150.91032019999997,33778.87122511852,KempsCreek-SE-E
KempsCreek-SE-E-from,1,275,20200814242,15thAv_LiverpoolStation_b,-33.923103000000005,150.9268322,35630.033845118516,KempsCreek-SE-E
KempsCreek-SE-N-to,1,189,20200814341,DTway_MtDruittStation_a,-33.76980501,150.81982580000002,24.50348066,KempsCreek-SE-N
KempsCreek-SE-N-to,1,189,20200814344,DTway_GreatWesternHighway_b,-33.77905808,150.8145774,1441.977082,KempsCreek-SE-N
KempsCreek-SE-N-to,1,189,20200814346,DTway_RoperRoad_b,-33.78670719,150.8061186,2722.144518,KempsCreek-SE-N
KempsCreek-SE-N-to,1,189,20200814350,DTway_SwallowDr_b,-33.79824605,150.8038282,4135.275429,KempsCreek-SE-N
KempsCreek-SE-N-to,1,189,20200814348,DTway_PeppertreeDr_b,-33.80240175,150.79715919999998,4906.444403,KempsCreek-SE-N
KempsCreek-SE-N-to,1,189,20200814340,DTway_StClairConnection_b,-33.80615709,150.79117549999998,5600.063706,KempsCreek-SE-N
KempsCreek-SE-N-to,1,189,20200814338,DTway_ErskineParkRoad_b,-33.81238575,150.7862122,6443.627342,KempsCreek-SE-N
KempsCreek-SE-N-to,1,189,20200814336,DTway_LenoreDrive_b,-33.81433842,150.7927536,7126.341751000001,KempsCreek-SE-N
KempsCreek-SE-N-to,1,189,20200814334,DTway_ServiceRoadConnection_b,-33.82340085,150.8044597,9459.037484999999,KempsCreek-SE-N
KempsCreek-SE-N-to,1,189,20200814352,DTway_KempsCreek_b,-33.83544046,150.8023357,10809.78728,KempsCreek-SE-N
KempsCreek-SE-N-to,1,189,20200814332,DTway_AldingtonRoad_b,-33.84991705,150.7974034,12689.50226,KempsCreek-SE-N
KempsCreek-SE-N-to,1,189,20200814330,DTway_MetroWestStation_b,-33.86712297,150.7944345,14617.87091,KempsCreek-SE-N
KempsCreek-SE-N-to,1,189,20200814328,DTway_ElizabethDrive_b,-33.88095915,150.79269219999998,16215.03173,KempsCreek-SE-N
KempsCreek-SE-N-to,1,189,20200814236,KempsCreek-NE-NS,-33.89169528,150.7906775,17420.55775,KempsCreek-SE-N
KempsCreek-SE-N-to,1,189,20200814137,KempsCreek-SE-5a,-33.89856521,150.79297519999997,18456.04464,KempsCreek-SE-N
KempsCreek-SE-N-to,1,189,20200814140,KempsCreek-SE-6b,-33.90142464,150.794217,18904.04403,KempsCreek-SE-N
KempsCreek-SE-N-to,1,189,20200814141,KempsCreek-SE-7a,-33.90547873,150.7934747,19358.97497,KempsCreek-SE-N
KempsCreek-SE-N-to,1,189,20200814143,KempsCreek-SE-8a,-33.90635589,150.7892291,19884.60253,KempsCreek-SE-N
KempsCreek-SE-N-from,1,225,20200814129,KempsCreek-SE-1a,-33.905975500000004,150.78597390000002,20241.39828775917,KempsCreek-SE-N
KempsCreek-SE-N-from,1,225,20200814131,KempsCreek-SE-2a,-33.90410617,150.78221530000002,20766.76432145917,KempsCreek-SE-N
KempsCreek-SE-N-from,1,225,20200814133,KempsCreek-SE-3a,-33.89880701,150.7831191,21360.53318045917,KempsCreek-SE-N
KempsCreek-SE-N-from,1,225,20200814135,KempsCreek-SE-4a,-33.89800604,150.7881829,21961.17410845917,KempsCreek-SE-N
KempsCreek-SE-N-from,1,225,20200814235,KempsCreek-NE-SN,-33.89162634,150.79064619999997,22785.552423459172,KempsCreek-SE-N
KempsCreek-SE-N-from,1,225,20200814327,DTway_ElizabethDrive_a,-33.88097491,150.7926725,23981.967452459172,KempsCreek-SE-N
KempsCreek-SE-N-from,1,225,20200814329,DTway_MetroWestStation_a,-33.86720207,150.7943115,25570.853770459173,KempsCreek-SE-N
KempsCreek-SE-N-from,1,225,20200814331,DTway_AldingtonRoad_a,-33.849988200000006,150.7973125,27500.51996445917,KempsCreek-SE-N
KempsCreek-SE-N-from,1,225,20200814351,DTway_KempsCreek_a,-33.83545772,150.8023205,29387.154340459172,KempsCreek-SE-N
KempsCreek-SE-N-from,1,225,20200814333,DTway_ServiceRoadConnection_a,-33.82345477,150.8043853,30731.73006645917,KempsCreek-SE-N
KempsCreek-SE-N-from,1,225,20200814335,DTway_LenoreDrive_a,-33.81451383,150.79276819999998,33052.708876459175,KempsCreek-SE-N
KempsCreek-SE-N-from,1,225,20200814337,DTway_ErskineParkRoad_a,-33.81240384,150.78615280000002,33751.06185645917,KempsCreek-SE-N
KempsCreek-SE-N-from,1,225,20200814339,DTway_StClairConnection_a,-33.80617987,150.79107869999999,34590.76213645917,KempsCreek-SE-N
KempsCreek-SE-N-from,1,225,20200814347,DTway_PeppertreeDr_a,-33.8024581,150.7969641,35274.58855645917,KempsCreek-SE-N
KempsCreek-SE-N-from,1,225,20200814349,DTway_SwallowDr_a,-33.79810206,150.8036842,36063.07567645917,KempsCreek-SE-N
KempsCreek-SE-N-from,1,225,20200814345,DTway_RoperRoad_a,-33.78667813,150.8060508,37470.44456645918,KempsCreek-SE-N
KempsCreek-SE-N-from,1,225,20200814343,DTway_GreatWesternHighway_a,-33.77898316,150.8144011,38773.280226459174,KempsCreek-SE-N
KempsCreek-SE-N-from,1,225,20200814342,DTway_MtDruittStation_b,-33.76979081,150.8198481,40217.49681645917,KempsCreek-SE-N
KempsCreek-SE-S-to,1,46,20200814356,RossmoreStation_b,-33.95042741,150.7811331,35.59746016,KempsCreek-SE-S
KempsCreek-SE-S-to,1,46,20200814203,Rossmore-SE-SN,-33.92939812,150.7851889,2912.457879,KempsCreek-SE-S
KempsCreek-SE-S-to,1,46,20200814207,Rossmore-NE-SN,-33.91467863,150.78611819999998,4711.9406340000005,KempsCreek-SE-S
KempsCreek-SE-S-to,1,46,20200814129,KempsCreek-SE-1a,-33.905975500000004,150.78597390000002,5839.653515999999,KempsCreek-SE-S
KempsCreek-SE-S-to,1,46,20200814131,KempsCreek-SE-2a,-33.90410617,150.78221530000002,6365.01955,KempsCreek-SE-S
KempsCreek-SE-S-to,1,46,20200814133,KempsCreek-SE-3a,-33.89880701,150.7831191,6958.788409000001,KempsCreek-SE-S
KempsCreek-SE-S-to,1,46,20200814135,KempsCreek-SE-4a,-33.89800604,150.7881829,7559.4293370000005,KempsCreek-SE-S
KempsCreek-SE-S-from,1,40,20200814137,KempsCreek-SE-5a,-33.89856521,150.79297519999997,7741.0404544028315,KempsCreek-SE-S
KempsCreek-SE-S-from,1,40,20200814140,KempsCreek-SE-6b,-33.90142464,150.794217,8189.039848602832,KempsCreek-SE-S
KempsCreek-SE-S-from,1,40,20200814141,KempsCreek-SE-7a,-33.90547873,150.7934747,8643.970791802833,KempsCreek-SE-S
KempsCreek-SE-S-from,1,40,20200814143,KempsCreek-SE-8a,-33.90635589,150.7892291,9169.598345802831,KempsCreek-SE-S
KempsCreek-SE-S-from,1,40,20200814208,Rossmore-NE-NS,-33.91468548,150.7861241,10229.680711802832,KempsCreek-SE-S
KempsCreek-SE-S-from,1,40,20200814204,Rossmore-SE-NS,-33.92933263,150.78526630000002,12008.439069802831,KempsCreek-SE-S
KempsCreek-SE-S-from,1,40,20200814355,RossmoreStation_a,-33.95048465,150.78107580000002,14882.810068802832,KempsCreek-SE-S
KempsCreek-SE-W-to,1,23,20200814257,AerotropolisStation_a,-33.92049719,150.73677450000002,22.03211339,KempsCreek-SE-W
KempsCreek-SE-W-to,1,23,20200814256,15thAv_Bringelly_b,-33.91018533,150.7459844,1939.676921,KempsCreek-SE-W
KempsCreek-SE-W-to,1,23,20200814278,20thAv_ETway_Interchange_b,-33.89858536,150.7589481,4394.121949,KempsCreek-SE-W
KempsCreek-SE-W-to,1,23,20200814226,KempsCreek-SW-WE,-33.90099186,150.77695690000002,6085.402828,KempsCreek-SE-W
KempsCreek-SE-W-to,1,23,20200814133,KempsCreek-SE-3a,-33.89880701,150.7831191,6923.312462999999,KempsCreek-SE-W
KempsCreek-SE-W-to,1,23,20200814135,KempsCreek-SE-4a,-33.89800604,150.7881829,7523.953391,KempsCreek-SE-W
KempsCreek-SE-W-to,1,23,20200814137,KempsCreek-SE-5a,-33.89856521,150.79297519999997,8026.197261,KempsCreek-SE-W
KempsCreek-SE-W-to,1,23,20200814140,KempsCreek-SE-6b,-33.90142464,150.794217,8474.196655,KempsCreek-SE-W
KempsCreek-SE-W-from,1,26,20200814141,KempsCreek-SE-7a,-33.90547873,150.7934747,9453.475816236834,KempsCreek-SE-W
KempsCreek-SE-W-from,1,26,20200814143,KempsCreek-SE-8a,-33.90635589,150.7892291,9979.103370436835,KempsCreek-SE-W
KempsCreek-SE-W-from,1,26,20200814129,KempsCreek-SE-1a,-33.905975500000004,150.78597390000002,10861.430285136834,KempsCreek-SE-W
KempsCreek-SE-W-from,1,26,20200814131,KempsCreek-SE-2a,-33.90410617,150.78221530000002,11386.796318136834,KempsCreek-SE-W
KempsCreek-SE-W-from,1,26,20200814225,KempsCreek-SW-EW,-33.90099913,150.7769497,12224.580681136835,KempsCreek-SE-W
KempsCreek-SE-W-from,1,26,20200814277,20thAv_ETway_Interchange_a,-33.89859899,150.7589481,13915.441638136836,KempsCreek-SE-W
KempsCreek-SE-W-from,1,26,20200814255,15thAv_Bringelly_a,-33.91019163,150.745996,16370.618473136834,KempsCreek-SE-W
KempsCreek-SE-W-from,1,26,20200814258,AerotropolisStation_b,-33.92042120000001,150.73688090000002,18277.82782313683,KempsCreek-SE-W
KempsCreek-SW-E-to,1,294,20200814241,15thAv_LiverpoolStation_a,-33.92295892,150.9266524,20.87140608,KempsCreek-SW-E
KempsCreek-SW-E-to,1,294,20200814244,15thAv-BrickmakersTway_b,-33.9280105,150.9102682,1927.665536,KempsCreek-SW-E
KempsCreek-SW-E-to,1,294,20200814246,15thAv_MaxwellsTway_b,-33.92658085,150.8983681,3042.120458,KempsCreek-SW-E
KempsCreek-SW-E-to,1,294,20200814248,15thAv_AshTway_b,-33.92784671,150.8820715,4562.523131,KempsCreek-SW-E
KempsCreek-SW-E-to,1,294,20200814250,15thAv_MillerTway_b,-33.92730335,150.8713841,5559.34222,KempsCreek-SW-E
KempsCreek-SW-E-to,1,294,20200814251,15thAv_HoxtonPark_a,-33.92667545,150.8581175,6808.2194930000005,KempsCreek-SW-E
KempsCreek-SW-E-to,1,294,20200814253,15thAv_MiddletonGrange_a,-33.92224766,150.8396293,8696.11355,KempsCreek-SW-E
KempsCreek-SW-E-to,1,294,20200814217,Austral-NE-EW,-33.91878525,150.81478380000001,11025.711159999999,KempsCreek-SW-E
KempsCreek-SW-E-to,1,294,20200814222,Austral-NW-EW,-33.91796598,150.80892619999997,11575.02809,KempsCreek-SW-E
KempsCreek-SW-E-to,1,294,20200814229,KempsCreek-SE-EW,-33.90214498,150.7882644,15038.11504,KempsCreek-SW-E
KempsCreek-SW-E-to,1,294,20200814157,KempsCreek-SW-7a,-33.90383322,150.7798375,16082.29351,KempsCreek-SW-E
KempsCreek-SW-E-to,1,294,20200814159,KempsCreek-SW-8a,-33.90220314,150.7776373,16760.55517,KempsCreek-SW-E
KempsCreek-SW-E-to,1,294,20200814145,KempsCreek-SW-1a,-33.90452324,150.77395259999997,17605.85629,KempsCreek-SW-E
KempsCreek-SW-E-to,1,294,20200814147,KempsCreek-SW-2a,-33.90274686,150.77098490000003,18058.009159999998,KempsCreek-SW-E
KempsCreek-SW-E-from,1,283,20200814149,KempsCreek-SW-3a,-33.89756951,150.7727062,21095.244943991736,KempsCreek-SW-E
KempsCreek-SW-E-from,1,283,20200814151,KempsCreek-SW-4a,-33.89521088,150.7764249,21702.172258391736,KempsCreek-SW-E
KempsCreek-SW-E-from,1,283,20200814153,KempsCreek-SW-5a,-33.89570416,150.7804052,22074.436819591738,KempsCreek-SW-E
KempsCreek-SW-E-from,1,283,20200814155,KempsCreek-SW-6a,-33.89981679,150.7805335,22598.483745591737,KempsCreek-SW-E
KempsCreek-SW-E-from,1,283,20200814230,KempsCreek-SE-WE,-33.90211413,150.78822580000002,23492.290688591736,KempsCreek-SW-E
KempsCreek-SW-E-from,1,283,20200814221,Austral-NW-WE,-33.91795364,150.8089158,26928.907054591735,KempsCreek-SW-E
KempsCreek-SW-E-from,1,283,20200814218,Austral-NE-WE,-33.91876096,150.8147676,27477.44635359174,KempsCreek-SW-E
KempsCreek-SW-E-from,1,283,20200814254,15thAv_MiddletonGrange_b,-33.92220673,150.8396429,29809.477472591738,KempsCreek-SW-E
KempsCreek-SW-E-from,1,283,20200814252,15thAv_HoxtonPark_b,-33.92637451,150.8607375,31931.128144591738,KempsCreek-SW-E
KempsCreek-SW-E-from,1,283,20200814249,15thAv_MillerTway_a,-33.926964700000006,150.87097450000002,32894.756844591735,KempsCreek-SW-E
KempsCreek-SW-E-from,1,283,20200814247,15thAv_AshTway_a,-33.92753548,150.88323359999998,34040.439014591735,KempsCreek-SW-E
KempsCreek-SW-E-from,1,283,20200814245,15thAv_MaxwellsTway_a,-33.92633517,150.8992313,35531.69468459174,KempsCreek-SW-E
KempsCreek-SW-E-from,1,283,20200814243,15thAv_BrickmakersTway_a,-33.92784302,150.91032019999997,36570.96947459174,KempsCreek-SW-E
KempsCreek-SW-E-from,1,283,20200814242,15thAv_LiverpoolStation_b,-33.923103000000005,150.9268322,38422.13209459174,KempsCreek-SW-E
KempsCreek-SW-N-to,1,139,20200814320,CTway_StMarysStation_b,-33.76281198,150.77631259999998,16.10340644,KempsCreek-SW-N
KempsCreek-SW-N-to,1,139,20200814322,CTway_StMarysLibrary_b,-33.7688064,150.7737289,861.8715562000001,KempsCreek-SW-N
KempsCreek-SW-N-to,1,139,20200814324,CTway_WilsonOval_b,-33.77759325,150.77221310000002,1846.7594350000002,KempsCreek-SW-N
KempsCreek-SW-N-to,1,139,20200814318,CTway_BanksDrive_b,-33.78818257,150.7704191,3034.007102,KempsCreek-SW-N
KempsCreek-SW-N-to,1,139,20200814316,CTway_LuddenhamRoad_b,-33.80336132,150.76933449999999,4755.114713,KempsCreek-SW-N
KempsCreek-SW-N-to,1,139,20200814314,CTWay_ErskineParkRoad_b,-33.81796432,150.7760715,6536.508326,KempsCreek-SW-N
KempsCreek-SW-N-to,1,139,20200814312,CTway_TrainingAcademy_b,-33.82715651,150.778926,7611.226883,KempsCreek-SW-N
KempsCreek-SW-N-to,1,139,20200814308,CTWay_MamreRoad_b,-33.8423063,150.78121090000002,9334.168521,KempsCreek-SW-N
KempsCreek-SW-N-to,1,139,20200814310,CTway_M12_b,-33.86101571,150.7774726,11557.21495,KempsCreek-SW-N
KempsCreek-SW-N-to,1,139,20200814306,CTway_MetroWestStation_b,-33.86925411,150.7752608,12520.53391,KempsCreek-SW-N
KempsCreek-SW-N-to,1,139,20200814326,CTway_ElizabethDrive_b,-33.87772959,150.7816084,14123.275269999998,KempsCreek-SW-N
KempsCreek-SW-N-to,1,139,20200814240,KempsCreek-NW-NS,-33.88966333,150.7793922,15463.744830000001,KempsCreek-SW-N
KempsCreek-SW-N-to,1,139,20200814153,KempsCreek-SW-5a,-33.89570416,150.7804052,16314.13731,KempsCreek-SW-N
KempsCreek-SW-N-to,1,139,20200814155,KempsCreek-SW-6a,-33.89981679,150.7805335,16838.184240000002,KempsCreek-SW-N
KempsCreek-SW-N-to,1,139,20200814157,KempsCreek-SW-7a,-33.90383322,150.7798375,17288.36848,KempsCreek-SW-N
KempsCreek-SW-N-from,1,146,20200814145,KempsCreek-SW-1a,-33.90452324,150.77395259999997,17311.025436035652,KempsCreek-SW-N
KempsCreek-SW-N-from,1,146,20200814147,KempsCreek-SW-2a,-33.90274686,150.77098490000003,17763.178312435655,KempsCreek-SW-N
KempsCreek-SW-N-to,1,139,20200814159,KempsCreek-SW-8a,-33.90220314,150.7776373,17966.63015,KempsCreek-SW-N
KempsCreek-SW-N-from,1,146,20200814149,KempsCreek-SW-3a,-33.89756951,150.7727062,18429.418459435656,KempsCreek-SW-N
KempsCreek-SW-N-from,1,146,20200814151,KempsCreek-SW-4a,-33.89521088,150.7764249,19036.353833435653,KempsCreek-SW-N
KempsCreek-SW-N-from,1,146,20200814239,KempsCreek-NW-SN,-33.88965814,150.7793809,19860.082948435655,KempsCreek-SW-N
KempsCreek-SW-N-from,1,146,20200814325,CTway_ElizabethDrive_a,-33.87773846,150.781578,21198.160709435655,KempsCreek-SW-N
KempsCreek-SW-N-from,1,146,20200814305,CTway_MetroWestStation_a,-33.86933661,150.77509780000003,22791.647056435653,KempsCreek-SW-N
KempsCreek-SW-N-from,1,146,20200814309,CTway_M12_a,-33.86111499,150.77733369999999,23753.443240435656,KempsCreek-SW-N
KempsCreek-SW-N-from,1,146,20200814307,CTway_MamreRoad_a,-33.84246193,150.78103969999998,25971.967718435655,KempsCreek-SW-N
KempsCreek-SW-N-from,1,146,20200814311,CTway_TrainingAcademy_a,-33.82728766,150.77897040000002,27697.298453435655,KempsCreek-SW-N
KempsCreek-SW-N-from,1,146,20200814313,CTway_ErskineParkRoad_a,-33.81728013,150.7758564,28866.037573435657,KempsCreek-SW-N
KempsCreek-SW-N-from,1,146,20200814315,CTway_LuddenhamRoad_a,-33.803628700000004,150.76943400000002,30540.752093435654,KempsCreek-SW-N
KempsCreek-SW-N-from,1,146,20200814317,CTway_BanksDrive_a,-33.78832729,150.7703189,32274.972033435653,KempsCreek-SW-N
KempsCreek-SW-N-from,1,146,20200814323,CTway_WilsonOval_a,-33.77764061,150.7721842,33474.822733435656,KempsCreek-SW-N
KempsCreek-SW-N-from,1,146,20200814321,CTway_StMarysLibrary_a,-33.76887121,150.7736533,34457.18221343565,KempsCreek-SW-N
KempsCreek-SW-N-from,1,146,20200814319,CTway_StMarysStation_a,-33.7625796,150.77630209999998,35313.73623343566,KempsCreek-SW-N
KempsCreek-SW-S-to,1,20,20200814354,SouthCreekStation_b,-33.94749102,150.7570353,34.03069563,KempsCreek-SW-S
KempsCreek-SW-S-to,1,20,20200814199,Rossmore-SW-SN,-33.92605531,150.7693821,3348.4884899999997,KempsCreek-SW-S
KempsCreek-SW-S-to,1,20,20200814195,Rossmore-NW-SN,-33.91266432,150.7717131,4849.573924,KempsCreek-SW-S
KempsCreek-SW-S-to,1,20,20200814145,KempsCreek-SW-1a,-33.90452324,150.77395259999997,6657.266462,KempsCreek-SW-S
KempsCreek-SW-S-to,1,20,20200814147,KempsCreek-SW-2a,-33.90274686,150.77098490000003,7109.419339,KempsCreek-SW-S
KempsCreek-SW-S-to,1,20,20200814149,KempsCreek-SW-3a,-33.89756951,150.7727062,7775.659486,KempsCreek-SW-S
KempsCreek-SW-S-to,1,20,20200814151,KempsCreek-SW-4a,-33.89521088,150.7764249,8382.59486,KempsCreek-SW-S
KempsCreek-SW-S-from,1,18,20200814153,KempsCreek-SW-5a,-33.89570416,150.7804052,8446.309251129236,KempsCreek-SW-S
KempsCreek-SW-S-from,1,18,20200814155,KempsCreek-SW-6a,-33.89981679,150.7805335,8970.356177729236,KempsCreek-SW-S
KempsCreek-SW-S-from,1,18,20200814157,KempsCreek-SW-7a,-33.90383322,150.7798375,9420.540426729236,KempsCreek-SW-S
KempsCreek-SW-S-from,1,18,20200814159,KempsCreek-SW-8a,-33.90220314,150.7776373,10098.802092729235,KempsCreek-SW-S
KempsCreek-SW-S-from,1,18,20200814196,Rossmore-NW-NS,-33.9126334,150.77175559999998,11961.392315729236,KempsCreek-SW-S
KempsCreek-SW-S-from,1,18,20200814200,Rossmore-SW-NS,-33.9260098,150.76943590000002,13460.727080729235,KempsCreek-SW-S
KempsCreek-SW-S-from,1,18,20200814353,SouthCreekStation_a,-33.94758831,150.7569468,16787.437211729237,KempsCreek-SW-S
KempsCreek-SW-W-to,1,16,20200814257,AerotropolisStation_a,-33.92049719,150.73677450000002,22.03211339,KempsCreek-SW-W
KempsCreek-SW-W-to,1,16,20200814256,15thAv_Bringelly_b,-33.91018533,150.7459844,1939.676921,KempsCreek-SW-W
KempsCreek-SW-W-to,1,16,20200814278,20thAv_ETway_Interchange_b,-33.89858536,150.7589481,4394.121949,KempsCreek-SW-W
KempsCreek-SW-W-to,1,16,20200814149,KempsCreek-SW-3a,-33.89756951,150.7727062,5933.542469,KempsCreek-SW-W
KempsCreek-SW-W-to,1,16,20200814151,KempsCreek-SW-4a,-33.89521088,150.7764249,6540.477844,KempsCreek-SW-W
KempsCreek-SW-W-to,1,16,20200814153,KempsCreek-SW-5a,-33.89570416,150.7804052,6912.719104000001,KempsCreek-SW-W
KempsCreek-SW-W-to,1,16,20200814155,KempsCreek-SW-6a,-33.89981679,150.7805335,7436.766031,KempsCreek-SW-W
KempsCreek-SW-W-from,1,19,20200814157,KempsCreek-SW-7a,-33.90383322,150.7798375,8145.156076101597,KempsCreek-SW-W
KempsCreek-SW-W-from,1,19,20200814159,KempsCreek-SW-8a,-33.90220314,150.7776373,8823.417742601596,KempsCreek-SW-W
KempsCreek-SW-W-from,1,19,20200814145,KempsCreek-SW-1a,-33.90452324,150.77395259999997,9668.718858201597,KempsCreek-SW-W
KempsCreek-SW-W-from,1,19,20200814147,KempsCreek-SW-2a,-33.90274686,150.77098490000003,10120.871734201597,KempsCreek-SW-W
KempsCreek-SW-W-from,1,19,20200814277,20thAv_ETway_Interchange_a,-33.89859899,150.7589481,11586.589910201597,KempsCreek-SW-W
KempsCreek-SW-W-from,1,19,20200814255,15thAv_Bringelly_a,-33.91019163,150.745996,14041.766744201597,KempsCreek-SW-W
KempsCreek-SW-W-from,1,19,20200814258,AerotropolisStation_b,-33.92042120000001,150.73688090000002,15948.976095201597,KempsCreek-SW-W
MG-AERO,1,214,202008269,Swoffer Av near Reardon Av,-33.9183676,150.844681,99.52278925,MG-AERO
MG-AERO,1,214,2020082611,Kelsey St,-33.91822423,150.8425321,313.5976678,MG-AERO
MG-AERO,1,214,202008282,Bryant Av,-33.92037062,150.8403736,750.020211,MG-AERO
MG-AERO,1,214,20200814253,15thAv_MiddletonGrange_a,-33.92224766,150.8396293,1016.580126,MG-AERO
MG-AERO,1,214,20200814217,Austral-NE-EW,-33.91878525,150.81478380000001,3346.175343,MG-AERO
MG-AERO,1,214,20200814222,Austral-NW-EW,-33.91796598,150.80892619999997,3895.49227,MG-AERO
MG-AERO,1,214,20200814205,Rossmore-NE-EW,-33.91408072,150.7853648,6223.911739,MG-AERO
MG-AERO,1,214,20200814194,Rossmore-NW-EW,-33.91240923,150.77134980000002,7533.470012000001,MG-AERO
MG-AERO,1,214,20200814255,15thAv_Bringelly_a,-33.91019163,150.745996,9979.596983,MG-AERO
MG-AERO,1,214,20200814258,AerotropolisStation_b,-33.92042120000001,150.73688090000002,11886.806340000001,MG-AERO
Rossmore-NE-E-to,1,276,20200814241,15thAv_LiverpoolStation_a,-33.92295892,150.9266524,20.87140608,Rossmore-NE-E
Rossmore-NE-E-to,1,276,20200814244,15thAv-BrickmakersTway_b,-33.9280105,150.9102682,1927.665536,Rossmore-NE-E
Rossmore-NE-E-to,1,276,20200814246,15thAv_MaxwellsTway_b,-33.92658085,150.8983681,3042.120458,Rossmore-NE-E
Rossmore-NE-E-to,1,276,20200814248,15thAv_AshTway_b,-33.92784671,150.8820715,4562.523131,Rossmore-NE-E
Rossmore-NE-E-to,1,276,20200814250,15thAv_MillerTway_b,-33.92730335,150.8713841,5559.34222,Rossmore-NE-E
Rossmore-NE-E-to,1,276,20200814251,15thAv_HoxtonPark_a,-33.92667545,150.8581175,6808.2194930000005,Rossmore-NE-E
Rossmore-NE-E-to,1,276,20200814253,15thAv_MiddletonGrange_a,-33.92224766,150.8396293,8696.11355,Rossmore-NE-E
Rossmore-NE-E-to,1,276,20200814217,Austral-NE-EW,-33.91878525,150.81478380000001,11025.708929999999,Rossmore-NE-E
Rossmore-NE-E-to,1,276,20200814222,Austral-NW-EW,-33.91796598,150.80892619999997,11575.02586,Rossmore-NE-E
Rossmore-NE-E-to,1,276,20200814125,Rossmore-NE-7a,-33.91880232,150.7903745,13746.60584,Rossmore-NE-E
Rossmore-NE-E-to,1,276,20200814127,Rossmore-NE-8a,-33.92226298,150.78567759999999,14569.57638,Rossmore-NE-E
Rossmore-NE-E-to,1,276,20200814113,Rossmore-NE-1a,-33.91909437,150.7813125,15622.33848,Rossmore-NE-E
Rossmore-NE-E-to,1,276,20200814115,Rossmore-NE-2a,-33.91605794,150.7793124,16153.876069999998,Rossmore-NE-E
Rossmore-NE-E-from,1,278,20200814117,Rossmore-NE-3a,-33.91204781,150.7800207,18919.7742736281,Rossmore-NE-E
Rossmore-NE-E-from,1,278,20200814119,Rossmore-NE-4a,-33.91119472,150.7842645,19441.0360100281,Rossmore-NE-E
Rossmore-NE-E-from,1,278,20200814121,Rossmore-NE-5a,-33.91295652,150.7872281,20263.775408728103,Rossmore-NE-E
Rossmore-NE-E-from,1,278,20200814123,Rossmore-NE-6a,-33.91473312,150.7918673,21151.329459728102,Rossmore-NE-E
Rossmore-NE-E-from,1,278,20200814221,Austral-NW-WE,-33.91795364,150.8089158,22813.089769728103,Rossmore-NE-E
Rossmore-NE-E-from,1,278,20200814218,Austral-NE-WE,-33.91876096,150.8147676,23361.628839728102,Rossmore-NE-E
Rossmore-NE-E-from,1,278,20200814254,15thAv_MiddletonGrange_b,-33.92220673,150.8396429,25693.6599587281,Rossmore-NE-E
Rossmore-NE-E-from,1,278,20200814252,15thAv_HoxtonPark_b,-33.92637451,150.8607375,27815.3106347281,Rossmore-NE-E
Rossmore-NE-E-from,1,278,20200814249,15thAv_MillerTway_a,-33.926964700000006,150.87097450000002,28778.939327728098,Rossmore-NE-E
Rossmore-NE-E-from,1,278,20200814247,15thAv_AshTway_a,-33.92753548,150.88323359999998,29924.6214977281,Rossmore-NE-E
Rossmore-NE-E-from,1,278,20200814245,15thAv_MaxwellsTway_a,-33.92633517,150.8992313,31415.8771777281,Rossmore-NE-E
Rossmore-NE-E-from,1,278,20200814243,15thAv_BrickmakersTway_a,-33.92784302,150.91032019999997,32455.1519577281,Rossmore-NE-E
Rossmore-NE-E-from,1,278,20200814242,15thAv_LiverpoolStation_b,-33.923103000000005,150.9268322,34306.3145877281,Rossmore-NE-E
Rossmore-NE-N-to,1,203,20200814341,DTway_MtDruittStation_a,-33.76980501,150.81982580000002,24.50348066,Rossmore-NE-N
Rossmore-NE-N-to,1,203,20200814344,DTway_GreatWesternHighway_b,-33.77905808,150.8145774,1441.977082,Rossmore-NE-N
Rossmore-NE-N-to,1,203,20200814346,DTway_RoperRoad_b,-33.78670719,150.8061186,2722.144518,Rossmore-NE-N
Rossmore-NE-N-to,1,203,20200814350,DTway_SwallowDr_b,-33.79824605,150.8038282,4135.275429,Rossmore-NE-N
Rossmore-NE-N-to,1,203,20200814348,DTway_PeppertreeDr_b,-33.80240175,150.79715919999998,4906.444403,Rossmore-NE-N
Rossmore-NE-N-to,1,203,20200814340,DTway_StClairConnection_b,-33.80615709,150.79117549999998,5600.063706,Rossmore-NE-N
Rossmore-NE-N-to,1,203,20200814338,DTway_ErskineParkRoad_b,-33.81238575,150.7862122,6443.627342,Rossmore-NE-N
Rossmore-NE-N-to,1,203,20200814336,DTway_LenoreDrive_b,-33.81433842,150.7927536,7126.341751000001,Rossmore-NE-N
Rossmore-NE-N-to,1,203,20200814334,DTway_ServiceRoadConnection_b,-33.82340085,150.8044597,9459.037484999999,Rossmore-NE-N
Rossmore-NE-N-to,1,203,20200814352,DTway_KempsCreek_b,-33.83544046,150.8023357,10809.78728,Rossmore-NE-N
Rossmore-NE-N-to,1,203,20200814332,DTway_AldingtonRoad_b,-33.84991705,150.7974034,12689.50226,Rossmore-NE-N
Rossmore-NE-N-to,1,203,20200814330,DTway_MetroWestStation_b,-33.86712297,150.7944345,14617.87091,Rossmore-NE-N
Rossmore-NE-N-to,1,203,20200814328,DTway_ElizabethDrive_b,-33.88095915,150.79269219999998,16215.03173,Rossmore-NE-N
Rossmore-NE-N-to,1,203,20200814236,KempsCreek-NE-NS,-33.89169528,150.7906775,17420.55775,Rossmore-NE-N
Rossmore-NE-N-to,1,203,20200814232,KempsCreek-SE-NS,-33.90225552,150.788668,18606.7207,Rossmore-NE-N
Rossmore-NE-N-to,1,203,20200814121,Rossmore-NE-5a,-33.91295652,150.7872281,20274.522090000002,Rossmore-NE-N
Rossmore-NE-N-to,1,203,20200814123,Rossmore-NE-6a,-33.91473312,150.7918673,21162.07614,Rossmore-NE-N
Rossmore-NE-N-to,1,203,20200814125,Rossmore-NE-7a,-33.91880232,150.7903745,21697.79482,Rossmore-NE-N
Rossmore-NE-N-to,1,203,20200814127,Rossmore-NE-8a,-33.92226298,150.78567759999999,22520.765369999997,Rossmore-NE-N
Rossmore-NE-N-from,1,232,20200814113,Rossmore-NE-1a,-33.91909437,150.7813125,22798.281359719207,Rossmore-NE-N
Rossmore-NE-N-from,1,232,20200814115,Rossmore-NE-2a,-33.91605794,150.7793124,23329.818954019207,Rossmore-NE-N
Rossmore-NE-N-from,1,232,20200814117,Rossmore-NE-3a,-33.91204781,150.7800207,23779.474508019208,Rossmore-NE-N
Rossmore-NE-N-from,1,232,20200814119,Rossmore-NE-4a,-33.91119472,150.7842645,24300.73624401921,Rossmore-NE-N
Rossmore-NE-N-from,1,232,20200814231,KempsCreek-SE-SN,-33.90228122,150.78864480000001,26203.68116201921,Rossmore-NE-N
Rossmore-NE-N-from,1,232,20200814235,KempsCreek-NE-SN,-33.89162634,150.79064619999997,27400.081662019205,Rossmore-NE-N
Rossmore-NE-N-from,1,232,20200814327,DTway_ElizabethDrive_a,-33.88097491,150.7926725,28596.49669101921,Rossmore-NE-N
Rossmore-NE-N-from,1,232,20200814329,DTway_MetroWestStation_a,-33.86720207,150.7943115,30185.38300901921,Rossmore-NE-N
Rossmore-NE-N-from,1,232,20200814331,DTway_AldingtonRoad_a,-33.849988200000006,150.7973125,32115.04920101921,Rossmore-NE-N
Rossmore-NE-N-from,1,232,20200814351,DTway_KempsCreek_a,-33.83545772,150.8023205,34001.683581019206,Rossmore-NE-N
Rossmore-NE-N-from,1,232,20200814333,DTway_ServiceRoadConnection_a,-33.82345477,150.8043853,35346.25931101921,Rossmore-NE-N
Rossmore-NE-N-from,1,232,20200814335,DTway_LenoreDrive_a,-33.81451383,150.79276819999998,37667.23812101921,Rossmore-NE-N
Rossmore-NE-N-from,1,232,20200814337,DTway_ErskineParkRoad_a,-33.81240384,150.78615280000002,38365.59109101921,Rossmore-NE-N
Rossmore-NE-N-from,1,232,20200814339,DTway_StClairConnection_a,-33.80617987,150.79107869999999,39205.29137101921,Rossmore-NE-N
Rossmore-NE-N-from,1,232,20200814347,DTway_PeppertreeDr_a,-33.8024581,150.7969641,39889.11780101921,Rossmore-NE-N
Rossmore-NE-N-from,1,232,20200814349,DTway_SwallowDr_a,-33.79810206,150.8036842,40677.60491101921,Rossmore-NE-N
Rossmore-NE-N-from,1,232,20200814345,DTway_RoperRoad_a,-33.78667813,150.8060508,42084.97380101921,Rossmore-NE-N
Rossmore-NE-N-from,1,232,20200814343,DTway_GreatWesternHighway_a,-33.77898316,150.8144011,43387.80947101921,Rossmore-NE-N
Rossmore-NE-N-from,1,232,20200814342,DTway_MtDruittStation_b,-33.76979081,150.8198481,44832.026061019205,Rossmore-NE-N
Rossmore-NE-S-to,1,28,20200814356,RossmoreStation_b,-33.95042741,150.7811331,35.59746016,Rossmore-NE-S
Rossmore-NE-S-to,1,28,20200814203,Rossmore-SE-SN,-33.92939812,150.7851889,2912.457714,Rossmore-NE-S
Rossmore-NE-S-to,1,28,20200814113,Rossmore-NE-1a,-33.91909437,150.7813125,4518.596901,Rossmore-NE-S
Rossmore-NE-S-to,1,28,20200814115,Rossmore-NE-2a,-33.91605794,150.7793124,5050.134496,Rossmore-NE-S
Rossmore-NE-S-to,1,28,20200814117,Rossmore-NE-3a,-33.91204781,150.7800207,5499.790049,Rossmore-NE-S
Rossmore-NE-S-to,1,28,20200814119,Rossmore-NE-4a,-33.91119472,150.7842645,6021.051786,Rossmore-NE-S
Rossmore-NE-S-from,1,28,20200814121,Rossmore-NE-5a,-33.91295652,150.7872281,6670.164061906438,Rossmore-NE-S
Rossmore-NE-S-from,1,28,20200814123,Rossmore-NE-6a,-33.91473312,150.7918673,7557.718113406438,Rossmore-NE-S
Rossmore-NE-S-from,1,28,20200814125,Rossmore-NE-7a,-33.91880232,150.7903745,8093.436796406439,Rossmore-NE-S
Rossmore-NE-S-from,1,28,20200814127,Rossmore-NE-8a,-33.92226298,150.78567759999999,8916.407343406438,Rossmore-NE-S
Rossmore-NE-S-from,1,28,20200814204,Rossmore-SE-NS,-33.92933263,150.78526630000002,9773.033037406438,Rossmore-NE-S
Rossmore-NE-S-from,1,28,20200814355,RossmoreStation_a,-33.95048465,150.78107580000002,12647.413826406439,Rossmore-NE-S
Rossmore-NE-W-to,1,25,20200814257,AerotropolisStation_a,-33.92049719,150.73677450000002,22.03211339,Rossmore-NE-W
Rossmore-NE-W-to,1,25,20200814256,15thAv_Bringelly_b,-33.91018533,150.7459844,1939.676921,Rossmore-NE-W
Rossmore-NE-W-to,1,25,20200814193,Rossmore-NW-WE,-33.91237445,150.77140769999997,4390.042538000001,Rossmore-NE-W
Rossmore-NE-W-to,1,25,20200814117,Rossmore-NE-3a,-33.91204781,150.7800207,5327.004824000001,Rossmore-NE-W
Rossmore-NE-W-to,1,25,20200814119,Rossmore-NE-4a,-33.91119472,150.7842645,5848.26656,Rossmore-NE-W
Rossmore-NE-W-to,1,25,20200814121,Rossmore-NE-5a,-33.91295652,150.7872281,6671.005959,Rossmore-NE-W
Rossmore-NE-W-to,1,25,20200814123,Rossmore-NE-6a,-33.91473312,150.7918673,7558.560009999999,Rossmore-NE-W
Rossmore-NE-W-from,1,24,20200814125,Rossmore-NE-7a,-33.91880232,150.7903745,8734.814857798148,Rossmore-NE-W
Rossmore-NE-W-from,1,24,20200814127,Rossmore-NE-8a,-33.92226298,150.78567759999999,9557.785405198149,Rossmore-NE-W
Rossmore-NE-W-from,1,24,20200814113,Rossmore-NE-1a,-33.91909437,150.7813125,10610.547498198148,Rossmore-NE-W
Rossmore-NE-W-from,1,24,20200814115,Rossmore-NE-2a,-33.91605794,150.7793124,11142.085092198147,Rossmore-NE-W
Rossmore-NE-W-from,1,24,20200814194,Rossmore-NW-EW,-33.91240923,150.77134980000002,12228.881558198149,Rossmore-NE-W
Rossmore-NE-W-from,1,24,20200814255,15thAv_Bringelly_a,-33.91019163,150.745996,14675.008529198149,Rossmore-NE-W
Rossmore-NE-W-from,1,24,20200814258,AerotropolisStation_b,-33.92042120000001,150.73688090000002,16582.21788019815,Rossmore-NE-W
Rossmore-NW-E-to,1,280,20200814241,15thAv_LiverpoolStation_a,-33.92295892,150.9266524,20.87140608,Rossmore-NW-E
Rossmore-NW-E-to,1,280,20200814244,15thAv-BrickmakersTway_b,-33.9280105,150.9102682,1927.665536,Rossmore-NW-E
Rossmore-NW-E-to,1,280,20200814246,15thAv_MaxwellsTway_b,-33.92658085,150.8983681,3042.120458,Rossmore-NW-E
Rossmore-NW-E-to,1,280,20200814248,15thAv_AshTway_b,-33.92784671,150.8820715,4562.523131,Rossmore-NW-E
Rossmore-NW-E-to,1,280,20200814250,15thAv_MillerTway_b,-33.92730335,150.8713841,5559.34222,Rossmore-NW-E
Rossmore-NW-E-to,1,280,20200814251,15thAv_HoxtonPark_a,-33.92667545,150.8581175,6808.2194930000005,Rossmore-NW-E
Rossmore-NW-E-to,1,280,20200814253,15thAv_MiddletonGrange_a,-33.92224766,150.8396293,8696.11355,Rossmore-NW-E
Rossmore-NW-E-to,1,280,20200814217,Austral-NE-EW,-33.91878525,150.81478380000001,11025.70913,Rossmore-NW-E
Rossmore-NW-E-to,1,280,20200814222,Austral-NW-EW,-33.91796598,150.80892619999997,11575.02606,Rossmore-NW-E
Rossmore-NW-E-to,1,280,20200814205,Rossmore-NE-EW,-33.91408072,150.7853648,13903.441669999998,Rossmore-NW-E
Rossmore-NW-E-to,1,280,20200814109,Rossmore-NW-7a,-33.91568874,150.7761315,15022.6933,Rossmore-NW-E
Rossmore-NW-E-to,1,280,20200814111,Rossmore-NW-8a,-33.91674954,150.7734764,15399.31225,Rossmore-NW-E
Rossmore-NW-E-to,1,280,2020081497,Rossmore-NW-1a,-33.91598876,150.7670864,15996.2906,Rossmore-NW-E
Rossmore-NW-E-to,1,280,2020081499,Rossmore-NW-2a,-33.91297343,150.76510969999998,16526.62695,Rossmore-NW-E
Rossmore-NW-E-from,1,281,20200814101,Rossmore-NW-3a,-33.91058496,150.7679815,19752.97115524461,Rossmore-NW-E
Rossmore-NW-E-from,1,281,20200814103,Rossmore-NW-4a,-33.90818997,150.7709356,20280.385612644608,Rossmore-NW-E
Rossmore-NW-E-from,1,281,20200814105,Rossmore-NW-5a,-33.9087026,150.77490319999998,20651.731181044608,Rossmore-NW-E
Rossmore-NW-E-from,1,281,20200814107,Rossmore-NW-6a,-33.91165948,150.7768504,21171.81753004461,Rossmore-NW-E
Rossmore-NW-E-from,1,281,20200814206,Rossmore-NE-WE,-33.91407917,150.78536680000002,22145.131465044607,Rossmore-NW-E
Rossmore-NW-E-from,1,281,20200814221,Austral-NW-WE,-33.91795364,150.8089158,24470.44009004461,Rossmore-NW-E
Rossmore-NW-E-from,1,281,20200814218,Austral-NE-WE,-33.91876096,150.8147676,25018.97938904461,Rossmore-NW-E
Rossmore-NW-E-from,1,281,20200814254,15thAv_MiddletonGrange_b,-33.92220673,150.8396429,27351.007606044608,Rossmore-NW-E
Rossmore-NW-E-from,1,281,20200814252,15thAv_HoxtonPark_b,-33.92637451,150.8607375,29472.658287044607,Rossmore-NW-E
Rossmore-NW-E-from,1,281,20200814249,15thAv_MillerTway_a,-33.926964700000006,150.87097450000002,30436.28697704461,Rossmore-NW-E
Rossmore-NW-E-from,1,281,20200814247,15thAv_AshTway_a,-33.92753548,150.88323359999998,31581.96914704461,Rossmore-NW-E
Rossmore-NW-E-from,1,281,20200814245,15thAv_MaxwellsTway_a,-33.92633517,150.8992313,33073.22482704461,Rossmore-NW-E
Rossmore-NW-E-from,1,281,20200814243,15thAv_BrickmakersTway_a,-33.92784302,150.91032019999997,34112.49960704461,Rossmore-NW-E
Rossmore-NW-E-from,1,281,20200814242,15thAv_LiverpoolStation_b,-33.923103000000005,150.9268322,35963.66222704461,Rossmore-NW-E
Rossmore-NW-N-to,1,144,20200814320,CTway_StMarysStation_b,-33.76281198,150.77631259999998,16.10340644,Rossmore-NW-N
Rossmore-NW-N-to,1,144,20200814322,CTway_StMarysLibrary_b,-33.7688064,150.7737289,861.8715562000001,Rossmore-NW-N
Rossmore-NW-N-to,1,144,20200814324,CTway_WilsonOval_b,-33.77759325,150.77221310000002,1846.7594350000002,Rossmore-NW-N
Rossmore-NW-N-to,1,144,20200814318,CTway_BanksDrive_b,-33.78818257,150.7704191,3034.007102,Rossmore-NW-N
Rossmore-NW-N-to,1,144,20200814316,CTway_LuddenhamRoad_b,-33.80336132,150.76933449999999,4755.114713,Rossmore-NW-N
Rossmore-NW-N-to,1,144,20200814314,CTWay_ErskineParkRoad_b,-33.81796432,150.7760715,6536.508326,Rossmore-NW-N
Rossmore-NW-N-to,1,144,20200814312,CTway_TrainingAcademy_b,-33.82715651,150.778926,7611.226883,Rossmore-NW-N
Rossmore-NW-N-to,1,144,20200814308,CTWay_MamreRoad_b,-33.8423063,150.78121090000002,9334.168521,Rossmore-NW-N
Rossmore-NW-N-to,1,144,20200814310,CTway_M12_b,-33.86101571,150.7774726,11557.21495,Rossmore-NW-N
Rossmore-NW-N-to,1,144,20200814306,CTway_MetroWestStation_b,-33.86925411,150.7752608,12520.53391,Rossmore-NW-N
Rossmore-NW-N-to,1,144,20200814326,CTway_ElizabethDrive_b,-33.87772959,150.7816084,14123.275269999998,Rossmore-NW-N
Rossmore-NW-N-to,1,144,20200814240,KempsCreek-NW-NS,-33.88966333,150.7793922,15463.744830000001,Rossmore-NW-N
Rossmore-NW-N-to,1,144,20200814228,KempsCreek-SW-NS,-33.90088571,150.7771612,16725.7187,Rossmore-NW-N
Rossmore-NW-N-to,1,144,20200814105,Rossmore-NW-5a,-33.9087026,150.77490319999998,18143.01598,Rossmore-NW-N
Rossmore-NW-N-from,1,148,2020081497,Rossmore-NW-1a,-33.91598876,150.7670864,18636.476581658484,Rossmore-NW-N
Rossmore-NW-N-to,1,144,20200814107,Rossmore-NW-6a,-33.91165948,150.7768504,18663.10233,Rossmore-NW-N
Rossmore-NW-N-to,1,144,20200814109,Rossmore-NW-7a,-33.91568874,150.7761315,19114.99941,Rossmore-NW-N
Rossmore-NW-N-from,1,148,2020081499,Rossmore-NW-2a,-33.91297343,150.76510969999998,19166.812925558483,Rossmore-NW-N
Rossmore-NW-N-to,1,144,20200814111,Rossmore-NW-8a,-33.91674954,150.7734764,19491.61836,Rossmore-NW-N
Rossmore-NW-N-from,1,148,20200814101,Rossmore-NW-3a,-33.91058496,150.7679815,19692.135838758484,Rossmore-NW-N
Rossmore-NW-N-from,1,148,20200814103,Rossmore-NW-4a,-33.90818997,150.7709356,20219.550296758483,Rossmore-NW-N
Rossmore-NW-N-from,1,148,20200814227,KempsCreek-SW-SN,-33.9008908,150.777151,21553.44738575848,Rossmore-NW-N
Rossmore-NW-N-from,1,148,20200814239,KempsCreek-NW-SN,-33.88965814,150.7793809,22816.525622758483,Rossmore-NW-N
Rossmore-NW-N-from,1,148,20200814325,CTway_ElizabethDrive_a,-33.87773846,150.781578,24154.603383758484,Rossmore-NW-N
Rossmore-NW-N-from,1,148,20200814305,CTway_MetroWestStation_a,-33.86933661,150.77509780000003,25748.089730758482,Rossmore-NW-N
Rossmore-NW-N-from,1,148,20200814309,CTway_M12_a,-33.86111499,150.77733369999999,26709.88591475848,Rossmore-NW-N
Rossmore-NW-N-from,1,148,20200814307,CTway_MamreRoad_a,-33.84246193,150.78103969999998,28928.41039575848,Rossmore-NW-N
Rossmore-NW-N-from,1,148,20200814311,CTway_TrainingAcademy_a,-33.82728766,150.77897040000002,30653.741125758483,Rossmore-NW-N
Rossmore-NW-N-from,1,148,20200814313,CTway_ErskineParkRoad_a,-33.81728013,150.7758564,31822.48024575848,Rossmore-NW-N
Rossmore-NW-N-from,1,148,20200814315,CTway_LuddenhamRoad_a,-33.803628700000004,150.76943400000002,33497.194775758486,Rossmore-NW-N
Rossmore-NW-N-from,1,148,20200814317,CTway_BanksDrive_a,-33.78832729,150.7703189,35231.41471575848,Rossmore-NW-N
Rossmore-NW-N-from,1,148,20200814323,CTway_WilsonOval_a,-33.77764061,150.7721842,36431.26540575849,Rossmore-NW-N
Rossmore-NW-N-from,1,148,20200814321,CTway_StMarysLibrary_a,-33.76887121,150.7736533,37413.62488575849,Rossmore-NW-N
Rossmore-NW-N-from,1,148,20200814319,CTway_StMarysStation_a,-33.7625796,150.77630209999998,38270.17890575848,Rossmore-NW-N
Rossmore-NW-S-to,1,17,20200814354,SouthCreekStation_b,-33.94749102,150.7570353,34.03069563,Rossmore-NW-S
Rossmore-NW-S-to,1,17,20200814199,Rossmore-SW-SN,-33.92605531,150.7693821,3348.4884899999997,Rossmore-NW-S
Rossmore-NW-S-to,1,17,2020081497,Rossmore-NW-1a,-33.91598876,150.7670864,4797.7104469999995,Rossmore-NW-S
Rossmore-NW-S-to,1,17,2020081499,Rossmore-NW-2a,-33.91297343,150.76510969999998,5328.046791,Rossmore-NW-S
Rossmore-NW-S-to,1,17,20200814101,Rossmore-NW-3a,-33.91058496,150.7679815,5853.369705,Rossmore-NW-S
Rossmore-NW-S-to,1,17,20200814103,Rossmore-NW-4a,-33.90818997,150.7709356,6380.784162,Rossmore-NW-S
Rossmore-NW-S-from,1,13,20200814105,Rossmore-NW-5a,-33.9087026,150.77490319999998,6622.263361018095,Rossmore-NW-S
Rossmore-NW-S-from,1,13,20200814107,Rossmore-NW-6a,-33.91165948,150.7768504,7142.349709918094,Rossmore-NW-S
Rossmore-NW-S-from,1,13,20200814109,Rossmore-NW-7a,-33.91568874,150.7761315,7594.246791018095,Rossmore-NW-S
Rossmore-NW-S-from,1,13,20200814111,Rossmore-NW-8a,-33.91674954,150.7734764,7970.865741018095,Rossmore-NW-S
Rossmore-NW-S-from,1,13,20200814200,Rossmore-SW-NS,-33.9260098,150.76943590000002,9266.163344018094,Rossmore-NW-S
Rossmore-NW-S-from,1,13,20200814353,SouthCreekStation_a,-33.94758831,150.7569468,12592.873475018096,Rossmore-NW-S
Rossmore-NW-W-to,1,15,20200814257,AerotropolisStation_a,-33.92049719,150.73677450000002,22.03211339,Rossmore-NW-W
Rossmore-NW-W-to,1,15,20200814256,15thAv_Bringelly_b,-33.91018533,150.7459844,1939.676921,Rossmore-NW-W
Rossmore-NW-W-to,1,15,20200814101,Rossmore-NW-3a,-33.91058496,150.7679815,4202.851235,Rossmore-NW-W
Rossmore-NW-W-to,1,15,20200814103,Rossmore-NW-4a,-33.90818997,150.7709356,4730.265692,Rossmore-NW-W
Rossmore-NW-W-to,1,15,20200814105,Rossmore-NW-5a,-33.9087026,150.77490319999998,5101.611261,Rossmore-NW-W
Rossmore-NW-W-to,1,15,20200814107,Rossmore-NW-6a,-33.91165948,150.7768504,5621.69761,Rossmore-NW-W
Rossmore-NW-W-from,1,13,20200814109,Rossmore-NW-7a,-33.91568874,150.7761315,6490.4834844356865,Rossmore-NW-W
Rossmore-NW-W-from,1,13,20200814111,Rossmore-NW-8a,-33.91674954,150.7734764,6867.1024344356865,Rossmore-NW-W
Rossmore-NW-W-from,1,13,2020081497,Rossmore-NW-1a,-33.91598876,150.7670864,7464.080786935687,Rossmore-NW-W
Rossmore-NW-W-from,1,13,2020081499,Rossmore-NW-2a,-33.91297343,150.76510969999998,7994.417130935686,Rossmore-NW-W
Rossmore-NW-W-from,1,13,20200814255,15thAv_Bringelly_a,-33.91019163,150.745996,10026.917074935687,Rossmore-NW-W
Rossmore-NW-W-from,1,13,20200814258,AerotropolisStation_b,-33.92042120000001,150.73688090000002,11934.126425935687,Rossmore-NW-W
Rossmore-SE-E-to,1,418,20200814270,10thAv_CasulaStation_b,-33.95004272,150.9114066,15.59479527,Rossmore-SE-E
Rossmore-SE-E-to,1,418,20200814271,10thAv_CasulaMall_a,-33.94694684,150.9003094,1698.145036,Rossmore-SE-E
Rossmore-SE-E-to,1,418,20200814267,10thAv_Lurnea_a,-33.94553124,150.89126869999998,2559.692721,Rossmore-SE-E
Rossmore-SE-E-to,1,418,20200814273,10thAv_NexusIndustryPark_a,-33.94422559,150.88173419999998,3475.88879,Rossmore-SE-E
Rossmore-SE-E-to,1,418,20200814265,10thAv_Prestons_a,-33.9421996,150.8670715,4864.258947,Rossmore-SE-E
Rossmore-SE-E-to,1,418,20200814275,10thAv_PrestonsIndustrial_a,-33.94101184,150.85817350000002,5697.420146,Rossmore-SE-E
Rossmore-SE-E-to,1,418,20200814263,10thAv_CarnesHill_a,-33.93603132,150.8450449,7115.359953,Rossmore-SE-E
Rossmore-SE-E-to,1,418,20200814261,10thAv_WestHoxton_a,-33.93424806,150.83534440000003,8304.720645,Rossmore-SE-E
Rossmore-SE-E-to,1,418,20200814213,Austral-SE-EW,-33.93307771,150.811872,10851.95256,Rossmore-SE-E
Rossmore-SE-E-to,1,418,20200814209,Austral-SW-EW,-33.93916583,150.7972398,13271.13859,Rossmore-SE-E
Rossmore-SE-E-to,1,418,2020081477,Rossmore-SE-7a,-33.93058718,150.7858657,15522.061780000002,Rossmore-SE-E
Rossmore-SE-E-to,1,418,2020081479,Rossmore-SE-8a,-33.93436131,150.78347050000002,16122.28728,Rossmore-SE-E
Rossmore-SE-E-to,1,418,2020081465,Rossmore-SE-1a,-33.93493961,150.7769156,16862.944030000002,Rossmore-SE-E
Rossmore-SE-E-to,1,418,2020081467,Rossmore-SE-2a,-33.93071252,150.77674960000002,17401.12294,Rossmore-SE-E
Rossmore-SE-E-from,1,393,2020081469,Rossmore-SE-3a,-33.92552058,150.7776801,19848.189769011184,Rossmore-SE-E
Rossmore-SE-E-from,1,393,2020081471,Rossmore-SE-4a,-33.92458517,150.7819313,20378.907575711182,Rossmore-SE-E
Rossmore-SE-E-from,1,393,2020081473,Rossmore-SE-5a,-33.92392387,150.7877894,21055.494345211184,Rossmore-SE-E
Rossmore-SE-E-from,1,393,2020081475,Rossmore-SE-6a,-33.92646294,150.7859608,21635.563988211183,Rossmore-SE-E
Rossmore-SE-E-from,1,393,20200814210,Austral-SW-WE,-33.93912283,150.7971876,24121.761762211183,Rossmore-SE-E
Rossmore-SE-E-from,1,393,20200814214,Austral-SE-WE,-33.93304835,150.8118293,26542.042327211184,Rossmore-SE-E
Rossmore-SE-E-from,1,393,20200814262,10thAv_WestHoxton_b,-33.93422593,150.8353623,29095.97963121118,Rossmore-SE-E
Rossmore-SE-E-from,1,393,20200814264,10thAv_CarnesHill_b,-33.93596396,150.84553530000002,30270.624954211184,Rossmore-SE-E
Rossmore-SE-E-from,1,393,20200814276,10thAv_PrestonsIndustrial_b,-33.94098811,150.8582142,31650.91204421118,Rossmore-SE-E
Rossmore-SE-E-from,1,393,20200814266,10thAv_Prestons_b,-33.94224109,150.8676134,32530.92895421118,Rossmore-SE-E
Rossmore-SE-E-from,1,393,20200814274,10thAv_NexusIndustryPark_b,-33.94418223,150.8818029,33867.21622421118,Rossmore-SE-E
Rossmore-SE-E-from,1,393,20200814268,10thAv_Lurnea_b,-33.94551763,150.891427,34794.13338421118,Rossmore-SE-E
Rossmore-SE-E-from,1,393,20200814272,10thAv_CasulaMall_b,-33.94691283,150.9003706,35643.58533421118,Rossmore-SE-E
Rossmore-SE-E-from,1,393,20200814269,10thAv_CasulaStation_a,-33.9500156,150.91139219999997,37293.800014211185,Rossmore-SE-E
Rossmore-SE-N-to,1,213,20200814341,DTway_MtDruittStation_a,-33.76980501,150.81982580000002,24.50348066,Rossmore-SE-N
Rossmore-SE-N-to,1,213,20200814344,DTway_GreatWesternHighway_b,-33.77905808,150.8145774,1441.977082,Rossmore-SE-N
Rossmore-SE-N-to,1,213,20200814346,DTway_RoperRoad_b,-33.78670719,150.8061186,2722.144518,Rossmore-SE-N
Rossmore-SE-N-to,1,213,20200814350,DTway_SwallowDr_b,-33.79824605,150.8038282,4135.275429,Rossmore-SE-N
Rossmore-SE-N-to,1,213,20200814348,DTway_PeppertreeDr_b,-33.80240175,150.79715919999998,4906.444403,Rossmore-SE-N
Rossmore-SE-N-to,1,213,20200814340,DTway_StClairConnection_b,-33.80615709,150.79117549999998,5600.063706,Rossmore-SE-N
Rossmore-SE-N-to,1,213,20200814338,DTway_ErskineParkRoad_b,-33.81238575,150.7862122,6443.627342,Rossmore-SE-N
Rossmore-SE-N-to,1,213,20200814336,DTway_LenoreDrive_b,-33.81433842,150.7927536,7126.341751000001,Rossmore-SE-N
Rossmore-SE-N-to,1,213,20200814334,DTway_ServiceRoadConnection_b,-33.82340085,150.8044597,9459.037484999999,Rossmore-SE-N
Rossmore-SE-N-to,1,213,20200814352,DTway_KempsCreek_b,-33.83544046,150.8023357,10809.78728,Rossmore-SE-N
Rossmore-SE-N-to,1,213,20200814332,DTway_AldingtonRoad_b,-33.84991705,150.7974034,12689.50226,Rossmore-SE-N
Rossmore-SE-N-to,1,213,20200814330,DTway_MetroWestStation_b,-33.86712297,150.7944345,14617.87091,Rossmore-SE-N
Rossmore-SE-N-to,1,213,20200814328,DTway_ElizabethDrive_b,-33.88095915,150.79269219999998,16215.03173,Rossmore-SE-N
Rossmore-SE-N-to,1,213,20200814236,KempsCreek-NE-NS,-33.89169528,150.7906775,17420.55775,Rossmore-SE-N
Rossmore-SE-N-to,1,213,20200814232,KempsCreek-SE-NS,-33.90225552,150.788668,18606.7207,Rossmore-SE-N
Rossmore-SE-N-to,1,213,20200814208,Rossmore-NE-NS,-33.91468548,150.7861241,20006.50763,Rossmore-SE-N
Rossmore-SE-N-to,1,213,2020081473,Rossmore-SE-5a,-33.92392387,150.7877894,21307.84175,Rossmore-SE-N
Rossmore-SE-N-to,1,213,2020081475,Rossmore-SE-6a,-33.92646294,150.7859608,21887.91139,Rossmore-SE-N
Rossmore-SE-N-from,1,252,2020081479,Rossmore-SE-8a,-33.93436131,150.78347050000002,22326.448452551933,Rossmore-SE-N
Rossmore-SE-N-to,1,213,2020081477,Rossmore-SE-7a,-33.93058718,150.7858657,22590.06099,Rossmore-SE-N
Rossmore-SE-N-from,1,252,2020081465,Rossmore-SE-1a,-33.93493961,150.7769156,23067.105197731933,Rossmore-SE-N
Rossmore-SE-N-from,1,252,2020081467,Rossmore-SE-2a,-33.93071252,150.77674960000002,23605.284106731935,Rossmore-SE-N
Rossmore-SE-N-from,1,252,2020081469,Rossmore-SE-3a,-33.92552058,150.7776801,24187.635423731936,Rossmore-SE-N
Rossmore-SE-N-from,1,252,2020081471,Rossmore-SE-4a,-33.92458517,150.7819313,24718.353230731933,Rossmore-SE-N
Rossmore-SE-N-from,1,252,20200814207,Rossmore-NE-SN,-33.91467863,150.78611819999998,26092.179611731935,Rossmore-SE-N
Rossmore-SE-N-from,1,252,20200814231,KempsCreek-SE-SN,-33.90228122,150.78864480000001,27488.090434731934,Rossmore-SE-N
Rossmore-SE-N-from,1,252,20200814235,KempsCreek-NE-SN,-33.89162634,150.79064619999997,28684.490935731934,Rossmore-SE-N
Rossmore-SE-N-from,1,252,20200814327,DTway_ElizabethDrive_a,-33.88097491,150.7926725,29880.905964731934,Rossmore-SE-N
Rossmore-SE-N-from,1,252,20200814329,DTway_MetroWestStation_a,-33.86720207,150.7943115,31469.792282731934,Rossmore-SE-N
Rossmore-SE-N-from,1,252,20200814331,DTway_AldingtonRoad_a,-33.849988200000006,150.7973125,33399.45847273193,Rossmore-SE-N
Rossmore-SE-N-from,1,252,20200814351,DTway_KempsCreek_a,-33.83545772,150.8023205,35286.092852731934,Rossmore-SE-N
Rossmore-SE-N-from,1,252,20200814333,DTway_ServiceRoadConnection_a,-33.82345477,150.8043853,36630.66858273193,Rossmore-SE-N
Rossmore-SE-N-from,1,252,20200814335,DTway_LenoreDrive_a,-33.81451383,150.79276819999998,38951.64739273193,Rossmore-SE-N
Rossmore-SE-N-from,1,252,20200814337,DTway_ErskineParkRoad_a,-33.81240384,150.78615280000002,39650.00036273194,Rossmore-SE-N
Rossmore-SE-N-from,1,252,20200814339,DTway_StClairConnection_a,-33.80617987,150.79107869999999,40489.700642731936,Rossmore-SE-N
Rossmore-SE-N-from,1,252,20200814347,DTway_PeppertreeDr_a,-33.8024581,150.7969641,41173.52707273194,Rossmore-SE-N
Rossmore-SE-N-from,1,252,20200814349,DTway_SwallowDr_a,-33.79810206,150.8036842,41962.014192731935,Rossmore-SE-N
Rossmore-SE-N-from,1,252,20200814345,DTway_RoperRoad_a,-33.78667813,150.8060508,43369.38307273194,Rossmore-SE-N
Rossmore-SE-N-from,1,252,20200814343,DTway_GreatWesternHighway_a,-33.77898316,150.8144011,44672.21874273193,Rossmore-SE-N
Rossmore-SE-N-from,1,252,20200814342,DTway_MtDruittStation_b,-33.76979081,150.8198481,46116.43533273193,Rossmore-SE-N
Rossmore-SE-S-to,1,22,20200814356,RossmoreStation_b,-33.95042741,150.7811331,35.59746016,Rossmore-SE-S
Rossmore-SE-S-to,1,22,2020081479,Rossmore-SE-8a,-33.93436131,150.78347050000002,2427.4810260000004,Rossmore-SE-S
Rossmore-SE-S-to,1,22,2020081465,Rossmore-SE-1a,-33.93493961,150.7769156,3168.137771,Rossmore-SE-S
Rossmore-SE-S-to,1,22,2020081467,Rossmore-SE-2a,-33.93071252,150.77674960000002,3706.31668,Rossmore-SE-S
Rossmore-SE-S-to,1,22,2020081469,Rossmore-SE-3a,-33.92552058,150.7776801,4288.667997,Rossmore-SE-S
Rossmore-SE-S-to,1,22,2020081471,Rossmore-SE-4a,-33.92458517,150.7819313,4819.385804,Rossmore-SE-S
Rossmore-SE-S-from,1,22,2020081473,Rossmore-SE-5a,-33.92392387,150.7877894,5483.9194301882635,Rossmore-SE-S
Rossmore-SE-S-from,1,22,2020081475,Rossmore-SE-6a,-33.92646294,150.7859608,6063.989072788264,Rossmore-SE-S
Rossmore-SE-S-from,1,22,2020081477,Rossmore-SE-7a,-33.93058718,150.7858657,6766.138679088263,Rossmore-SE-S
Rossmore-SE-S-from,1,22,20200814355,RossmoreStation_a,-33.95048465,150.78107580000002,9585.724461088263,Rossmore-SE-S
Rossmore-SE-W-to,1,23,20200814260,10thAv_AerotropolisSouth_b,-33.93448283,150.74096519999998,47.945026399999996,Rossmore-SE-W
Rossmore-SE-W-to,1,23,20200814198,Rossmore-SW-WE,-33.92576573,150.7691628,3804.0891490000004,Rossmore-SE-W
Rossmore-SE-W-to,1,23,2020081469,Rossmore-SE-3a,-33.92552058,150.7776801,4723.1853439999995,Rossmore-SE-W
Rossmore-SE-W-to,1,23,2020081471,Rossmore-SE-4a,-33.92458517,150.7819313,5253.90315,Rossmore-SE-W
Rossmore-SE-W-to,1,23,2020081473,Rossmore-SE-5a,-33.92392387,150.7877894,5930.48992,Rossmore-SE-W
Rossmore-SE-W-to,1,23,2020081475,Rossmore-SE-6a,-33.92646294,150.7859608,6510.559563000001,Rossmore-SE-W
Rossmore-SE-W-from,1,19,2020081477,Rossmore-SE-7a,-33.93058718,150.7858657,7829.9890378610535,Rossmore-SE-W
Rossmore-SE-W-from,1,19,2020081479,Rossmore-SE-8a,-33.93436131,150.78347050000002,8430.214537561053,Rossmore-SE-W
Rossmore-SE-W-from,1,19,2020081465,Rossmore-SE-1a,-33.93493961,150.7769156,9170.871282661054,Rossmore-SE-W
Rossmore-SE-W-from,1,19,2020081467,Rossmore-SE-2a,-33.93071252,150.77674960000002,9709.050191661052,Rossmore-SE-W
Rossmore-SE-W-from,1,19,20200814197,Rossmore-SW-EW,-33.92580296,150.7690967,10931.759735661053,Rossmore-SE-W
Rossmore-SE-W-from,1,19,20200814259,10thAv_AerotropolisSouth_a,-33.93459147,150.7408746,14688.734358661053,Rossmore-SE-W
Rossmore-SW-E-to,1,421,20200814270,10thAv_CasulaStation_b,-33.95004272,150.9114066,15.59479527,Rossmore-SW-E
Rossmore-SW-E-to,1,421,20200814271,10thAv_CasulaMall_a,-33.94694684,150.9003094,1698.145036,Rossmore-SW-E
Rossmore-SW-E-to,1,421,20200814267,10thAv_Lurnea_a,-33.94553124,150.89126869999998,2559.692721,Rossmore-SW-E
Rossmore-SW-E-to,1,421,20200814273,10thAv_NexusIndustryPark_a,-33.94422559,150.88173419999998,3475.88879,Rossmore-SW-E
Rossmore-SW-E-to,1,421,20200814265,10thAv_Prestons_a,-33.9421996,150.8670715,4864.258947,Rossmore-SW-E
Rossmore-SW-E-to,1,421,20200814275,10thAv_PrestonsIndustrial_a,-33.94101184,150.85817350000002,5697.420146,Rossmore-SW-E
Rossmore-SW-E-to,1,421,20200814263,10thAv_CarnesHill_a,-33.93603132,150.8450449,7115.359953,Rossmore-SW-E
Rossmore-SW-E-to,1,421,20200814261,10thAv_WestHoxton_a,-33.93424806,150.83534440000003,8304.720645,Rossmore-SW-E
Rossmore-SW-E-to,1,421,20200814213,Austral-SE-EW,-33.93307771,150.811872,10851.95259,Rossmore-SW-E
Rossmore-SW-E-to,1,421,20200814209,Austral-SW-EW,-33.93916583,150.7972398,13271.13862,Rossmore-SW-E
Rossmore-SW-E-to,1,421,20200814201,Rossmore-SE-EW,-33.92908856,150.7849627,15469.626080000002,Rossmore-SW-E
Rossmore-SW-E-to,1,421,2020081493,Rossmore-SW-7a,-33.92915312,150.7746239,16864.9061,Rossmore-SW-E
Rossmore-SW-E-to,1,421,2020081495,Rossmore-SW-8a,-33.9301329,150.7711654,17316.92891,Rossmore-SW-E
Rossmore-SW-E-to,1,421,2020081481,Rossmore-SW-1a,-33.92955002,150.7663028,17771.214330000003,Rossmore-SW-E
Rossmore-SW-E-to,1,421,2020081483,Rossmore-SW-2a,-33.92658464,150.7643904,18291.73105,Rossmore-SW-E
Rossmore-SW-E-from,1,391,2020081485,Rossmore-SW-3a,-33.92257124,150.7650839,20911.96799790461,Rossmore-SW-E
Rossmore-SW-E-from,1,391,2020081487,Rossmore-SW-4a,-33.9215102,150.76774740000002,21288.848360604607,Rossmore-SW-E
Rossmore-SW-E-from,1,391,2020081489,Rossmore-SW-5a,-33.92208857,150.7725737,21739.78262310461,Rossmore-SW-E
Rossmore-SW-E-from,1,391,2020081491,Rossmore-SW-6a,-33.92511592,150.7753274,22332.755461104607,Rossmore-SW-E
Rossmore-SW-E-from,1,391,20200814202,Rossmore-SE-WE,-33.92903499,150.78489130000003,23578.937730104608,Rossmore-SW-E
Rossmore-SW-E-from,1,391,20200814210,Austral-SW-WE,-33.93912283,150.7971876,25779.144552104608,Rossmore-SW-E
Rossmore-SW-E-from,1,391,20200814214,Austral-SE-WE,-33.93304835,150.8118293,28199.426831104607,Rossmore-SW-E
Rossmore-SW-E-from,1,391,20200814262,10thAv_WestHoxton_b,-33.93422593,150.8353623,30753.364106104607,Rossmore-SW-E
Rossmore-SW-E-from,1,391,20200814264,10thAv_CarnesHill_b,-33.93596396,150.84553530000002,31928.00942610461,Rossmore-SW-E
Rossmore-SW-E-from,1,391,20200814276,10thAv_PrestonsIndustrial_b,-33.94098811,150.8582142,33308.29651610461,Rossmore-SW-E
Rossmore-SW-E-from,1,391,20200814266,10thAv_Prestons_b,-33.94224109,150.8676134,34188.31342610461,Rossmore-SW-E
Rossmore-SW-E-from,1,391,20200814274,10thAv_NexusIndustryPark_b,-33.94418223,150.8818029,35524.600706104604,Rossmore-SW-E
Rossmore-SW-E-from,1,391,20200814268,10thAv_Lurnea_b,-33.94551763,150.891427,36451.517856104605,Rossmore-SW-E
Rossmore-SW-E-from,1,391,20200814272,10thAv_CasulaMall_b,-33.94691283,150.9003706,37300.96980610461,Rossmore-SW-E
Rossmore-SW-E-from,1,391,20200814269,10thAv_CasulaStation_a,-33.9500156,150.91139219999997,38951.18448610461,Rossmore-SW-E
Rossmore-SW-N-to,1,144,20200814320,CTway_StMarysStation_b,-33.76281198,150.77631259999998,16.10340644,Rossmore-SW-N
Rossmore-SW-N-to,1,144,20200814322,CTway_StMarysLibrary_b,-33.7688064,150.7737289,861.8715562000001,Rossmore-SW-N
Rossmore-SW-N-to,1,144,20200814324,CTway_WilsonOval_b,-33.77759325,150.77221310000002,1846.7594350000002,Rossmore-SW-N
Rossmore-SW-N-to,1,144,20200814318,CTway_BanksDrive_b,-33.78818257,150.7704191,3034.007102,Rossmore-SW-N
Rossmore-SW-N-to,1,144,20200814316,CTway_LuddenhamRoad_b,-33.80336132,150.76933449999999,4755.114713,Rossmore-SW-N
Rossmore-SW-N-to,1,144,20200814314,CTWay_ErskineParkRoad_b,-33.81796432,150.7760715,6536.508326,Rossmore-SW-N
Rossmore-SW-N-to,1,144,20200814312,CTway_TrainingAcademy_b,-33.82715651,150.778926,7611.226883,Rossmore-SW-N
Rossmore-SW-N-to,1,144,20200814308,CTWay_MamreRoad_b,-33.8423063,150.78121090000002,9334.168521,Rossmore-SW-N
Rossmore-SW-N-to,1,144,20200814310,CTway_M12_b,-33.86101571,150.7774726,11557.21495,Rossmore-SW-N
Rossmore-SW-N-to,1,144,20200814306,CTway_MetroWestStation_b,-33.86925411,150.7752608,12520.53391,Rossmore-SW-N
Rossmore-SW-N-to,1,144,20200814326,CTway_ElizabethDrive_b,-33.87772959,150.7816084,14123.275269999998,Rossmore-SW-N
Rossmore-SW-N-to,1,144,20200814240,KempsCreek-NW-NS,-33.88966333,150.7793922,15463.744830000001,Rossmore-SW-N
Rossmore-SW-N-to,1,144,20200814228,KempsCreek-SW-NS,-33.90088571,150.7771612,16725.71869,Rossmore-SW-N
Rossmore-SW-N-to,1,144,20200814196,Rossmore-NW-NS,-33.9126334,150.77175559999998,18387.57111,Rossmore-SW-N
Rossmore-SW-N-to,1,144,2020081489,Rossmore-SW-5a,-33.92208857,150.7725737,19642.675069999998,Rossmore-SW-N
Rossmore-SW-N-from,1,146,2020081481,Rossmore-SW-1a,-33.92955002,150.7663028,19996.070560855733,Rossmore-SW-N
Rossmore-SW-N-to,1,144,2020081491,Rossmore-SW-6a,-33.92511592,150.7753274,20235.6479,Rossmore-SW-N
Rossmore-SW-N-from,1,146,2020081483,Rossmore-SW-2a,-33.92658464,150.7643904,20516.587278255734,Rossmore-SW-N
Rossmore-SW-N-to,1,144,2020081493,Rossmore-SW-7a,-33.92915312,150.7746239,20688.21347,Rossmore-SW-N
Rossmore-SW-N-from,1,146,2020081485,Rossmore-SW-3a,-33.92257124,150.7650839,20966.409294455734,Rossmore-SW-N
Rossmore-SW-N-to,1,144,2020081495,Rossmore-SW-8a,-33.9301329,150.7711654,21140.23628,Rossmore-SW-N
Rossmore-SW-N-from,1,146,2020081487,Rossmore-SW-4a,-33.9215102,150.76774740000002,21343.289657455734,Rossmore-SW-N
Rossmore-SW-N-from,1,146,20200814195,Rossmore-NW-SN,-33.91266432,150.7717131,22591.998954455732,Rossmore-SW-N
Rossmore-SW-N-from,1,146,20200814227,KempsCreek-SW-SN,-33.9008908,150.777151,24257.108163455734,Rossmore-SW-N
Rossmore-SW-N-from,1,146,20200814239,KempsCreek-NW-SN,-33.88965814,150.7793809,25520.170015455733,Rossmore-SW-N
Rossmore-SW-N-from,1,146,20200814325,CTway_ElizabethDrive_a,-33.87773846,150.781578,26858.247776455733,Rossmore-SW-N
Rossmore-SW-N-from,1,146,20200814305,CTway_MetroWestStation_a,-33.86933661,150.77509780000003,28451.734123455735,Rossmore-SW-N
Rossmore-SW-N-from,1,146,20200814309,CTway_M12_a,-33.86111499,150.77733369999999,29413.530307455734,Rossmore-SW-N
Rossmore-SW-N-from,1,146,20200814307,CTway_MamreRoad_a,-33.84246193,150.78103969999998,31632.054789455735,Rossmore-SW-N
Rossmore-SW-N-from,1,146,20200814311,CTway_TrainingAcademy_a,-33.82728766,150.77897040000002,33357.38551945573,Rossmore-SW-N
Rossmore-SW-N-from,1,146,20200814313,CTway_ErskineParkRoad_a,-33.81728013,150.7758564,34526.12463945574,Rossmore-SW-N
Rossmore-SW-N-from,1,146,20200814315,CTway_LuddenhamRoad_a,-33.803628700000004,150.76943400000002,36200.839169455736,Rossmore-SW-N
Rossmore-SW-N-from,1,146,20200814317,CTway_BanksDrive_a,-33.78832729,150.7703189,37935.059099455735,Rossmore-SW-N
Rossmore-SW-N-from,1,146,20200814323,CTway_WilsonOval_a,-33.77764061,150.7721842,39134.90979945574,Rossmore-SW-N
Rossmore-SW-N-from,1,146,20200814321,CTway_StMarysLibrary_a,-33.76887121,150.7736533,40117.26927945574,Rossmore-SW-N
Rossmore-SW-N-from,1,146,20200814319,CTway_StMarysStation_a,-33.7625796,150.77630209999998,40973.82329945573,Rossmore-SW-N
Rossmore-SW-S-to,1,12,20200814354,SouthCreekStation_b,-33.94749102,150.7570353,34.03069563,Rossmore-SW-S
Rossmore-SW-S-to,1,12,2020081481,Rossmore-SW-1a,-33.92955002,150.7663028,3153.645539,Rossmore-SW-S
Rossmore-SW-S-to,1,12,2020081483,Rossmore-SW-2a,-33.92658464,150.7643904,3674.162257,Rossmore-SW-S
Rossmore-SW-S-to,1,12,2020081485,Rossmore-SW-3a,-33.92257124,150.7650839,4123.984273,Rossmore-SW-S
Rossmore-SW-S-to,1,12,2020081487,Rossmore-SW-4a,-33.9215102,150.76774740000002,4500.864636,Rossmore-SW-S
Rossmore-SW-S-from,1,12,2020081489,Rossmore-SW-5a,-33.92208857,150.7725737,4939.136005138416,Rossmore-SW-S
Rossmore-SW-S-from,1,12,2020081491,Rossmore-SW-6a,-33.92511592,150.7753274,5532.108843138416,Rossmore-SW-S
Rossmore-SW-S-from,1,12,2020081493,Rossmore-SW-7a,-33.92915312,150.7746239,5984.674404838415,Rossmore-SW-S
Rossmore-SW-S-from,1,12,2020081495,Rossmore-SW-8a,-33.9301329,150.7711654,6436.697220838416,Rossmore-SW-S
Rossmore-SW-S-from,1,12,20200814353,SouthCreekStation_a,-33.94758831,150.7569468,9560.076939838415,Rossmore-SW-S
Rossmore-SW-W-to,1,16,20200814260,10thAv_AerotropolisSouth_b,-33.93448283,150.74096519999998,47.945026399999996,Rossmore-SW-W
Rossmore-SW-W-to,1,16,2020081485,Rossmore-SW-3a,-33.92257124,150.7650839,3679.954306,Rossmore-SW-W
Rossmore-SW-W-to,1,16,2020081487,Rossmore-SW-4a,-33.9215102,150.76774740000002,4056.834669,Rossmore-SW-W
Rossmore-SW-W-to,1,16,2020081489,Rossmore-SW-5a,-33.92208857,150.7725737,4507.7689310000005,Rossmore-SW-W
Rossmore-SW-W-to,1,16,2020081491,Rossmore-SW-6a,-33.92511592,150.7753274,5100.741769,Rossmore-SW-W
Rossmore-SW-W-from,1,16,2020081493,Rossmore-SW-7a,-33.92915312,150.7746239,5878.7236483713605,Rossmore-SW-W
Rossmore-SW-W-from,1,16,2020081495,Rossmore-SW-8a,-33.9301329,150.7711654,6330.746463671361,Rossmore-SW-W
Rossmore-SW-W-from,1,16,2020081481,Rossmore-SW-1a,-33.92955002,150.7663028,6785.0318811713605,Rossmore-SW-W
Rossmore-SW-W-from,1,16,2020081483,Rossmore-SW-2a,-33.92658464,150.7643904,7305.548598171361,Rossmore-SW-W
Rossmore-SW-W-from,1,16,20200814259,10thAv_AerotropolisSouth_a,-33.93459147,150.7408746,10795.93449217136,Rossmore-SW-W
