shape_id,begin,end,stop_id,stop_name,stop_lat,stop_lon,distAlongR,parent_route
10th-ASTH-CSLA,1,427,20200814260,10thAv_AerotropolisSouth_b,-33.9344828308,150.7409651684,47.945026401199996,10th-ASTH-CSLA
10th-ASTH-CSLA,1,427,20200814198,Rossmore-SW-WE,-33.925765732100004,150.7691628403,3804.0891868237,10th-ASTH-CSLA
10th-ASTH-CSLA,1,427,20200814202,Rossmore-SE-WE,-33.9290349884,150.78489125229999,5446.9240746554,10th-ASTH-CSLA
10th-ASTH-CSLA,1,427,20200814210,Austral-SW-WE,-33.9391228264,150.7971875523,7647.1308293814,10th-ASTH-CSLA
10th-ASTH-CSLA,1,427,20200814214,Austral-SE-WE,-33.9330483468,150.8118292817,10067.4074543423,10th-ASTH-CSLA
10th-ASTH-CSLA,1,427,20200814262,10thAv_WestHoxton_b,-33.9342259287,150.83536232169996,12843.4761846651,10th-ASTH-CSLA
10th-ASTH-CSLA,1,427,20200814264,10thAv_CarnesHill_b,-33.9359639627,150.8455352592,14018.1272118318,10th-ASTH-CSLA
10th-ASTH-CSLA,1,427,20200814276,10thAv_PrestonsIndustrial_b,-33.9409881116,150.8582141752,15398.4143016728,10th-ASTH-CSLA
10th-ASTH-CSLA,1,427,20200814266,10thAv_Prestons_b,-33.9422410921,150.8676134086,16278.431212148602,10th-ASTH-CSLA
10th-ASTH-CSLA,1,427,20200814274,10thAv_NexusIndustryPark_b,-33.9441822285,150.881802886,17614.7185101066,10th-ASTH-CSLA
10th-ASTH-CSLA,1,427,20200814268,10thAv_Lurnea_b,-33.9455176307,150.89142699639999,18541.6356677631,10th-ASTH-CSLA
10th-ASTH-CSLA,1,427,20200814272,10thAv_CasulaMall_b,-33.946912830500004,150.9003706425,19391.0876192387,10th-ASTH-CSLA
10th-ASTH-CSLA,1,427,20200814269,10thAv_CasulaStation_a,-33.950015598200004,150.9113921744,21041.3181409833,10th-ASTH-CSLA
10th-CSLA-ASTH,1,452,20200814270,10thAv_CasulaStation_b,-33.9500427156,150.9114065805,15.594795266199998,10th-CSLA-ASTH
10th-CSLA-ASTH,1,452,20200814271,10thAv_CasulaMall_a,-33.9469468448,150.9003094168,1698.1439542439002,10th-CSLA-ASTH
10th-CSLA-ASTH,1,452,20200814267,10thAv_Lurnea_a,-33.9455312436,150.8912687464,2559.6916389713,10th-CSLA-ASTH
10th-CSLA-ASTH,1,452,20200814273,10thAv_NexusIndustryPark_a,-33.9442255875,150.8817342343,3475.8877079403997,10th-CSLA-ASTH
10th-CSLA-ASTH,1,452,20200814265,10thAv_Prestons_a,-33.9421996047,150.8670714794,4864.2578647734,10th-CSLA-ASTH
10th-CSLA-ASTH,1,452,20200814275,10thAv_PrestonsIndustrial_a,-33.9410118447,150.8581734898,5697.419064298,10th-CSLA-ASTH
10th-CSLA-ASTH,1,452,20200814263,10thAv_CarnesHill_a,-33.9360313244,150.845044866,7115.375982459001,10th-CSLA-ASTH
10th-CSLA-ASTH,1,452,20200814261,10thAv_WestHoxton_a,-33.9342480631,150.8353444034,8304.7604245079,10th-CSLA-ASTH
10th-CSLA-ASTH,1,452,20200814213,Austral-SE-EW,-33.933077706999995,150.8118719874,10851.9844768676,10th-CSLA-ASTH
10th-CSLA-ASTH,1,452,20200814209,Austral-SW-EW,-33.9391658289,150.79723976969998,13271.164781128999,10th-CSLA-ASTH
10th-CSLA-ASTH,1,452,20200814201,Rossmore-SE-EW,-33.9290885648,150.7849626874,15469.6523004723,10th-CSLA-ASTH
10th-CSLA-ASTH,1,452,20200814197,Rossmore-SW-EW,-33.9258029635,150.76909665120002,17125.1685492841,10th-CSLA-ASTH
10th-CSLA-ASTH,1,452,20200814259,10thAv_AerotropolisSouth_a,-33.9345914675,150.74087463770002,20882.1432102119,10th-CSLA-ASTH
15th-AERO-LVPL,1,318,20200814257,AerotropolisStation_a,-33.9204971934,150.7367745059,22.032122614499997,15th-AERO-LVPL
15th-AERO-LVPL,1,318,20200814256,15thAv_Bringelly_b,-33.9101853275,150.7459844104,1939.6769220171,15th-AERO-LVPL
15th-AERO-LVPL,1,318,20200814193,Rossmore-NW-WE,-33.9128551262,150.7714064944,4406.2104967303,15th-AERO-LVPL
15th-AERO-LVPL,1,318,20200814206,Rossmore-NE-WE,-33.9148118476,150.78590426600002,5764.5518160096,15th-AERO-LVPL
15th-AERO-LVPL,1,318,20200814221,Austral-NW-WE,-33.9168907038,150.8012431864,7201.873260354,15th-AERO-LVPL
15th-AERO-LVPL,1,318,20200814218,Austral-NE-WE,-33.9187749343,150.81477849290002,8471.0062728578,15th-AERO-LVPL
15th-AERO-LVPL,1,318,20200814254,15thAv_MiddletonGrange_b,-33.922206732199996,150.83964293280002,10801.779576314399,15th-AERO-LVPL
15th-AERO-LVPL,1,318,20200814252,15thAv_HoxtonPark_b,-33.926374513,150.8607374752,12923.430252633701,15th-AERO-LVPL
15th-AERO-LVPL,1,318,20200814249,15thAv_MillerTway_a,-33.9269647039,150.87097446499996,13887.058949498101,15th-AERO-LVPL
15th-AERO-LVPL,1,318,20200814247,15thAv_AshTway_a,-33.9275354765,150.8832335975,15032.7411145843,15th-AERO-LVPL
15th-AERO-LVPL,1,318,20200814245,15thAv_MaxwellsTway_a,-33.9263351743,150.8992312574,16523.9967934823,15th-AERO-LVPL
15th-AERO-LVPL,1,318,20200814243,15thAv_BrickmakersTway_a,-33.9278430218,150.91032024700002,17563.2715798752,15th-AERO-LVPL
15th-AERO-LVPL,1,318,20200814242,15thAv_LiverpoolStation_b,-33.923102999,150.92683215989996,19414.434200723,15th-AERO-LVPL
15th-LVPL-AERO,1,339,20200814241,15thAv_LiverpoolStation_a,-33.9229589158,150.926652438,20.871406078299998,15th-LVPL-AERO
15th-LVPL-AERO,1,339,20200814244,15thAv-BrickmakersTway_b,-33.9280104982,150.9102681745,1927.6655359613,15th-LVPL-AERO
15th-LVPL-AERO,1,339,20200814246,15thAv_MaxwellsTway_b,-33.9265808476,150.898368081,3042.12045841,15th-LVPL-AERO
15th-LVPL-AERO,1,339,20200814248,15thAv_AshTway_b,-33.927846709899995,150.8820714551,4562.5231306009,15th-LVPL-AERO
15th-LVPL-AERO,1,339,20200814250,15thAv_MillerTway_b,-33.9273033547,150.8713840906,5559.3422203379005,15th-LVPL-AERO
15th-LVPL-AERO,1,339,20200814251,15thAv_HoxtonPark_a,-33.9266754507,150.8581175471,6808.219492958199,15th-LVPL-AERO
15th-LVPL-AERO,1,339,20200814253,15thAv_MiddletonGrange_a,-33.9222476604,150.8396292901,8696.1135498667,15th-LVPL-AERO
15th-LVPL-AERO,1,339,20200814217,Austral-NE-EW,-33.9187794474,150.81478074950002,11026.0886865815,15th-LVPL-AERO
15th-LVPL-AERO,1,339,20200814222,Austral-NW-EW,-33.9169063557,150.80124081489996,12295.4974891335,15th-LVPL-AERO
15th-LVPL-AERO,1,339,20200814205,Rossmore-NE-EW,-33.9148143064,150.78590399520002,13732.8096892956,15th-LVPL-AERO
15th-LVPL-AERO,1,339,20200814194,Rossmore-NW-EW,-33.9128621998,150.7714053563,15091.14843829,15th-LVPL-AERO
15th-LVPL-AERO,1,339,20200814255,15thAv_Bringelly_a,-33.9101916325,150.7459960408,17558.2181804158,15th-LVPL-AERO
15th-LVPL-AERO,1,339,20200814258,AerotropolisStation_b,-33.9204212028,150.7368808928,19465.427540237,15th-LVPL-AERO
20th-AERO-LVPL,1,322,20200814257,AerotropolisStation_a,-33.9204971934,150.7367745059,22.0321136281,20th-AERO-LVPL
20th-AERO-LVPL,1,322,20200814256,15thAv_Bringelly_b,-33.9101853275,150.7459844104,1939.6769220169,20th-AERO-LVPL
20th-AERO-LVPL,1,322,20200814278,20thAv_ETway_Interchange_b,-33.8985853558,150.7589480911,4394.1219497539005,20th-AERO-LVPL
20th-AERO-LVPL,1,322,20200814226,KempsCreek-SW-WE,-33.9009918582,150.77695692059999,6085.4028285808,20th-AERO-LVPL
20th-AERO-LVPL,1,322,20200814230,KempsCreek-SE-WE,-33.902114132,150.7882258281,7143.1544818386,20th-AERO-LVPL
20th-AERO-LVPL,1,322,20200814221,Austral-NW-WE,-33.9168907038,150.8012431864,9911.8849758769,20th-AERO-LVPL
20th-AERO-LVPL,1,322,20200814218,Austral-NE-WE,-33.9187749343,150.81477849290002,11181.032200691201,20th-AERO-LVPL
20th-AERO-LVPL,1,322,20200814254,15thAv_MiddletonGrange_b,-33.922206732199996,150.83964293280002,13511.806533237801,20th-AERO-LVPL
20th-AERO-LVPL,1,322,20200814252,15thAv_HoxtonPark_b,-33.926374513,150.8607374752,15633.4572095571,20th-AERO-LVPL
20th-AERO-LVPL,1,322,20200814249,15thAv_MillerTway_a,-33.9269647039,150.87097446499996,16597.0859064215,20th-AERO-LVPL
20th-AERO-LVPL,1,322,20200814247,15thAv_AshTway_a,-33.9275354765,150.8832335975,17742.7680715077,20th-AERO-LVPL
20th-AERO-LVPL,1,322,20200814245,15thAv_MaxwellsTway_a,-33.9263351743,150.8992312574,19234.0237504057,20th-AERO-LVPL
20th-AERO-LVPL,1,322,20200814243,15thAv_BrickmakersTway_a,-33.9278430218,150.91032024700002,20273.2985367986,20th-AERO-LVPL
20th-AERO-LVPL,1,322,20200814242,15thAv_LiverpoolStation_b,-33.923102999,150.92683215989996,22124.4611576464,20th-AERO-LVPL
20th-LVPL-AERO,1,327,20200814241,15thAv_LiverpoolStation_a,-33.9229589158,150.926652438,20.871406078299998,20th-LVPL-AERO
20th-LVPL-AERO,1,327,20200814244,15thAv-BrickmakersTway_b,-33.9280104982,150.9102681745,1927.6655359613,20th-LVPL-AERO
20th-LVPL-AERO,1,327,20200814246,15thAv_MaxwellsTway_b,-33.9265808476,150.898368081,3042.12045841,20th-LVPL-AERO
20th-LVPL-AERO,1,327,20200814248,15thAv_AshTway_b,-33.927846709899995,150.8820714551,4562.5231306009,20th-LVPL-AERO
20th-LVPL-AERO,1,327,20200814250,15thAv_MillerTway_b,-33.9273033547,150.8713840906,5559.3422203379005,20th-LVPL-AERO
20th-LVPL-AERO,1,327,20200814251,15thAv_HoxtonPark_a,-33.9266754507,150.8581175471,6808.219492958199,20th-LVPL-AERO
20th-LVPL-AERO,1,327,20200814253,15thAv_MiddletonGrange_a,-33.9222476604,150.8396292901,8696.1135498667,20th-LVPL-AERO
20th-LVPL-AERO,1,327,20200814217,Austral-NE-EW,-33.9187794474,150.81478074950002,11026.0888504026,20th-LVPL-AERO
20th-LVPL-AERO,1,327,20200814222,Austral-NW-EW,-33.9169063557,150.80124081489996,12295.4388167126,20th-LVPL-AERO
20th-LVPL-AERO,1,327,20200814229,KempsCreek-SE-EW,-33.9021449793,150.7882643872,15060.2220704164,20th-LVPL-AERO
20th-LVPL-AERO,1,327,20200814225,KempsCreek-SW-EW,-33.9009991284,150.7769496504,16122.1967194372,20th-LVPL-AERO
20th-LVPL-AERO,1,327,20200814277,20thAv_ETway_Interchange_a,-33.8985989882,150.7589480911,17813.0576770877,20th-LVPL-AERO
20th-LVPL-AERO,1,327,20200814255,15thAv_Bringelly_a,-33.9101916325,150.7459960408,20268.2345113844,20th-LVPL-AERO
20th-LVPL-AERO,1,327,20200814258,AerotropolisStation_b,-33.9204212028,150.7368808928,22175.443863440498,20th-LVPL-AERO
25th-BPRK-CBMT,1,325,20200814280,BusinessParkStation_b,-33.8833670638,150.738485555,247.8820314172,25th-BPRK-CBMT
25th-BPRK-CBMT,1,325,20200814282,25thAv_ETway_Interchange_b,-33.8864285919,150.7604154342,2501.7665643502,25th-BPRK-CBMT
25th-BPRK-CBMT,1,325,20200814238,KempsCreek-NW-WE,-33.8879571925,150.7769522291,4150.682856700801,25th-BPRK-CBMT
25th-BPRK-CBMT,1,325,20200814234,KempsCreek-NE-WE,-33.889866902,150.7908608198,5454.7694128796,25th-BPRK-CBMT
25th-BPRK-CBMT,1,325,20200814327,DTway_ElizabethDrive_a,-33.8809749106,150.79267254409996,6470.593682245,25th-BPRK-CBMT
25th-BPRK-CBMT,1,325,20200814284,ETway_MamreRoad_b,-33.8804628803,150.8091859539,8049.3279679796,25th-BPRK-CBMT
25th-BPRK-CBMT,1,325,20200814302,ETway_CecilRoad_b,-33.8746762203,150.8388988509,11053.8904173428,25th-BPRK-CBMT
25th-BPRK-CBMT,1,325,20200814299,ETway_CecilHills_b,-33.8835274651,150.8578880411,13175.9241544041,25th-BPRK-CBMT
25th-BPRK-CBMT,1,325,20200814298,ETway_BonnyriggHeights_b,-33.8853638624,150.8698816733,14336.9249632237,25th-BPRK-CBMT
25th-BPRK-CBMT,1,325,20200814286,ETway_LPTway_b,-33.8894283686,150.8831936629,15668.233503733101,25th-BPRK-CBMT
25th-BPRK-CBMT,1,325,20200814290,ETway_Bonnyrigg_b,-33.8932547877,150.8916649466,16579.280485710802,25th-BPRK-CBMT
25th-BPRK-CBMT,1,325,20200814288,ETway_MountPritchard_b,-33.8948067793,150.9032200551,17661.9520239772,25th-BPRK-CBMT
25th-BPRK-CBMT,1,325,20200814296,ETway_TownviewRoad_b,-33.8969404578,150.9126904339,18587.9886048906,25th-BPRK-CBMT
25th-BPRK-CBMT,1,325,20200814294,ETway_CabramattaWest_b,-33.8992627794,150.9218340458,19501.508843491898,25th-BPRK-CBMT
25th-BPRK-CBMT,1,325,20200814292,ETway_Cabramatta_b,-33.8951986512,150.9384586324,21150.8515055981,25th-BPRK-CBMT
25th-CBMT-BPRK,1,338,20200814291,ETWay_Cabramatta_a,-33.8951539015,150.93850338200002,23.681002083000003,25th-CBMT-BPRK
25th-CBMT-BPRK,1,338,20200814293,ETway_CabramattaWest_a,-33.899333793400004,150.9218006275,1785.4067560757,25th-CBMT-BPRK
25th-CBMT-BPRK,1,338,20200814295,ETway_TownviewRoad_a,-33.8969491058,150.9126529596,2702.5768445283998,25th-CBMT-BPRK
25th-CBMT-BPRK,1,338,20200814287,ETway_MountPritchard_a,-33.89485316010001,150.9031357264,3633.3629640695003,25th-CBMT-BPRK
25th-CBMT-BPRK,1,338,20200814289,ETway_Bonnyrigg_a,-33.893275058,150.8916244061,4712.5552009564,25th-CBMT-BPRK
25th-CBMT-BPRK,1,338,20200814285,ETway_LPTway_a,-33.8894346824,150.88310527040002,5646.838455374101,25th-CBMT-BPRK
25th-CBMT-BPRK,1,338,20200814297,ETway_BonnyriggHeights_a,-33.8854468556,150.8696643103,6985.7512093795995,25th-CBMT-BPRK
25th-CBMT-BPRK,1,338,20200814300,ETway_CecilHills_a,-33.883727278,150.8574727438,8164.776590234201,25th-CBMT-BPRK
25th-CBMT-BPRK,1,338,20200814301,ETway_CecilRoad_a,-33.8747565834,150.8387649123,10271.1116156395,25th-CBMT-BPRK
25th-CBMT-BPRK,1,338,20200814283,ETway_MamreRoad_a,-33.880601892399994,150.8090608429,13277.1710874658,25th-CBMT-BPRK
25th-CBMT-BPRK,1,338,20200814328,DTway_ElizabethDrive_b,-33.8809591529,150.79269224129996,14836.753982936001,25th-CBMT-BPRK
25th-CBMT-BPRK,1,338,20200814233,KempsCreek-NE-EW,-33.8898777318,150.7908531487,15855.114505356101,25th-CBMT-BPRK
25th-CBMT-BPRK,1,338,20200814237,KempsCreek-NW-EW,-33.8879607334,150.7769515628,17158.6933406612,25th-CBMT-BPRK
25th-CBMT-BPRK,1,338,20200814281,25thAv_ETway_Interchange_a,-33.8865447221,150.76052100709998,18796.0978959577,25th-CBMT-BPRK
25th-CBMT-BPRK,1,338,20200814279,BusinessParkStation_a,-33.8834322139,150.7384801258,21066.0961289888,25th-CBMT-BPRK
AERO-MG,1,163,20200814257,AerotropolisStation_a,-33.9204971934,150.7367745059,22.032122614499997,AERO-MG
AERO-MG,1,163,20200814256,15thAv_Bringelly_b,-33.9101853275,150.7459844104,1939.6769220171,AERO-MG
AERO-MG,1,163,20200814193,Rossmore-NW-WE,-33.9128551262,150.7714064944,4406.2104967303,AERO-MG
AERO-MG,1,163,20200814206,Rossmore-NE-WE,-33.9148118476,150.78590426600002,5764.5518160096,AERO-MG
AERO-MG,1,163,20200814221,Austral-NW-WE,-33.9168907038,150.8012431864,7201.873260354,AERO-MG
AERO-MG,1,163,20200814218,Austral-NE-WE,-33.9187749343,150.81477849290002,8471.0062728578,AERO-MG
AERO-MG,1,163,20200814254,15thAv_MiddletonGrange_b,-33.922206732199996,150.83964293280002,10801.7790141846,AERO-MG
AERO-MG,1,163,202008281,Bryant Av,-33.92035842441977,150.84036335904517,11045.122421498501,AERO-MG
AERO-MG,1,163,2020082612,Kelsey St,-33.918209086849444,150.84256810091972,11483.3853372052,AERO-MG
AERO-MG,1,163,2020082610,Swoffer Av near Reardon Av,-33.918352849514825,150.8447001659126,11695.9171234326,AERO-MG
Austral-NE-E-to,1,228,20200814241,15thAv_LiverpoolStation_a,-33.9229589158,150.926652438,20.871406078299998,Austral-NE-E
Austral-NE-E-to,1,228,20200814244,15thAv-BrickmakersTway_b,-33.9280104982,150.9102681745,1927.6655359613,Austral-NE-E
Austral-NE-E-to,1,228,20200814246,15thAv_MaxwellsTway_b,-33.9265808476,150.898368081,3042.12045841,Austral-NE-E
Austral-NE-E-to,1,228,20200814248,15thAv_AshTway_b,-33.927846709899995,150.8820714551,4562.5231306009,Austral-NE-E
Austral-NE-E-to,1,228,20200814250,15thAv_MillerTway_b,-33.9273033547,150.8713840906,5559.3422203379005,Austral-NE-E
Austral-NE-E-to,1,228,20200814251,15thAv_HoxtonPark_a,-33.9266754507,150.8581175471,6808.219492958199,Austral-NE-E
Austral-NE-E-to,1,228,20200814253,15thAv_MiddletonGrange_a,-33.9222476604,150.8396292901,8696.1135498667,Austral-NE-E
Austral-NE-E-to,1,228,2020081413,Austral-NE-7a,-33.919672539299995,150.8196759514,10587.329740344301,Austral-NE-E
Austral-NE-E-to,1,228,2020081415,Austral-NE-8a,-33.9222682599,150.8176427999,10958.8264692609,Austral-NE-E
Austral-NE-E-to,1,228,202008142,Austral-NE-1b,-33.9227792418,150.81393625729999,11333.5119699971,Austral-NE-E
Austral-NE-E-to,1,228,202008143,Austral-NE-2a,-33.9210777447,150.8107527868,11711.576472678898,Austral-NE-E
Austral-NE-E-from,1,230,202008145,Austral-NE-3a,-33.9179881608,150.8101335563,14001.49596026296,Austral-NE-E
Austral-NE-E-from,1,230,202008147,Austral-NE-4a,-33.9153400983,150.812160203,14378.433421241261,Austral-NE-E
Austral-NE-E-from,1,230,202008149,Austral-NE-5a,-33.914813119899996,150.8158555812,14753.00165097576,Austral-NE-E
Austral-NE-E-from,1,230,2020081411,Austral-NE-6a,-33.9164780205,150.8190334717,15128.579749670262,Austral-NE-E
Austral-NE-E-from,1,230,20200814254,15thAv_MiddletonGrange_b,-33.922206732199996,150.83964293280002,17361.54368529986,Austral-NE-E
Austral-NE-E-from,1,230,20200814252,15thAv_HoxtonPark_b,-33.926374513,150.8607374752,19483.19436161926,Austral-NE-E
Austral-NE-E-from,1,230,20200814249,15thAv_MillerTway_a,-33.9269647039,150.87097446499996,20446.823058483562,Austral-NE-E
Austral-NE-E-from,1,230,20200814247,15thAv_AshTway_a,-33.9275354765,150.8832335975,21592.50522356986,Austral-NE-E
Austral-NE-E-from,1,230,20200814245,15thAv_MaxwellsTway_a,-33.9263351743,150.8992312574,23083.76090246786,Austral-NE-E
Austral-NE-E-from,1,230,20200814243,15thAv_BrickmakersTway_a,-33.9278430218,150.91032024700002,24123.03568886076,Austral-NE-E
Austral-NE-E-from,1,230,20200814242,15thAv_LiverpoolStation_b,-33.923102999,150.92683215989996,25974.19830970856,Austral-NE-E
Austral-NE-N-to,1,94,20200814280,BusinessParkStation_b,-33.8833670638,150.738485555,247.8820314172,Austral-NE-N
Austral-NE-N-to,1,94,20200814282,25thAv_ETway_Interchange_b,-33.8864285919,150.7604154342,2501.7665643502,Austral-NE-N
Austral-NE-N-to,1,94,20200814278,20thAv_ETway_Interchange_b,-33.8985853558,150.7589480911,3910.9319900648998,Austral-NE-N
Austral-NE-N-to,1,94,20200814226,KempsCreek-SW-WE,-33.9009918582,150.77695692059999,5602.212868879399,Austral-NE-N
Austral-NE-N-to,1,94,20200814230,KempsCreek-SE-WE,-33.902114132,150.7882258281,6659.9645220061,Austral-NE-N
Austral-NE-N-to,1,94,202008149,Austral-NE-5a,-33.914813119899996,150.8158555812,10268.7199807836,Austral-NE-N
Austral-NE-N-to,1,94,2020081411,Austral-NE-6a,-33.9164780205,150.8190334717,10644.2980794781,Austral-NE-N
Austral-NE-N-to,1,94,2020081413,Austral-NE-7a,-33.919672539299995,150.8196759514,11032.091532247,Austral-NE-N
Austral-NE-N-to,1,94,2020081415,Austral-NE-8a,-33.9222682599,150.8176427999,11403.5882611637,Austral-NE-N
Austral-NE-N-from,1,94,202008142,Austral-NE-1b,-33.9227792418,150.81393625729999,12985.203530495237,Austral-NE-N
Austral-NE-N-from,1,94,202008143,Austral-NE-2a,-33.9210777447,150.8107527868,13363.268033176935,Austral-NE-N
Austral-NE-N-from,1,94,202008145,Austral-NE-3a,-33.9179881608,150.8101335563,13738.357614544937,Austral-NE-N
Austral-NE-N-from,1,94,202008147,Austral-NE-4a,-33.9153400983,150.812160203,14115.295075523236,Austral-NE-N
Austral-NE-N-from,1,94,20200814229,KempsCreek-SE-EW,-33.9021449793,150.7882643872,18067.679599065035,Austral-NE-N
Austral-NE-N-from,1,94,20200814225,KempsCreek-SW-EW,-33.9009991284,150.7769496504,19129.654248186434,Austral-NE-N
Austral-NE-N-from,1,94,20200814277,20thAv_ETway_Interchange_a,-33.8985989882,150.7589480911,20820.515205848136,Austral-NE-N
Austral-NE-N-from,1,94,20200814281,25thAv_ETway_Interchange_a,-33.8865447221,150.76052100709998,22218.38276657204,Austral-NE-N
Austral-NE-N-from,1,94,20200814279,BusinessParkStation_a,-33.8834322139,150.7384801258,24488.380999603236,Austral-NE-N
Austral-NE-S-to,1,67,20200814358,LeppingtonStation_b,-33.9536052379,150.80825827209998,7.3140223977,Austral-NE-S
Austral-NE-S-to,1,67,20200814215,Austral-SE-SN,-33.9332832281,150.8119840899,2370.5787177494,Austral-NE-S
Austral-NE-S-to,1,67,202008142,Austral-NE-1b,-33.9227792418,150.81393625729999,3566.2559590037,Austral-NE-S
Austral-NE-S-to,1,67,202008143,Austral-NE-2a,-33.9210777447,150.8107527868,3944.3204679540004,Austral-NE-S
Austral-NE-S-to,1,67,202008145,Austral-NE-3a,-33.9179881608,150.8101335563,4319.4100506829,Austral-NE-S
Austral-NE-S-to,1,67,202008147,Austral-NE-4a,-33.9153400983,150.812160203,4696.3475124692995,Austral-NE-S
Austral-NE-S-from,1,59,202008149,Austral-NE-5a,-33.914813119899996,150.8158555812,4759.806299835315,Austral-NE-S
Austral-NE-S-from,1,59,2020081411,Austral-NE-6a,-33.9164780205,150.8190334717,5135.384485388315,Austral-NE-S
Austral-NE-S-from,1,59,2020081413,Austral-NE-7a,-33.919672539299995,150.8196759514,5523.177936619315,Austral-NE-S
Austral-NE-S-from,1,59,2020081415,Austral-NE-8a,-33.9222682599,150.8176427999,5894.674660788415,Austral-NE-S
Austral-NE-S-from,1,59,20200814216,Austral-SE-NS,-33.933253868,150.8120214573,7429.449392808216,Austral-NE-S
Austral-NE-S-from,1,59,20200814357,LeppingtonStation_a,-33.9540455449,150.808130441,9865.935169271715,Austral-NE-S
Austral-NE-W-to,1,47,20200814257,AerotropolisStation_a,-33.9204971934,150.7367745059,22.032113392,Austral-NE-W
Austral-NE-W-to,1,47,20200814256,15thAv_Bringelly_b,-33.9101853275,150.7459844104,1939.6769210176,Austral-NE-W
Austral-NE-W-to,1,47,20200814193,Rossmore-NW-WE,-33.9128551262,150.7714064944,4406.2104974514,Austral-NE-W
Austral-NE-W-to,1,47,20200814206,Rossmore-NE-WE,-33.9148118476,150.78590426600002,5764.5518155987,Austral-NE-W
Austral-NE-W-to,1,47,20200814221,Austral-NW-WE,-33.9168907038,150.8012431864,7201.8120587817,Austral-NE-W
Austral-NE-W-to,1,47,202008145,Austral-NE-3a,-33.9179881608,150.8101335563,8048.8335512299,Austral-NE-W
Austral-NE-W-to,1,47,202008147,Austral-NE-4a,-33.9153400983,150.812160203,8425.771012208299,Austral-NE-W
Austral-NE-W-to,1,47,202008149,Austral-NE-5a,-33.914813119899996,150.8158555812,8800.3392419427,Austral-NE-W
Austral-NE-W-to,1,47,2020081411,Austral-NE-6a,-33.9164780205,150.8190334717,9175.9173406373,Austral-NE-W
Austral-NE-W-from,1,56,2020081413,Austral-NE-7a,-33.919672539299995,150.8196759514,10760.156251048935,Austral-NE-W
Austral-NE-W-from,1,56,2020081415,Austral-NE-8a,-33.9222682599,150.8176427999,11131.652979965535,Austral-NE-W
Austral-NE-W-from,1,56,202008142,Austral-NE-1b,-33.9227792418,150.81393625729999,11506.338480701734,Austral-NE-W
Austral-NE-W-from,1,56,202008143,Austral-NE-2a,-33.9210777447,150.8107527868,11884.402983383534,Austral-NE-W
Austral-NE-W-from,1,56,20200814222,Austral-NW-EW,-33.9169063557,150.80124081489996,13075.432082288035,Austral-NE-W
Austral-NE-W-from,1,56,20200814205,Rossmore-NE-EW,-33.9148143064,150.78590399520002,14512.742176178634,Austral-NE-W
Austral-NE-W-from,1,56,20200814194,Rossmore-NW-EW,-33.9128621998,150.7714053563,15871.080909022836,Austral-NE-W
Austral-NE-W-from,1,56,20200814255,15thAv_Bringelly_a,-33.9101916325,150.7459960408,18338.150649630436,Austral-NE-W
Austral-NE-W-from,1,56,20200814258,AerotropolisStation_b,-33.9204212028,150.7368808928,20245.360000429137,Austral-NE-W
Austral-NW-E-to,1,240,20200814241,15thAv_LiverpoolStation_a,-33.9229589158,150.926652438,20.871406078299998,Austral-NW-E
Austral-NW-E-to,1,240,20200814244,15thAv-BrickmakersTway_b,-33.9280104982,150.9102681745,1927.6655359613,Austral-NW-E
Austral-NW-E-to,1,240,20200814246,15thAv_MaxwellsTway_b,-33.9265808476,150.898368081,3042.12045841,Austral-NW-E
Austral-NW-E-to,1,240,20200814248,15thAv_AshTway_b,-33.927846709899995,150.8820714551,4562.5231306009,Austral-NW-E
Austral-NW-E-to,1,240,20200814250,15thAv_MillerTway_b,-33.9273033547,150.8713840906,5559.3422203379005,Austral-NW-E
Austral-NW-E-to,1,240,20200814251,15thAv_HoxtonPark_a,-33.9266754507,150.8581175471,6808.219492958199,Austral-NW-E
Austral-NW-E-to,1,240,20200814253,15thAv_MiddletonGrange_a,-33.9222476604,150.8396292901,8696.1135498667,Austral-NW-E
Austral-NW-E-to,1,240,20200814217,Austral-NE-EW,-33.9187794474,150.81478074950002,11026.0886865815,Austral-NW-E
Austral-NW-E-to,1,240,2020081427,Austral-NW-3a,-33.9177139084,150.80580929319999,11882.9814938257,Austral-NW-E
Austral-NW-E-to,1,240,2020081424,Austral-NW-8b,-33.9203499801,150.8037548279,12260.2245262294,Austral-NW-E
Austral-NW-E-to,1,240,2020081425,Austral-NW-2a,-33.9208475068,150.8000600684,12633.8626661079,Austral-NW-E
Austral-NW-E-to,1,240,2020081417,Austral-NW-1a,-33.919134108499996,150.7968707876,13013.344742708201,Austral-NW-E
Austral-NW-E-from,1,242,2020081430,Austral-NW-4b,-33.916036075,150.7962774979,15556.837381366657,Austral-NW-E
Austral-NW-E-from,1,242,2020081432,Austral-NW-5b,-33.9134132502,150.7982946116,15930.781537597757,Austral-NW-E
Austral-NW-E-from,1,242,2020081420,Austral-NW-6b,-33.9128916322,150.80203160299996,16309.155431353856,Austral-NW-E
Austral-NW-E-from,1,242,2020081421,Austral-NW-7a,-33.9145761037,150.80518764209998,16684.050420060757,Austral-NW-E
Austral-NW-E-from,1,242,20200814218,Austral-NE-WE,-33.9187749343,150.81477849290002,17883.808133954157,Austral-NW-E
Austral-NW-E-from,1,242,20200814254,15thAv_MiddletonGrange_b,-33.922206732199996,150.83964293280002,20214.584340762354,Austral-NW-E
Austral-NW-E-from,1,242,20200814252,15thAv_HoxtonPark_b,-33.926374513,150.8607374752,22336.235017081755,Austral-NW-E
Austral-NW-E-from,1,242,20200814249,15thAv_MillerTway_a,-33.9269647039,150.87097446499996,23299.863713946055,Austral-NW-E
Austral-NW-E-from,1,242,20200814247,15thAv_AshTway_a,-33.9275354765,150.8832335975,24445.545879032357,Austral-NW-E
Austral-NW-E-from,1,242,20200814245,15thAv_MaxwellsTway_a,-33.9263351743,150.8992312574,25936.80155793026,Austral-NW-E
Austral-NW-E-from,1,242,20200814243,15thAv_BrickmakersTway_a,-33.9278430218,150.91032024700002,26976.076344323257,Austral-NW-E
Austral-NW-E-from,1,242,20200814242,15thAv_LiverpoolStation_b,-33.923102999,150.92683215989996,28827.23896517096,Austral-NW-E
Austral-NW-N-to,1,32,20200814280,BusinessParkStation_b,-33.8833670638,150.738485555,247.8820314172,Austral-NW-N
Austral-NW-N-to,1,32,20200814282,25thAv_ETway_Interchange_b,-33.8864285919,150.7604154342,2501.7665648726997,Austral-NW-N
Austral-NW-N-to,1,32,20200814278,20thAv_ETway_Interchange_b,-33.8985853558,150.7589480911,3910.9319900525,Austral-NW-N
Austral-NW-N-to,1,32,20200814226,KempsCreek-SW-WE,-33.9009918582,150.77695692059999,5602.212868879399,Austral-NW-N
Austral-NW-N-to,1,32,20200814230,KempsCreek-SE-WE,-33.902114132,150.7882258281,6659.964522137199,Austral-NW-N
Austral-NW-N-to,1,32,2020081420,Austral-NW-6b,-33.9128916322,150.80203160299996,8976.728713844,Austral-NW-N
Austral-NW-N-to,1,32,2020081421,Austral-NW-7a,-33.9145761037,150.80518764209998,9351.6237025509,Austral-NW-N
Austral-NW-N-to,1,32,2020081427,Austral-NW-3a,-33.9177139084,150.80580929319999,9732.636577563,Austral-NW-N
Austral-NW-N-to,1,32,2020081424,Austral-NW-8b,-33.9203499801,150.8037548279,10109.8796099667,Austral-NW-N
Austral-NW-N-from,1,32,2020081425,Austral-NW-2a,-33.9208475068,150.8000600684,11441.611615083995,Austral-NW-N
Austral-NW-N-from,1,32,2020081417,Austral-NW-1a,-33.919134108499996,150.7968707876,11821.093691684395,Austral-NW-N
Austral-NW-N-from,1,32,2020081430,Austral-NW-4b,-33.916036075,150.7962774979,12196.718096248895,Austral-NW-N
Austral-NW-N-from,1,32,2020081432,Austral-NW-5b,-33.9134132502,150.7982946116,12570.662252479995,Austral-NW-N
Austral-NW-N-from,1,32,20200814229,KempsCreek-SE-EW,-33.9021449793,150.7882643872,15228.629616828395,Austral-NW-N
Austral-NW-N-from,1,32,20200814225,KempsCreek-SW-EW,-33.9009991284,150.7769496504,16290.604265849193,Austral-NW-N
Austral-NW-N-from,1,32,20200814277,20thAv_ETway_Interchange_a,-33.8985989882,150.7589480911,17981.465223499596,Austral-NW-N
Austral-NW-N-from,1,32,20200814281,25thAv_ETway_Interchange_a,-33.8865447221,150.76052100709998,19379.332784917795,Austral-NW-N
Austral-NW-N-from,1,32,20200814279,BusinessParkStation_a,-33.8834322139,150.7384801258,21649.331017265897,Austral-NW-N
Austral-NW-S-to,1,69,20200814358,LeppingtonStation_b,-33.9536052379,150.80825827209998,7.3140223977,Austral-NW-S
Austral-NW-S-to,1,69,20200814211,Austral-SW-SN,-33.9393777699,150.7973687772,2653.2026047914,Austral-NW-S
Austral-NW-S-to,1,69,2020081425,Austral-NW-2a,-33.9208475068,150.8000600684,6106.6545179562,Austral-NW-S
Austral-NW-S-to,1,69,2020081417,Austral-NW-1a,-33.919134108499996,150.7968707876,6486.1365945565,Austral-NW-S
Austral-NW-S-to,1,69,2020081430,Austral-NW-4b,-33.916036075,150.7962774979,6861.7609991211,Austral-NW-S
Austral-NW-S-to,1,69,2020081432,Austral-NW-5b,-33.9134132502,150.7982946116,7235.7051553522,Austral-NW-S
Austral-NW-S-from,1,74,2020081420,Austral-NW-6b,-33.9128916322,150.80203160299996,7791.236346195424,Austral-NW-S
Austral-NW-S-from,1,74,2020081421,Austral-NW-7a,-33.9145761037,150.80518764209998,8166.131334902324,Austral-NW-S
Austral-NW-S-from,1,74,2020081427,Austral-NW-3a,-33.9177139084,150.80580929319999,8547.144209914424,Austral-NW-S
Austral-NW-S-from,1,74,2020081424,Austral-NW-8b,-33.9203499801,150.8037548279,8924.387242318124,Austral-NW-S
Austral-NW-S-from,1,74,20200814212,Austral-SW-NS,-33.9393562686,150.79739027850002,12716.311807551225,Austral-NW-S
Austral-NW-S-from,1,74,20200814357,LeppingtonStation_a,-33.9540455449,150.808130441,15443.407469823625,Austral-NW-S
Austral-NW-W-to,1,27,20200814257,AerotropolisStation_a,-33.9204971934,150.7367745059,22.032113392,Austral-NW-W
Austral-NW-W-to,1,27,20200814256,15thAv_Bringelly_b,-33.9101853275,150.7459844104,1939.6769210176,Austral-NW-W
Austral-NW-W-to,1,27,20200814193,Rossmore-NW-WE,-33.9128551262,150.7714064944,4406.2104974456,Austral-NW-W
Austral-NW-W-to,1,27,20200814206,Rossmore-NE-WE,-33.9148118476,150.78590426600002,5764.5518155997,Austral-NW-W
Austral-NW-W-to,1,27,2020081430,Austral-NW-4b,-33.916036075,150.7962774979,6751.128759006,Austral-NW-W
Austral-NW-W-to,1,27,2020081432,Austral-NW-5b,-33.9134132502,150.7982946116,7125.0729152372,Austral-NW-W
Austral-NW-W-to,1,27,2020081420,Austral-NW-6b,-33.9128916322,150.80203160299996,7503.4468089932,Austral-NW-W
Austral-NW-W-to,1,27,2020081421,Austral-NW-7a,-33.9145761037,150.80518764209998,7878.3417977002,Austral-NW-W
Austral-NW-W-from,1,27,2020081427,Austral-NW-3a,-33.9177139084,150.80580929319999,9202.715340659215,Austral-NW-W
Austral-NW-W-from,1,27,2020081424,Austral-NW-8b,-33.9203499801,150.8037548279,9579.958373062915,Austral-NW-W
Austral-NW-W-from,1,27,2020081425,Austral-NW-2a,-33.9208475068,150.8000600684,9953.596512941414,Austral-NW-W
Austral-NW-W-from,1,27,2020081417,Austral-NW-1a,-33.919134108499996,150.7968707876,10333.078589541714,Austral-NW-W
Austral-NW-W-from,1,27,20200814205,Rossmore-NE-EW,-33.9148143064,150.78590399520002,11659.639842946315,Austral-NW-W
Austral-NW-W-from,1,27,20200814194,Rossmore-NW-EW,-33.9128621998,150.7714053563,13017.978575792713,Austral-NW-W
Austral-NW-W-from,1,27,20200814255,15thAv_Bringelly_a,-33.9101916325,150.7459960408,15485.048316400314,Austral-NW-W
Austral-NW-W-from,1,27,20200814258,AerotropolisStation_b,-33.9204212028,150.7368808928,17392.257667198915,Austral-NW-W
Austral-SE-E-to,1,389,20200814270,10thAv_CasulaStation_b,-33.9500427156,150.9114065805,15.594795266199998,Austral-SE-E
Austral-SE-E-to,1,389,20200814271,10thAv_CasulaMall_a,-33.9469468448,150.9003094168,1698.1450359833,Austral-SE-E
Austral-SE-E-to,1,389,20200814267,10thAv_Lurnea_a,-33.9455312436,150.8912687464,2559.6927207107,Austral-SE-E
Austral-SE-E-to,1,389,20200814273,10thAv_NexusIndustryPark_a,-33.9442255875,150.8817342343,3475.8887896797996,Austral-SE-E
Austral-SE-E-to,1,389,20200814265,10thAv_Prestons_a,-33.9421996047,150.8670714794,4864.2589465128,Austral-SE-E
Austral-SE-E-to,1,389,20200814275,10thAv_PrestonsIndustrial_a,-33.9410118447,150.8581734898,5697.4201460374,Austral-SE-E
Austral-SE-E-to,1,389,20200814263,10thAv_CarnesHill_a,-33.9360313244,150.845044866,7115.3599534305,Austral-SE-E
Austral-SE-E-to,1,389,20200814261,10thAv_WestHoxton_a,-33.9342480631,150.8353444034,8304.7206447183,Austral-SE-E
Austral-SE-E-to,1,389,2020081445,Austral-SE-7a,-33.9358913263,150.8164635331,10619.6754467089,Austral-SE-E
Austral-SE-E-to,1,389,2020081447,Austral-SE-8a,-33.9384053995,150.8133386604,11181.5733777649,Austral-SE-E
Austral-SE-E-to,1,389,2020081433,Austral-SE-1a,-33.9357148443,150.8092280898,11838.2157714253,Austral-SE-E
Austral-SE-E-to,1,389,2020081435,Austral-SE-2a,-33.9332301198,150.8070547239,12314.351563804199,Austral-SE-E
Austral-SE-E-from,1,364,2020081437,Austral-SE-3a,-33.930254649,150.80760974860002,14271.361863493652,Austral-SE-E
Austral-SE-E-from,1,364,2020081439,Austral-SE-4a,-33.9300241189,150.8112299067,14676.057389584852,Austral-SE-E
Austral-SE-E-from,1,364,2020081441,Austral-SE-5a,-33.929006903099996,150.81519376419996,15190.261577002751,Austral-SE-E
Austral-SE-E-from,1,364,2020081443,Austral-SE-6a,-33.9318877061,150.8164081834,15839.733880832651,Austral-SE-E
Austral-SE-E-from,1,364,20200814262,10thAv_WestHoxton_b,-33.9342259287,150.83536232169996,18102.58352527815,Austral-SE-E
Austral-SE-E-from,1,364,20200814264,10thAv_CarnesHill_b,-33.9359639627,150.8455352592,19277.228849151652,Austral-SE-E
Austral-SE-E-from,1,364,20200814276,10thAv_PrestonsIndustrial_b,-33.9409881116,150.8582141752,20657.515938992652,Austral-SE-E
Austral-SE-E-from,1,364,20200814266,10thAv_Prestons_b,-33.9422410921,150.8676134086,21537.53284946845,Austral-SE-E
Austral-SE-E-from,1,364,20200814274,10thAv_NexusIndustryPark_b,-33.9441822285,150.881802886,22873.82012313235,Austral-SE-E
Austral-SE-E-from,1,364,20200814268,10thAv_Lurnea_b,-33.9455176307,150.89142699639999,23800.73727973685,Austral-SE-E
Austral-SE-E-from,1,364,20200814272,10thAv_CasulaMall_b,-33.946912830500004,150.9003706425,24650.18923121245,Austral-SE-E
Austral-SE-E-from,1,364,20200814269,10thAv_CasulaStation_a,-33.950015598200004,150.9113921744,26300.403909112552,Austral-SE-E
Austral-SE-N-to,1,127,20200814280,BusinessParkStation_b,-33.8833670638,150.738485555,247.8820314172,Austral-SE-N
Austral-SE-N-to,1,127,20200814282,25thAv_ETway_Interchange_b,-33.8864285919,150.7604154342,2501.7665643502,Austral-SE-N
Austral-SE-N-to,1,127,20200814278,20thAv_ETway_Interchange_b,-33.8985853558,150.7589480911,3910.9319900648998,Austral-SE-N
Austral-SE-N-to,1,127,20200814226,KempsCreek-SW-WE,-33.9009918582,150.77695692059999,5602.212868879399,Austral-SE-N
Austral-SE-N-to,1,127,20200814230,KempsCreek-SE-WE,-33.902114132,150.7882258281,6659.9645220061,Austral-SE-N
Austral-SE-N-to,1,127,20200814220,Austral-NE-NS,-33.9189789888,150.8148766917,10725.8259894788,Austral-SE-N
Austral-SE-N-to,1,127,2020081441,Austral-SE-5a,-33.929006903099996,150.81519376419996,12033.482833243701,Austral-SE-N
Austral-SE-N-to,1,127,2020081443,Austral-SE-6a,-33.9318877061,150.8164081834,12682.9551370736,Austral-SE-N
Austral-SE-N-to,1,127,2020081445,Austral-SE-7a,-33.9358913263,150.8164635331,13327.3129468003,Austral-SE-N
Austral-SE-N-to,1,127,2020081447,Austral-SE-8a,-33.9384053995,150.8133386604,13889.2108778563,Austral-SE-N
Austral-SE-N-from,1,122,2020081433,Austral-SE-1a,-33.9357148443,150.8092280898,15633.399718333027,Austral-SE-N
Austral-SE-N-from,1,122,2020081435,Austral-SE-2a,-33.9332301198,150.8070547239,16109.535512412427,Austral-SE-N
Austral-SE-N-from,1,122,2020081437,Austral-SE-3a,-33.930254649,150.80760974860002,16443.579274775726,Austral-SE-N
Austral-SE-N-from,1,122,2020081439,Austral-SE-4a,-33.9300241189,150.8112299067,16848.274800866926,Austral-SE-N
Austral-SE-N-from,1,122,20200814219,Austral-NE-SN,-33.9189857288,150.8148680923,18243.60115609893,Austral-SE-N
Austral-SE-N-from,1,122,20200814229,KempsCreek-SE-EW,-33.9021449793,150.7882643872,22306.311203359026,Austral-SE-N
Austral-SE-N-from,1,122,20200814225,KempsCreek-SW-EW,-33.9009991284,150.7769496504,23368.285852480425,Austral-SE-N
Austral-SE-N-from,1,122,20200814277,20thAv_ETway_Interchange_a,-33.8985989882,150.7589480911,25059.146810142127,Austral-SE-N
Austral-SE-N-from,1,122,20200814281,25thAv_ETway_Interchange_a,-33.8865447221,150.76052100709998,26457.014370866025,Austral-SE-N
Austral-SE-N-from,1,122,20200814279,BusinessParkStation_a,-33.8834322139,150.7384801258,28727.012603897227,Austral-SE-N
Austral-SE-S-to,1,41,20200814358,LeppingtonStation_b,-33.9536052379,150.80825827209998,7.3140223977,Austral-SE-S
Austral-SE-S-to,1,41,2020081433,Austral-SE-1a,-33.9357148443,150.8092280898,2275.6110213104002,Austral-SE-S
Austral-SE-S-to,1,41,2020081435,Austral-SE-2a,-33.9332301198,150.8070547239,2751.7468153898,Austral-SE-S
Austral-SE-S-to,1,41,2020081437,Austral-SE-3a,-33.930254649,150.80760974860002,3085.7905777531,Austral-SE-S
Austral-SE-S-to,1,41,2020081439,Austral-SE-4a,-33.9300241189,150.8112299067,3490.4861038443,Austral-SE-S
Austral-SE-S-from,1,52,2020081441,Austral-SE-5a,-33.929006903099996,150.81519376419996,3897.6493635944807,Austral-SE-S
Austral-SE-S-from,1,52,2020081443,Austral-SE-6a,-33.9318877061,150.8164081834,4547.121667424481,Austral-SE-S
Austral-SE-S-from,1,52,2020081445,Austral-SE-7a,-33.9358913263,150.8164635331,5191.479477151081,Austral-SE-S
Austral-SE-S-from,1,52,2020081447,Austral-SE-8a,-33.9384053995,150.8133386604,5753.377408207081,Austral-SE-S
Austral-SE-S-from,1,52,20200814357,LeppingtonStation_a,-33.9540455449,150.808130441,8024.311522623681,Austral-SE-S
Austral-SE-W-to,1,73,20200814260,10thAv_AerotropolisSouth_b,-33.9344828308,150.7409651684,47.945026401199996,Austral-SE-W
Austral-SE-W-to,1,73,20200814198,Rossmore-SW-WE,-33.925765732100004,150.7691628403,3802.8348597036997,Austral-SE-W
Austral-SE-W-to,1,73,20200814202,Rossmore-SE-WE,-33.9290349884,150.78489125229999,5445.6697473674,Austral-SE-W
Austral-SE-W-to,1,73,20200814210,Austral-SW-WE,-33.9391228264,150.7971875523,7645.8765690991,Austral-SE-W
Austral-SE-W-to,1,73,2020081437,Austral-SE-3a,-33.930254649,150.80760974860002,9882.385262735601,Austral-SE-W
Austral-SE-W-to,1,73,2020081439,Austral-SE-4a,-33.9300241189,150.8112299067,10287.0807914959,Austral-SE-W
Austral-SE-W-to,1,73,2020081441,Austral-SE-5a,-33.929006903099996,150.81519376419996,10801.2849789138,Austral-SE-W
Austral-SE-W-to,1,73,2020081443,Austral-SE-6a,-33.9318877061,150.8164081834,11450.757282743798,Austral-SE-W
Austral-SE-W-from,1,71,2020081445,Austral-SE-7a,-33.9358913263,150.8164635331,12980.977535110367,Austral-SE-W
Austral-SE-W-from,1,71,2020081447,Austral-SE-8a,-33.9384053995,150.8133386604,13542.875466166368,Austral-SE-W
Austral-SE-W-from,1,71,2020081433,Austral-SE-1a,-33.9357148443,150.8092280898,14199.517859826667,Austral-SE-W
Austral-SE-W-from,1,71,2020081435,Austral-SE-2a,-33.9332301198,150.8070547239,14675.653653906167,Austral-SE-W
Austral-SE-W-from,1,71,20200814209,Austral-SW-EW,-33.9391658289,150.79723976969998,16744.053043542768,Austral-SE-W
Austral-SE-W-from,1,71,20200814201,Rossmore-SE-EW,-33.9290885648,150.7849626874,18942.540507140067,Austral-SE-W
Austral-SE-W-from,1,71,20200814197,Rossmore-SW-EW,-33.9258029635,150.76909665120002,20598.056756153066,Austral-SE-W
Austral-SE-W-from,1,71,20200814259,10thAv_AerotropolisSouth_a,-33.9345914675,150.74087463770002,24353.777088304567,Austral-SE-W
Austral-SW-E-to,1,402,20200814270,10thAv_CasulaStation_b,-33.9500427156,150.9114065805,15.594795266199998,Austral-SW-E
Austral-SW-E-to,1,402,20200814271,10thAv_CasulaMall_a,-33.9469468448,150.9003094168,1698.1450359833,Austral-SW-E
Austral-SW-E-to,1,402,20200814267,10thAv_Lurnea_a,-33.9455312436,150.8912687464,2559.6927207107,Austral-SW-E
Austral-SW-E-to,1,402,20200814273,10thAv_NexusIndustryPark_a,-33.9442255875,150.8817342343,3475.8887896797996,Austral-SW-E
Austral-SW-E-to,1,402,20200814265,10thAv_Prestons_a,-33.9421996047,150.8670714794,4864.2589465128,Austral-SW-E
Austral-SW-E-to,1,402,20200814275,10thAv_PrestonsIndustrial_a,-33.9410118447,150.8581734898,5697.4201460374,Austral-SW-E
Austral-SW-E-to,1,402,20200814263,10thAv_CarnesHill_a,-33.9360313244,150.845044866,7115.3599534305,Austral-SW-E
Austral-SW-E-to,1,402,20200814261,10thAv_WestHoxton_a,-33.9342480631,150.8353444034,8304.7206447183,Austral-SW-E
Austral-SW-E-to,1,402,20200814213,Austral-SE-EW,-33.933077706999995,150.8118719874,10851.9191244015,Austral-SW-E
Austral-SW-E-to,1,402,2020081461,Austral-SW-7a,-33.9406785193,150.80184158879996,12612.2832944532,Austral-SW-E
Austral-SW-E-to,1,402,2020081463,Austral-SW-8a,-33.943139001300004,150.799561263,13077.7436249856,Austral-SW-E
Austral-SW-E-to,1,402,2020081449,Austral-SW-1a,-33.9424729875,150.7948585878,13518.9737004954,Austral-SW-E
Austral-SW-E-to,1,402,2020081451,Austral-SW-2a,-33.940590341,150.7928020302,13909.566410665,Austral-SW-E
Austral-SW-E-from,1,378,2020081453,Austral-SW-3a,-33.9363515839,150.7936287159,16171.859676290242,Austral-SW-E
Austral-SW-E-from,1,378,2020081455,Austral-SW-4a,-33.9338853928,150.7964827774,16701.06875497914,Austral-SW-E
Austral-SW-E-from,1,378,2020081457,Austral-SW-5a,-33.934544409000004,150.8012303428,17146.09863417414,Austral-SW-E
Austral-SW-E-from,1,378,2020081459,Austral-SW-6a,-33.9376368333,150.8024130986,17629.51317390014,Austral-SW-E
Austral-SW-E-from,1,378,20200814214,Austral-SE-WE,-33.9330483468,150.8118292817,19692.70435799054,Austral-SW-E
Austral-SW-E-from,1,378,20200814262,10thAv_WestHoxton_b,-33.9342259287,150.83536232169996,22246.64166027294,Austral-SW-E
Austral-SW-E-from,1,378,20200814264,10thAv_CarnesHill_b,-33.9359639627,150.8455352592,23421.28698414654,Austral-SW-E
Austral-SW-E-from,1,378,20200814276,10thAv_PrestonsIndustrial_b,-33.9409881116,150.8582141752,24801.57407398754,Austral-SW-E
Austral-SW-E-from,1,378,20200814266,10thAv_Prestons_b,-33.9422410921,150.8676134086,25681.590984463342,Austral-SW-E
Austral-SW-E-from,1,378,20200814274,10thAv_NexusIndustryPark_b,-33.9441822285,150.881802886,27017.87825812714,Austral-SW-E
Austral-SW-E-from,1,378,20200814268,10thAv_Lurnea_b,-33.9455176307,150.89142699639999,27944.795414731743,Austral-SW-E
Austral-SW-E-from,1,378,20200814272,10thAv_CasulaMall_b,-33.946912830500004,150.9003706425,28794.24736620724,Austral-SW-E
Austral-SW-E-from,1,378,20200814269,10thAv_CasulaStation_a,-33.950015598200004,150.9113921744,30444.462044107342,Austral-SW-E
Austral-SW-N-to,1,104,20200814280,BusinessParkStation_b,-33.8833670638,150.738485555,247.8820314172,Austral-SW-N
Austral-SW-N-to,1,104,20200814282,25thAv_ETway_Interchange_b,-33.8864285919,150.7604154342,2501.7665648726997,Austral-SW-N
Austral-SW-N-to,1,104,20200814278,20thAv_ETway_Interchange_b,-33.8985853558,150.7589480911,3910.9319900525,Austral-SW-N
Austral-SW-N-to,1,104,20200814226,KempsCreek-SW-WE,-33.9009918582,150.77695692059999,5602.212868879399,Austral-SW-N
Austral-SW-N-to,1,104,20200814230,KempsCreek-SE-WE,-33.902114132,150.7882258281,6659.964522137199,Austral-SW-N
Austral-SW-N-to,1,104,20200814224,Austral-NW-NS,-33.9170301477,150.8010174201,9428.2747659976,Austral-SW-N
Austral-SW-N-to,1,104,2020081457,Austral-SW-5a,-33.934544409000004,150.8012303428,12977.8863019247,Austral-SW-N
Austral-SW-N-to,1,104,2020081459,Austral-SW-6a,-33.9376368333,150.8024130986,13461.301085283001,Austral-SW-N
Austral-SW-N-to,1,104,2020081461,Austral-SW-7a,-33.9406785193,150.80184158879996,13804.0660667377,Austral-SW-N
Austral-SW-N-to,1,104,2020081463,Austral-SW-8a,-33.943139001300004,150.799561263,14269.5263972701,Austral-SW-N
Austral-SW-N-to,1,104,2020081449,Austral-SW-1a,-33.9424729875,150.7948585878,14710.7564727799,Austral-SW-N
Austral-SW-N-to,1,104,2020081451,Austral-SW-2a,-33.940590341,150.7928020302,15101.3491829495,Austral-SW-N
Austral-SW-N-to,1,104,2020081453,Austral-SW-3a,-33.9363515839,150.7936287159,15577.7406378959,Austral-SW-N
Austral-SW-N-from,1,80,2020081455,Austral-SW-4a,-33.9338853928,150.7964827774,17013.461741800085,Austral-SW-N
Austral-SW-N-from,1,80,20200814223,Austral-NW-SN,-33.9170282505,150.8010050884,20475.705408018282,Austral-SW-N
Austral-SW-N-from,1,80,20200814229,KempsCreek-SE-EW,-33.9021449793,150.7882643872,23239.991813503984,Austral-SW-N
Austral-SW-N-from,1,80,20200814225,KempsCreek-SW-EW,-33.9009991284,150.7769496504,24301.966462524782,Austral-SW-N
Austral-SW-N-from,1,80,20200814277,20thAv_ETway_Interchange_a,-33.8985989882,150.7589480911,25992.827420175283,Austral-SW-N
Austral-SW-N-from,1,80,20200814281,25thAv_ETway_Interchange_a,-33.8865447221,150.76052100709998,27390.694981593486,Austral-SW-N
Austral-SW-N-from,1,80,20200814279,BusinessParkStation_a,-33.8834322139,150.7384801258,29660.693213941584,Austral-SW-N
Austral-SW-S-to,1,39,20200814358,LeppingtonStation_b,-33.9536052379,150.80825827209998,7.3140223977,Austral-SW-S
Austral-SW-S-to,1,39,2020081449,Austral-SW-1a,-33.9424729875,150.7948585878,2448.5909104465,Austral-SW-S
Austral-SW-S-to,1,39,2020081451,Austral-SW-2a,-33.940590341,150.7928020302,2839.1836206160997,Austral-SW-S
Austral-SW-S-to,1,39,2020081453,Austral-SW-3a,-33.9363515839,150.7936287159,3315.5750780478,Austral-SW-S
Austral-SW-S-to,1,39,2020081455,Austral-SW-4a,-33.9338853928,150.7964827774,3844.7841567367,Austral-SW-S
Austral-SW-S-from,1,42,2020081457,Austral-SW-5a,-33.934544409000004,150.8012303428,4456.325590239366,Austral-SW-S
Austral-SW-S-from,1,42,2020081459,Austral-SW-6a,-33.9376368333,150.8024130986,4939.740129965366,Austral-SW-S
Austral-SW-S-from,1,42,2020081461,Austral-SW-7a,-33.9406785193,150.80184158879996,5282.505111420065,Austral-SW-S
Austral-SW-S-from,1,42,2020081463,Austral-SW-8a,-33.943139001300004,150.799561263,5747.965441952365,Austral-SW-S
Austral-SW-S-from,1,42,20200814357,LeppingtonStation_a,-33.9540455449,150.808130441,8358.542429153165,Austral-SW-S
Austral-SW-W-to,1,41,20200814260,10thAv_AerotropolisSouth_b,-33.9344828308,150.7409651684,47.945026401199996,Austral-SW-W
Austral-SW-W-to,1,41,20200814198,Rossmore-SW-WE,-33.925765732100004,150.7691628403,3802.8348583957,Austral-SW-W
Austral-SW-W-to,1,41,20200814202,Rossmore-SE-WE,-33.9290349884,150.78489125229999,5445.669746080301,Austral-SW-W
Austral-SW-W-to,1,41,2020081453,Austral-SW-3a,-33.9363515839,150.7936287159,7530.164252683101,Austral-SW-W
Austral-SW-W-to,1,41,2020081455,Austral-SW-4a,-33.9338853928,150.7964827774,8059.3733313719995,Austral-SW-W
Austral-SW-W-to,1,41,2020081457,Austral-SW-5a,-33.934544409000004,150.8012303428,8504.4029653236,Austral-SW-W
Austral-SW-W-to,1,41,2020081459,Austral-SW-6a,-33.9376368333,150.8024130986,8987.8177486818,Austral-SW-W
Austral-SW-W-from,1,42,2020081461,Austral-SW-7a,-33.9406785193,150.80184158879996,10042.931482253533,Austral-SW-W
Austral-SW-W-from,1,42,2020081463,Austral-SW-8a,-33.943139001300004,150.799561263,10508.391812785932,Austral-SW-W
Austral-SW-W-from,1,42,2020081449,Austral-SW-1a,-33.9424729875,150.7948585878,10949.621888295733,Austral-SW-W
Austral-SW-W-from,1,42,2020081451,Austral-SW-2a,-33.940590341,150.7928020302,11340.214598465333,Austral-SW-W
Austral-SW-W-from,1,42,20200814201,Rossmore-SE-EW,-33.9290885648,150.7849626874,13381.875714423533,Austral-SW-W
Austral-SW-W-from,1,42,20200814197,Rossmore-SW-EW,-33.9258029635,150.76909665120002,15037.391963411432,Austral-SW-W
Austral-SW-W-from,1,42,20200814259,10thAv_AerotropolisSouth_a,-33.9345914675,150.74087463770002,18794.366585729134,Austral-SW-W
B-AERO-BPRK,1,39,20200814360,B_AerotropolisSouth_b,-33.9204718468,150.7350898651,7.238441874299999,B-AERO-BPRK
B-AERO-BPRK,1,39,20200814303,BTway_BadgerysCreek_a,-33.9034573403,150.7356197997,2684.8402851697,B-AERO-BPRK
B-AERO-BPRK,1,39,20200814279,BusinessParkStation_a,-33.8834322139,150.7384801258,5660.2604543803,B-AERO-BPRK
B-BPRK-AERO,1,40,20200814280,BusinessParkStation_b,-33.8833670638,150.738485555,247.8820314172,B-BPRK-AERO
B-BPRK-AERO,1,40,20200814304,BTway_BadgerysCreek_b,-33.903423366700004,150.7356792535,3214.1859917659003,B-BPRK-AERO
B-BPRK-AERO,1,40,20200814359,B_AerotropolisSouth_a,-33.9204617789,150.73509838409996,5896.903412025601,B-BPRK-AERO
C-STCK-STMR,1,183,20200814354,SouthCreekStation_b,-33.9474910209,150.7570352553,34.0306956331,C-STCK-STMR
C-STCK-STMR,1,183,20200814199,Rossmore-SW-SN,-33.9260553096,150.7693820919,3348.4884899019,C-STCK-STMR
C-STCK-STMR,1,183,20200814195,Rossmore-NW-SN,-33.9127122788,150.7716408299,4846.9021660237,C-STCK-STMR
C-STCK-STMR,1,183,20200814227,KempsCreek-SW-SN,-33.9008908021,150.77715103559999,6518.500293206999,C-STCK-STMR
C-STCK-STMR,1,183,20200814239,KempsCreek-NW-SN,-33.8878244404,150.7771667628,8204.8020496655,C-STCK-STMR
C-STCK-STMR,1,183,20200814325,CTway_ElizabethDrive_a,-33.877289639000004,150.7786755452,9385.9873732769,C-STCK-STMR
C-STCK-STMR,1,183,20200814305,CTway_MetroWestStation_a,-33.8693366129,150.7750977576,10661.695166859101,C-STCK-STMR
C-STCK-STMR,1,183,20200814309,CTway_M12_a,-33.8611149893,150.77733365879996,11623.491351065,C-STCK-STMR
C-STCK-STMR,1,183,20200814307,CTway_MamreRoad_a,-33.842461926700004,150.781039731,13842.0158288498,C-STCK-STMR
C-STCK-STMR,1,183,20200814311,CTway_TrainingAcademy_a,-33.8272876613,150.778970373,15567.346560221498,C-STCK-STMR
C-STCK-STMR,1,183,20200814313,CTway_ErskineParkRoad_a,-33.8172801276,150.7758564209,16736.0856811925,C-STCK-STMR
C-STCK-STMR,1,183,20200814315,CTway_LuddenhamRoad_a,-33.8036286973,150.7694340034,18410.800208444798,C-STCK-STMR
C-STCK-STMR,1,183,20200814317,CTway_BanksDrive_a,-33.7883272933,150.7703188977,20145.020147599298,C-STCK-STMR
C-STCK-STMR,1,183,20200814323,CTway_WilsonOval_a,-33.7776406092,150.7721841882,21344.8708396608,C-STCK-STMR
C-STCK-STMR,1,183,20200814321,CTway_StMarysLibrary_a,-33.7688712124,150.7736533373,22327.230326945803,C-STCK-STMR
C-STCK-STMR,1,183,20200814319,CTway_StMarysStation_a,-33.762579605,150.7763020595,23183.7843437963,C-STCK-STMR
C-STMR-STCK,1,177,20200814320,CTway_StMarysStation_b,-33.7628119754,150.7763125536,16.1034064411,C-STMR-STCK
C-STMR-STCK,1,177,20200814322,CTway_StMarysLibrary_b,-33.7688064026,150.7737289487,861.8715562411,C-STMR-STCK
C-STMR-STCK,1,177,20200814324,CTway_WilsonOval_b,-33.7775932485,150.77221306659996,1846.7594350198,C-STMR-STCK
C-STMR-STCK,1,177,20200814318,CTway_BanksDrive_b,-33.7881825696,150.770419091,3034.0071019131,C-STMR-STCK
C-STMR-STCK,1,177,20200814316,CTway_LuddenhamRoad_b,-33.8033613188,150.7693345138,4755.1147127255,C-STMR-STCK
C-STMR-STCK,1,177,20200814314,CTWay_ErskineParkRoad_b,-33.8179643213,150.7760714532,6536.5083257145,C-STMR-STCK
C-STMR-STCK,1,177,20200814312,CTway_TrainingAcademy_b,-33.827156510500004,150.77892604040002,7611.2268829333,C-STMR-STCK
C-STMR-STCK,1,177,20200814308,CTWay_MamreRoad_b,-33.8423062963,150.7812109244,9334.1685208082,C-STMR-STCK
C-STMR-STCK,1,177,20200814310,CTway_M12_b,-33.8610157133,150.7774726452,11557.214949220801,C-STMR-STCK
C-STMR-STCK,1,177,20200814306,CTway_MetroWestStation_b,-33.8692541104,150.77526076700002,12520.533907486499,C-STMR-STCK
C-STMR-STCK,1,177,20200814326,CTway_ElizabethDrive_b,-33.8772940934,150.7787196416,13807.362490649799,C-STMR-STCK
C-STMR-STCK,1,177,20200814240,KempsCreek-NW-NS,-33.8878248581,150.7771709896,14988.6407494685,C-STMR-STCK
C-STMR-STCK,1,177,20200814228,KempsCreek-SW-NS,-33.9008857129,150.7771612139,16674.236786476,C-STMR-STCK
C-STMR-STCK,1,177,20200814196,Rossmore-NW-NS,-33.9127119275,150.7716446945,18346.4511404658,C-STMR-STCK
C-STMR-STCK,1,177,20200814200,Rossmore-SW-NS,-33.9260098046,150.7694358706,19839.251220211798,C-STMR-STCK
C-STMR-STCK,1,177,20200814353,SouthCreekStation_a,-33.9475883119,150.756946809,23165.961351013102,C-STMR-STCK
D-MTDT-RSMR,1,228,20200814341,DTway_MtDruittStation_a,-33.7698050109,150.81982582950002,24.5034806632,D-MTDT-RSMR
D-MTDT-RSMR,1,228,20200814344,DTway_GreatWesternHighway_b,-33.779058075,150.8145774056,1441.9770817079002,D-MTDT-RSMR
D-MTDT-RSMR,1,228,20200814346,DTway_RoperRoad_b,-33.7867071871,150.8061185881,2722.1445175254003,D-MTDT-RSMR
D-MTDT-RSMR,1,228,20200814350,DTway_SwallowDr_b,-33.7982460519,150.80382820379998,4135.2754292908,D-MTDT-RSMR
D-MTDT-RSMR,1,228,20200814348,DTway_PeppertreeDr_b,-33.802401747,150.7971591916,4906.4444034831,D-MTDT-RSMR
D-MTDT-RSMR,1,228,20200814340,DTway_StClairConnection_b,-33.8061570892,150.7911754937,5600.0637061713,D-MTDT-RSMR
D-MTDT-RSMR,1,228,20200814338,DTway_ErskineParkRoad_b,-33.81238574530001,150.7862122016,6443.627341579399,D-MTDT-RSMR
D-MTDT-RSMR,1,228,20200814336,DTway_LenoreDrive_b,-33.8143384204,150.7927535633,7126.3417506266005,D-MTDT-RSMR
D-MTDT-RSMR,1,228,20200814334,DTway_ServiceRoadConnection_b,-33.8234008519,150.8044597142,9459.0374850242,D-MTDT-RSMR
D-MTDT-RSMR,1,228,20200814352,DTway_KempsCreek_b,-33.8354404552,150.802335729,10809.7872845689,D-MTDT-RSMR
D-MTDT-RSMR,1,228,20200814332,DTway_AldingtonRoad_b,-33.8499170464,150.7974034128,12689.5022567401,D-MTDT-RSMR
D-MTDT-RSMR,1,228,20200814330,DTway_MetroWestStation_b,-33.8671229735,150.794434502,14617.870911280601,D-MTDT-RSMR
D-MTDT-RSMR,1,228,20200814328,DTway_ElizabethDrive_b,-33.8809591529,150.79269224129996,16215.0303589749,D-MTDT-RSMR
D-MTDT-RSMR,1,228,20200814236,KempsCreek-NE-NS,-33.8900407649,150.7909879137,17234.8995205906,D-MTDT-RSMR
D-MTDT-RSMR,1,228,20200814232,KempsCreek-SE-NS,-33.9022555155,150.78866797290002,18606.8338604608,D-MTDT-RSMR
D-MTDT-RSMR,1,228,20200814208,Rossmore-NE-NS,-33.9147165363,150.7861053138,20013.3856324388,D-MTDT-RSMR
D-MTDT-RSMR,1,228,20200814204,Rossmore-SE-NS,-33.9293326348,150.7852662866,21780.8152385659,D-MTDT-RSMR
D-MTDT-RSMR,1,228,20200814355,RossmoreStation_a,-33.9504846533,150.7810758443,24655.1960278304,D-MTDT-RSMR
D-RSMR-MTDT,1,268,20200814356,RossmoreStation_b,-33.950427411199996,150.7811330864,35.5974601593,D-RSMR-MTDT
D-RSMR-MTDT,1,268,20200814203,Rossmore-SE-SN,-33.9293981169,150.7851888986,2912.4577144327004,D-RSMR-MTDT
D-RSMR-MTDT,1,268,20200814207,Rossmore-NE-SN,-33.9147163842,150.7861036407,4688.0937715102,D-RSMR-MTDT
D-RSMR-MTDT,1,268,20200814231,KempsCreek-SE-SN,-33.9022812216,150.78864483749996,6091.4946360227,D-RSMR-MTDT
D-RSMR-MTDT,1,268,20200814235,KempsCreek-NE-SN,-33.8900314785,150.7909824966,7467.5238746863,D-RSMR-MTDT
D-RSMR-MTDT,1,268,20200814327,DTway_ElizabethDrive_a,-33.8809749106,150.79267254409996,8484.4266603748,D-RSMR-MTDT
D-RSMR-MTDT,1,268,20200814329,DTway_MetroWestStation_a,-33.8672020677,150.7943114667,10073.3145515908,D-RSMR-MTDT
D-RSMR-MTDT,1,268,20200814331,DTway_AldingtonRoad_a,-33.849988198,150.7973124968,12002.9807455427,D-RSMR-MTDT
D-RSMR-MTDT,1,268,20200814351,DTway_KempsCreek_a,-33.8354577187,150.8023205371,13889.6151214178,D-RSMR-MTDT
D-RSMR-MTDT,1,268,20200814333,DTway_ServiceRoadConnection_a,-33.8234547736,150.8043852509,15234.1908522701,D-RSMR-MTDT
D-RSMR-MTDT,1,268,20200814335,DTway_LenoreDrive_a,-33.8145138275,150.7927681805,17555.169659324398,D-RSMR-MTDT
D-RSMR-MTDT,1,268,20200814337,DTway_ErskineParkRoad_a,-33.812403837800005,150.78615275479999,18253.5226353602,D-RSMR-MTDT
D-RSMR-MTDT,1,268,20200814339,DTway_StClairConnection_a,-33.806179868899996,150.79107868,19093.2229150893,D-RSMR-MTDT
D-RSMR-MTDT,1,268,20200814347,DTway_PeppertreeDr_a,-33.802458103,150.7969641132,19777.0493403362,D-RSMR-MTDT
D-RSMR-MTDT,1,268,20200814349,DTway_SwallowDr_a,-33.7981020624,150.8036842143,20565.5364578236,D-RSMR-MTDT
D-RSMR-MTDT,1,268,20200814345,DTway_RoperRoad_a,-33.7866781317,150.8060507923,21972.905346409298,D-RSMR-MTDT
D-RSMR-MTDT,1,268,20200814343,DTway_GreatWesternHighway_a,-33.778983159,150.8144011325,23275.741009755602,D-RSMR-MTDT
D-RSMR-MTDT,1,268,20200814342,DTway_MtDruittStation_b,-33.7697908108,150.819848144,24719.9575988454,D-RSMR-MTDT
E-BPRK-LPTN,1,137,20200814280,BusinessParkStation_b,-33.8833670638,150.738485555,247.8820314172,E-BPRK-LPTN
E-BPRK-LPTN,1,137,20200814282,25thAv_ETway_Interchange_b,-33.8864285919,150.7604154342,2501.7665643502,E-BPRK-LPTN
E-BPRK-LPTN,1,137,20200814278,20thAv_ETway_Interchange_b,-33.8985853558,150.7589480911,3910.9319900648998,E-BPRK-LPTN
E-BPRK-LPTN,1,137,20200814226,KempsCreek-SW-WE,-33.9009918582,150.77695692059999,5602.212868879399,E-BPRK-LPTN
E-BPRK-LPTN,1,137,20200814230,KempsCreek-SE-WE,-33.902114132,150.7882258281,6659.9645220061,E-BPRK-LPTN
E-BPRK-LPTN,1,137,20200814220,Austral-NE-NS,-33.9189789888,150.8148766917,10725.8259894791,E-BPRK-LPTN
E-BPRK-LPTN,1,137,20200814216,Austral-SE-NS,-33.933253868,150.8120214573,12331.257817271799,E-BPRK-LPTN
E-BPRK-LPTN,1,137,20200814357,LeppingtonStation_a,-33.9540455449,150.808130441,14767.7843926016,E-BPRK-LPTN
E-LPTN-BPRK,1,135,20200814358,LeppingtonStation_b,-33.9536052379,150.80825827209998,7.3019372299,E-LPTN-BPRK
E-LPTN-BPRK,1,135,20200814215,Austral-SE-SN,-33.9332832281,150.8119840899,2370.5814622455,E-LPTN-BPRK
E-LPTN-BPRK,1,135,20200814219,Austral-NE-SN,-33.9189857288,150.8148680923,3978.9147973782,E-LPTN-BPRK
E-LPTN-BPRK,1,135,20200814229,KempsCreek-SE-EW,-33.9021449793,150.7882643872,8041.6248446384,E-LPTN-BPRK
E-LPTN-BPRK,1,135,20200814225,KempsCreek-SW-EW,-33.9009991284,150.7769496504,9103.5994937598,E-LPTN-BPRK
E-LPTN-BPRK,1,135,20200814277,20thAv_ETway_Interchange_a,-33.8985989882,150.7589480911,10794.4604514215,E-LPTN-BPRK
E-LPTN-BPRK,1,135,20200814281,25thAv_ETway_Interchange_a,-33.8865447221,150.76052100709998,12192.3280121455,E-LPTN-BPRK
E-LPTN-BPRK,1,135,20200814279,BusinessParkStation_a,-33.8834322139,150.7384801258,14462.326245176599,E-LPTN-BPRK
KempsCreek-NE-E-to,1,293,20200814291,ETWay_Cabramatta_a,-33.8951539015,150.93850338200002,23.681002083000003,KempsCreek-NE-E
KempsCreek-NE-E-to,1,293,20200814293,ETway_CabramattaWest_a,-33.899333793400004,150.9218006275,1785.4067560757,KempsCreek-NE-E
KempsCreek-NE-E-to,1,293,20200814295,ETway_TownviewRoad_a,-33.8969491058,150.9126529596,2702.5768445283998,KempsCreek-NE-E
KempsCreek-NE-E-to,1,293,20200814287,ETway_MountPritchard_a,-33.89485316010001,150.9031357264,3633.3629640695003,KempsCreek-NE-E
KempsCreek-NE-E-to,1,293,20200814289,ETway_Bonnyrigg_a,-33.893275058,150.8916244061,4712.5552009564,KempsCreek-NE-E
KempsCreek-NE-E-to,1,293,20200814285,ETway_LPTway_a,-33.8894346824,150.88310527040002,5646.838455374101,KempsCreek-NE-E
KempsCreek-NE-E-to,1,293,20200814297,ETway_BonnyriggHeights_a,-33.8854468556,150.8696643103,6985.7512093795995,KempsCreek-NE-E
KempsCreek-NE-E-to,1,293,20200814300,ETway_CecilHills_a,-33.883727278,150.8574727438,8164.776590234201,KempsCreek-NE-E
KempsCreek-NE-E-to,1,293,20200814301,ETway_CecilRoad_a,-33.8747565834,150.8387649123,10271.1116156395,KempsCreek-NE-E
KempsCreek-NE-E-to,1,293,20200814283,ETway_MamreRoad_a,-33.880601892399994,150.8090608429,13277.1710874658,KempsCreek-NE-E
KempsCreek-NE-E-to,1,293,20200814328,DTway_ElizabethDrive_b,-33.8809591529,150.79269224129996,14836.753982936001,KempsCreek-NE-E
KempsCreek-NE-E-to,1,293,20200814183,KempsCreek-NE-4a,-33.885913179,150.7919007513,15409.0257784251,KempsCreek-NE-E
KempsCreek-NE-E-to,1,293,20200814185,KempsCreek-NE-5a,-33.887610234200004,150.7951700248,15794.851402016202,KempsCreek-NE-E
KempsCreek-NE-E-to,1,293,20200814187,KempsCreek-NE-6a,-33.8907365553,150.7957812267,16174.106646973301,KempsCreek-NE-E
KempsCreek-NE-E-to,1,293,20200814189,KempsCreek-NE-7a,-33.8933560332,150.79375583610002,16548.1282853732,KempsCreek-NE-E
KempsCreek-NE-E-from,1,279,20200814191,KempsCreek-NE-8a,-33.8938743168,150.7900336467,19240.801737726946,KempsCreek-NE-E
KempsCreek-NE-E-from,1,279,20200814177,KempsCreek-NE-1a,-33.8921671489,150.786844086,19619.841163107845,KempsCreek-NE-E
KempsCreek-NE-E-from,1,279,20200814179,KempsCreek-NE-2a,-33.889055006,150.78623894129998,19996.989043540245,KempsCreek-NE-E
KempsCreek-NE-E-from,1,279,20200814181,KempsCreek-NE-3a,-33.886447071999996,150.7882490025,20368.868169792146,KempsCreek-NE-E
KempsCreek-NE-E-from,1,279,20200814327,DTway_ElizabethDrive_a,-33.8809749106,150.79267254409996,21274.847274876643,KempsCreek-NE-E
KempsCreek-NE-E-from,1,279,20200814284,ETway_MamreRoad_b,-33.8804628803,150.8091859539,22853.581560611245,KempsCreek-NE-E
KempsCreek-NE-E-from,1,279,20200814302,ETway_CecilRoad_b,-33.8746762203,150.8388988509,25858.144009974447,KempsCreek-NE-E
KempsCreek-NE-E-from,1,279,20200814299,ETway_CecilHills_b,-33.8835274651,150.8578880411,27980.177747035745,KempsCreek-NE-E
KempsCreek-NE-E-from,1,279,20200814298,ETway_BonnyriggHeights_b,-33.8853638624,150.8698816733,29141.178555855244,KempsCreek-NE-E
KempsCreek-NE-E-from,1,279,20200814286,ETway_LPTway_b,-33.8894283686,150.8831936629,30472.487096364748,KempsCreek-NE-E
KempsCreek-NE-E-from,1,279,20200814290,ETway_Bonnyrigg_b,-33.8932547877,150.8916649466,31383.534078342345,KempsCreek-NE-E
KempsCreek-NE-E-from,1,279,20200814288,ETway_MountPritchard_b,-33.8948067793,150.9032200551,32466.205616608746,KempsCreek-NE-E
KempsCreek-NE-E-from,1,279,20200814296,ETway_TownviewRoad_b,-33.8969404578,150.9126904339,33392.242197522144,KempsCreek-NE-E
KempsCreek-NE-E-from,1,279,20200814294,ETway_CabramattaWest_b,-33.8992627794,150.9218340458,34305.76243612345,KempsCreek-NE-E
KempsCreek-NE-E-from,1,279,20200814292,ETway_Cabramatta_b,-33.8951986512,150.9384586324,35955.105098229644,KempsCreek-NE-E
KempsCreek-NE-N-to,1,189,20200814341,DTway_MtDruittStation_a,-33.7698050109,150.81982582950002,24.5034806632,KempsCreek-NE-N
KempsCreek-NE-N-to,1,189,20200814344,DTway_GreatWesternHighway_b,-33.779058075,150.8145774056,1441.9770817079002,KempsCreek-NE-N
KempsCreek-NE-N-to,1,189,20200814346,DTway_RoperRoad_b,-33.7867071871,150.8061185881,2722.1445175254003,KempsCreek-NE-N
KempsCreek-NE-N-to,1,189,20200814350,DTway_SwallowDr_b,-33.7982460519,150.80382820379998,4135.2754292908,KempsCreek-NE-N
KempsCreek-NE-N-to,1,189,20200814348,DTway_PeppertreeDr_b,-33.802401747,150.7971591916,4906.4444034831,KempsCreek-NE-N
KempsCreek-NE-N-to,1,189,20200814340,DTway_StClairConnection_b,-33.8061570892,150.7911754937,5600.0637061713,KempsCreek-NE-N
KempsCreek-NE-N-to,1,189,20200814338,DTway_ErskineParkRoad_b,-33.81238574530001,150.7862122016,6443.627341579399,KempsCreek-NE-N
KempsCreek-NE-N-to,1,189,20200814336,DTway_LenoreDrive_b,-33.8143384204,150.7927535633,7126.3417506266005,KempsCreek-NE-N
KempsCreek-NE-N-to,1,189,20200814334,DTway_ServiceRoadConnection_b,-33.8234008519,150.8044597142,9459.0374850242,KempsCreek-NE-N
KempsCreek-NE-N-to,1,189,20200814352,DTway_KempsCreek_b,-33.8354404552,150.802335729,10809.7872845689,KempsCreek-NE-N
KempsCreek-NE-N-to,1,189,20200814332,DTway_AldingtonRoad_b,-33.8499170464,150.7974034128,12689.5022567401,KempsCreek-NE-N
KempsCreek-NE-N-to,1,189,20200814330,DTway_MetroWestStation_b,-33.8671229735,150.794434502,14617.870911280601,KempsCreek-NE-N
KempsCreek-NE-N-to,1,189,20200814328,DTway_ElizabethDrive_b,-33.8809591529,150.79269224129996,16215.0303589749,KempsCreek-NE-N
KempsCreek-NE-N-to,1,189,20200814183,KempsCreek-NE-4a,-33.885913179,150.7919007513,16787.302154464,KempsCreek-NE-N
KempsCreek-NE-N-to,1,189,20200814185,KempsCreek-NE-5a,-33.887610234200004,150.7951700248,17173.1277780551,KempsCreek-NE-N
KempsCreek-NE-N-to,1,189,20200814187,KempsCreek-NE-6a,-33.8907365553,150.7957812267,17552.3830230122,KempsCreek-NE-N
KempsCreek-NE-N-to,1,189,20200814189,KempsCreek-NE-7a,-33.8933560332,150.79375583610002,17926.4046614121,KempsCreek-NE-N
KempsCreek-NE-N-from,1,225,20200814191,KempsCreek-NE-8a,-33.8938743168,150.7900336467,17954.865126321845,KempsCreek-NE-N
KempsCreek-NE-N-from,1,225,20200814177,KempsCreek-NE-1a,-33.8921671489,150.786844086,18333.904551702744,KempsCreek-NE-N
KempsCreek-NE-N-from,1,225,20200814179,KempsCreek-NE-2a,-33.889055006,150.78623894129998,18711.052432135144,KempsCreek-NE-N
KempsCreek-NE-N-from,1,225,20200814181,KempsCreek-NE-3a,-33.886447071999996,150.7882490025,19082.931558387045,KempsCreek-NE-N
KempsCreek-NE-N-from,1,225,20200814327,DTway_ElizabethDrive_a,-33.8809749106,150.79267254409996,19988.910663471543,KempsCreek-NE-N
KempsCreek-NE-N-from,1,225,20200814329,DTway_MetroWestStation_a,-33.8672020677,150.7943114667,21577.798554687444,KempsCreek-NE-N
KempsCreek-NE-N-from,1,225,20200814331,DTway_AldingtonRoad_a,-33.849988198,150.7973124968,23507.464748639442,KempsCreek-NE-N
KempsCreek-NE-N-from,1,225,20200814351,DTway_KempsCreek_a,-33.8354577187,150.8023205371,25394.099124514443,KempsCreek-NE-N
KempsCreek-NE-N-from,1,225,20200814333,DTway_ServiceRoadConnection_a,-33.8234547736,150.8043852509,26738.674855366742,KempsCreek-NE-N
KempsCreek-NE-N-from,1,225,20200814335,DTway_LenoreDrive_a,-33.8145138275,150.7927681805,29059.653662421144,KempsCreek-NE-N
KempsCreek-NE-N-from,1,225,20200814337,DTway_ErskineParkRoad_a,-33.812403837800005,150.78615275479999,29758.006638456845,KempsCreek-NE-N
KempsCreek-NE-N-from,1,225,20200814339,DTway_StClairConnection_a,-33.806179868899996,150.79107868,30597.706918185944,KempsCreek-NE-N
KempsCreek-NE-N-from,1,225,20200814347,DTway_PeppertreeDr_a,-33.802458103,150.7969641132,31281.533343432944,KempsCreek-NE-N
KempsCreek-NE-N-from,1,225,20200814349,DTway_SwallowDr_a,-33.7981020624,150.8036842143,32070.02046092024,KempsCreek-NE-N
KempsCreek-NE-N-from,1,225,20200814345,DTway_RoperRoad_a,-33.7866781317,150.8060507923,33477.389349505946,KempsCreek-NE-N
KempsCreek-NE-N-from,1,225,20200814343,DTway_GreatWesternHighway_a,-33.778983159,150.8144011325,34780.225012852345,KempsCreek-NE-N
KempsCreek-NE-N-from,1,225,20200814342,DTway_MtDruittStation_b,-33.7697908108,150.819848144,36224.44160194215,KempsCreek-NE-N
KempsCreek-NE-S-to,1,50,20200814356,RossmoreStation_b,-33.950427411199996,150.7811330864,35.5974601593,KempsCreek-NE-S
KempsCreek-NE-S-to,1,50,20200814203,Rossmore-SE-SN,-33.9293981169,150.7851888986,2912.4584129077,KempsCreek-NE-S
KempsCreek-NE-S-to,1,50,20200814207,Rossmore-NE-SN,-33.9147163842,150.7861036407,4688.0944698768,KempsCreek-NE-S
KempsCreek-NE-S-to,1,50,20200814231,KempsCreek-SE-SN,-33.9022812216,150.78864483749996,6091.4953345343,KempsCreek-NE-S
KempsCreek-NE-S-to,1,50,20200814191,KempsCreek-NE-8a,-33.8938743168,150.7900336467,7050.4544316104,KempsCreek-NE-S
KempsCreek-NE-S-to,1,50,20200814177,KempsCreek-NE-1a,-33.8921671489,150.786844086,7429.4938569913,KempsCreek-NE-S
KempsCreek-NE-S-to,1,50,20200814179,KempsCreek-NE-2a,-33.889055006,150.78623894129998,7806.6417374237,KempsCreek-NE-S
KempsCreek-NE-S-from,1,48,20200814183,KempsCreek-NE-4a,-33.885913179,150.7919007513,8023.042862471145,KempsCreek-NE-S
KempsCreek-NE-S-to,1,50,20200814181,KempsCreek-NE-3a,-33.886447071999996,150.7882490025,8178.520863675601,KempsCreek-NE-S
KempsCreek-NE-S-from,1,48,20200814185,KempsCreek-NE-5a,-33.887610234200004,150.7951700248,8408.868486062245,KempsCreek-NE-S
KempsCreek-NE-S-from,1,48,20200814187,KempsCreek-NE-6a,-33.8907365553,150.7957812267,8788.123731019245,KempsCreek-NE-S
KempsCreek-NE-S-from,1,48,20200814189,KempsCreek-NE-7a,-33.8933560332,150.79375583610002,9162.145369419244,KempsCreek-NE-S
KempsCreek-NE-S-from,1,48,20200814232,KempsCreek-SE-NS,-33.9022555155,150.78866797290002,10459.876858960844,KempsCreek-NE-S
KempsCreek-NE-S-from,1,48,20200814208,Rossmore-NE-NS,-33.9147165363,150.7861053138,11866.425508581144,KempsCreek-NE-S
KempsCreek-NE-S-from,1,48,20200814204,Rossmore-SE-NS,-33.9293326348,150.7852662866,13633.855114658043,KempsCreek-NE-S
KempsCreek-NE-S-from,1,48,20200814355,RossmoreStation_a,-33.9504846533,150.7810758443,16508.235904208144,KempsCreek-NE-S
KempsCreek-NE-W-to,1,26,20200814280,BusinessParkStation_b,-33.8833670638,150.738485555,247.8820314172,KempsCreek-NE-W
KempsCreek-NE-W-to,1,26,20200814282,25thAv_ETway_Interchange_b,-33.8864285919,150.7604154342,2501.7665648726997,KempsCreek-NE-W
KempsCreek-NE-W-to,1,26,20200814238,KempsCreek-NW-WE,-33.8879571925,150.7769522291,4150.6828566964,KempsCreek-NE-W
KempsCreek-NE-W-to,1,26,20200814179,KempsCreek-NE-2a,-33.889055006,150.78623894129998,5038.8704534121,KempsCreek-NE-W
KempsCreek-NE-W-to,1,26,20200814181,KempsCreek-NE-3a,-33.886447071999996,150.7882490025,5410.7495796640005,KempsCreek-NE-W
KempsCreek-NE-W-to,1,26,20200814183,KempsCreek-NE-4a,-33.885913179,150.7919007513,5781.7620872642,KempsCreek-NE-W
KempsCreek-NE-W-to,1,26,20200814185,KempsCreek-NE-5a,-33.887610234200004,150.7951700248,6167.5877108554005,KempsCreek-NE-W
KempsCreek-NE-W-from,1,25,20200814187,KempsCreek-NE-6a,-33.8907365553,150.7957812267,7419.270420810628,KempsCreek-NE-W
KempsCreek-NE-W-from,1,25,20200814189,KempsCreek-NE-7a,-33.8933560332,150.79375583610002,7793.292059210628,KempsCreek-NE-W
KempsCreek-NE-W-from,1,25,20200814191,KempsCreek-NE-8a,-33.8938743168,150.7900336467,8170.113650532929,KempsCreek-NE-W
KempsCreek-NE-W-from,1,25,20200814177,KempsCreek-NE-1a,-33.8921671489,150.786844086,8549.153075913828,KempsCreek-NE-W
KempsCreek-NE-W-from,1,25,20200814237,KempsCreek-NW-EW,-33.8879607334,150.7769515628,9774.656574516128,KempsCreek-NE-W
KempsCreek-NE-W-from,1,25,20200814281,25thAv_ETway_Interchange_a,-33.8865447221,150.76052100709998,11412.061130500828,KempsCreek-NE-W
KempsCreek-NE-W-from,1,25,20200814279,BusinessParkStation_a,-33.8834322139,150.7384801258,13682.05936284893,KempsCreek-NE-W
KempsCreek-NW-E-to,1,301,20200814291,ETWay_Cabramatta_a,-33.8951539015,150.93850338200002,23.681002083000003,KempsCreek-NW-E
KempsCreek-NW-E-to,1,301,20200814293,ETway_CabramattaWest_a,-33.899333793400004,150.9218006275,1785.4067560757,KempsCreek-NW-E
KempsCreek-NW-E-to,1,301,20200814295,ETway_TownviewRoad_a,-33.8969491058,150.9126529596,2702.5768445283998,KempsCreek-NW-E
KempsCreek-NW-E-to,1,301,20200814287,ETway_MountPritchard_a,-33.89485316010001,150.9031357264,3633.3629640695003,KempsCreek-NW-E
KempsCreek-NW-E-to,1,301,20200814289,ETway_Bonnyrigg_a,-33.893275058,150.8916244061,4712.5552009564,KempsCreek-NW-E
KempsCreek-NW-E-to,1,301,20200814285,ETway_LPTway_a,-33.8894346824,150.88310527040002,5646.838455374101,KempsCreek-NW-E
KempsCreek-NW-E-to,1,301,20200814297,ETway_BonnyriggHeights_a,-33.8854468556,150.8696643103,6985.7512093795995,KempsCreek-NW-E
KempsCreek-NW-E-to,1,301,20200814300,ETway_CecilHills_a,-33.883727278,150.8574727438,8164.776590234201,KempsCreek-NW-E
KempsCreek-NW-E-to,1,301,20200814301,ETway_CecilRoad_a,-33.8747565834,150.8387649123,10271.1116156395,KempsCreek-NW-E
KempsCreek-NW-E-to,1,301,20200814283,ETway_MamreRoad_a,-33.880601892399994,150.8090608429,13277.1710874658,KempsCreek-NW-E
KempsCreek-NW-E-to,1,301,20200814328,DTway_ElizabethDrive_b,-33.8809591529,150.79269224129996,14836.753982936001,KempsCreek-NW-E
KempsCreek-NW-E-to,1,301,20200814233,KempsCreek-NE-EW,-33.8898777318,150.7908531487,15855.1145053711,KempsCreek-NW-E
KempsCreek-NW-E-to,1,301,20200814175,KempsCreek-NW-8a,-33.888825948400005,150.7819104562,16710.8524119139,KempsCreek-NW-E
KempsCreek-NW-E-to,1,301,20200814173,KempsCreek-NW-7a,-33.8914372108,150.7799050441,17082.878350215902,KempsCreek-NW-E
KempsCreek-NW-E-to,1,301,20200814162,KempsCreek-NW-1b,-33.8919627665,150.77616166339996,17461.9765963474,KempsCreek-NW-E
KempsCreek-NW-E-to,1,301,20200814164,KempsCreek-NW-2b,-33.8902723407,150.7729892629,17838.7299712344,KempsCreek-NW-E
KempsCreek-NW-E-from,1,286,20200814165,KempsCreek-NW-3a,-33.8871608071,150.7723713623,20643.213155126552,KempsCreek-NW-E
KempsCreek-NW-E-from,1,286,20200814167,KempsCreek-NW-4a,-33.8845172181,150.7744104405,21020.47890632455,KempsCreek-NW-E
KempsCreek-NW-E-from,1,286,20200814170,KempsCreek-NW-5b,-33.8840025964,150.7780291343,21387.65277747355,KempsCreek-NW-E
KempsCreek-NW-E-from,1,286,20200814171,KempsCreek-NW-6a,-33.885691977,150.7812905584,21772.286119105054,KempsCreek-NW-E
KempsCreek-NW-E-from,1,286,20200814234,KempsCreek-NE-WE,-33.889866902,150.7908608198,22968.439610636553,KempsCreek-NW-E
KempsCreek-NW-E-from,1,286,20200814327,DTway_ElizabethDrive_a,-33.8809749106,150.79267254409996,23984.263877784455,KempsCreek-NW-E
KempsCreek-NW-E-from,1,286,20200814284,ETway_MamreRoad_b,-33.8804628803,150.8091859539,25562.998163519052,KempsCreek-NW-E
KempsCreek-NW-E-from,1,286,20200814302,ETway_CecilRoad_b,-33.8746762203,150.8388988509,28567.560612882255,KempsCreek-NW-E
KempsCreek-NW-E-from,1,286,20200814299,ETway_CecilHills_b,-33.8835274651,150.8578880411,30689.594349943553,KempsCreek-NW-E
KempsCreek-NW-E-from,1,286,20200814298,ETway_BonnyriggHeights_b,-33.8853638624,150.8698816733,31850.595158763153,KempsCreek-NW-E
KempsCreek-NW-E-from,1,286,20200814286,ETway_LPTway_b,-33.8894283686,150.8831936629,33181.90369927255,KempsCreek-NW-E
KempsCreek-NW-E-from,1,286,20200814290,ETway_Bonnyrigg_b,-33.8932547877,150.8916649466,34092.95068125025,KempsCreek-NW-E
KempsCreek-NW-E-from,1,286,20200814288,ETway_MountPritchard_b,-33.8948067793,150.9032200551,35175.622219516656,KempsCreek-NW-E
KempsCreek-NW-E-from,1,286,20200814296,ETway_TownviewRoad_b,-33.8969404578,150.9126904339,36101.65880043005,KempsCreek-NW-E
KempsCreek-NW-E-from,1,286,20200814294,ETway_CabramattaWest_b,-33.8992627794,150.9218340458,37015.179039031354,KempsCreek-NW-E
KempsCreek-NW-E-from,1,286,20200814292,ETway_Cabramatta_b,-33.8951986512,150.9384586324,38664.52170113755,KempsCreek-NW-E
KempsCreek-NW-N-to,1,138,20200814320,CTway_StMarysStation_b,-33.7628119754,150.7763125536,16.1034064411,KempsCreek-NW-N
KempsCreek-NW-N-to,1,138,20200814322,CTway_StMarysLibrary_b,-33.7688064026,150.7737289487,861.8715562411,KempsCreek-NW-N
KempsCreek-NW-N-to,1,138,20200814324,CTway_WilsonOval_b,-33.7775932485,150.77221306659996,1846.7594350198,KempsCreek-NW-N
KempsCreek-NW-N-to,1,138,20200814318,CTway_BanksDrive_b,-33.7881825696,150.770419091,3034.0071019131,KempsCreek-NW-N
KempsCreek-NW-N-to,1,138,20200814316,CTway_LuddenhamRoad_b,-33.8033613188,150.7693345138,4755.1147127255,KempsCreek-NW-N
KempsCreek-NW-N-to,1,138,20200814314,CTWay_ErskineParkRoad_b,-33.8179643213,150.7760714532,6536.5083257145,KempsCreek-NW-N
KempsCreek-NW-N-to,1,138,20200814312,CTway_TrainingAcademy_b,-33.827156510500004,150.77892604040002,7611.2268829333,KempsCreek-NW-N
KempsCreek-NW-N-to,1,138,20200814308,CTWay_MamreRoad_b,-33.8423062963,150.7812109244,9334.1685208082,KempsCreek-NW-N
KempsCreek-NW-N-to,1,138,20200814310,CTway_M12_b,-33.8610157133,150.7774726452,11557.214949220801,KempsCreek-NW-N
KempsCreek-NW-N-to,1,138,20200814306,CTway_MetroWestStation_b,-33.8692541104,150.77526076700002,12520.533907486499,KempsCreek-NW-N
KempsCreek-NW-N-to,1,138,20200814326,CTway_ElizabethDrive_b,-33.8772940934,150.7787196416,13807.361138178101,KempsCreek-NW-N
KempsCreek-NW-N-to,1,138,20200814170,KempsCreek-NW-5b,-33.8840025964,150.7780291343,14575.3697586585,KempsCreek-NW-N
KempsCreek-NW-N-from,1,143,20200814162,KempsCreek-NW-1b,-33.8919627665,150.77616166339996,14830.144910703111,KempsCreek-NW-N
KempsCreek-NW-N-to,1,138,20200814171,KempsCreek-NW-6a,-33.885691977,150.7812905584,14960.00310029,KempsCreek-NW-N
KempsCreek-NW-N-from,1,143,20200814164,KempsCreek-NW-2b,-33.8902723407,150.7729892629,15206.89828559011,KempsCreek-NW-N
KempsCreek-NW-N-to,1,138,20200814175,KempsCreek-NW-8a,-33.888825948400005,150.7819104562,15340.3599958028,KempsCreek-NW-N
KempsCreek-NW-N-from,1,143,20200814165,KempsCreek-NW-3a,-33.8871608071,150.7723713623,15584.64667208371,KempsCreek-NW-N
KempsCreek-NW-N-to,1,138,20200814173,KempsCreek-NW-7a,-33.8914372108,150.7799050441,15712.3859341047,KempsCreek-NW-N
KempsCreek-NW-N-from,1,143,20200814167,KempsCreek-NW-4a,-33.8845172181,150.7744104405,15961.91242328161,KempsCreek-NW-N
KempsCreek-NW-N-from,1,143,20200814325,CTway_ElizabethDrive_a,-33.877289639000004,150.7786755452,17061.83193038511,KempsCreek-NW-N
KempsCreek-NW-N-from,1,143,20200814305,CTway_MetroWestStation_a,-33.8693366129,150.7750977576,18337.539723967413,KempsCreek-NW-N
KempsCreek-NW-N-from,1,143,20200814309,CTway_M12_a,-33.8611149893,150.77733365879996,19299.335908173212,KempsCreek-NW-N
KempsCreek-NW-N-from,1,143,20200814307,CTway_MamreRoad_a,-33.842461926700004,150.781039731,21517.860385958113,KempsCreek-NW-N
KempsCreek-NW-N-from,1,143,20200814311,CTway_TrainingAcademy_a,-33.8272876613,150.778970373,23243.19111732981,KempsCreek-NW-N
KempsCreek-NW-N-from,1,143,20200814313,CTway_ErskineParkRoad_a,-33.8172801276,150.7758564209,24411.93023830081,KempsCreek-NW-N
KempsCreek-NW-N-from,1,143,20200814315,CTway_LuddenhamRoad_a,-33.8036286973,150.7694340034,26086.64476555301,KempsCreek-NW-N
KempsCreek-NW-N-from,1,143,20200814317,CTway_BanksDrive_a,-33.7883272933,150.7703188977,27820.86470470761,KempsCreek-NW-N
KempsCreek-NW-N-from,1,143,20200814323,CTway_WilsonOval_a,-33.7776406092,150.7721841882,29020.71539676901,KempsCreek-NW-N
KempsCreek-NW-N-from,1,143,20200814321,CTway_StMarysLibrary_a,-33.7688712124,150.7736533373,30003.07488405401,KempsCreek-NW-N
KempsCreek-NW-N-from,1,143,20200814319,CTway_StMarysStation_a,-33.762579605,150.7763020595,30859.628900904514,KempsCreek-NW-N
KempsCreek-NW-S-to,1,35,20200814354,SouthCreekStation_b,-33.9474910209,150.7570352553,34.0306956331,KempsCreek-NW-S
KempsCreek-NW-S-to,1,35,20200814199,Rossmore-SW-SN,-33.9260553096,150.7693820919,3348.4884899071003,KempsCreek-NW-S
KempsCreek-NW-S-to,1,35,20200814195,Rossmore-NW-SN,-33.9127122788,150.7716408299,4846.902166021,KempsCreek-NW-S
KempsCreek-NW-S-to,1,35,20200814227,KempsCreek-SW-SN,-33.9008908021,150.77715103559999,6518.5002932065,KempsCreek-NW-S
KempsCreek-NW-S-to,1,35,20200814162,KempsCreek-NW-1b,-33.8919627665,150.77616166339996,7754.3930697078,KempsCreek-NW-S
KempsCreek-NW-S-to,1,35,20200814164,KempsCreek-NW-2b,-33.8902723407,150.7729892629,8131.1464445947995,KempsCreek-NW-S
KempsCreek-NW-S-to,1,35,20200814165,KempsCreek-NW-3a,-33.8871608071,150.7723713623,8508.894831088399,KempsCreek-NW-S
KempsCreek-NW-S-from,1,36,20200814170,KempsCreek-NW-5b,-33.8840025964,150.7780291343,8851.376104455909,KempsCreek-NW-S
KempsCreek-NW-S-to,1,35,20200814167,KempsCreek-NW-4a,-33.8845172181,150.7744104405,8886.1605822863,KempsCreek-NW-S
KempsCreek-NW-S-from,1,36,20200814171,KempsCreek-NW-6a,-33.885691977,150.7812905584,9236.009446087408,KempsCreek-NW-S
KempsCreek-NW-S-from,1,36,20200814175,KempsCreek-NW-8a,-33.888825948400005,150.7819104562,9616.366341600109,KempsCreek-NW-S
KempsCreek-NW-S-from,1,36,20200814173,KempsCreek-NW-7a,-33.8914372108,150.7799050441,9988.392279902007,KempsCreek-NW-S
KempsCreek-NW-S-from,1,36,20200814228,KempsCreek-SW-NS,-33.9008857129,150.7771612139,11567.561640323609,KempsCreek-NW-S
KempsCreek-NW-S-from,1,36,20200814196,Rossmore-NW-NS,-33.9127119275,150.7716446945,13239.775997530709,KempsCreek-NW-S
KempsCreek-NW-S-from,1,36,20200814200,Rossmore-SW-NS,-33.9260098046,150.7694358706,14732.576077284008,KempsCreek-NW-S
KempsCreek-NW-S-from,1,36,20200814353,SouthCreekStation_a,-33.9475883119,150.756946809,18059.28620808111,KempsCreek-NW-S
KempsCreek-NW-W-to,1,19,20200814280,BusinessParkStation_b,-33.8833670638,150.738485555,247.8820314172,KempsCreek-NW-W
KempsCreek-NW-W-to,1,19,20200814282,25thAv_ETway_Interchange_b,-33.8864285919,150.7604154342,2501.7665648726997,KempsCreek-NW-W
KempsCreek-NW-W-to,1,19,20200814165,KempsCreek-NW-3a,-33.8871608071,150.7723713623,3736.5985190512,KempsCreek-NW-W
KempsCreek-NW-W-to,1,19,20200814167,KempsCreek-NW-4a,-33.8845172181,150.7744104405,4113.8642702491,KempsCreek-NW-W
KempsCreek-NW-W-to,1,19,20200814170,KempsCreek-NW-5b,-33.8840025964,150.7780291343,4481.0381413982,KempsCreek-NW-W
KempsCreek-NW-W-to,1,19,20200814171,KempsCreek-NW-6a,-33.885691977,150.7812905584,4865.6714830297,KempsCreek-NW-W
KempsCreek-NW-W-from,1,19,20200814175,KempsCreek-NW-8a,-33.888825948400005,150.7819104562,5865.525556183791,KempsCreek-NW-W
KempsCreek-NW-W-from,1,19,20200814173,KempsCreek-NW-7a,-33.8914372108,150.7799050441,6237.551494485691,KempsCreek-NW-W
KempsCreek-NW-W-from,1,19,20200814162,KempsCreek-NW-1b,-33.8919627665,150.77616166339996,6616.649740617291,KempsCreek-NW-W
KempsCreek-NW-W-from,1,19,20200814164,KempsCreek-NW-2b,-33.8902723407,150.7729892629,6993.403115504291,KempsCreek-NW-W
KempsCreek-NW-W-from,1,19,20200814281,25thAv_ETway_Interchange_a,-33.8865447221,150.76052100709998,8557.818140929492,KempsCreek-NW-W
KempsCreek-NW-W-from,1,19,20200814279,BusinessParkStation_a,-33.8834322139,150.7384801258,10827.81637327759,KempsCreek-NW-W
KempsCreek-SE-E-to,1,287,20200814241,15thAv_LiverpoolStation_a,-33.9229589158,150.926652438,20.871406078299998,KempsCreek-SE-E
KempsCreek-SE-E-to,1,287,20200814244,15thAv-BrickmakersTway_b,-33.9280104982,150.9102681745,1927.6655359613,KempsCreek-SE-E
KempsCreek-SE-E-to,1,287,20200814246,15thAv_MaxwellsTway_b,-33.9265808476,150.898368081,3042.12045841,KempsCreek-SE-E
KempsCreek-SE-E-to,1,287,20200814248,15thAv_AshTway_b,-33.927846709899995,150.8820714551,4562.5231306009,KempsCreek-SE-E
KempsCreek-SE-E-to,1,287,20200814250,15thAv_MillerTway_b,-33.9273033547,150.8713840906,5559.3422203379005,KempsCreek-SE-E
KempsCreek-SE-E-to,1,287,20200814251,15thAv_HoxtonPark_a,-33.9266754507,150.8581175471,6808.219492958199,KempsCreek-SE-E
KempsCreek-SE-E-to,1,287,20200814253,15thAv_MiddletonGrange_a,-33.9222476604,150.8396292901,8696.1135498667,KempsCreek-SE-E
KempsCreek-SE-E-to,1,287,20200814217,Austral-NE-EW,-33.9187794474,150.81478074950002,11026.0886859796,KempsCreek-SE-E
KempsCreek-SE-E-to,1,287,20200814222,Austral-NW-EW,-33.9169063557,150.80124081489996,12295.4378205834,KempsCreek-SE-E
KempsCreek-SE-E-to,1,287,20200814141,KempsCreek-SE-7a,-33.9054787299,150.7934747039,14828.038610175501,KempsCreek-SE-E
KempsCreek-SE-E-to,1,287,20200814143,KempsCreek-SE-8a,-33.9063558876,150.7892290726,15353.666164401799,KempsCreek-SE-E
KempsCreek-SE-E-to,1,287,20200814129,KempsCreek-SE-1a,-33.9059754968,150.78597386290002,16235.993078809899,KempsCreek-SE-E
KempsCreek-SE-E-to,1,287,20200814131,KempsCreek-SE-2a,-33.9041061723,150.7822152999,16761.3591125249,KempsCreek-SE-E
KempsCreek-SE-E-from,1,275,20200814133,KempsCreek-SE-3a,-33.8988070073,150.7831190576,19560.531420504223,KempsCreek-SE-E
KempsCreek-SE-E-from,1,275,20200814135,KempsCreek-SE-4a,-33.8980060449,150.78818286129996,20161.172348320626,KempsCreek-SE-E
KempsCreek-SE-E-from,1,275,20200814137,KempsCreek-SE-5a,-33.898565213699996,150.7929751884,20663.416217997426,KempsCreek-SE-E
KempsCreek-SE-E-from,1,275,20200814140,KempsCreek-SE-6b,-33.9014246379,150.7942170318,21111.415612138826,KempsCreek-SE-E
KempsCreek-SE-E-from,1,275,20200814221,Austral-NW-WE,-33.9168907038,150.8012431864,23502.375454592624,KempsCreek-SE-E
KempsCreek-SE-E-from,1,275,20200814218,Austral-NE-WE,-33.9187749343,150.81477849290002,24771.509220425927,KempsCreek-SE-E
KempsCreek-SE-E-from,1,275,20200814254,15thAv_MiddletonGrange_b,-33.922206732199996,150.83964293280002,27102.282526731826,KempsCreek-SE-E
KempsCreek-SE-E-from,1,275,20200814252,15thAv_HoxtonPark_b,-33.926374513,150.8607374752,29223.933203051125,KempsCreek-SE-E
KempsCreek-SE-E-from,1,275,20200814249,15thAv_MillerTway_a,-33.9269647039,150.87097446499996,30187.561899915527,KempsCreek-SE-E
KempsCreek-SE-E-from,1,275,20200814247,15thAv_AshTway_a,-33.9275354765,150.8832335975,31333.244065001723,KempsCreek-SE-E
KempsCreek-SE-E-from,1,275,20200814245,15thAv_MaxwellsTway_a,-33.9263351743,150.8992312574,32824.49974389972,KempsCreek-SE-E
KempsCreek-SE-E-from,1,275,20200814243,15thAv_BrickmakersTway_a,-33.9278430218,150.91032024700002,33863.77453029263,KempsCreek-SE-E
KempsCreek-SE-E-from,1,275,20200814242,15thAv_LiverpoolStation_b,-33.923102999,150.92683215989996,35714.937151140424,KempsCreek-SE-E
KempsCreek-SE-N-to,1,197,20200814341,DTway_MtDruittStation_a,-33.7698050109,150.81982582950002,24.5034806632,KempsCreek-SE-N
KempsCreek-SE-N-to,1,197,20200814344,DTway_GreatWesternHighway_b,-33.779058075,150.8145774056,1441.9770817079002,KempsCreek-SE-N
KempsCreek-SE-N-to,1,197,20200814346,DTway_RoperRoad_b,-33.7867071871,150.8061185881,2722.1445175254003,KempsCreek-SE-N
KempsCreek-SE-N-to,1,197,20200814350,DTway_SwallowDr_b,-33.7982460519,150.80382820379998,4135.2754292908,KempsCreek-SE-N
KempsCreek-SE-N-to,1,197,20200814348,DTway_PeppertreeDr_b,-33.802401747,150.7971591916,4906.4444034831,KempsCreek-SE-N
KempsCreek-SE-N-to,1,197,20200814340,DTway_StClairConnection_b,-33.8061570892,150.7911754937,5600.0637061713,KempsCreek-SE-N
KempsCreek-SE-N-to,1,197,20200814338,DTway_ErskineParkRoad_b,-33.81238574530001,150.7862122016,6443.627341579399,KempsCreek-SE-N
KempsCreek-SE-N-to,1,197,20200814336,DTway_LenoreDrive_b,-33.8143384204,150.7927535633,7126.3417506266005,KempsCreek-SE-N
KempsCreek-SE-N-to,1,197,20200814334,DTway_ServiceRoadConnection_b,-33.8234008519,150.8044597142,9459.0374850242,KempsCreek-SE-N
KempsCreek-SE-N-to,1,197,20200814352,DTway_KempsCreek_b,-33.8354404552,150.802335729,10809.7872845689,KempsCreek-SE-N
KempsCreek-SE-N-to,1,197,20200814332,DTway_AldingtonRoad_b,-33.8499170464,150.7974034128,12689.5022567401,KempsCreek-SE-N
KempsCreek-SE-N-to,1,197,20200814330,DTway_MetroWestStation_b,-33.8671229735,150.794434502,14617.870911280601,KempsCreek-SE-N
KempsCreek-SE-N-to,1,197,20200814328,DTway_ElizabethDrive_b,-33.8809591529,150.79269224129996,16215.0303589749,KempsCreek-SE-N
KempsCreek-SE-N-to,1,197,20200814236,KempsCreek-NE-NS,-33.8900407649,150.7909879137,17234.8995205912,KempsCreek-SE-N
KempsCreek-SE-N-to,1,197,20200814137,KempsCreek-SE-5a,-33.898565213699996,150.7929751884,18456.162703466,KempsCreek-SE-N
KempsCreek-SE-N-to,1,197,20200814140,KempsCreek-SE-6b,-33.9014246379,150.7942170318,18904.1620976074,KempsCreek-SE-N
KempsCreek-SE-N-to,1,197,20200814141,KempsCreek-SE-7a,-33.9054787299,150.7934747039,19359.093040983,KempsCreek-SE-N
KempsCreek-SE-N-to,1,197,20200814143,KempsCreek-SE-8a,-33.9063558876,150.7892290726,19884.7205952093,KempsCreek-SE-N
KempsCreek-SE-N-from,1,235,20200814129,KempsCreek-SE-1a,-33.9059754968,150.78597386290002,20241.587729725557,KempsCreek-SE-N
KempsCreek-SE-N-from,1,235,20200814131,KempsCreek-SE-2a,-33.9041061723,150.7822152999,20766.953763440557,KempsCreek-SE-N
KempsCreek-SE-N-from,1,235,20200814133,KempsCreek-SE-3a,-33.8988070073,150.7831190576,21360.722622371257,KempsCreek-SE-N
KempsCreek-SE-N-from,1,235,20200814135,KempsCreek-SE-4a,-33.8980060449,150.78818286129996,21961.363550187656,KempsCreek-SE-N
KempsCreek-SE-N-from,1,235,20200814235,KempsCreek-NE-SN,-33.8900314785,150.7909824966,22965.370603380958,KempsCreek-SE-N
KempsCreek-SE-N-from,1,235,20200814327,DTway_ElizabethDrive_a,-33.8809749106,150.79267254409996,23982.273389069556,KempsCreek-SE-N
KempsCreek-SE-N-from,1,235,20200814329,DTway_MetroWestStation_a,-33.8672020677,150.7943114667,25571.161280285458,KempsCreek-SE-N
KempsCreek-SE-N-from,1,235,20200814331,DTway_AldingtonRoad_a,-33.849988198,150.7973124968,27500.827474237354,KempsCreek-SE-N
KempsCreek-SE-N-from,1,235,20200814351,DTway_KempsCreek_a,-33.8354577187,150.8023205371,29387.461850112457,KempsCreek-SE-N
KempsCreek-SE-N-from,1,235,20200814333,DTway_ServiceRoadConnection_a,-33.8234547736,150.8043852509,30732.037580964756,KempsCreek-SE-N
KempsCreek-SE-N-from,1,235,20200814335,DTway_LenoreDrive_a,-33.8145138275,150.7927681805,33053.01638801905,KempsCreek-SE-N
KempsCreek-SE-N-from,1,235,20200814337,DTway_ErskineParkRoad_a,-33.812403837800005,150.78615275479999,33751.36936405486,KempsCreek-SE-N
KempsCreek-SE-N-from,1,235,20200814339,DTway_StClairConnection_a,-33.806179868899996,150.79107868,34591.06964378396,KempsCreek-SE-N
KempsCreek-SE-N-from,1,235,20200814347,DTway_PeppertreeDr_a,-33.802458103,150.7969641132,35274.896069030954,KempsCreek-SE-N
KempsCreek-SE-N-from,1,235,20200814349,DTway_SwallowDr_a,-33.7981020624,150.8036842143,36063.38318651826,KempsCreek-SE-N
KempsCreek-SE-N-from,1,235,20200814345,DTway_RoperRoad_a,-33.7866781317,150.8060507923,37470.752075103956,KempsCreek-SE-N
KempsCreek-SE-N-from,1,235,20200814343,DTway_GreatWesternHighway_a,-33.778983159,150.8144011325,38773.58773845025,KempsCreek-SE-N
KempsCreek-SE-N-from,1,235,20200814342,DTway_MtDruittStation_b,-33.7697908108,150.819848144,40217.804327540056,KempsCreek-SE-N
KempsCreek-SE-S-to,1,46,20200814356,RossmoreStation_b,-33.950427411199996,150.7811330864,35.5974601593,KempsCreek-SE-S
KempsCreek-SE-S-to,1,46,20200814203,Rossmore-SE-SN,-33.9293981169,150.7851888986,2912.4578793503,KempsCreek-SE-S
KempsCreek-SE-S-to,1,46,20200814207,Rossmore-NE-SN,-33.9147163842,150.7861036407,4688.0939364863,KempsCreek-SE-S
KempsCreek-SE-S-to,1,46,20200814129,KempsCreek-SE-1a,-33.9059754968,150.78597386290002,5823.2968602641,KempsCreek-SE-S
KempsCreek-SE-S-to,1,46,20200814131,KempsCreek-SE-2a,-33.9041061723,150.7822152999,6348.662893979201,KempsCreek-SE-S
KempsCreek-SE-S-to,1,46,20200814133,KempsCreek-SE-3a,-33.8988070073,150.7831190576,6942.4317529099,KempsCreek-SE-S
KempsCreek-SE-S-to,1,46,20200814135,KempsCreek-SE-4a,-33.8980060449,150.78818286129996,7543.0726807263,KempsCreek-SE-S
KempsCreek-SE-S-from,1,40,20200814137,KempsCreek-SE-5a,-33.898565213699996,150.7929751884,7720.319776065052,KempsCreek-SE-S
KempsCreek-SE-S-from,1,40,20200814140,KempsCreek-SE-6b,-33.9014246379,150.7942170318,8168.319170206451,KempsCreek-SE-S
KempsCreek-SE-S-from,1,40,20200814141,KempsCreek-SE-7a,-33.9054787299,150.7934747039,8623.250113582051,KempsCreek-SE-S
KempsCreek-SE-S-from,1,40,20200814143,KempsCreek-SE-8a,-33.9063558876,150.7892290726,9148.877667808352,KempsCreek-SE-S
KempsCreek-SE-S-from,1,40,20200814208,Rossmore-NE-NS,-33.9147165363,150.7861053138,10215.721756603052,KempsCreek-SE-S
KempsCreek-SE-S-from,1,40,20200814204,Rossmore-SE-NS,-33.9293326348,150.7852662866,11983.151362679951,KempsCreek-SE-S
KempsCreek-SE-S-from,1,40,20200814355,RossmoreStation_a,-33.9504846533,150.7810758443,14857.522361970052,KempsCreek-SE-S
KempsCreek-SE-W-to,1,23,20200814257,AerotropolisStation_a,-33.9204971934,150.7367745059,22.032113392,KempsCreek-SE-W
KempsCreek-SE-W-to,1,23,20200814256,15thAv_Bringelly_b,-33.9101853275,150.7459844104,1939.6769209922,KempsCreek-SE-W
KempsCreek-SE-W-to,1,23,20200814278,20thAv_ETway_Interchange_b,-33.8985853558,150.7589480911,4394.1219487248,KempsCreek-SE-W
KempsCreek-SE-W-to,1,23,20200814226,KempsCreek-SW-WE,-33.9009918582,150.77695692059999,6085.4028275517,KempsCreek-SE-W
KempsCreek-SE-W-to,1,23,20200814133,KempsCreek-SE-3a,-33.8988070073,150.7831190576,6923.3124630546,KempsCreek-SE-W
KempsCreek-SE-W-to,1,23,20200814135,KempsCreek-SE-4a,-33.8980060449,150.78818286129996,7523.953390871,KempsCreek-SE-W
KempsCreek-SE-W-to,1,23,20200814137,KempsCreek-SE-5a,-33.898565213699996,150.7929751884,8026.1972605478,KempsCreek-SE-W
KempsCreek-SE-W-to,1,23,20200814140,KempsCreek-SE-6b,-33.9014246379,150.7942170318,8474.1966546892,KempsCreek-SE-W
KempsCreek-SE-W-from,1,26,20200814141,KempsCreek-SE-7a,-33.9054787299,150.7934747039,9453.475816238135,KempsCreek-SE-W
KempsCreek-SE-W-from,1,26,20200814143,KempsCreek-SE-8a,-33.9063558876,150.7892290726,9979.103370464434,KempsCreek-SE-W
KempsCreek-SE-W-from,1,26,20200814129,KempsCreek-SE-1a,-33.9059754968,150.78597386290002,10861.430284872535,KempsCreek-SE-W
KempsCreek-SE-W-from,1,26,20200814131,KempsCreek-SE-2a,-33.9041061723,150.7822152999,11386.796318587534,KempsCreek-SE-W
KempsCreek-SE-W-from,1,26,20200814225,KempsCreek-SW-EW,-33.9009991284,150.7769496504,12224.580680788735,KempsCreek-SE-W
KempsCreek-SE-W-from,1,26,20200814277,20thAv_ETway_Interchange_a,-33.8985989882,150.7589480911,13915.441638439133,KempsCreek-SE-W
KempsCreek-SE-W-from,1,26,20200814255,15thAv_Bringelly_a,-33.9101916325,150.7459960408,16370.618472760234,KempsCreek-SE-W
KempsCreek-SE-W-from,1,26,20200814258,AerotropolisStation_b,-33.9204212028,150.7368808928,18277.827823558833,KempsCreek-SE-W
KempsCreek-SW-E-to,1,294,20200814241,15thAv_LiverpoolStation_a,-33.9229589158,150.926652438,20.871406078299998,KempsCreek-SW-E
KempsCreek-SW-E-to,1,294,20200814244,15thAv-BrickmakersTway_b,-33.9280104982,150.9102681745,1927.6655359613,KempsCreek-SW-E
KempsCreek-SW-E-to,1,294,20200814246,15thAv_MaxwellsTway_b,-33.9265808476,150.898368081,3042.12045841,KempsCreek-SW-E
KempsCreek-SW-E-to,1,294,20200814248,15thAv_AshTway_b,-33.927846709899995,150.8820714551,4562.5231306009,KempsCreek-SW-E
KempsCreek-SW-E-to,1,294,20200814250,15thAv_MillerTway_b,-33.9273033547,150.8713840906,5559.3422203379005,KempsCreek-SW-E
KempsCreek-SW-E-to,1,294,20200814251,15thAv_HoxtonPark_a,-33.9266754507,150.8581175471,6808.219492958199,KempsCreek-SW-E
KempsCreek-SW-E-to,1,294,20200814253,15thAv_MiddletonGrange_a,-33.9222476604,150.8396292901,8696.1135498667,KempsCreek-SW-E
KempsCreek-SW-E-to,1,294,20200814217,Austral-NE-EW,-33.9187794474,150.81478074950002,11026.0885510447,KempsCreek-SW-E
KempsCreek-SW-E-to,1,294,20200814222,Austral-NW-EW,-33.9169063557,150.80124081489996,12295.437485871298,KempsCreek-SW-E
KempsCreek-SW-E-to,1,294,20200814229,KempsCreek-SE-EW,-33.9021449793,150.7882643872,15060.220736174399,KempsCreek-SW-E
KempsCreek-SW-E-to,1,294,20200814157,KempsCreek-SW-7a,-33.9038332167,150.7798375456,16104.3992025169,KempsCreek-SW-E
KempsCreek-SW-E-to,1,294,20200814159,KempsCreek-SW-8a,-33.9022031397,150.7776373092,16782.6608690108,KempsCreek-SW-E
KempsCreek-SW-E-to,1,294,20200814145,KempsCreek-SW-1a,-33.9045232393,150.7739526028,17627.9619847032,KempsCreek-SW-E
KempsCreek-SW-E-to,1,294,20200814147,KempsCreek-SW-2a,-33.9027468581,150.7709849094,18080.1148610617,KempsCreek-SW-E
KempsCreek-SW-E-from,1,283,20200814149,KempsCreek-SW-3a,-33.8975695104,150.7727061775,21128.697914547145,KempsCreek-SW-E
KempsCreek-SW-E-from,1,283,20200814151,KempsCreek-SW-4a,-33.895210882600004,150.7764249486,21735.625228930643,KempsCreek-SW-E
KempsCreek-SW-E-from,1,283,20200814153,KempsCreek-SW-5a,-33.8957041553,150.7804052193,22107.88978989094,KempsCreek-SW-E
KempsCreek-SW-E-from,1,283,20200814155,KempsCreek-SW-6a,-33.8998167903,150.780533486,22631.93671656004,KempsCreek-SW-E
KempsCreek-SW-E-from,1,283,20200814230,KempsCreek-SE-WE,-33.902114132,150.7882258281,23525.743659522745,KempsCreek-SW-E
KempsCreek-SW-E-from,1,283,20200814221,Austral-NW-WE,-33.9168907038,150.8012431864,26294.47415648624,KempsCreek-SW-E
KempsCreek-SW-E-from,1,283,20200814218,Austral-NE-WE,-33.9187749343,150.81477849290002,27563.607164977046,KempsCreek-SW-E
KempsCreek-SW-E-from,1,283,20200814254,15thAv_MiddletonGrange_b,-33.922206732199996,150.83964293280002,29894.383536698246,KempsCreek-SW-E
KempsCreek-SW-E-from,1,283,20200814252,15thAv_HoxtonPark_b,-33.926374513,150.8607374752,32016.034213017643,KempsCreek-SW-E
KempsCreek-SW-E-from,1,283,20200814249,15thAv_MillerTway_a,-33.9269647039,150.87097446499996,32979.66290988194,KempsCreek-SW-E
KempsCreek-SW-E-from,1,283,20200814247,15thAv_AshTway_a,-33.9275354765,150.8832335975,34125.34507496814,KempsCreek-SW-E
KempsCreek-SW-E-from,1,283,20200814245,15thAv_MaxwellsTway_a,-33.9263351743,150.8992312574,35616.60075386614,KempsCreek-SW-E
KempsCreek-SW-E-from,1,283,20200814243,15thAv_BrickmakersTway_a,-33.9278430218,150.91032024700002,36655.87554025914,KempsCreek-SW-E
KempsCreek-SW-E-from,1,283,20200814242,15thAv_LiverpoolStation_b,-33.923102999,150.92683215989996,38507.038161106844,KempsCreek-SW-E
KempsCreek-SW-N-to,1,144,20200814320,CTway_StMarysStation_b,-33.7628119754,150.7763125536,16.1034064411,KempsCreek-SW-N
KempsCreek-SW-N-to,1,144,20200814322,CTway_StMarysLibrary_b,-33.7688064026,150.7737289487,861.8715562411,KempsCreek-SW-N
KempsCreek-SW-N-to,1,144,20200814324,CTway_WilsonOval_b,-33.7775932485,150.77221306659996,1846.7594350198,KempsCreek-SW-N
KempsCreek-SW-N-to,1,144,20200814318,CTway_BanksDrive_b,-33.7881825696,150.770419091,3034.0071019131,KempsCreek-SW-N
KempsCreek-SW-N-to,1,144,20200814316,CTway_LuddenhamRoad_b,-33.8033613188,150.7693345138,4755.1147127255,KempsCreek-SW-N
KempsCreek-SW-N-to,1,144,20200814314,CTWay_ErskineParkRoad_b,-33.8179643213,150.7760714532,6536.5083257145,KempsCreek-SW-N
KempsCreek-SW-N-to,1,144,20200814312,CTway_TrainingAcademy_b,-33.827156510500004,150.77892604040002,7611.2268829333,KempsCreek-SW-N
KempsCreek-SW-N-to,1,144,20200814308,CTWay_MamreRoad_b,-33.8423062963,150.7812109244,9334.1685208082,KempsCreek-SW-N
KempsCreek-SW-N-to,1,144,20200814310,CTway_M12_b,-33.8610157133,150.7774726452,11557.214949220801,KempsCreek-SW-N
KempsCreek-SW-N-to,1,144,20200814306,CTway_MetroWestStation_b,-33.8692541104,150.77526076700002,12520.533907486499,KempsCreek-SW-N
KempsCreek-SW-N-to,1,144,20200814326,CTway_ElizabethDrive_b,-33.8772940934,150.7787196416,13807.361138178001,KempsCreek-SW-N
KempsCreek-SW-N-to,1,144,20200814240,KempsCreek-NW-NS,-33.8878248581,150.7771709896,14988.6125116351,KempsCreek-SW-N
KempsCreek-SW-N-to,1,144,20200814153,KempsCreek-SW-5a,-33.8957041553,150.7804052193,16262.6249395436,KempsCreek-SW-N
KempsCreek-SW-N-to,1,144,20200814155,KempsCreek-SW-6a,-33.8998167903,150.780533486,16786.6718662127,KempsCreek-SW-N
KempsCreek-SW-N-to,1,144,20200814157,KempsCreek-SW-7a,-33.9038332167,150.7798375456,17236.8561151596,KempsCreek-SW-N
KempsCreek-SW-N-from,1,151,20200814145,KempsCreek-SW-1a,-33.9045232393,150.7739526028,17245.554590975502,KempsCreek-SW-N
KempsCreek-SW-N-from,1,151,20200814147,KempsCreek-SW-2a,-33.9027468581,150.7709849094,17697.707467333905,KempsCreek-SW-N
KempsCreek-SW-N-to,1,144,20200814159,KempsCreek-SW-8a,-33.9022031397,150.7776373092,17915.117781653502,KempsCreek-SW-N
KempsCreek-SW-N-from,1,151,20200814149,KempsCreek-SW-3a,-33.8975695104,150.7727061775,18363.947614613902,KempsCreek-SW-N
KempsCreek-SW-N-from,1,151,20200814151,KempsCreek-SW-4a,-33.895210882600004,150.7764249486,18970.882988786503,KempsCreek-SW-N
KempsCreek-SW-N-from,1,151,20200814239,KempsCreek-NW-SN,-33.8878244404,150.7771667628,20217.794557485206,KempsCreek-SW-N
KempsCreek-SW-N-from,1,151,20200814325,CTway_ElizabethDrive_a,-33.877289639000004,150.7786755452,21398.956047768104,KempsCreek-SW-N
KempsCreek-SW-N-from,1,151,20200814305,CTway_MetroWestStation_a,-33.8693366129,150.7750977576,22674.663841350302,KempsCreek-SW-N
KempsCreek-SW-N-from,1,151,20200814309,CTway_M12_a,-33.8611149893,150.77733365879996,23636.4600255561,KempsCreek-SW-N
KempsCreek-SW-N-from,1,151,20200814307,CTway_MamreRoad_a,-33.842461926700004,150.781039731,25854.984503341002,KempsCreek-SW-N
KempsCreek-SW-N-from,1,151,20200814311,CTway_TrainingAcademy_a,-33.8272876613,150.778970373,27580.315234712703,KempsCreek-SW-N
KempsCreek-SW-N-from,1,151,20200814313,CTway_ErskineParkRoad_a,-33.8172801276,150.7758564209,28749.054355683606,KempsCreek-SW-N
KempsCreek-SW-N-from,1,151,20200814315,CTway_LuddenhamRoad_a,-33.8036286973,150.7694340034,30423.768882935903,KempsCreek-SW-N
KempsCreek-SW-N-from,1,151,20200814317,CTway_BanksDrive_a,-33.7883272933,150.7703188977,32157.988822090403,KempsCreek-SW-N
KempsCreek-SW-N-from,1,151,20200814323,CTway_WilsonOval_a,-33.7776406092,150.7721841882,33357.8395141519,KempsCreek-SW-N
KempsCreek-SW-N-from,1,151,20200814321,CTway_StMarysLibrary_a,-33.7688712124,150.7736533373,34340.19900143691,KempsCreek-SW-N
KempsCreek-SW-N-from,1,151,20200814319,CTway_StMarysStation_a,-33.762579605,150.7763020595,35196.7530182874,KempsCreek-SW-N
KempsCreek-SW-S-to,1,26,20200814354,SouthCreekStation_b,-33.9474910209,150.7570352553,34.0306956331,KempsCreek-SW-S
KempsCreek-SW-S-to,1,26,20200814199,Rossmore-SW-SN,-33.9260553096,150.7693820919,3348.4884899071003,KempsCreek-SW-S
KempsCreek-SW-S-to,1,26,20200814195,Rossmore-NW-SN,-33.9127122788,150.7716408299,4846.902166021,KempsCreek-SW-S
KempsCreek-SW-S-to,1,26,20200814145,KempsCreek-SW-1a,-33.9045232393,150.7739526028,6661.0836226226,KempsCreek-SW-S
KempsCreek-SW-S-to,1,26,20200814147,KempsCreek-SW-2a,-33.9027468581,150.7709849094,7113.236498981099,KempsCreek-SW-S
KempsCreek-SW-S-to,1,26,20200814149,KempsCreek-SW-3a,-33.8975695104,150.7727061775,7779.4766462611,KempsCreek-SW-S
KempsCreek-SW-S-to,1,26,20200814151,KempsCreek-SW-4a,-33.895210882600004,150.7764249486,8386.4120204337,KempsCreek-SW-S
KempsCreek-SW-S-from,1,24,20200814153,KempsCreek-SW-5a,-33.8957041553,150.7804052193,8451.067770304822,KempsCreek-SW-S
KempsCreek-SW-S-from,1,24,20200814155,KempsCreek-SW-6a,-33.8998167903,150.780533486,8975.114696973922,KempsCreek-SW-S
KempsCreek-SW-S-from,1,24,20200814157,KempsCreek-SW-7a,-33.9038332167,150.7798375456,9425.298945920822,KempsCreek-SW-S
KempsCreek-SW-S-from,1,24,20200814159,KempsCreek-SW-8a,-33.9022031397,150.7776373092,10103.560612414622,KempsCreek-SW-S
KempsCreek-SW-S-from,1,24,20200814196,Rossmore-NW-NS,-33.9127119275,150.7716446945,11976.502680891721,KempsCreek-SW-S
KempsCreek-SW-S-from,1,24,20200814200,Rossmore-SW-NS,-33.9260098046,150.7694358706,13469.302760645021,KempsCreek-SW-S
KempsCreek-SW-S-from,1,24,20200814353,SouthCreekStation_a,-33.9475883119,150.756946809,16796.01289144202,KempsCreek-SW-S
KempsCreek-SW-W-to,1,16,20200814257,AerotropolisStation_a,-33.9204971934,150.7367745059,22.032113392,KempsCreek-SW-W
KempsCreek-SW-W-to,1,16,20200814256,15thAv_Bringelly_b,-33.9101853275,150.7459844104,1939.6769209922,KempsCreek-SW-W
KempsCreek-SW-W-to,1,16,20200814278,20thAv_ETway_Interchange_b,-33.8985853558,150.7589480911,4394.121948739,KempsCreek-SW-W
KempsCreek-SW-W-to,1,16,20200814149,KempsCreek-SW-3a,-33.8975695104,150.7727061775,5933.5424694782,KempsCreek-SW-W
KempsCreek-SW-W-to,1,16,20200814151,KempsCreek-SW-4a,-33.895210882600004,150.7764249486,6540.4778436507995,KempsCreek-SW-W
KempsCreek-SW-W-to,1,16,20200814153,KempsCreek-SW-5a,-33.8957041553,150.7804052193,6912.7191042189,KempsCreek-SW-W
KempsCreek-SW-W-to,1,16,20200814155,KempsCreek-SW-6a,-33.8998167903,150.780533486,7436.766030888,KempsCreek-SW-W
KempsCreek-SW-W-from,1,19,20200814157,KempsCreek-SW-7a,-33.9038332167,150.7798375456,8145.156076084497,KempsCreek-SW-W
KempsCreek-SW-W-from,1,19,20200814159,KempsCreek-SW-8a,-33.9022031397,150.7776373092,8823.417742578296,KempsCreek-SW-W
KempsCreek-SW-W-from,1,19,20200814145,KempsCreek-SW-1a,-33.9045232393,150.7739526028,9668.718858270797,KempsCreek-SW-W
KempsCreek-SW-W-from,1,19,20200814147,KempsCreek-SW-2a,-33.9027468581,150.7709849094,10120.871734629196,KempsCreek-SW-W
KempsCreek-SW-W-from,1,19,20200814277,20thAv_ETway_Interchange_a,-33.8985989882,150.7589480911,11586.589909837596,KempsCreek-SW-W
KempsCreek-SW-W-from,1,19,20200814255,15thAv_Bringelly_a,-33.9101916325,150.7459960408,14041.766744137698,KempsCreek-SW-W
KempsCreek-SW-W-from,1,19,20200814258,AerotropolisStation_b,-33.9204212028,150.7368808928,15948.976094957296,KempsCreek-SW-W
MG-AERO,1,215,202008269,Swoffer Av near Reardon Av,-33.918367604256204,150.84468098474883,99.5227892486,MG-AERO
MG-AERO,1,215,2020082611,Kelsey St,-33.91822422928559,150.84253213763387,313.5976678086,MG-AERO
MG-AERO,1,215,202008282,Bryant Av,-33.920370618247496,150.8403736275316,750.0202109516999,MG-AERO
MG-AERO,1,215,20200814253,15thAv_MiddletonGrange_a,-33.9222476604,150.8396292901,1016.615989126,MG-AERO
MG-AERO,1,215,20200814217,Austral-NE-EW,-33.9187794474,150.81478074950002,3346.5910381903996,MG-AERO
MG-AERO,1,215,20200814222,Austral-NW-EW,-33.9169063557,150.80124081489996,4615.9998407424,MG-AERO
MG-AERO,1,215,20200814205,Rossmore-NE-EW,-33.9148143064,150.78590399520002,6053.3120409045,MG-AERO
MG-AERO,1,215,20200814194,Rossmore-NW-EW,-33.9128621998,150.7714053563,7411.6507898989,MG-AERO
MG-AERO,1,215,20200814255,15thAv_Bringelly_a,-33.9101916325,150.7459960408,9878.7205320247,MG-AERO
MG-AERO,1,215,20200814258,AerotropolisStation_b,-33.9204212028,150.7368808928,11785.9298918459,MG-AERO
Rossmore-NE-E-to,1,260,20200814241,15thAv_LiverpoolStation_a,-33.9229589158,150.926652438,20.871406078299998,Rossmore-NE-E
Rossmore-NE-E-to,1,260,20200814244,15thAv-BrickmakersTway_b,-33.9280104982,150.9102681745,1927.6655359613,Rossmore-NE-E
Rossmore-NE-E-to,1,260,20200814246,15thAv_MaxwellsTway_b,-33.9265808476,150.898368081,3042.12045841,Rossmore-NE-E
Rossmore-NE-E-to,1,260,20200814248,15thAv_AshTway_b,-33.927846709899995,150.8820714551,4562.5231306009,Rossmore-NE-E
Rossmore-NE-E-to,1,260,20200814250,15thAv_MillerTway_b,-33.9273033547,150.8713840906,5559.3422203379005,Rossmore-NE-E
Rossmore-NE-E-to,1,260,20200814251,15thAv_HoxtonPark_a,-33.9266754507,150.8581175471,6808.219492958199,Rossmore-NE-E
Rossmore-NE-E-to,1,260,20200814253,15thAv_MiddletonGrange_a,-33.9222476604,150.8396292901,8696.1135498667,Rossmore-NE-E
Rossmore-NE-E-to,1,260,20200814217,Austral-NE-EW,-33.9187794474,150.81478074950002,11026.0915883374,Rossmore-NE-E
Rossmore-NE-E-to,1,260,20200814222,Austral-NW-EW,-33.9169063557,150.80124081489996,12295.440143808899,Rossmore-NE-E
Rossmore-NE-E-to,1,260,20200814125,Rossmore-NE-7a,-33.9156404025,150.7908576732,13283.776025340401,Rossmore-NE-E
Rossmore-NE-E-to,1,260,20200814127,Rossmore-NE-8a,-33.9182840018,150.78885095639998,13659.105248316499,Rossmore-NE-E
Rossmore-NE-E-to,1,260,20200814113,Rossmore-NE-1a,-33.9188209732,150.785112516,14037.727432057,Rossmore-NE-E
Rossmore-NE-E-to,1,260,20200814115,Rossmore-NE-2a,-33.9171312256,150.7819236697,14415.2401242962,Rossmore-NE-E
Rossmore-NE-E-from,1,261,20200814117,Rossmore-NE-3a,-33.9140569813,150.7813021366,17229.055308686777,Rossmore-NE-E
Rossmore-NE-E-from,1,261,20200814120,Rossmore-NE-4b,-33.9113860701,150.7833202581,17607.930518865876,Rossmore-NE-E
Rossmore-NE-E-from,1,261,20200814121,Rossmore-NE-5a,-33.9108540804,150.78703492260001,17984.322631799874,Rossmore-NE-E
Rossmore-NE-E-from,1,261,20200814124,Rossmore-NE-6b,-33.912541745300004,150.7902257877,18362.381781753775,Rossmore-NE-E
Rossmore-NE-E-from,1,261,20200814221,Austral-NW-WE,-33.9168907038,150.8012431864,19691.990852213676,Rossmore-NE-E
Rossmore-NE-E-from,1,261,20200814218,Austral-NE-WE,-33.9187749343,150.81477849290002,20961.123860041676,Rossmore-NE-E
Rossmore-NE-E-from,1,261,20200814254,15thAv_MiddletonGrange_b,-33.922206732199996,150.83964293280002,23291.900067007577,Rossmore-NE-E
Rossmore-NE-E-from,1,261,20200814252,15thAv_HoxtonPark_b,-33.926374513,150.8607374752,25413.550743326876,Rossmore-NE-E
Rossmore-NE-E-from,1,261,20200814249,15thAv_MillerTway_a,-33.9269647039,150.87097446499996,26377.179440191278,Rossmore-NE-E
Rossmore-NE-E-from,1,261,20200814247,15thAv_AshTway_a,-33.9275354765,150.8832335975,27522.861605277474,Rossmore-NE-E
Rossmore-NE-E-from,1,261,20200814245,15thAv_MaxwellsTway_a,-33.9263351743,150.8992312574,29014.117284175474,Rossmore-NE-E
Rossmore-NE-E-from,1,261,20200814243,15thAv_BrickmakersTway_a,-33.9278430218,150.91032024700002,30053.392070568374,Rossmore-NE-E
Rossmore-NE-E-from,1,261,20200814242,15thAv_LiverpoolStation_b,-33.923102999,150.92683215989996,31904.554691416175,Rossmore-NE-E
Rossmore-NE-N-to,1,206,20200814341,DTway_MtDruittStation_a,-33.7698050109,150.81982582950002,24.5034806632,Rossmore-NE-N
Rossmore-NE-N-to,1,206,20200814344,DTway_GreatWesternHighway_b,-33.779058075,150.8145774056,1441.9770817079002,Rossmore-NE-N
Rossmore-NE-N-to,1,206,20200814346,DTway_RoperRoad_b,-33.7867071871,150.8061185881,2722.1445175254003,Rossmore-NE-N
Rossmore-NE-N-to,1,206,20200814350,DTway_SwallowDr_b,-33.7982460519,150.80382820379998,4135.2754292908,Rossmore-NE-N
Rossmore-NE-N-to,1,206,20200814348,DTway_PeppertreeDr_b,-33.802401747,150.7971591916,4906.4444034831,Rossmore-NE-N
Rossmore-NE-N-to,1,206,20200814340,DTway_StClairConnection_b,-33.8061570892,150.7911754937,5600.0637061713,Rossmore-NE-N
Rossmore-NE-N-to,1,206,20200814338,DTway_ErskineParkRoad_b,-33.81238574530001,150.7862122016,6443.627341579399,Rossmore-NE-N
Rossmore-NE-N-to,1,206,20200814336,DTway_LenoreDrive_b,-33.8143384204,150.7927535633,7126.3417506266005,Rossmore-NE-N
Rossmore-NE-N-to,1,206,20200814334,DTway_ServiceRoadConnection_b,-33.8234008519,150.8044597142,9459.0374850242,Rossmore-NE-N
Rossmore-NE-N-to,1,206,20200814352,DTway_KempsCreek_b,-33.8354404552,150.802335729,10809.7872845689,Rossmore-NE-N
Rossmore-NE-N-to,1,206,20200814332,DTway_AldingtonRoad_b,-33.8499170464,150.7974034128,12689.5022567401,Rossmore-NE-N
Rossmore-NE-N-to,1,206,20200814330,DTway_MetroWestStation_b,-33.8671229735,150.794434502,14617.870911280601,Rossmore-NE-N
Rossmore-NE-N-to,1,206,20200814328,DTway_ElizabethDrive_b,-33.8809591529,150.79269224129996,16215.0303589749,Rossmore-NE-N
Rossmore-NE-N-to,1,206,20200814236,KempsCreek-NE-NS,-33.8900407649,150.7909879137,17234.8995205906,Rossmore-NE-N
Rossmore-NE-N-to,1,206,20200814232,KempsCreek-SE-NS,-33.9022555155,150.78866797290002,18606.8382454453,Rossmore-NE-N
Rossmore-NE-N-to,1,206,20200814121,Rossmore-NE-5a,-33.9108540804,150.78703492260001,19593.5669842907,Rossmore-NE-N
Rossmore-NE-N-to,1,206,20200814124,Rossmore-NE-6b,-33.912541745300004,150.7902257877,19971.6261342447,Rossmore-NE-N
Rossmore-NE-N-to,1,206,20200814125,Rossmore-NE-7a,-33.9156404025,150.7908576732,20348.012984378,Rossmore-NE-N
Rossmore-NE-N-from,1,241,20200814113,Rossmore-NE-1a,-33.9188209732,150.785112516,20430.745125103585,Rossmore-NE-N
Rossmore-NE-N-to,1,206,20200814127,Rossmore-NE-8a,-33.9182840018,150.78885095639998,20723.3422073541,Rossmore-NE-N
Rossmore-NE-N-from,1,241,20200814115,Rossmore-NE-2a,-33.9171312256,150.7819236697,20808.257817342786,Rossmore-NE-N
Rossmore-NE-N-from,1,241,20200814117,Rossmore-NE-3a,-33.9140569813,150.7813021366,21181.293960814386,Rossmore-NE-N
Rossmore-NE-N-from,1,241,20200814120,Rossmore-NE-4b,-33.9113860701,150.7833202581,21560.169170993486,Rossmore-NE-N
Rossmore-NE-N-from,1,241,20200814231,KempsCreek-SE-SN,-33.9022812216,150.78864483749996,22886.884197730385,Rossmore-NE-N
Rossmore-NE-N-from,1,241,20200814235,KempsCreek-NE-SN,-33.8900314785,150.7909824966,24262.913436393985,Rossmore-NE-N
Rossmore-NE-N-from,1,241,20200814327,DTway_ElizabethDrive_a,-33.8809749106,150.79267254409996,25279.816222082587,Rossmore-NE-N
Rossmore-NE-N-from,1,241,20200814329,DTway_MetroWestStation_a,-33.8672020677,150.7943114667,26868.70411329849,Rossmore-NE-N
Rossmore-NE-N-from,1,241,20200814331,DTway_AldingtonRoad_a,-33.849988198,150.7973124968,28798.370307250487,Rossmore-NE-N
Rossmore-NE-N-from,1,241,20200814351,DTway_KempsCreek_a,-33.8354577187,150.8023205371,30685.004683125488,Rossmore-NE-N
Rossmore-NE-N-from,1,241,20200814333,DTway_ServiceRoadConnection_a,-33.8234547736,150.8043852509,32029.580413977787,Rossmore-NE-N
Rossmore-NE-N-from,1,241,20200814335,DTway_LenoreDrive_a,-33.8145138275,150.7927681805,34350.559221032185,Rossmore-NE-N
Rossmore-NE-N-from,1,241,20200814337,DTway_ErskineParkRoad_a,-33.812403837800005,150.78615275479999,35048.91219706788,Rossmore-NE-N
Rossmore-NE-N-from,1,241,20200814339,DTway_StClairConnection_a,-33.806179868899996,150.79107868,35888.61247679709,Rossmore-NE-N
Rossmore-NE-N-from,1,241,20200814347,DTway_PeppertreeDr_a,-33.802458103,150.7969641132,36572.438902043985,Rossmore-NE-N
Rossmore-NE-N-from,1,241,20200814349,DTway_SwallowDr_a,-33.7981020624,150.8036842143,37360.92601953128,Rossmore-NE-N
Rossmore-NE-N-from,1,241,20200814345,DTway_RoperRoad_a,-33.7866781317,150.8060507923,38768.294908116986,Rossmore-NE-N
Rossmore-NE-N-from,1,241,20200814343,DTway_GreatWesternHighway_a,-33.778983159,150.8144011325,40071.13057146329,Rossmore-NE-N
Rossmore-NE-N-from,1,241,20200814342,DTway_MtDruittStation_b,-33.7697908108,150.819848144,41515.34716055319,Rossmore-NE-N
Rossmore-NE-S-to,1,32,20200814356,RossmoreStation_b,-33.950427411199996,150.7811330864,35.5974601593,Rossmore-NE-S
Rossmore-NE-S-to,1,32,20200814203,Rossmore-SE-SN,-33.9293981169,150.7851888986,2912.4584129077,Rossmore-NE-S
Rossmore-NE-S-to,1,32,20200814113,Rossmore-NE-1a,-33.9188209732,150.785112516,4242.4630421561,Rossmore-NE-S
Rossmore-NE-S-to,1,32,20200814115,Rossmore-NE-2a,-33.9171312256,150.7819236697,4619.975734395301,Rossmore-NE-S
Rossmore-NE-S-to,1,32,20200814117,Rossmore-NE-3a,-33.9140569813,150.7813021366,4993.0118778669,Rossmore-NE-S
Rossmore-NE-S-to,1,32,20200814120,Rossmore-NE-4b,-33.9113860701,150.7833202581,5371.887088046,Rossmore-NE-S
Rossmore-NE-S-from,1,33,20200814121,Rossmore-NE-5a,-33.9108540804,150.78703492260001,5544.4795012381455,Rossmore-NE-S
Rossmore-NE-S-from,1,33,20200814124,Rossmore-NE-6b,-33.912541745300004,150.7902257877,5922.538651192046,Rossmore-NE-S
Rossmore-NE-S-from,1,33,20200814125,Rossmore-NE-7a,-33.9156404025,150.7908576732,6298.925501325446,Rossmore-NE-S
Rossmore-NE-S-from,1,33,20200814127,Rossmore-NE-8a,-33.9182840018,150.78885095639998,6674.254724301545,Rossmore-NE-S
Rossmore-NE-S-from,1,33,20200814204,Rossmore-SE-NS,-33.9293326348,150.7852662866,8338.835800068146,Rossmore-NE-S
Rossmore-NE-S-from,1,33,20200814355,RossmoreStation_a,-33.9504846533,150.7810758443,11213.216589618345,Rossmore-NE-S
Rossmore-NE-W-to,1,24,20200814257,AerotropolisStation_a,-33.9204971934,150.7367745059,22.032113392,Rossmore-NE-W
Rossmore-NE-W-to,1,24,20200814256,15thAv_Bringelly_b,-33.9101853275,150.7459844104,1939.6769210176,Rossmore-NE-W
Rossmore-NE-W-to,1,24,20200814193,Rossmore-NW-WE,-33.9128551262,150.7714064944,4406.2104974456,Rossmore-NE-W
Rossmore-NE-W-to,1,24,20200814117,Rossmore-NE-3a,-33.9140569813,150.7813021366,5346.0389536604,Rossmore-NE-W
Rossmore-NE-W-to,1,24,20200814120,Rossmore-NE-4b,-33.9113860701,150.7833202581,5724.914163839499,Rossmore-NE-W
Rossmore-NE-W-to,1,24,20200814121,Rossmore-NE-5a,-33.9108540804,150.78703492260001,6101.3062767734,Rossmore-NE-W
Rossmore-NE-W-to,1,24,20200814124,Rossmore-NE-6b,-33.912541745300004,150.7902257877,6479.3654267274,Rossmore-NE-W
Rossmore-NE-W-from,1,24,20200814125,Rossmore-NE-7a,-33.9156404025,150.7908576732,7525.373930484013,Rossmore-NE-W
Rossmore-NE-W-from,1,24,20200814127,Rossmore-NE-8a,-33.9182840018,150.78885095639998,7900.703153460113,Rossmore-NE-W
Rossmore-NE-W-from,1,24,20200814113,Rossmore-NE-1a,-33.9188209732,150.785112516,8279.325337200613,Rossmore-NE-W
Rossmore-NE-W-from,1,24,20200814115,Rossmore-NE-2a,-33.9171312256,150.7819236697,8656.838029439812,Rossmore-NE-W
Rossmore-NE-W-from,1,24,20200814194,Rossmore-NW-EW,-33.9128621998,150.7714053563,9939.859108980112,Rossmore-NE-W
Rossmore-NE-W-from,1,24,20200814255,15thAv_Bringelly_a,-33.9101916325,150.7459960408,12406.928849587712,Rossmore-NE-W
Rossmore-NE-W-from,1,24,20200814258,AerotropolisStation_b,-33.9204212028,150.7368808928,14314.138200386413,Rossmore-NE-W
Rossmore-NW-E-to,1,256,20200814241,15thAv_LiverpoolStation_a,-33.9229589158,150.926652438,20.871406078299998,Rossmore-NW-E
Rossmore-NW-E-to,1,256,20200814244,15thAv-BrickmakersTway_b,-33.9280104982,150.9102681745,1927.6655359613,Rossmore-NW-E
Rossmore-NW-E-to,1,256,20200814246,15thAv_MaxwellsTway_b,-33.9265808476,150.898368081,3042.12045841,Rossmore-NW-E
Rossmore-NW-E-to,1,256,20200814248,15thAv_AshTway_b,-33.927846709899995,150.8820714551,4562.5231306009,Rossmore-NW-E
Rossmore-NW-E-to,1,256,20200814250,15thAv_MillerTway_b,-33.9273033547,150.8713840906,5559.3422203379005,Rossmore-NW-E
Rossmore-NW-E-to,1,256,20200814251,15thAv_HoxtonPark_a,-33.9266754507,150.8581175471,6808.219492958199,Rossmore-NW-E
Rossmore-NW-E-to,1,256,20200814253,15thAv_MiddletonGrange_a,-33.9222476604,150.8396292901,8696.1135498667,Rossmore-NW-E
Rossmore-NW-E-to,1,256,20200814217,Austral-NE-EW,-33.9187794474,150.81478074950002,11026.0915883301,Rossmore-NW-E
Rossmore-NW-E-to,1,256,20200814222,Austral-NW-EW,-33.9169063557,150.80124081489996,12295.440140538301,Rossmore-NW-E
Rossmore-NW-E-to,1,256,20200814205,Rossmore-NE-EW,-33.9148143064,150.78590399520002,13732.8156462805,Rossmore-NW-E
Rossmore-NW-E-to,1,256,20200814108,Rossmore-NW-6b,-33.9137019566,150.7763813439,14640.990102643998,Rossmore-NW-E
Rossmore-NW-E-to,1,256,20200814109,Rossmore-NW-7a,-33.916340696300004,150.7743620017,15016.6587278159,Rossmore-NW-E
Rossmore-NW-E-to,1,256,20200814112,Rossmore-NW-8b,-33.9168683758,150.7706549235,15392.2658051298,Rossmore-NW-E
Rossmore-NW-E-to,1,256,2020081497,Rossmore-NW-1a,-33.9151747189,150.7674576686,15771.275852741499,Rossmore-NW-E
Rossmore-NW-E-from,1,251,2020081499,Rossmore-NW-2a,-33.912055401799996,150.7668376183,18854.921618792418,Rossmore-NW-E
Rossmore-NW-E-from,1,251,20200814102,Rossmore-NW-3b,-33.9094341064,150.7688497412,19228.305010522217,Rossmore-NW-E
Rossmore-NW-E-from,1,251,20200814103,Rossmore-NW-4a,-33.9089077332,150.7725948486,19607.494080251217,Rossmore-NW-E
Rossmore-NW-E-from,1,251,20200814105,Rossmore-NW-5a,-33.910598047,150.7757585048,19983.431955460615,Rossmore-NW-E
Rossmore-NW-E-from,1,251,20200814206,Rossmore-NE-WE,-33.9148118476,150.78590426600002,21230.796235772916,Rossmore-NW-E
Rossmore-NW-E-from,1,251,20200814221,Austral-NW-WE,-33.9168907038,150.8012431864,22668.104147028418,Rossmore-NW-E
Rossmore-NW-E-from,1,251,20200814218,Austral-NE-WE,-33.9187749343,150.81477849290002,23937.237159511216,Rossmore-NW-E
Rossmore-NW-E-from,1,251,20200814254,15thAv_MiddletonGrange_b,-33.922206732199996,150.83964293280002,26268.010466830016,Rossmore-NW-E
Rossmore-NW-E-from,1,251,20200814252,15thAv_HoxtonPark_b,-33.926374513,150.8607374752,28389.661143149417,Rossmore-NW-E
Rossmore-NW-E-from,1,251,20200814249,15thAv_MillerTway_a,-33.9269647039,150.87097446499996,29353.289840013716,Rossmore-NW-E
Rossmore-NW-E-from,1,251,20200814247,15thAv_AshTway_a,-33.9275354765,150.8832335975,30498.972005100015,Rossmore-NW-E
Rossmore-NW-E-from,1,251,20200814245,15thAv_MaxwellsTway_a,-33.9263351743,150.8992312574,31990.22768399802,Rossmore-NW-E
Rossmore-NW-E-from,1,251,20200814243,15thAv_BrickmakersTway_a,-33.9278430218,150.91032024700002,33029.502470390915,Rossmore-NW-E
Rossmore-NW-E-from,1,251,20200814242,15thAv_LiverpoolStation_b,-33.923102999,150.92683215989996,34880.66509123872,Rossmore-NW-E
Rossmore-NW-N-to,1,161,20200814320,CTway_StMarysStation_b,-33.7628119754,150.7763125536,16.1034064411,Rossmore-NW-N
Rossmore-NW-N-to,1,161,20200814322,CTway_StMarysLibrary_b,-33.7688064026,150.7737289487,861.8715562411,Rossmore-NW-N
Rossmore-NW-N-to,1,161,20200814324,CTway_WilsonOval_b,-33.7775932485,150.77221306659996,1846.7594350198,Rossmore-NW-N
Rossmore-NW-N-to,1,161,20200814318,CTway_BanksDrive_b,-33.7881825696,150.770419091,3034.0071019131,Rossmore-NW-N
Rossmore-NW-N-to,1,161,20200814316,CTway_LuddenhamRoad_b,-33.8033613188,150.7693345138,4755.1147127255,Rossmore-NW-N
Rossmore-NW-N-to,1,161,20200814314,CTWay_ErskineParkRoad_b,-33.8179643213,150.7760714532,6536.5083257145,Rossmore-NW-N
Rossmore-NW-N-to,1,161,20200814312,CTway_TrainingAcademy_b,-33.827156510500004,150.77892604040002,7611.2268829333,Rossmore-NW-N
Rossmore-NW-N-to,1,161,20200814308,CTWay_MamreRoad_b,-33.8423062963,150.7812109244,9334.1685208082,Rossmore-NW-N
Rossmore-NW-N-to,1,161,20200814310,CTway_M12_b,-33.8610157133,150.7774726452,11557.214949220801,Rossmore-NW-N
Rossmore-NW-N-to,1,161,20200814306,CTway_MetroWestStation_b,-33.8692541104,150.77526076700002,12520.533907486499,Rossmore-NW-N
Rossmore-NW-N-to,1,161,20200814326,CTway_ElizabethDrive_b,-33.8772940934,150.7787196416,13807.361138178001,Rossmore-NW-N
Rossmore-NW-N-to,1,161,20200814240,KempsCreek-NW-NS,-33.8878248581,150.7771709896,14988.6407721311,Rossmore-NW-N
Rossmore-NW-N-to,1,161,20200814228,KempsCreek-SW-NS,-33.9008857129,150.7771612139,16674.2368059158,Rossmore-NW-N
Rossmore-NW-N-to,1,161,20200814103,Rossmore-NW-4a,-33.9089077332,150.7725948486,17935.6630414783,Rossmore-NW-N
Rossmore-NW-N-from,1,165,20200814112,Rossmore-NW-8b,-33.9168683758,150.7706549235,17962.45553562402,Rossmore-NW-N
Rossmore-NW-N-to,1,161,20200814105,Rossmore-NW-5a,-33.910598047,150.7757585048,18311.6009166877,Rossmore-NW-N
Rossmore-NW-N-from,1,165,2020081497,Rossmore-NW-1a,-33.9151747189,150.7674576686,18341.46558323572,Rossmore-NW-N
Rossmore-NW-N-to,1,161,20200814108,Rossmore-NW-6b,-33.9137019566,150.7763813439,18688.490377847098,Rossmore-NW-N
Rossmore-NW-N-from,1,165,2020081499,Rossmore-NW-2a,-33.912055401799996,150.7668376183,18719.99360012252,Rossmore-NW-N
Rossmore-NW-N-to,1,161,20200814109,Rossmore-NW-7a,-33.916340696300004,150.7743620017,19064.159003019,Rossmore-NW-N
Rossmore-NW-N-from,1,165,20200814102,Rossmore-NW-3b,-33.9094341064,150.7688497412,19093.37699185222,Rossmore-NW-N
Rossmore-NW-N-from,1,165,20200814227,KempsCreek-SW-SN,-33.9008908021,150.77715103559999,20694.14756834742,Rossmore-NW-N
Rossmore-NW-N-from,1,165,20200814239,KempsCreek-NW-SN,-33.8878244404,150.7771667628,22380.41080597262,Rossmore-NW-N
Rossmore-NW-N-from,1,165,20200814325,CTway_ElizabethDrive_a,-33.877289639000004,150.7786755452,23561.59612958402,Rossmore-NW-N
Rossmore-NW-N-from,1,165,20200814305,CTway_MetroWestStation_a,-33.8693366129,150.7750977576,24837.30392316622,Rossmore-NW-N
Rossmore-NW-N-from,1,165,20200814309,CTway_M12_a,-33.8611149893,150.77733365879996,25799.10010737212,Rossmore-NW-N
Rossmore-NW-N-from,1,165,20200814307,CTway_MamreRoad_a,-33.842461926700004,150.781039731,28017.62458515702,Rossmore-NW-N
Rossmore-NW-N-from,1,165,20200814311,CTway_TrainingAcademy_a,-33.8272876613,150.778970373,29742.95531652862,Rossmore-NW-N
Rossmore-NW-N-from,1,165,20200814313,CTway_ErskineParkRoad_a,-33.8172801276,150.7758564209,30911.69443749962,Rossmore-NW-N
Rossmore-NW-N-from,1,165,20200814315,CTway_LuddenhamRoad_a,-33.8036286973,150.7694340034,32586.40896475192,Rossmore-NW-N
Rossmore-NW-N-from,1,165,20200814317,CTway_BanksDrive_a,-33.7883272933,150.7703188977,34320.62890390642,Rossmore-NW-N
Rossmore-NW-N-from,1,165,20200814323,CTway_WilsonOval_a,-33.7776406092,150.7721841882,35520.47959596792,Rossmore-NW-N
Rossmore-NW-N-from,1,165,20200814321,CTway_StMarysLibrary_a,-33.7688712124,150.7736533373,36502.839083252926,Rossmore-NW-N
Rossmore-NW-N-from,1,165,20200814319,CTway_StMarysStation_a,-33.762579605,150.7763020595,37359.39310010342,Rossmore-NW-N
Rossmore-NW-S-to,1,19,20200814354,SouthCreekStation_b,-33.9474910209,150.7570352553,34.0306956331,Rossmore-NW-S
Rossmore-NW-S-to,1,19,20200814199,Rossmore-SW-SN,-33.9260553096,150.7693820919,3348.4884899071003,Rossmore-NW-S
Rossmore-NW-S-to,1,19,20200814112,Rossmore-NW-8b,-33.9168683758,150.7706549235,4393.9150456354,Rossmore-NW-S
Rossmore-NW-S-to,1,19,2020081497,Rossmore-NW-1a,-33.9151747189,150.7674576686,4772.9250932471,Rossmore-NW-S
Rossmore-NW-S-to,1,19,2020081499,Rossmore-NW-2a,-33.912055401799996,150.7668376183,5151.4531101339,Rossmore-NW-S
Rossmore-NW-S-to,1,19,20200814102,Rossmore-NW-3b,-33.9094341064,150.7688497412,5524.8365018637,Rossmore-NW-S
Rossmore-NW-S-from,1,19,20200814103,Rossmore-NW-4a,-33.9089077332,150.7725948486,5717.841224208716,Rossmore-NW-S
Rossmore-NW-S-from,1,19,20200814105,Rossmore-NW-5a,-33.910598047,150.7757585048,6093.779099418016,Rossmore-NW-S
Rossmore-NW-S-from,1,19,20200814108,Rossmore-NW-6b,-33.9137019566,150.7763813439,6470.6685605775165,Rossmore-NW-S
Rossmore-NW-S-from,1,19,20200814109,Rossmore-NW-7a,-33.916340696300004,150.7743620017,6846.337185749417,Rossmore-NW-S
Rossmore-NW-S-from,1,19,20200814200,Rossmore-SW-NS,-33.9260098046,150.7694358706,8228.536211527116,Rossmore-NW-S
Rossmore-NW-S-from,1,19,20200814353,SouthCreekStation_a,-33.9475883119,150.756946809,11555.246342324215,Rossmore-NW-S
Rossmore-NW-W-to,1,19,20200814257,AerotropolisStation_a,-33.9204971934,150.7367745059,22.032113392,Rossmore-NW-W
Rossmore-NW-W-to,1,19,20200814256,15thAv_Bringelly_b,-33.9101853275,150.7459844104,1939.6769210176,Rossmore-NW-W
Rossmore-NW-W-to,1,19,2020081499,Rossmore-NW-2a,-33.912055401799996,150.7668376183,3995.783989887,Rossmore-NW-W
Rossmore-NW-W-to,1,19,20200814102,Rossmore-NW-3b,-33.9094341064,150.7688497412,4369.1673816166995,Rossmore-NW-W
Rossmore-NW-W-to,1,19,20200814103,Rossmore-NW-4a,-33.9089077332,150.7725948486,4748.3564513457,Rossmore-NW-W
Rossmore-NW-W-to,1,19,20200814105,Rossmore-NW-5a,-33.910598047,150.7757585048,5124.2943265551,Rossmore-NW-W
Rossmore-NW-W-from,1,19,20200814108,Rossmore-NW-6b,-33.9137019566,150.7763813439,5906.275777231274,Rossmore-NW-W
Rossmore-NW-W-from,1,19,20200814109,Rossmore-NW-7a,-33.916340696300004,150.7743620017,6281.9444024031745,Rossmore-NW-W
Rossmore-NW-W-from,1,19,20200814112,Rossmore-NW-8b,-33.9168683758,150.7706549235,6657.551479716974,Rossmore-NW-W
Rossmore-NW-W-from,1,19,2020081497,Rossmore-NW-1a,-33.9151747189,150.7674576686,7036.561527328675,Rossmore-NW-W
Rossmore-NW-W-from,1,19,20200814255,15thAv_Bringelly_a,-33.9101916325,150.7459960408,9430.616581056674,Rossmore-NW-W
Rossmore-NW-W-from,1,19,20200814258,AerotropolisStation_b,-33.9204212028,150.7368808928,11337.825931855274,Rossmore-NW-W
Rossmore-SE-E-to,1,418,20200814270,10thAv_CasulaStation_b,-33.9500427156,150.9114065805,15.594795266199998,Rossmore-SE-E
Rossmore-SE-E-to,1,418,20200814271,10thAv_CasulaMall_a,-33.9469468448,150.9003094168,1698.1450359833,Rossmore-SE-E
Rossmore-SE-E-to,1,418,20200814267,10thAv_Lurnea_a,-33.9455312436,150.8912687464,2559.6927207107,Rossmore-SE-E
Rossmore-SE-E-to,1,418,20200814273,10thAv_NexusIndustryPark_a,-33.9442255875,150.8817342343,3475.8887896797996,Rossmore-SE-E
Rossmore-SE-E-to,1,418,20200814265,10thAv_Prestons_a,-33.9421996047,150.8670714794,4864.2589465128,Rossmore-SE-E
Rossmore-SE-E-to,1,418,20200814275,10thAv_PrestonsIndustrial_a,-33.9410118447,150.8581734898,5697.4201460374,Rossmore-SE-E
Rossmore-SE-E-to,1,418,20200814263,10thAv_CarnesHill_a,-33.9360313244,150.845044866,7115.3599534305,Rossmore-SE-E
Rossmore-SE-E-to,1,418,20200814261,10thAv_WestHoxton_a,-33.9342480631,150.8353444034,8304.7206447183,Rossmore-SE-E
Rossmore-SE-E-to,1,418,20200814213,Austral-SE-EW,-33.933077706999995,150.8118719874,10851.9525594302,Rossmore-SE-E
Rossmore-SE-E-to,1,418,20200814209,Austral-SW-EW,-33.9391658289,150.79723976969998,13271.1385886557,Rossmore-SE-E
Rossmore-SE-E-to,1,418,2020081477,Rossmore-SE-7a,-33.9305871774,150.7858657237,15522.0617846524,Rossmore-SE-E
Rossmore-SE-E-to,1,418,2020081479,Rossmore-SE-8a,-33.9343613132,150.783470526,16122.287284356102,Rossmore-SE-E
Rossmore-SE-E-to,1,418,2020081465,Rossmore-SE-1a,-33.9349396108,150.7769156375,16862.9440295354,Rossmore-SE-E
Rossmore-SE-E-to,1,418,2020081467,Rossmore-SE-2a,-33.9307125185,150.7767495542,17401.122938433302,Rossmore-SE-E
Rossmore-SE-E-from,1,393,2020081469,Rossmore-SE-3a,-33.9255205831,150.7776800993,19848.18976899058,Rossmore-SE-E
Rossmore-SE-E-from,1,393,2020081471,Rossmore-SE-4a,-33.9245851716,150.78193125659996,20378.907575665784,Rossmore-SE-E
Rossmore-SE-E-from,1,393,2020081473,Rossmore-SE-5a,-33.923923871,150.7877894226,21055.49434532488,Rossmore-SE-E
Rossmore-SE-E-from,1,393,2020081475,Rossmore-SE-6a,-33.926462939000004,150.7859608412,21635.563987975584,Rossmore-SE-E
Rossmore-SE-E-from,1,393,20200814210,Austral-SW-WE,-33.9391228264,150.7971875523,24121.761762334983,Rossmore-SE-E
Rossmore-SE-E-from,1,393,20200814214,Austral-SE-WE,-33.9330483468,150.8118292817,26542.042327698182,Rossmore-SE-E
Rossmore-SE-E-from,1,393,20200814262,10thAv_WestHoxton_b,-33.9342259287,150.83536232169996,29095.97963098718,Rossmore-SE-E
Rossmore-SE-E-from,1,393,20200814264,10thAv_CarnesHill_b,-33.9359639627,150.8455352592,30270.62495486078,Rossmore-SE-E
Rossmore-SE-E-from,1,393,20200814276,10thAv_PrestonsIndustrial_b,-33.9409881116,150.8582141752,31650.912044701785,Rossmore-SE-E
Rossmore-SE-E-from,1,393,20200814266,10thAv_Prestons_b,-33.9422410921,150.8676134086,32530.928955177482,Rossmore-SE-E
Rossmore-SE-E-from,1,393,20200814274,10thAv_NexusIndustryPark_b,-33.9441822285,150.881802886,33867.21622884138,Rossmore-SE-E
Rossmore-SE-E-from,1,393,20200814268,10thAv_Lurnea_b,-33.9455176307,150.89142699639999,34794.13338544588,Rossmore-SE-E
Rossmore-SE-E-from,1,393,20200814272,10thAv_CasulaMall_b,-33.946912830500004,150.9003706425,35643.58533692148,Rossmore-SE-E
Rossmore-SE-E-from,1,393,20200814269,10thAv_CasulaStation_a,-33.950015598200004,150.9113921744,37293.80001482158,Rossmore-SE-E
Rossmore-SE-N-to,1,222,20200814341,DTway_MtDruittStation_a,-33.7698050109,150.81982582950002,24.5034806632,Rossmore-SE-N
Rossmore-SE-N-to,1,222,20200814344,DTway_GreatWesternHighway_b,-33.779058075,150.8145774056,1441.9770817079002,Rossmore-SE-N
Rossmore-SE-N-to,1,222,20200814346,DTway_RoperRoad_b,-33.7867071871,150.8061185881,2722.1445175254003,Rossmore-SE-N
Rossmore-SE-N-to,1,222,20200814350,DTway_SwallowDr_b,-33.7982460519,150.80382820379998,4135.2754292908,Rossmore-SE-N
Rossmore-SE-N-to,1,222,20200814348,DTway_PeppertreeDr_b,-33.802401747,150.7971591916,4906.4444034831,Rossmore-SE-N
Rossmore-SE-N-to,1,222,20200814340,DTway_StClairConnection_b,-33.8061570892,150.7911754937,5600.0637061713,Rossmore-SE-N
Rossmore-SE-N-to,1,222,20200814338,DTway_ErskineParkRoad_b,-33.81238574530001,150.7862122016,6443.627341579399,Rossmore-SE-N
Rossmore-SE-N-to,1,222,20200814336,DTway_LenoreDrive_b,-33.8143384204,150.7927535633,7126.3417506266005,Rossmore-SE-N
Rossmore-SE-N-to,1,222,20200814334,DTway_ServiceRoadConnection_b,-33.8234008519,150.8044597142,9459.0374850242,Rossmore-SE-N
Rossmore-SE-N-to,1,222,20200814352,DTway_KempsCreek_b,-33.8354404552,150.802335729,10809.7872845689,Rossmore-SE-N
Rossmore-SE-N-to,1,222,20200814332,DTway_AldingtonRoad_b,-33.8499170464,150.7974034128,12689.5022567401,Rossmore-SE-N
Rossmore-SE-N-to,1,222,20200814330,DTway_MetroWestStation_b,-33.8671229735,150.794434502,14617.870911280601,Rossmore-SE-N
Rossmore-SE-N-to,1,222,20200814328,DTway_ElizabethDrive_b,-33.8809591529,150.79269224129996,16215.0303589749,Rossmore-SE-N
Rossmore-SE-N-to,1,222,20200814236,KempsCreek-NE-NS,-33.8900407649,150.7909879137,17234.8995205906,Rossmore-SE-N
Rossmore-SE-N-to,1,222,20200814232,KempsCreek-SE-NS,-33.9022555155,150.78866797290002,18606.8382454453,Rossmore-SE-N
Rossmore-SE-N-to,1,222,20200814208,Rossmore-NE-NS,-33.9147165363,150.7861053138,20013.3868951888,Rossmore-SE-N
Rossmore-SE-N-to,1,222,2020081473,Rossmore-SE-5a,-33.923923871,150.7877894226,21303.3922620753,Rossmore-SE-N
Rossmore-SE-N-to,1,222,2020081475,Rossmore-SE-6a,-33.926462939000004,150.7859608412,21883.461904726002,Rossmore-SE-N
Rossmore-SE-N-from,1,262,2020081479,Rossmore-SE-8a,-33.9343613132,150.783470526,22320.080560990238,Rossmore-SE-N
Rossmore-SE-N-to,1,222,2020081477,Rossmore-SE-7a,-33.9305871774,150.7858657237,22585.6115108075,Rossmore-SE-N
Rossmore-SE-N-from,1,262,2020081465,Rossmore-SE-1a,-33.9349396108,150.7769156375,23060.737306205036,Rossmore-SE-N
Rossmore-SE-N-from,1,262,2020081467,Rossmore-SE-2a,-33.9307125185,150.7767495542,23598.91621506744,Rossmore-SE-N
Rossmore-SE-N-from,1,262,2020081469,Rossmore-SE-3a,-33.9255205831,150.7776800993,24181.267532294536,Rossmore-SE-N
Rossmore-SE-N-from,1,262,2020081471,Rossmore-SE-4a,-33.9245851716,150.78193125659996,24711.98533896974,Rossmore-SE-N
Rossmore-SE-N-from,1,262,20200814207,Rossmore-NE-SN,-33.9147163842,150.7861036407,26061.965022520137,Rossmore-SE-N
Rossmore-SE-N-from,1,262,20200814231,KempsCreek-SE-SN,-33.9022812216,150.78864483749996,27465.366086511036,Rossmore-SE-N
Rossmore-SE-N-from,1,262,20200814235,KempsCreek-NE-SN,-33.8900314785,150.7909824966,28841.395325174537,Rossmore-SE-N
Rossmore-SE-N-from,1,262,20200814327,DTway_ElizabethDrive_a,-33.8809749106,150.79267254409996,29858.298110863136,Rossmore-SE-N
Rossmore-SE-N-from,1,262,20200814329,DTway_MetroWestStation_a,-33.8672020677,150.7943114667,31447.186002079037,Rossmore-SE-N
Rossmore-SE-N-from,1,262,20200814331,DTway_AldingtonRoad_a,-33.849988198,150.7973124968,33376.85219603104,Rossmore-SE-N
Rossmore-SE-N-from,1,262,20200814351,DTway_KempsCreek_a,-33.8354577187,150.8023205371,35263.48657190604,Rossmore-SE-N
Rossmore-SE-N-from,1,262,20200814333,DTway_ServiceRoadConnection_a,-33.8234547736,150.8043852509,36608.062302758335,Rossmore-SE-N
Rossmore-SE-N-from,1,262,20200814335,DTway_LenoreDrive_a,-33.8145138275,150.7927681805,38929.04110981274,Rossmore-SE-N
Rossmore-SE-N-from,1,262,20200814337,DTway_ErskineParkRoad_a,-33.812403837800005,150.78615275479999,39627.39408584854,Rossmore-SE-N
Rossmore-SE-N-from,1,262,20200814339,DTway_StClairConnection_a,-33.806179868899996,150.79107868,40467.094365577635,Rossmore-SE-N
Rossmore-SE-N-from,1,262,20200814347,DTway_PeppertreeDr_a,-33.802458103,150.7969641132,41150.92079082454,Rossmore-SE-N
Rossmore-SE-N-from,1,262,20200814349,DTway_SwallowDr_a,-33.7981020624,150.8036842143,41939.407908311834,Rossmore-SE-N
Rossmore-SE-N-from,1,262,20200814345,DTway_RoperRoad_a,-33.7866781317,150.8060507923,43346.77679689764,Rossmore-SE-N
Rossmore-SE-N-from,1,262,20200814343,DTway_GreatWesternHighway_a,-33.778983159,150.8144011325,44649.61246024394,Rossmore-SE-N
Rossmore-SE-N-from,1,262,20200814342,DTway_MtDruittStation_b,-33.7697908108,150.819848144,46093.82904933373,Rossmore-SE-N
Rossmore-SE-S-to,1,22,20200814356,RossmoreStation_b,-33.950427411199996,150.7811330864,35.5974601593,Rossmore-SE-S
Rossmore-SE-S-to,1,22,2020081479,Rossmore-SE-8a,-33.9343613132,150.783470526,2427.4810259903,Rossmore-SE-S
Rossmore-SE-S-to,1,22,2020081465,Rossmore-SE-1a,-33.9349396108,150.7769156375,3168.1377711696996,Rossmore-SE-S
Rossmore-SE-S-to,1,22,2020081467,Rossmore-SE-2a,-33.9307125185,150.7767495542,3706.3166800675,Rossmore-SE-S
Rossmore-SE-S-to,1,22,2020081469,Rossmore-SE-3a,-33.9255205831,150.7776800993,4288.6679972946995,Rossmore-SE-S
Rossmore-SE-S-to,1,22,2020081471,Rossmore-SE-4a,-33.9245851716,150.78193125659996,4819.3858039699,Rossmore-SE-S
Rossmore-SE-S-from,1,22,2020081473,Rossmore-SE-5a,-33.923923871,150.7877894226,5483.919430153664,Rossmore-SE-S
Rossmore-SE-S-from,1,22,2020081475,Rossmore-SE-6a,-33.926462939000004,150.7859608412,6063.989072804364,Rossmore-SE-S
Rossmore-SE-S-from,1,22,2020081477,Rossmore-SE-7a,-33.9305871774,150.7858657237,6766.138678885964,Rossmore-SE-S
Rossmore-SE-S-from,1,22,20200814355,RossmoreStation_a,-33.9504846533,150.7810758443,9585.724461331263,Rossmore-SE-S
Rossmore-SE-W-to,1,23,20200814260,10thAv_AerotropolisSouth_b,-33.9344828308,150.7409651684,47.945026401199996,Rossmore-SE-W
Rossmore-SE-W-to,1,23,20200814198,Rossmore-SW-WE,-33.925765732100004,150.7691628403,3804.0891485367997,Rossmore-SE-W
Rossmore-SE-W-to,1,23,2020081469,Rossmore-SE-3a,-33.9255205831,150.7776800993,4723.1853437804,Rossmore-SE-W
Rossmore-SE-W-to,1,23,2020081471,Rossmore-SE-4a,-33.9245851716,150.78193125659996,5253.9031504556,Rossmore-SE-W
Rossmore-SE-W-to,1,23,2020081473,Rossmore-SE-5a,-33.923923871,150.7877894226,5930.4899201148,Rossmore-SE-W
Rossmore-SE-W-to,1,23,2020081475,Rossmore-SE-6a,-33.926462939000004,150.7859608412,6510.5595627654,Rossmore-SE-W
Rossmore-SE-W-from,1,19,2020081477,Rossmore-SE-7a,-33.9305871774,150.7858657237,7829.989037887553,Rossmore-SE-W
Rossmore-SE-W-from,1,19,2020081479,Rossmore-SE-8a,-33.9343613132,150.783470526,8430.214537598853,Rossmore-SE-W
Rossmore-SE-W-from,1,19,2020081465,Rossmore-SE-1a,-33.9349396108,150.7769156375,9170.871282770653,Rossmore-SE-W
Rossmore-SE-W-from,1,19,2020081467,Rossmore-SE-2a,-33.9307125185,150.7767495542,9709.050191668553,Rossmore-SE-W
Rossmore-SE-W-from,1,19,20200814197,Rossmore-SW-EW,-33.9258029635,150.76909665120002,10931.759736134154,Rossmore-SE-W
Rossmore-SE-W-from,1,19,20200814259,10thAv_AerotropolisSouth_a,-33.9345914675,150.74087463770002,14688.734358451853,Rossmore-SE-W
Rossmore-SW-E-to,1,421,20200814270,10thAv_CasulaStation_b,-33.9500427156,150.9114065805,15.594795266199998,Rossmore-SW-E
Rossmore-SW-E-to,1,421,20200814271,10thAv_CasulaMall_a,-33.9469468448,150.9003094168,1698.1450359833,Rossmore-SW-E
Rossmore-SW-E-to,1,421,20200814267,10thAv_Lurnea_a,-33.9455312436,150.8912687464,2559.6927207107,Rossmore-SW-E
Rossmore-SW-E-to,1,421,20200814273,10thAv_NexusIndustryPark_a,-33.9442255875,150.8817342343,3475.8887896797996,Rossmore-SW-E
Rossmore-SW-E-to,1,421,20200814265,10thAv_Prestons_a,-33.9421996047,150.8670714794,4864.2589465128,Rossmore-SW-E
Rossmore-SW-E-to,1,421,20200814275,10thAv_PrestonsIndustrial_a,-33.9410118447,150.8581734898,5697.4201460374,Rossmore-SW-E
Rossmore-SW-E-to,1,421,20200814263,10thAv_CarnesHill_a,-33.9360313244,150.845044866,7115.3599534305,Rossmore-SW-E
Rossmore-SW-E-to,1,421,20200814261,10thAv_WestHoxton_a,-33.9342480631,150.8353444034,8304.7206447183,Rossmore-SW-E
Rossmore-SW-E-to,1,421,20200814213,Austral-SE-EW,-33.933077706999995,150.8118719874,10851.9525880274,Rossmore-SW-E
Rossmore-SW-E-to,1,421,20200814209,Austral-SW-EW,-33.9391658289,150.79723976969998,13271.1386172529,Rossmore-SW-E
Rossmore-SW-E-to,1,421,20200814201,Rossmore-SE-EW,-33.9290885648,150.7849626874,15469.6260805007,Rossmore-SW-E
Rossmore-SW-E-to,1,421,2020081493,Rossmore-SW-7a,-33.92915311780001,150.7746238658,16864.906095879498,Rossmore-SW-E
Rossmore-SW-E-to,1,421,2020081495,Rossmore-SW-8a,-33.9301328973,150.7711654096,17316.9289110968,Rossmore-SW-E
Rossmore-SW-E-to,1,421,2020081481,Rossmore-SW-1a,-33.929550017800004,150.7663027545,17771.2143284415,Rossmore-SW-E
Rossmore-SW-E-to,1,421,2020081483,Rossmore-SW-2a,-33.926584639299996,150.7643904093,18291.73104592,Rossmore-SW-E
Rossmore-SW-E-from,1,391,2020081485,Rossmore-SW-3a,-33.922571242800004,150.765083947,20911.967997870208,Rossmore-SW-E
Rossmore-SW-E-from,1,391,2020081487,Rossmore-SW-4a,-33.9215101971,150.7677473746,21288.848360623706,Rossmore-SW-E
Rossmore-SW-E-from,1,391,2020081489,Rossmore-SW-5a,-33.9220885699,150.7725737443,21739.782623198207,Rossmore-SW-E
Rossmore-SW-E-from,1,391,2020081491,Rossmore-SW-6a,-33.9251159179,150.7753273932,22332.75546121521,Rossmore-SW-E
Rossmore-SW-E-from,1,391,20200814202,Rossmore-SE-WE,-33.9290349884,150.78489125229999,23578.937730493908,Rossmore-SW-E
Rossmore-SW-E-from,1,391,20200814210,Austral-SW-WE,-33.9391228264,150.7971875523,25779.144552225607,Rossmore-SW-E
Rossmore-SW-E-from,1,391,20200814214,Austral-SE-WE,-33.9330483468,150.8118292817,28199.426830879005,Rossmore-SW-E
Rossmore-SW-E-from,1,391,20200814262,10thAv_WestHoxton_b,-33.9342259287,150.83536232169996,30753.364104564207,Rossmore-SW-E
Rossmore-SW-E-from,1,391,20200814264,10thAv_CarnesHill_b,-33.9359639627,150.8455352592,31928.009428437806,Rossmore-SW-E
Rossmore-SW-E-from,1,391,20200814276,10thAv_PrestonsIndustrial_b,-33.9409881116,150.8582141752,33308.2965182788,Rossmore-SW-E
Rossmore-SW-E-from,1,391,20200814266,10thAv_Prestons_b,-33.9422410921,150.8676134086,34188.31342875451,Rossmore-SW-E
Rossmore-SW-E-from,1,391,20200814274,10thAv_NexusIndustryPark_b,-33.9441822285,150.881802886,35524.60070241841,Rossmore-SW-E
Rossmore-SW-E-from,1,391,20200814268,10thAv_Lurnea_b,-33.9455176307,150.89142699639999,36451.517859022904,Rossmore-SW-E
Rossmore-SW-E-from,1,391,20200814272,10thAv_CasulaMall_b,-33.946912830500004,150.9003706425,37300.96981049851,Rossmore-SW-E
Rossmore-SW-E-from,1,391,20200814269,10thAv_CasulaStation_a,-33.950015598200004,150.9113921744,38951.18448839871,Rossmore-SW-E
Rossmore-SW-N-to,1,156,20200814320,CTway_StMarysStation_b,-33.7628119754,150.7763125536,16.1034064411,Rossmore-SW-N
Rossmore-SW-N-to,1,156,20200814322,CTway_StMarysLibrary_b,-33.7688064026,150.7737289487,861.8715562411,Rossmore-SW-N
Rossmore-SW-N-to,1,156,20200814324,CTway_WilsonOval_b,-33.7775932485,150.77221306659996,1846.7594350198,Rossmore-SW-N
Rossmore-SW-N-to,1,156,20200814318,CTway_BanksDrive_b,-33.7881825696,150.770419091,3034.0071019131,Rossmore-SW-N
Rossmore-SW-N-to,1,156,20200814316,CTway_LuddenhamRoad_b,-33.8033613188,150.7693345138,4755.1147127255,Rossmore-SW-N
Rossmore-SW-N-to,1,156,20200814314,CTWay_ErskineParkRoad_b,-33.8179643213,150.7760714532,6536.5083257145,Rossmore-SW-N
Rossmore-SW-N-to,1,156,20200814312,CTway_TrainingAcademy_b,-33.827156510500004,150.77892604040002,7611.2268829333,Rossmore-SW-N
Rossmore-SW-N-to,1,156,20200814308,CTWay_MamreRoad_b,-33.8423062963,150.7812109244,9334.1685208082,Rossmore-SW-N
Rossmore-SW-N-to,1,156,20200814310,CTway_M12_b,-33.8610157133,150.7774726452,11557.214949220801,Rossmore-SW-N
Rossmore-SW-N-to,1,156,20200814306,CTway_MetroWestStation_b,-33.8692541104,150.77526076700002,12520.533907486499,Rossmore-SW-N
Rossmore-SW-N-to,1,156,20200814326,CTway_ElizabethDrive_b,-33.8772940934,150.7787196416,13807.361138178001,Rossmore-SW-N
Rossmore-SW-N-to,1,156,20200814240,KempsCreek-NW-NS,-33.8878248581,150.7771709896,14988.619265515901,Rossmore-SW-N
Rossmore-SW-N-to,1,156,20200814228,KempsCreek-SW-NS,-33.9008857129,150.7771612139,16674.212776193,Rossmore-SW-N
Rossmore-SW-N-to,1,156,20200814196,Rossmore-NW-NS,-33.9127119275,150.7716446945,18346.4170390392,Rossmore-SW-N
Rossmore-SW-N-to,1,156,2020081489,Rossmore-SW-5a,-33.9220885699,150.7725737443,19594.9863090068,Rossmore-SW-N
Rossmore-SW-N-from,1,159,2020081481,Rossmore-SW-1a,-33.929550017800004,150.7663027545,19935.368540617113,Rossmore-SW-N
Rossmore-SW-N-to,1,156,2020081491,Rossmore-SW-6a,-33.9251159179,150.7753273932,20187.959147023703,Rossmore-SW-N
Rossmore-SW-N-from,1,159,2020081483,Rossmore-SW-2a,-33.926584639299996,150.7643904093,20455.88525809561,Rossmore-SW-N
Rossmore-SW-N-to,1,156,2020081493,Rossmore-SW-7a,-33.92915311780001,150.7746238658,20640.5247091449,Rossmore-SW-N
Rossmore-SW-N-from,1,159,2020081485,Rossmore-SW-3a,-33.922571242800004,150.765083947,20905.707274498312,Rossmore-SW-N
Rossmore-SW-N-to,1,156,2020081495,Rossmore-SW-8a,-33.9301328973,150.7711654096,21092.5475243622,Rossmore-SW-N
Rossmore-SW-N-from,1,159,2020081487,Rossmore-SW-4a,-33.9215101971,150.7677473746,21282.58763725181,Rossmore-SW-N
Rossmore-SW-N-from,1,159,20200814195,Rossmore-NW-SN,-33.9127122788,150.7716408299,22528.62517673141,Rossmore-SW-N
Rossmore-SW-N-from,1,159,20200814227,KempsCreek-SW-SN,-33.9008908021,150.77715103559999,24200.22330390931,Rossmore-SW-N
Rossmore-SW-N-from,1,159,20200814239,KempsCreek-NW-SN,-33.8878244404,150.7771667628,25886.520675163614,Rossmore-SW-N
Rossmore-SW-N-from,1,159,20200814325,CTway_ElizabethDrive_a,-33.877289639000004,150.7786755452,27067.65694331561,Rossmore-SW-N
Rossmore-SW-N-from,1,159,20200814305,CTway_MetroWestStation_a,-33.8693366129,150.7750977576,28343.364736897813,Rossmore-SW-N
Rossmore-SW-N-from,1,159,20200814309,CTway_M12_a,-33.8611149893,150.77733365879996,29305.160921103714,Rossmore-SW-N
Rossmore-SW-N-from,1,159,20200814307,CTway_MamreRoad_a,-33.842461926700004,150.781039731,31523.685398888512,Rossmore-SW-N
Rossmore-SW-N-from,1,159,20200814311,CTway_TrainingAcademy_a,-33.8272876613,150.778970373,33249.016130260214,Rossmore-SW-N
Rossmore-SW-N-from,1,159,20200814313,CTway_ErskineParkRoad_a,-33.8172801276,150.7758564209,34417.75525123121,Rossmore-SW-N
Rossmore-SW-N-from,1,159,20200814315,CTway_LuddenhamRoad_a,-33.8036286973,150.7694340034,36092.469778483515,Rossmore-SW-N
Rossmore-SW-N-from,1,159,20200814317,CTway_BanksDrive_a,-33.7883272933,150.7703188977,37826.689717638015,Rossmore-SW-N
Rossmore-SW-N-from,1,159,20200814323,CTway_WilsonOval_a,-33.7776406092,150.7721841882,39026.54040969951,Rossmore-SW-N
Rossmore-SW-N-from,1,159,20200814321,CTway_StMarysLibrary_a,-33.7688712124,150.7736533373,40008.89989698451,Rossmore-SW-N
Rossmore-SW-N-from,1,159,20200814319,CTway_StMarysStation_a,-33.762579605,150.7763020595,40865.45391383501,Rossmore-SW-N
Rossmore-SW-S-to,1,12,20200814354,SouthCreekStation_b,-33.9474910209,150.7570352553,34.0306956331,Rossmore-SW-S
Rossmore-SW-S-to,1,12,2020081481,Rossmore-SW-1a,-33.929550017800004,150.7663027545,3153.6455390327,Rossmore-SW-S
Rossmore-SW-S-to,1,12,2020081483,Rossmore-SW-2a,-33.926584639299996,150.7643904093,3674.1622565111998,Rossmore-SW-S
Rossmore-SW-S-to,1,12,2020081485,Rossmore-SW-3a,-33.922571242800004,150.765083947,4123.9842729139,Rossmore-SW-S
Rossmore-SW-S-to,1,12,2020081487,Rossmore-SW-4a,-33.9215101971,150.7677473746,4500.8646356673,Rossmore-SW-S
Rossmore-SW-S-from,1,12,2020081489,Rossmore-SW-5a,-33.9220885699,150.7725737443,4939.136005101716,Rossmore-SW-S
Rossmore-SW-S-from,1,12,2020081491,Rossmore-SW-6a,-33.9251159179,150.7753273932,5532.108843118616,Rossmore-SW-S
Rossmore-SW-S-from,1,12,2020081493,Rossmore-SW-7a,-33.92915311780001,150.7746238658,5984.674405239815,Rossmore-SW-S
Rossmore-SW-S-from,1,12,2020081495,Rossmore-SW-8a,-33.9301328973,150.7711654096,6436.697220457116,Rossmore-SW-S
Rossmore-SW-S-from,1,12,20200814353,SouthCreekStation_a,-33.9475883119,150.756946809,9560.076940087616,Rossmore-SW-S
Rossmore-SW-W-to,1,16,20200814260,10thAv_AerotropolisSouth_b,-33.9344828308,150.7409651684,47.945026401199996,Rossmore-SW-W
Rossmore-SW-W-to,1,16,2020081485,Rossmore-SW-3a,-33.922571242800004,150.765083947,3679.9543057692,Rossmore-SW-W
Rossmore-SW-W-to,1,16,2020081487,Rossmore-SW-4a,-33.9215101971,150.7677473746,4056.8346685227,Rossmore-SW-W
Rossmore-SW-W-to,1,16,2020081489,Rossmore-SW-5a,-33.9220885699,150.7725737443,4507.7689310972,Rossmore-SW-W
Rossmore-SW-W-to,1,16,2020081491,Rossmore-SW-6a,-33.9251159179,150.7753273932,5100.7417691141,Rossmore-SW-W
Rossmore-SW-W-from,1,16,2020081493,Rossmore-SW-7a,-33.92915311780001,150.7746238658,5878.723648407161,Rossmore-SW-W
Rossmore-SW-W-from,1,16,2020081495,Rossmore-SW-8a,-33.9301328973,150.7711654096,6330.74646362446,Rossmore-SW-W
Rossmore-SW-W-from,1,16,2020081481,Rossmore-SW-1a,-33.929550017800004,150.7663027545,6785.031880969061,Rossmore-SW-W
Rossmore-SW-W-from,1,16,2020081483,Rossmore-SW-2a,-33.926584639299996,150.7643904093,7305.548598447661,Rossmore-SW-W
Rossmore-SW-W-from,1,16,20200814259,10thAv_AerotropolisSouth_a,-33.9345914675,150.74087463770002,10795.93449242276,Rossmore-SW-W
