shape_id,begin,end,stop_id,stop_name,stop_lat,stop_lon,distAlongR,parent_route
10th-ASTH-CSLA,1,427,20200814260,10thAv_AerotropolisSouth_b,-33.93448283,150.74096519999998,47.945029999999996,10th-ASTH-CSLA
10th-ASTH-CSLA,1,427,20200814198,Rossmore-SW-WE,-33.92576573,150.7691628,3804.0891899999997,10th-ASTH-CSLA
10th-ASTH-CSLA,1,427,20200814202,Rossmore-SE-WE,-33.92903499,150.78489130000003,5446.92407,10th-ASTH-CSLA
10th-ASTH-CSLA,1,427,20200814210,Austral-SW-WE,-33.93120032,150.79867119999997,6743.77943,10th-ASTH-CSLA
10th-ASTH-CSLA,1,427,20200814214,Austral-SE-WE,-33.93304835,150.8118293,7977.772059999999,10th-ASTH-CSLA
10th-ASTH-CSLA,1,427,20200814262,10thAv_WestHoxton_b,-33.93422593,150.8353623,10753.84079,10th-ASTH-CSLA
10th-ASTH-CSLA,1,427,20200814264,10thAv_CarnesHill_b,-33.93596396,150.84553530000002,11928.491820000001,10th-ASTH-CSLA
10th-ASTH-CSLA,1,427,20200814276,10thAv_PrestonsIndustrial_b,-33.94098811,150.8582142,13308.778909999999,10th-ASTH-CSLA
10th-ASTH-CSLA,1,427,20200814266,10thAv_Prestons_b,-33.94224109,150.8676134,14188.79582,10th-ASTH-CSLA
10th-ASTH-CSLA,1,427,20200814274,10thAv_NexusIndustryPark_b,-33.94418223,150.8818029,15525.08311,10th-ASTH-CSLA
10th-ASTH-CSLA,1,427,20200814268,10thAv_Lurnea_b,-33.94551763,150.891427,16452.00027,10th-ASTH-CSLA
10th-ASTH-CSLA,1,427,20200814272,10thAv_CasulaMall_b,-33.94691283,150.9003706,17301.45222,10th-ASTH-CSLA
10th-ASTH-CSLA,1,427,20200814269,10thAv_CasulaStation_a,-33.9500156,150.91139219999997,18951.68275,10th-ASTH-CSLA
10th-CSLA-ASTH,1,452,20200814270,10thAv_CasulaStation_b,-33.95004272,150.9114066,15.5948,10th-CSLA-ASTH
10th-CSLA-ASTH,1,452,20200814271,10thAv_CasulaMall_a,-33.94694684,150.9003094,1698.14395,10th-CSLA-ASTH
10th-CSLA-ASTH,1,452,20200814267,10thAv_Lurnea_a,-33.94553124,150.89126869999998,2559.69164,10th-CSLA-ASTH
10th-CSLA-ASTH,1,452,20200814273,10thAv_NexusIndustryPark_a,-33.94422559,150.88173419999998,3475.88771,10th-CSLA-ASTH
10th-CSLA-ASTH,1,452,20200814265,10thAv_Prestons_a,-33.9421996,150.8670715,4864.25786,10th-CSLA-ASTH
10th-CSLA-ASTH,1,452,20200814275,10thAv_PrestonsIndustrial_a,-33.94101184,150.85817350000002,5697.41906,10th-CSLA-ASTH
10th-CSLA-ASTH,1,452,20200814263,10thAv_CarnesHill_a,-33.93603132,150.8450449,7115.37598,10th-CSLA-ASTH
10th-CSLA-ASTH,1,452,20200814261,10thAv_WestHoxton_a,-33.93424806,150.83534440000003,8304.76042,10th-CSLA-ASTH
10th-CSLA-ASTH,1,452,20200814213,Austral-SE-EW,-33.93307771,150.811872,10851.98448,10th-CSLA-ASTH
10th-CSLA-ASTH,1,452,20200814209,Austral-SW-EW,-33.93121391,150.7986665,12090.53482,10th-CSLA-ASTH
10th-CSLA-ASTH,1,452,20200814201,Rossmore-SE-EW,-33.92908856,150.7849627,13380.02575,10th-CSLA-ASTH
10th-CSLA-ASTH,1,452,20200814197,Rossmore-SW-EW,-33.92580296,150.7690967,15035.542,10th-CSLA-ASTH
10th-CSLA-ASTH,1,452,20200814259,10thAv_AerotropolisSouth_a,-33.93459147,150.7408746,18792.51666,10th-CSLA-ASTH
15th-AERO-LVPL,1,314,20200814257,AerotropolisStation_a,-33.92049719,150.73677450000002,22.032120000000003,15th-AERO-LVPL
15th-AERO-LVPL,1,314,20200814256,15thAv_Bringelly_b,-33.91018533,150.7459844,1939.6769199999999,15th-AERO-LVPL
15th-AERO-LVPL,1,314,20200814193,Rossmore-NW-WE,-33.91237445,150.77140769999997,4390.0425399999995,15th-AERO-LVPL
15th-AERO-LVPL,1,314,20200814206,Rossmore-NE-WE,-33.91407917,150.78536680000002,5695.01153,15th-AERO-LVPL
15th-AERO-LVPL,1,314,20200814221,Austral-NW-WE,-33.91795364,150.8089158,8020.320159999999,15th-AERO-LVPL
15th-AERO-LVPL,1,314,20200814218,Austral-NE-WE,-33.91876096,150.8147676,8568.85946,15th-AERO-LVPL
15th-AERO-LVPL,1,314,20200814254,15thAv_MiddletonGrange_b,-33.92220673,150.8396429,10900.88767,15th-AERO-LVPL
15th-AERO-LVPL,1,314,20200814252,15thAv_HoxtonPark_b,-33.92637451,150.8607375,13022.53835,15th-AERO-LVPL
15th-AERO-LVPL,1,314,20200814249,15thAv_MillerTway_a,-33.926964700000006,150.87097450000002,13986.16704,15th-AERO-LVPL
15th-AERO-LVPL,1,314,20200814247,15thAv_AshTway_a,-33.92753548,150.88323359999998,15131.84921,15th-AERO-LVPL
15th-AERO-LVPL,1,314,20200814245,15thAv_MaxwellsTway_a,-33.92633517,150.8992313,16623.104890000002,15th-AERO-LVPL
15th-AERO-LVPL,1,314,20200814243,15thAv_BrickmakersTway_a,-33.92784302,150.91032019999997,17662.37967,15th-AERO-LVPL
15th-AERO-LVPL,1,314,20200814242,15thAv_LiverpoolStation_b,-33.923103000000005,150.9268322,19513.54229,15th-AERO-LVPL
15th-LVPL-AERO,1,336,20200814241,15thAv_LiverpoolStation_a,-33.92295892,150.9266524,20.87141,15th-LVPL-AERO
15th-LVPL-AERO,1,336,20200814244,15thAv-BrickmakersTway_b,-33.9280105,150.9102682,1927.66554,15th-LVPL-AERO
15th-LVPL-AERO,1,336,20200814246,15thAv_MaxwellsTway_b,-33.92658085,150.8983681,3042.12046,15th-LVPL-AERO
15th-LVPL-AERO,1,336,20200814248,15thAv_AshTway_b,-33.92784671,150.8820715,4562.52313,15th-LVPL-AERO
15th-LVPL-AERO,1,336,20200814250,15thAv_MillerTway_b,-33.92730335,150.8713841,5559.34222,15th-LVPL-AERO
15th-LVPL-AERO,1,336,20200814251,15thAv_HoxtonPark_a,-33.92667545,150.8581175,6808.21949,15th-LVPL-AERO
15th-LVPL-AERO,1,336,20200814253,15thAv_MiddletonGrange_a,-33.92224766,150.8396293,8696.11355,15th-LVPL-AERO
15th-LVPL-AERO,1,336,20200814217,Austral-NE-EW,-33.91878525,150.81478380000001,11025.70613,15th-LVPL-AERO
15th-LVPL-AERO,1,336,20200814222,Austral-NW-EW,-33.91796598,150.80892619999997,11575.02306,15th-LVPL-AERO
15th-LVPL-AERO,1,336,20200814205,Rossmore-NE-EW,-33.91408072,150.7853648,13903.442519999999,15th-LVPL-AERO
15th-LVPL-AERO,1,336,20200814194,Rossmore-NW-EW,-33.91240923,150.77134980000002,15213.0008,15th-LVPL-AERO
15th-LVPL-AERO,1,336,20200814255,15thAv_Bringelly_a,-33.91019163,150.745996,17659.12777,15th-LVPL-AERO
15th-LVPL-AERO,1,336,20200814258,AerotropolisStation_b,-33.92042120000001,150.73688090000002,19566.33713,15th-LVPL-AERO
20th-AERO-LVPL,1,318,20200814257,AerotropolisStation_a,-33.92049719,150.73677450000002,22.03211,20th-AERO-LVPL
20th-AERO-LVPL,1,318,20200814256,15thAv_Bringelly_b,-33.91018533,150.7459844,1939.6769199999999,20th-AERO-LVPL
20th-AERO-LVPL,1,318,20200814278,20thAv_ETway_Interchange_b,-33.89858536,150.7589481,4394.12195,20th-AERO-LVPL
20th-AERO-LVPL,1,318,20200814226,KempsCreek-SW-WE,-33.90099186,150.77695690000002,6085.40283,20th-AERO-LVPL
20th-AERO-LVPL,1,318,20200814230,KempsCreek-SE-WE,-33.90211413,150.78822580000002,7143.15448,20th-AERO-LVPL
20th-AERO-LVPL,1,318,20200814221,Austral-NW-WE,-33.91795364,150.8089158,10579.76185,20th-AERO-LVPL
20th-AERO-LVPL,1,318,20200814218,Austral-NE-WE,-33.91876096,150.8147676,11128.30092,20th-AERO-LVPL
20th-AERO-LVPL,1,318,20200814254,15thAv_MiddletonGrange_b,-33.92220673,150.8396429,13460.32914,20th-AERO-LVPL
20th-AERO-LVPL,1,318,20200814252,15thAv_HoxtonPark_b,-33.92637451,150.8607375,15581.979809999999,20th-AERO-LVPL
20th-AERO-LVPL,1,318,20200814249,15thAv_MillerTway_a,-33.926964700000006,150.87097450000002,16545.60851,20th-AERO-LVPL
20th-AERO-LVPL,1,318,20200814247,15thAv_AshTway_a,-33.92753548,150.88323359999998,17691.29067,20th-AERO-LVPL
20th-AERO-LVPL,1,318,20200814245,15thAv_MaxwellsTway_a,-33.92633517,150.8992313,19182.54635,20th-AERO-LVPL
20th-AERO-LVPL,1,318,20200814243,15thAv_BrickmakersTway_a,-33.92784302,150.91032019999997,20221.82114,20th-AERO-LVPL
20th-AERO-LVPL,1,318,20200814242,15thAv_LiverpoolStation_b,-33.923103000000005,150.9268322,22072.98376,20th-AERO-LVPL
20th-LVPL-AERO,1,327,20200814241,15thAv_LiverpoolStation_a,-33.92295892,150.9266524,20.87141,20th-LVPL-AERO
20th-LVPL-AERO,1,327,20200814244,15thAv-BrickmakersTway_b,-33.9280105,150.9102682,1927.66554,20th-LVPL-AERO
20th-LVPL-AERO,1,327,20200814246,15thAv_MaxwellsTway_b,-33.92658085,150.8983681,3042.12046,20th-LVPL-AERO
20th-LVPL-AERO,1,327,20200814248,15thAv_AshTway_b,-33.92784671,150.8820715,4562.52313,20th-LVPL-AERO
20th-LVPL-AERO,1,327,20200814250,15thAv_MillerTway_b,-33.92730335,150.8713841,5559.34222,20th-LVPL-AERO
20th-LVPL-AERO,1,327,20200814251,15thAv_HoxtonPark_a,-33.92667545,150.8581175,6808.21949,20th-LVPL-AERO
20th-LVPL-AERO,1,327,20200814253,15thAv_MiddletonGrange_a,-33.92224766,150.8396293,8696.11355,20th-LVPL-AERO
20th-LVPL-AERO,1,327,20200814217,Austral-NE-EW,-33.91878525,150.81478380000001,11025.70613,20th-LVPL-AERO
20th-LVPL-AERO,1,327,20200814222,Austral-NW-EW,-33.91796598,150.80892619999997,11575.02306,20th-LVPL-AERO
20th-LVPL-AERO,1,327,20200814229,KempsCreek-SE-EW,-33.90214498,150.7882644,15038.085330000002,20th-LVPL-AERO
20th-LVPL-AERO,1,327,20200814225,KempsCreek-SW-EW,-33.90099913,150.7769497,16100.059980000002,20th-LVPL-AERO
20th-LVPL-AERO,1,327,20200814277,20thAv_ETway_Interchange_a,-33.89859899,150.7589481,17790.92094,20th-LVPL-AERO
20th-LVPL-AERO,1,327,20200814255,15thAv_Bringelly_a,-33.91019163,150.745996,20246.09777,20th-LVPL-AERO
20th-LVPL-AERO,1,327,20200814258,AerotropolisStation_b,-33.92042120000001,150.73688090000002,22153.30713,20th-LVPL-AERO
25th-BPRK-CBMT,1,320,20200814280,BusinessParkStation_b,-33.88336706,150.7384856,247.88203,25th-BPRK-CBMT
25th-BPRK-CBMT,1,320,20200814282,25thAv_ETway_Interchange_b,-33.88642859,150.7604154,2501.76656,25th-BPRK-CBMT
25th-BPRK-CBMT,1,320,20200814237,KempsCreek-NW-EW,-33.88979905,150.7789893,4617.87005,25th-BPRK-CBMT
25th-BPRK-CBMT,1,320,20200814234,KempsCreek-NE-WE,-33.89133065,150.7904357,5750.94901,25th-BPRK-CBMT
25th-BPRK-CBMT,1,320,20200814327,DTway_ElizabethDrive_a,-33.88097491,150.7926725,6934.689990000001,25th-BPRK-CBMT
25th-BPRK-CBMT,1,320,20200814284,ETway_MamreRoad_b,-33.88046288,150.809186,8513.4227,25th-BPRK-CBMT
25th-BPRK-CBMT,1,320,20200814302,ETway_CecilRoad_b,-33.87467622,150.8388989,11517.98515,25th-BPRK-CBMT
25th-BPRK-CBMT,1,320,20200814299,ETway_CecilHills_b,-33.88352747,150.857888,13640.018890000001,25th-BPRK-CBMT
25th-BPRK-CBMT,1,320,20200814298,ETway_BonnyriggHeights_b,-33.88536386,150.86988169999998,14801.019690000001,25th-BPRK-CBMT
25th-BPRK-CBMT,1,320,20200814286,ETway_LPTway_b,-33.88942837,150.8831937,16132.32824,25th-BPRK-CBMT
25th-BPRK-CBMT,1,320,20200814290,ETway_Bonnyrigg_b,-33.89325479,150.8916649,17043.375219999998,25th-BPRK-CBMT
25th-BPRK-CBMT,1,320,20200814288,ETway_MountPritchard_b,-33.89480678,150.9032201,18126.04676,25th-BPRK-CBMT
25th-BPRK-CBMT,1,320,20200814296,ETway_TownviewRoad_b,-33.89694046,150.9126904,19052.08334,25th-BPRK-CBMT
25th-BPRK-CBMT,1,320,20200814294,ETway_CabramattaWest_b,-33.89926278,150.92183400000002,19965.603580000003,25th-BPRK-CBMT
25th-BPRK-CBMT,1,320,20200814292,ETway_Cabramatta_b,-33.89519865,150.9384586,21614.94624,25th-BPRK-CBMT
25th-CBMT-BPRK,1,334,20200814291,ETWay_Cabramatta_a,-33.8951539,150.9385034,23.680999999999997,25th-CBMT-BPRK
25th-CBMT-BPRK,1,334,20200814293,ETway_CabramattaWest_a,-33.89933379,150.9218006,1785.40676,25th-CBMT-BPRK
25th-CBMT-BPRK,1,334,20200814295,ETway_TownviewRoad_a,-33.89694911,150.912653,2702.5768399999997,25th-CBMT-BPRK
25th-CBMT-BPRK,1,334,20200814287,ETway_MountPritchard_a,-33.89485316,150.90313569999998,3633.36296,25th-CBMT-BPRK
25th-CBMT-BPRK,1,334,20200814289,ETway_Bonnyrigg_a,-33.89327506,150.89162439999998,4712.5552,25th-CBMT-BPRK
25th-CBMT-BPRK,1,334,20200814285,ETway_LPTway_a,-33.88943468,150.8831053,5646.83846,25th-CBMT-BPRK
25th-CBMT-BPRK,1,334,20200814297,ETway_BonnyriggHeights_a,-33.88544686,150.8696643,6985.751209999999,25th-CBMT-BPRK
25th-CBMT-BPRK,1,334,20200814300,ETway_CecilHills_a,-33.88372728,150.8574727,8164.77659,25th-CBMT-BPRK
25th-CBMT-BPRK,1,334,20200814301,ETway_CecilRoad_a,-33.87475658,150.8387649,10271.11162,25th-CBMT-BPRK
25th-CBMT-BPRK,1,334,20200814283,ETway_MamreRoad_a,-33.88060189,150.8090608,13277.17109,25th-CBMT-BPRK
25th-CBMT-BPRK,1,334,20200814328,DTway_ElizabethDrive_b,-33.88095915,150.79269219999998,14836.75535,25th-CBMT-BPRK
25th-CBMT-BPRK,1,334,20200814233,KempsCreek-NE-EW,-33.89134184,150.7904917,16018.08657,25th-CBMT-BPRK
25th-CBMT-BPRK,1,334,20200814238,KempsCreek-NW-WE,-33.88978774,150.778978,17156.69577,25th-CBMT-BPRK
25th-CBMT-BPRK,1,334,20200814281,25thAv_ETway_Interchange_a,-33.88654472,150.76052099999998,19260.19263,25th-CBMT-BPRK
25th-CBMT-BPRK,1,334,20200814279,BusinessParkStation_a,-33.88343221,150.7384801,21530.19086,25th-CBMT-BPRK
AERO-MG,1,164,20200814257,AerotropolisStation_a,-33.92049719,150.73677450000002,22.032120000000003,AERO-MG
AERO-MG,1,164,20200814256,15thAv_Bringelly_b,-33.91018533,150.7459844,1939.6769199999999,AERO-MG
AERO-MG,1,164,20200814193,Rossmore-NW-WE,-33.91237445,150.77140769999997,4390.0425399999995,AERO-MG
AERO-MG,1,164,20200814206,Rossmore-NE-WE,-33.91407917,150.78536680000002,5695.01153,AERO-MG
AERO-MG,1,164,20200814221,Austral-NW-WE,-33.91795364,150.8089158,8019.1052,AERO-MG
AERO-MG,1,164,20200814218,Austral-NE-WE,-33.91876096,150.8147676,8567.64427,AERO-MG
AERO-MG,1,164,20200814254,15thAv_MiddletonGrange_b,-33.92220673,150.8396429,10899.671409999999,AERO-MG
AERO-MG,1,164,202008281,Bryant Av,-33.92035842,150.8403634,11143.01482,AERO-MG
AERO-MG,1,164,2020082612,Kelsey St,-33.91820909,150.8425681,11581.277740000001,AERO-MG
AERO-MG,1,164,2020082610,Swoffer Av near Reardon Av,-33.91835285,150.84470019999998,11793.80952,AERO-MG
Austral-NE-E-to,1,242,20200814241,15thAv_LiverpoolStation_a,-33.92295892,150.9266524,20.87141,Austral-NE-E
Austral-NE-E-to,1,242,20200814244,15thAv-BrickmakersTway_b,-33.9280105,150.9102682,1927.66554,Austral-NE-E
Austral-NE-E-to,1,242,20200814246,15thAv_MaxwellsTway_b,-33.92658085,150.8983681,3042.12046,Austral-NE-E
Austral-NE-E-to,1,242,20200814248,15thAv_AshTway_b,-33.92784671,150.8820715,4562.52313,Austral-NE-E
Austral-NE-E-to,1,242,20200814250,15thAv_MillerTway_b,-33.92730335,150.8713841,5559.34222,Austral-NE-E
Austral-NE-E-to,1,242,20200814251,15thAv_HoxtonPark_a,-33.92667545,150.8581175,6808.21949,Austral-NE-E
Austral-NE-E-to,1,242,20200814253,15thAv_MiddletonGrange_a,-33.92224766,150.8396293,8696.11355,Austral-NE-E
Austral-NE-E-to,1,242,2020081413,Austral-NE-7a,-33.92091594,150.81945359999997,10724.170540000001,Austral-NE-E
Austral-NE-E-to,1,242,2020081415,Austral-NE-8a,-33.92197779,150.81658240000002,11125.77995,Austral-NE-E
Austral-NE-E-to,1,242,202008141,Austral-NE-1a,-33.92342299,150.8115901,11784.59115,Austral-NE-E
Austral-NE-E-to,1,242,202008143,Austral-NE-2a,-33.92022367,150.8096795,12339.53594,Austral-NE-E
Austral-NE-E-from,1,249,202008145,Austral-NE-3a,-33.91536535,150.8101168,15101.571065215176,Austral-NE-E
Austral-NE-E-from,1,249,202008147,Austral-NE-4a,-33.91494651,150.8133789,15652.454575215175,Austral-NE-E
Austral-NE-E-from,1,249,202008149,Austral-NE-5a,-33.91478435,150.81791,16146.072855215174,Austral-NE-E
Austral-NE-E-from,1,249,2020081411,Austral-NE-6a,-33.91663555,150.81989009999998,16530.268545215175,Austral-NE-E
Austral-NE-E-from,1,249,20200814254,15thAv_MiddletonGrange_b,-33.92220673,150.8396429,18933.571145215174,Austral-NE-E
Austral-NE-E-from,1,249,20200814252,15thAv_HoxtonPark_b,-33.92637451,150.8607375,21055.221825215176,Austral-NE-E
Austral-NE-E-from,1,249,20200814249,15thAv_MillerTway_a,-33.926964700000006,150.87097450000002,22018.850515215177,Austral-NE-E
Austral-NE-E-from,1,249,20200814247,15thAv_AshTway_a,-33.92753548,150.88323359999998,23164.532685215174,Austral-NE-E
Austral-NE-E-from,1,249,20200814245,15thAv_MaxwellsTway_a,-33.92633517,150.8992313,24655.788365215176,Austral-NE-E
Austral-NE-E-from,1,249,20200814243,15thAv_BrickmakersTway_a,-33.92784302,150.91032019999997,25695.063145215176,Austral-NE-E
Austral-NE-E-from,1,249,20200814242,15thAv_LiverpoolStation_b,-33.923103000000005,150.9268322,27546.225765215175,Austral-NE-E
Austral-NE-N-to,1,105,20200814280,BusinessParkStation_b,-33.88336706,150.7384856,247.88203,Austral-NE-N
Austral-NE-N-to,1,105,20200814282,25thAv_ETway_Interchange_b,-33.88642859,150.7604154,2501.76656,Austral-NE-N
Austral-NE-N-to,1,105,20200814278,20thAv_ETway_Interchange_b,-33.89858536,150.7589481,3910.93199,Austral-NE-N
Austral-NE-N-to,1,105,20200814226,KempsCreek-SW-WE,-33.90099186,150.77695690000002,5602.21287,Austral-NE-N
Austral-NE-N-to,1,105,20200814230,KempsCreek-SE-WE,-33.90211413,150.78822580000002,6659.96452,Austral-NE-N
Austral-NE-N-to,1,105,202008149,Austral-NE-5a,-33.91478435,150.81791,10428.14985,Austral-NE-N
Austral-NE-N-to,1,105,2020081411,Austral-NE-6a,-33.91663555,150.81989009999998,10812.34649,Austral-NE-N
Austral-NE-N-to,1,105,2020081413,Austral-NE-7a,-33.92091594,150.81945359999997,11511.79927,Austral-NE-N
Austral-NE-N-to,1,105,2020081415,Austral-NE-8a,-33.92197779,150.81658240000002,11913.40869,Austral-NE-N
Austral-NE-N-from,1,114,202008141,Austral-NE-1a,-33.92342299,150.8115901,13825.808981684868,Austral-NE-N
Austral-NE-N-from,1,114,202008143,Austral-NE-2a,-33.92022367,150.8096795,14380.75377168487,Austral-NE-N
Austral-NE-N-from,1,114,202008145,Austral-NE-3a,-33.91536535,150.8101168,15246.56871168487,Austral-NE-N
Austral-NE-N-from,1,114,202008147,Austral-NE-4a,-33.91494651,150.8133789,15797.452221684869,Austral-NE-N
Austral-NE-N-from,1,114,20200814229,KempsCreek-SE-EW,-33.90214498,150.7882644,19646.611351684867,Austral-NE-N
Austral-NE-N-from,1,114,20200814225,KempsCreek-SW-EW,-33.90099913,150.7769497,20708.586001684867,Austral-NE-N
Austral-NE-N-from,1,114,20200814277,20thAv_ETway_Interchange_a,-33.89859899,150.7589481,22399.446961684866,Austral-NE-N
Austral-NE-N-from,1,114,20200814281,25thAv_ETway_Interchange_a,-33.88654472,150.76052099999998,23797.314521684868,Austral-NE-N
Austral-NE-N-from,1,114,20200814279,BusinessParkStation_a,-33.88343221,150.7384801,26067.31275168487,Austral-NE-N
Austral-NE-S-to,1,67,20200814358,LeppingtonStation_b,-33.95360524,150.8082583,7.314019999999999,Austral-NE-S
Austral-NE-S-to,1,67,20200814215,Austral-SE-SN,-33.93328323,150.8119841,2370.57872,Austral-NE-S
Austral-NE-S-to,1,67,202008141,Austral-NE-1a,-33.92342299,150.8115901,3962.1141399999997,Austral-NE-S
Austral-NE-S-to,1,67,202008143,Austral-NE-2a,-33.92022367,150.8096795,4517.05893,Austral-NE-S
Austral-NE-S-to,1,67,202008145,Austral-NE-3a,-33.91536535,150.8101168,5382.87686,Austral-NE-S
Austral-NE-S-to,1,67,202008147,Austral-NE-4a,-33.91494651,150.8133789,5933.76037,Austral-NE-S
Austral-NE-S-from,1,59,202008149,Austral-NE-5a,-33.91478435,150.81791,6128.153347650527,Austral-NE-S
Austral-NE-S-from,1,59,2020081411,Austral-NE-6a,-33.91663555,150.81989009999998,6512.349987650527,Austral-NE-S
Austral-NE-S-from,1,59,2020081413,Austral-NE-7a,-33.92091594,150.81945359999997,7211.802767650527,Austral-NE-S
Austral-NE-S-from,1,59,2020081415,Austral-NE-8a,-33.92197779,150.81658240000002,7613.412187650527,Austral-NE-S
Austral-NE-S-from,1,59,20200814216,Austral-SE-NS,-33.93325387,150.81202150000001,9124.867387650527,Austral-NE-S
Austral-NE-S-from,1,59,20200814357,LeppingtonStation_a,-33.95404554,150.8081304,11561.353167650526,Austral-NE-S
Austral-NE-W-to,1,73,20200814257,AerotropolisStation_a,-33.92049719,150.73677450000002,22.03211,Austral-NE-W
Austral-NE-W-to,1,73,20200814256,15thAv_Bringelly_b,-33.91018533,150.7459844,1939.6769199999999,Austral-NE-W
Austral-NE-W-to,1,73,20200814193,Rossmore-NW-WE,-33.91237445,150.77140769999997,4390.0425399999995,Austral-NE-W
Austral-NE-W-to,1,73,20200814206,Rossmore-NE-WE,-33.91407917,150.78536680000002,5695.01153,Austral-NE-W
Austral-NE-W-to,1,73,20200814221,Austral-NW-WE,-33.91795364,150.8089158,8020.31872,Austral-NE-W
Austral-NE-W-to,1,73,202008145,Austral-NE-3a,-33.91536535,150.8101168,8762.47733,Austral-NE-W
Austral-NE-W-to,1,73,202008147,Austral-NE-4a,-33.91494651,150.8133789,9313.360840000001,Austral-NE-W
Austral-NE-W-to,1,73,202008149,Austral-NE-5a,-33.91478435,150.81791,9806.97911,Austral-NE-W
Austral-NE-W-to,1,73,2020081411,Austral-NE-6a,-33.91663555,150.81989009999998,10191.174809999999,Austral-NE-W
Austral-NE-W-from,1,70,2020081413,Austral-NE-7a,-33.92091594,150.81945359999997,12136.755174890868,Austral-NE-W
Austral-NE-W-from,1,70,2020081415,Austral-NE-8a,-33.92197779,150.81658240000002,12538.364594890867,Austral-NE-W
Austral-NE-W-from,1,70,202008141,Austral-NE-1a,-33.92342299,150.8115901,13197.175794890867,Austral-NE-W
Austral-NE-W-from,1,70,202008143,Austral-NE-2a,-33.92022367,150.8096795,13752.120584890867,Austral-NE-W
Austral-NE-W-from,1,70,20200814222,Austral-NW-EW,-33.91796598,150.80892619999997,14101.037664890868,Austral-NE-W
Austral-NE-W-from,1,70,20200814205,Rossmore-NE-EW,-33.91408072,150.7853648,16429.44749489087,Austral-NE-W
Austral-NE-W-from,1,70,20200814194,Rossmore-NW-EW,-33.91240923,150.77134980000002,17739.005744890866,Austral-NE-W
Austral-NE-W-from,1,70,20200814255,15thAv_Bringelly_a,-33.91019163,150.745996,20185.132714890868,Austral-NE-W
Austral-NE-W-from,1,70,20200814258,AerotropolisStation_b,-33.92042120000001,150.73688090000002,22092.342064890865,Austral-NE-W
Austral-NW-E-to,1,281,20200814241,15thAv_LiverpoolStation_a,-33.92295892,150.9266524,20.87141,Austral-NW-E
Austral-NW-E-to,1,281,20200814244,15thAv-BrickmakersTway_b,-33.9280105,150.9102682,1927.66554,Austral-NW-E
Austral-NW-E-to,1,281,20200814246,15thAv_MaxwellsTway_b,-33.92658085,150.8983681,3042.12046,Austral-NW-E
Austral-NW-E-to,1,281,20200814248,15thAv_AshTway_b,-33.92784671,150.8820715,4562.52313,Austral-NW-E
Austral-NW-E-to,1,281,20200814250,15thAv_MillerTway_b,-33.92730335,150.8713841,5559.34222,Austral-NW-E
Austral-NW-E-to,1,281,20200814251,15thAv_HoxtonPark_a,-33.92667545,150.8581175,6808.21949,Austral-NW-E
Austral-NW-E-to,1,281,20200814253,15thAv_MiddletonGrange_a,-33.92224766,150.8396293,8696.11355,Austral-NW-E
Austral-NW-E-to,1,281,20200814217,Austral-NE-EW,-33.91878525,150.81478380000001,11025.70613,Austral-NW-E
Austral-NW-E-to,1,281,2020081420,Austral-NW-6b,-33.92082381,150.808125,11919.10419,Austral-NW-E
Austral-NW-E-to,1,281,2020081421,Austral-NW-7a,-33.92394314,150.8074264,12271.14307,Austral-NW-E
Austral-NW-E-to,1,281,2020081423,Austral-NW-8a,-33.92639325,150.8056726,12680.8682,Austral-NW-E
Austral-NW-E-to,1,281,2020081417,Austral-NW-1a,-33.92565717,150.8005757,13159.23432,Austral-NW-E
Austral-NW-E-to,1,281,2020081425,Austral-NW-2a,-33.92300287,150.80272639999998,13885.78644,Austral-NW-E
Austral-NW-E-to,1,281,2020081427,Austral-NW-3a,-33.92032002,150.80481730000002,14793.54525,Austral-NW-E
Austral-NW-E-from,1,274,2020081429,Austral-NW-4a,-33.91696908,150.8004336,17804.647094042648,Austral-NW-E
Austral-NW-E-from,1,274,2020081431,Austral-NW-5a,-33.91216504,150.8013513,18733.65337404265,Austral-NW-E
Austral-NW-E-from,1,274,20200814218,Austral-NE-WE,-33.91876096,150.8147676,20552.65555404265,Austral-NW-E
Austral-NW-E-from,1,274,20200814254,15thAv_MiddletonGrange_b,-33.92220673,150.8396429,22884.68667404265,Austral-NW-E
Austral-NW-E-from,1,274,20200814252,15thAv_HoxtonPark_b,-33.92637451,150.8607375,25006.337354042647,Austral-NW-E
Austral-NW-E-from,1,274,20200814249,15thAv_MillerTway_a,-33.926964700000006,150.87097450000002,25969.96605404265,Austral-NW-E
Austral-NW-E-from,1,274,20200814247,15thAv_AshTway_a,-33.92753548,150.88323359999998,27115.64821404265,Austral-NW-E
Austral-NW-E-from,1,274,20200814245,15thAv_MaxwellsTway_a,-33.92633517,150.8992313,28606.90389404265,Austral-NW-E
Austral-NW-E-from,1,274,20200814243,15thAv_BrickmakersTway_a,-33.92784302,150.91032019999997,29646.17868404265,Austral-NW-E
Austral-NW-E-from,1,274,20200814242,15thAv_LiverpoolStation_b,-33.923103000000005,150.9268322,31497.34130404265,Austral-NW-E
Austral-NW-N-to,1,72,20200814280,BusinessParkStation_b,-33.88336706,150.7384856,247.88203,Austral-NW-N
Austral-NW-N-to,1,72,20200814282,25thAv_ETway_Interchange_b,-33.88642859,150.7604154,2501.76656,Austral-NW-N
Austral-NW-N-to,1,72,20200814278,20thAv_ETway_Interchange_b,-33.89858536,150.7589481,3910.93199,Austral-NW-N
Austral-NW-N-to,1,72,20200814226,KempsCreek-SW-WE,-33.90099186,150.77695690000002,5602.21287,Austral-NW-N
Austral-NW-N-to,1,72,20200814230,KempsCreek-SE-WE,-33.90211413,150.78822580000002,6659.96452,Austral-NW-N
Austral-NW-N-to,1,72,2020081420,Austral-NW-6b,-33.92082381,150.808125,10415.12271,Austral-NW-N
Austral-NW-N-to,1,72,2020081421,Austral-NW-7a,-33.92394314,150.8074264,10767.16159,Austral-NW-N
Austral-NW-N-to,1,72,2020081423,Austral-NW-8a,-33.92639325,150.8056726,11176.88673,Austral-NW-N
Austral-NW-N-to,1,72,2020081417,Austral-NW-1a,-33.92565717,150.8005757,11655.252840000001,Austral-NW-N
Austral-NW-N-from,1,62,2020081425,Austral-NW-2a,-33.92300287,150.80272639999998,13381.049593530503,Austral-NW-N
Austral-NW-N-from,1,62,2020081427,Austral-NW-3a,-33.92032002,150.80481730000002,14288.808403530504,Austral-NW-N
Austral-NW-N-from,1,62,2020081429,Austral-NW-4a,-33.91696908,150.8004336,15114.709813530502,Austral-NW-N
Austral-NW-N-from,1,62,2020081431,Austral-NW-5a,-33.91216504,150.8013513,16043.716093530504,Austral-NW-N
Austral-NW-N-from,1,62,20200814229,KempsCreek-SE-EW,-33.90214498,150.7882644,18250.0725935305,Austral-NW-N
Austral-NW-N-from,1,62,20200814225,KempsCreek-SW-EW,-33.90099913,150.7769497,19312.047243530502,Austral-NW-N
Austral-NW-N-from,1,62,20200814277,20thAv_ETway_Interchange_a,-33.89859899,150.7589481,21002.908203530504,Austral-NW-N
Austral-NW-N-from,1,62,20200814281,25thAv_ETway_Interchange_a,-33.88654472,150.76052099999998,22400.775763530502,Austral-NW-N
Austral-NW-N-from,1,62,20200814279,BusinessParkStation_a,-33.88343221,150.7384801,24670.773993530504,Austral-NW-N
Austral-NW-S-to,1,86,20200814358,LeppingtonStation_b,-33.95360524,150.8082583,7.314019999999999,Austral-NW-S
Austral-NW-S-to,1,86,20200814211,Austral-SW-SN,-33.93107897,150.7988886,3586.04209,Austral-NW-S
Austral-NW-S-to,1,86,2020081425,Austral-NW-2a,-33.92300287,150.80272639999998,4887.65001,Austral-NW-S
Austral-NW-S-to,1,86,2020081427,Austral-NW-3a,-33.92032002,150.80481730000002,5795.408820000001,Austral-NW-S
Austral-NW-S-to,1,86,2020081429,Austral-NW-4a,-33.91696908,150.8004336,6621.31023,Austral-NW-S
Austral-NW-S-from,1,93,2020081431,Austral-NW-5a,-33.91216504,150.8013513,7677.290608168099,Austral-NW-S
Austral-NW-S-from,1,93,2020081420,Austral-NW-6b,-33.92082381,150.808125,9266.4696681681,Austral-NW-S
Austral-NW-S-from,1,93,2020081421,Austral-NW-7a,-33.92394314,150.8074264,9618.5085581681,Austral-NW-S
Austral-NW-S-from,1,93,2020081423,Austral-NW-8a,-33.92639325,150.8056726,10028.2422681681,Austral-NW-S
Austral-NW-S-from,1,93,2020081417,Austral-NW-1a,-33.92565717,150.8005757,10506.6043981681,Austral-NW-S
Austral-NW-S-from,1,93,20200814212,Austral-SW-NS,-33.93108037,150.7989008,11177.063258168098,Austral-NW-S
Austral-NW-S-from,1,93,20200814357,LeppingtonStation_a,-33.95404554,150.8081304,14834.354338168101,Austral-NW-S
Austral-NW-W-to,1,63,20200814257,AerotropolisStation_a,-33.92049719,150.73677450000002,22.03211,Austral-NW-W
Austral-NW-W-to,1,63,20200814256,15thAv_Bringelly_b,-33.91018533,150.7459844,1939.6769199999999,Austral-NW-W
Austral-NW-W-to,1,63,20200814193,Rossmore-NW-WE,-33.91237445,150.77140769999997,4390.0425399999995,Austral-NW-W
Austral-NW-W-to,1,63,20200814206,Rossmore-NE-WE,-33.91407917,150.78536680000002,5695.01153,Austral-NW-W
Austral-NW-W-to,1,63,2020081431,Austral-NW-5a,-33.91216504,150.8013513,7731.5717700000005,Austral-NW-W
Austral-NW-W-to,1,63,2020081420,Austral-NW-6b,-33.92082381,150.808125,9320.75253,Austral-NW-W
Austral-NW-W-to,1,63,2020081421,Austral-NW-7a,-33.92394314,150.8074264,9672.79142,Austral-NW-W
Austral-NW-W-from,1,61,2020081423,Austral-NW-8a,-33.92639325,150.8056726,10923.998543402404,Austral-NW-W
Austral-NW-W-from,1,61,2020081417,Austral-NW-1a,-33.92565717,150.8005757,11402.364663402403,Austral-NW-W
Austral-NW-W-from,1,61,2020081425,Austral-NW-2a,-33.92300287,150.80272639999998,12128.916793402403,Austral-NW-W
Austral-NW-W-from,1,61,2020081427,Austral-NW-3a,-33.92032002,150.80481730000002,13036.675593402404,Austral-NW-W
Austral-NW-W-from,1,61,2020081429,Austral-NW-4a,-33.91696908,150.8004336,13862.577013402402,Austral-NW-W
Austral-NW-W-from,1,61,20200814205,Rossmore-NE-EW,-33.91408072,150.7853648,15409.573333402403,Austral-NW-W
Austral-NW-W-from,1,61,20200814194,Rossmore-NW-EW,-33.91240923,150.77134980000002,16719.131583402403,Austral-NW-W
Austral-NW-W-from,1,61,20200814255,15thAv_Bringelly_a,-33.91019163,150.745996,19165.258563402404,Austral-NW-W
Austral-NW-W-from,1,61,20200814258,AerotropolisStation_b,-33.92042120000001,150.73688090000002,21072.467913402405,Austral-NW-W
Austral-SE-E-to,1,389,20200814270,10thAv_CasulaStation_b,-33.95004272,150.9114066,15.5948,Austral-SE-E
Austral-SE-E-to,1,389,20200814271,10thAv_CasulaMall_a,-33.94694684,150.9003094,1698.1450399999999,Austral-SE-E
Austral-SE-E-to,1,389,20200814267,10thAv_Lurnea_a,-33.94553124,150.89126869999998,2559.69272,Austral-SE-E
Austral-SE-E-to,1,389,20200814273,10thAv_NexusIndustryPark_a,-33.94422559,150.88173419999998,3475.88879,Austral-SE-E
Austral-SE-E-to,1,389,20200814265,10thAv_Prestons_a,-33.9421996,150.8670715,4864.25895,Austral-SE-E
Austral-SE-E-to,1,389,20200814275,10thAv_PrestonsIndustrial_a,-33.94101184,150.85817350000002,5697.42015,Austral-SE-E
Austral-SE-E-to,1,389,20200814263,10thAv_CarnesHill_a,-33.93603132,150.8450449,7115.35995,Austral-SE-E
Austral-SE-E-to,1,389,20200814261,10thAv_WestHoxton_a,-33.93424806,150.83534440000003,8304.720640000001,Austral-SE-E
Austral-SE-E-to,1,389,2020081445,Austral-SE-7a,-33.93589133,150.8164635,10619.67545,Austral-SE-E
Austral-SE-E-to,1,389,2020081447,Austral-SE-8a,-33.9384054,150.81333869999997,11181.57338,Austral-SE-E
Austral-SE-E-to,1,389,2020081433,Austral-SE-1a,-33.93571484,150.80922809999998,11838.21577,Austral-SE-E
Austral-SE-E-to,1,389,2020081435,Austral-SE-2a,-33.93323012,150.80705469999998,12314.35156,Austral-SE-E
Austral-SE-E-from,1,364,2020081437,Austral-SE-3a,-33.93025465,150.80760969999997,14271.361865180252,Austral-SE-E
Austral-SE-E-from,1,364,2020081439,Austral-SE-4a,-33.93002412,150.8112299,14676.057385180251,Austral-SE-E
Austral-SE-E-from,1,364,2020081441,Austral-SE-5a,-33.9290069,150.8151938,15190.261575180251,Austral-SE-E
Austral-SE-E-from,1,364,2020081443,Austral-SE-6a,-33.93188771,150.81640819999998,15839.733885180252,Austral-SE-E
Austral-SE-E-from,1,364,20200814262,10thAv_WestHoxton_b,-33.93422593,150.8353623,18102.583525180253,Austral-SE-E
Austral-SE-E-from,1,364,20200814264,10thAv_CarnesHill_b,-33.93596396,150.84553530000002,19277.228845180252,Austral-SE-E
Austral-SE-E-from,1,364,20200814276,10thAv_PrestonsIndustrial_b,-33.94098811,150.8582142,20657.51593518025,Austral-SE-E
Austral-SE-E-from,1,364,20200814266,10thAv_Prestons_b,-33.94224109,150.8676134,21537.532845180252,Austral-SE-E
Austral-SE-E-from,1,364,20200814274,10thAv_NexusIndustryPark_b,-33.94418223,150.8818029,22873.820125180253,Austral-SE-E
Austral-SE-E-from,1,364,20200814268,10thAv_Lurnea_b,-33.94551763,150.891427,23800.737275180254,Austral-SE-E
Austral-SE-E-from,1,364,20200814272,10thAv_CasulaMall_b,-33.94691283,150.9003706,24650.189235180253,Austral-SE-E
Austral-SE-E-from,1,364,20200814269,10thAv_CasulaStation_a,-33.9500156,150.91139219999997,26300.403905180254,Austral-SE-E
Austral-SE-N-to,1,127,20200814280,BusinessParkStation_b,-33.88336706,150.7384856,247.88203,Austral-SE-N
Austral-SE-N-to,1,127,20200814282,25thAv_ETway_Interchange_b,-33.88642859,150.7604154,2501.76656,Austral-SE-N
Austral-SE-N-to,1,127,20200814278,20thAv_ETway_Interchange_b,-33.89858536,150.7589481,3910.93199,Austral-SE-N
Austral-SE-N-to,1,127,20200814226,KempsCreek-SW-WE,-33.90099186,150.77695690000002,5602.21287,Austral-SE-N
Austral-SE-N-to,1,127,20200814230,KempsCreek-SE-WE,-33.90211413,150.78822580000002,6659.96452,Austral-SE-N
Austral-SE-N-to,1,127,20200814220,Austral-NE-NS,-33.91897349,150.814887,10725.236640000001,Austral-SE-N
Austral-SE-N-to,1,127,2020081441,Austral-SE-5a,-33.9290069,150.8151938,12033.681559999999,Austral-SE-N
Austral-SE-N-to,1,127,2020081443,Austral-SE-6a,-33.93188771,150.81640819999998,12683.153859999999,Austral-SE-N
Austral-SE-N-to,1,127,2020081445,Austral-SE-7a,-33.93589133,150.8164635,13327.51167,Austral-SE-N
Austral-SE-N-to,1,127,2020081447,Austral-SE-8a,-33.9384054,150.81333869999997,13889.4096,Austral-SE-N
Austral-SE-N-from,1,122,2020081433,Austral-SE-1a,-33.93571484,150.80922809999998,15633.514799022136,Austral-SE-N
Austral-SE-N-from,1,122,2020081435,Austral-SE-2a,-33.93323012,150.80705469999998,16109.650599022136,Austral-SE-N
Austral-SE-N-from,1,122,2020081437,Austral-SE-3a,-33.93025465,150.80760969999997,16443.694359022134,Austral-SE-N
Austral-SE-N-from,1,122,2020081439,Austral-SE-4a,-33.93002412,150.8112299,16848.389879022136,Austral-SE-N
Austral-SE-N-from,1,122,20200814219,Austral-NE-SN,-33.91899375,150.8148515,18242.643319022136,Austral-SE-N
Austral-SE-N-from,1,122,20200814229,KempsCreek-SE-EW,-33.90214498,150.7882644,22306.602469022135,Austral-SE-N
Austral-SE-N-from,1,122,20200814225,KempsCreek-SW-EW,-33.90099913,150.7769497,23368.577119022135,Austral-SE-N
Austral-SE-N-from,1,122,20200814277,20thAv_ETway_Interchange_a,-33.89859899,150.7589481,25059.438079022133,Austral-SE-N
Austral-SE-N-from,1,122,20200814281,25thAv_ETway_Interchange_a,-33.88654472,150.76052099999998,26457.305639022135,Austral-SE-N
Austral-SE-N-from,1,122,20200814279,BusinessParkStation_a,-33.88343221,150.7384801,28727.303869022136,Austral-SE-N
Austral-SE-S-to,1,41,20200814358,LeppingtonStation_b,-33.95360524,150.8082583,7.314019999999999,Austral-SE-S
Austral-SE-S-to,1,41,2020081433,Austral-SE-1a,-33.93571484,150.80922809999998,2275.61102,Austral-SE-S
Austral-SE-S-to,1,41,2020081435,Austral-SE-2a,-33.93323012,150.80705469999998,2751.74682,Austral-SE-S
Austral-SE-S-to,1,41,2020081437,Austral-SE-3a,-33.93025465,150.80760969999997,3085.79058,Austral-SE-S
Austral-SE-S-to,1,41,2020081439,Austral-SE-4a,-33.93002412,150.8112299,3490.4861,Austral-SE-S
Austral-SE-S-from,1,52,2020081441,Austral-SE-5a,-33.9290069,150.8151938,3897.649366368381,Austral-SE-S
Austral-SE-S-from,1,52,2020081443,Austral-SE-6a,-33.93188771,150.81640819999998,4547.121666368381,Austral-SE-S
Austral-SE-S-from,1,52,2020081445,Austral-SE-7a,-33.93589133,150.8164635,5191.479476368381,Austral-SE-S
Austral-SE-S-from,1,52,2020081447,Austral-SE-8a,-33.9384054,150.81333869999997,5753.377406368381,Austral-SE-S
Austral-SE-S-from,1,52,20200814357,LeppingtonStation_a,-33.95404554,150.8081304,8024.31152636838,Austral-SE-S
Austral-SE-W-to,1,73,20200814260,10thAv_AerotropolisSouth_b,-33.93448283,150.74096519999998,47.945029999999996,Austral-SE-W
Austral-SE-W-to,1,73,20200814198,Rossmore-SW-WE,-33.92576573,150.7691628,3802.83486,Austral-SE-W
Austral-SE-W-to,1,73,20200814202,Rossmore-SE-WE,-33.92903499,150.78489130000003,5445.66975,Austral-SE-W
Austral-SE-W-to,1,73,20200814210,Austral-SW-WE,-33.93120032,150.79867119999997,6742.5251,Austral-SE-W
Austral-SE-W-to,1,73,2020081437,Austral-SE-3a,-33.93025465,150.80760969999997,7792.744290000001,Austral-SE-W
Austral-SE-W-to,1,73,2020081439,Austral-SE-4a,-33.93002412,150.8112299,8197.43982,Austral-SE-W
Austral-SE-W-to,1,73,2020081441,Austral-SE-5a,-33.9290069,150.8151938,8711.644,Austral-SE-W
Austral-SE-W-to,1,73,2020081443,Austral-SE-6a,-33.93188771,150.81640819999998,9361.11631,Austral-SE-W
Austral-SE-W-from,1,71,2020081445,Austral-SE-7a,-33.93589133,150.8164635,11131.139305584264,Austral-SE-W
Austral-SE-W-from,1,71,2020081447,Austral-SE-8a,-33.9384054,150.81333869999997,11693.037235584265,Austral-SE-W
Austral-SE-W-from,1,71,2020081433,Austral-SE-1a,-33.93571484,150.80922809999998,12349.679625584264,Austral-SE-W
Austral-SE-W-from,1,71,2020081435,Austral-SE-2a,-33.93323012,150.80705469999998,12825.815425584264,Austral-SE-W
Austral-SE-W-from,1,71,20200814209,Austral-SW-EW,-33.93121391,150.7986665,13713.579125584263,Austral-SE-W
Austral-SE-W-from,1,71,20200814201,Rossmore-SE-EW,-33.92908856,150.7849627,15003.069985584265,Austral-SE-W
Austral-SE-W-from,1,71,20200814197,Rossmore-SW-EW,-33.92580296,150.7690967,16658.586235584266,Austral-SE-W
Austral-SE-W-from,1,71,20200814259,10thAv_AerotropolisSouth_a,-33.93459147,150.7408746,20414.306565584266,Austral-SE-W
Austral-SW-E-to,1,390,20200814270,10thAv_CasulaStation_b,-33.95004272,150.9114066,15.5948,Austral-SW-E
Austral-SW-E-to,1,390,20200814271,10thAv_CasulaMall_a,-33.94694684,150.9003094,1698.1450399999999,Austral-SW-E
Austral-SW-E-to,1,390,20200814267,10thAv_Lurnea_a,-33.94553124,150.89126869999998,2559.69272,Austral-SW-E
Austral-SW-E-to,1,390,20200814273,10thAv_NexusIndustryPark_a,-33.94422559,150.88173419999998,3475.88879,Austral-SW-E
Austral-SW-E-to,1,390,20200814265,10thAv_Prestons_a,-33.9421996,150.8670715,4864.25895,Austral-SW-E
Austral-SW-E-to,1,390,20200814275,10thAv_PrestonsIndustrial_a,-33.94101184,150.85817350000002,5697.42015,Austral-SW-E
Austral-SW-E-to,1,390,20200814263,10thAv_CarnesHill_a,-33.93603132,150.8450449,7115.35995,Austral-SW-E
Austral-SW-E-to,1,390,20200814261,10thAv_WestHoxton_a,-33.93424806,150.83534440000003,8304.720640000001,Austral-SW-E
Austral-SW-E-to,1,390,20200814213,Austral-SE-EW,-33.93307771,150.811872,10851.95256,Austral-SW-E
Austral-SW-E-to,1,390,2020081461,Austral-SW-7a,-33.9321334,150.80362240000002,11641.53354,Austral-SW-E
Austral-SW-E-to,1,390,2020081463,Austral-SW-8a,-33.93474473,150.8015417,12016.94062,Austral-SW-E
Austral-SW-E-to,1,390,2020081449,Austral-SW-1a,-33.93520727,150.797805,12393.35111,Austral-SW-E
Austral-SW-E-to,1,390,2020081451,Austral-SW-2a,-33.93346287,150.7946466,12771.70268,Austral-SW-E
Austral-SW-E-from,1,360,2020081454,Austral-SW-3b,-33.93037064,150.7940953,15030.111190097372,Austral-SW-E
Austral-SW-E-from,1,360,2020081455,Austral-SW-4a,-33.92774007,150.79616719999999,15407.157810097373,Austral-SW-E
Austral-SW-E-from,1,360,2020081458,Austral-SW-5b,-33.92726195,150.79991830000003,15785.186290097372,Austral-SW-E
Austral-SW-E-from,1,360,2020081459,Austral-SW-6a,-33.92900315,150.803069,16162.347240097373,Austral-SW-E
Austral-SW-E-from,1,360,20200814214,Austral-SE-WE,-33.93304835,150.8118293,17287.255260097372,Austral-SW-E
Austral-SW-E-from,1,360,20200814262,10thAv_WestHoxton_b,-33.93422593,150.8353623,19841.15910009737,Austral-SW-E
Austral-SW-E-from,1,360,20200814264,10thAv_CarnesHill_b,-33.93596396,150.84553530000002,21015.804420097375,Austral-SW-E
Austral-SW-E-from,1,360,20200814276,10thAv_PrestonsIndustrial_b,-33.94098811,150.8582142,22396.091510097373,Austral-SW-E
Austral-SW-E-from,1,360,20200814266,10thAv_Prestons_b,-33.94224109,150.8676134,23276.10842009737,Austral-SW-E
Austral-SW-E-from,1,360,20200814274,10thAv_NexusIndustryPark_b,-33.94418223,150.8818029,24612.39569009737,Austral-SW-E
Austral-SW-E-from,1,360,20200814268,10thAv_Lurnea_b,-33.94551763,150.891427,25539.312850097373,Austral-SW-E
Austral-SW-E-from,1,360,20200814272,10thAv_CasulaMall_b,-33.94691283,150.9003706,26388.76480009737,Austral-SW-E
Austral-SW-E-from,1,360,20200814269,10thAv_CasulaStation_a,-33.9500156,150.91139219999997,28038.979480097372,Austral-SW-E
Austral-SW-N-to,1,81,20200814280,BusinessParkStation_b,-33.88336706,150.7384856,248.12085,Austral-SW-N
Austral-SW-N-to,1,81,20200814282,25thAv_ETway_Interchange_b,-33.88642859,150.7604154,2502.0053399999997,Austral-SW-N
Austral-SW-N-to,1,81,20200814278,20thAv_ETway_Interchange_b,-33.89858536,150.7589481,3911.17076,Austral-SW-N
Austral-SW-N-to,1,81,20200814226,KempsCreek-SW-WE,-33.90099186,150.77695690000002,5602.45164,Austral-SW-N
Austral-SW-N-to,1,81,20200814230,KempsCreek-SE-WE,-33.90211413,150.78822580000002,6660.2033,Austral-SW-N
Austral-SW-N-to,1,81,20200814224,Austral-NW-NS,-33.91815957,150.80865319999998,10116.0001,Austral-SW-N
Austral-SW-N-to,1,81,2020081458,Austral-SW-5b,-33.92726195,150.79991830000003,11911.4323,Austral-SW-N
Austral-SW-N-to,1,81,2020081459,Austral-SW-6a,-33.92900315,150.803069,12288.59326,Austral-SW-N
Austral-SW-N-to,1,81,2020081461,Austral-SW-7a,-33.9321334,150.80362240000002,12666.674140000001,Austral-SW-N
Austral-SW-N-to,1,81,2020081463,Austral-SW-8a,-33.93474473,150.8015417,13042.08122,Austral-SW-N
Austral-SW-N-from,1,79,2020081449,Austral-SW-1a,-33.93520727,150.797805,14449.522800953633,Austral-SW-N
Austral-SW-N-from,1,79,2020081451,Austral-SW-2a,-33.93346287,150.7946466,14827.874370953632,Austral-SW-N
Austral-SW-N-from,1,79,2020081454,Austral-SW-3b,-33.93037064,150.7940953,15201.601860953633,Austral-SW-N
Austral-SW-N-from,1,79,2020081455,Austral-SW-4a,-33.92774007,150.79616719999999,15578.648480953632,Austral-SW-N
Austral-SW-N-from,1,79,20200814223,Austral-NW-SN,-33.918120200000004,150.8086286,17721.070320953633,Austral-SW-N
Austral-SW-N-from,1,79,20200814229,KempsCreek-SE-EW,-33.90214498,150.7882644,21167.370560953634,Austral-SW-N
Austral-SW-N-from,1,79,20200814225,KempsCreek-SW-EW,-33.90099913,150.7769497,22229.345210953634,Austral-SW-N
Austral-SW-N-from,1,79,20200814277,20thAv_ETway_Interchange_a,-33.89859899,150.7589481,23920.206170953632,Austral-SW-N
Austral-SW-N-from,1,79,20200814281,25thAv_ETway_Interchange_a,-33.88654472,150.76052099999998,25318.073730953634,Austral-SW-N
Austral-SW-N-from,1,79,20200814279,BusinessParkStation_a,-33.88343221,150.7384801,27588.072010953634,Austral-SW-N
Austral-SW-S-to,1,41,20200814358,LeppingtonStation_b,-33.95360524,150.8082583,7.314019999999999,Austral-SW-S
Austral-SW-S-to,1,41,2020081449,Austral-SW-1a,-33.93520727,150.797805,3135.68087,Austral-SW-S
Austral-SW-S-to,1,41,2020081451,Austral-SW-2a,-33.93346287,150.7946466,3514.03245,Austral-SW-S
Austral-SW-S-to,1,41,2020081454,Austral-SW-3b,-33.93037064,150.7940953,3887.7599299999997,Austral-SW-S
Austral-SW-S-to,1,41,2020081455,Austral-SW-4a,-33.92774007,150.79616719999999,4264.80655,Austral-SW-S
Austral-SW-S-from,1,43,2020081458,Austral-SW-5b,-33.92726195,150.79991830000003,4737.021921802284,Austral-SW-S
Austral-SW-S-from,1,43,2020081459,Austral-SW-6a,-33.92900315,150.803069,5114.182881802284,Austral-SW-S
Austral-SW-S-from,1,43,2020081461,Austral-SW-7a,-33.9321334,150.80362240000002,5492.263771802284,Austral-SW-S
Austral-SW-S-from,1,43,2020081463,Austral-SW-8a,-33.93474473,150.8015417,5867.670851802284,Austral-SW-S
Austral-SW-S-from,1,43,20200814357,LeppingtonStation_a,-33.95404554,150.8081304,9416.097111802284,Austral-SW-S
Austral-SW-W-to,1,34,20200814260,10thAv_AerotropolisSouth_b,-33.93448283,150.74096519999998,47.945029999999996,Austral-SW-W
Austral-SW-W-to,1,34,20200814198,Rossmore-SW-WE,-33.92576573,150.7691628,3804.0891899999997,Austral-SW-W
Austral-SW-W-to,1,34,20200814202,Rossmore-SE-WE,-33.92903499,150.78489130000003,5446.92407,Austral-SW-W
Austral-SW-W-to,1,34,2020081452,Austral-SW-2b,-33.9334485,150.7946656,6669.21449,Austral-SW-W
Austral-SW-W-to,1,34,2020081450,Austral-SW-1b,-33.93519259,150.7978084,7047.89357,Austral-SW-W
Austral-SW-W-to,1,34,2020081464,Austral-SW-8b,-33.93472224,150.801521,7424.13962,Austral-SW-W
Austral-SW-W-to,1,34,2020081462,Austral-SW-7b,-33.93213045,150.8035987,7799.630840000001,Austral-SW-W
Austral-SW-W-from,1,31,2020081460,Austral-SW-6b,-33.9290189,150.8030489,9009.14232692945,Austral-SW-W
Austral-SW-W-from,1,31,2020081457,Austral-SW-5a,-33.92728355,150.79991669999998,9386.40143692945,Austral-SW-W
Austral-SW-W-from,1,31,2020081456,Austral-SW-4b,-33.92775374,150.79618159999998,9764.48178692945,Austral-SW-W
Austral-SW-W-from,1,31,2020081453,Austral-SW-3a,-33.93037253,150.7941104,10141.71532692945,Austral-SW-W
Austral-SW-W-from,1,31,20200814201,Rossmore-SE-EW,-33.92908856,150.7849627,11015.35328692945,Austral-SW-W
Austral-SW-W-from,1,31,20200814197,Rossmore-SW-EW,-33.92580296,150.7690967,12670.869536929451,Austral-SW-W
Austral-SW-W-from,1,31,20200814259,10thAv_AerotropolisSouth_a,-33.93459147,150.7408746,16426.58987692945,Austral-SW-W
B-AERO-BPRK,1,39,20200814360,B_AerotropolisSouth_b,-33.92047185,150.7350899,7.23844,B-AERO-BPRK
B-AERO-BPRK,1,39,20200814303,BTway_BadgerysCreek_a,-33.90345734,150.7356198,2684.8402899999996,B-AERO-BPRK
B-AERO-BPRK,1,39,20200814279,BusinessParkStation_a,-33.88343221,150.7384801,5660.26045,B-AERO-BPRK
B-BPRK-AERO,1,40,20200814280,BusinessParkStation_b,-33.88336706,150.7384856,247.88203,B-BPRK-AERO
B-BPRK-AERO,1,40,20200814304,BTway_BadgerysCreek_b,-33.90342337,150.73567930000002,3214.18599,B-BPRK-AERO
B-BPRK-AERO,1,40,20200814359,B_AerotropolisSouth_a,-33.92046178,150.73509840000003,5896.90341,B-BPRK-AERO
C-STCK-STMR,1,161,20200814354,SouthCreekStation_b,-33.94749102,150.7570353,34.0307,C-STCK-STMR
C-STCK-STMR,1,161,20200814199,Rossmore-SW-SN,-33.92605531,150.7693821,3348.4884899999997,C-STCK-STMR
C-STCK-STMR,1,161,20200814195,Rossmore-NW-SN,-33.91266432,150.7717131,4849.573920000001,C-STCK-STMR
C-STCK-STMR,1,161,20200814227,KempsCreek-SW-SN,-33.9008908,150.777151,6514.683129999999,C-STCK-STMR
C-STCK-STMR,1,161,20200814239,KempsCreek-NW-SN,-33.88965814,150.7793809,7777.795790000001,C-STCK-STMR
C-STCK-STMR,1,161,20200814325,CTway_ElizabethDrive_a,-33.87773846,150.781578,9115.87355,C-STCK-STMR
C-STCK-STMR,1,161,20200814305,CTway_MetroWestStation_a,-33.86933661,150.77509780000003,10709.35989,C-STCK-STMR
C-STCK-STMR,1,161,20200814309,CTway_M12_a,-33.86111499,150.77733369999999,11671.156079999999,C-STCK-STMR
C-STCK-STMR,1,161,20200814307,CTway_MamreRoad_a,-33.84246193,150.78103969999998,13889.680559999999,C-STCK-STMR
C-STCK-STMR,1,161,20200814311,CTway_TrainingAcademy_a,-33.82728766,150.77897040000002,15615.01129,C-STCK-STMR
C-STCK-STMR,1,161,20200814313,CTway_ErskineParkRoad_a,-33.81728013,150.7758564,16783.75041,C-STCK-STMR
C-STCK-STMR,1,161,20200814315,CTway_LuddenhamRoad_a,-33.803628700000004,150.76943400000002,18458.46494,C-STCK-STMR
C-STCK-STMR,1,161,20200814317,CTway_BanksDrive_a,-33.78832729,150.7703189,20192.684869999997,C-STCK-STMR
C-STCK-STMR,1,161,20200814323,CTway_WilsonOval_a,-33.77764061,150.7721842,21392.53557,C-STCK-STMR
C-STCK-STMR,1,161,20200814321,CTway_StMarysLibrary_a,-33.76887121,150.7736533,22374.89505,C-STCK-STMR
C-STCK-STMR,1,161,20200814319,CTway_StMarysStation_a,-33.7625796,150.77630209999998,23231.44907,C-STCK-STMR
C-STMR-STCK,1,155,20200814320,CTway_StMarysStation_b,-33.76281198,150.77631259999998,16.10341,C-STMR-STCK
C-STMR-STCK,1,155,20200814322,CTway_StMarysLibrary_b,-33.7688064,150.7737289,861.8715599999999,C-STMR-STCK
C-STMR-STCK,1,155,20200814324,CTway_WilsonOval_b,-33.77759325,150.77221310000002,1846.7594399999998,C-STMR-STCK
C-STMR-STCK,1,155,20200814318,CTway_BanksDrive_b,-33.78818257,150.7704191,3034.0071,C-STMR-STCK
C-STMR-STCK,1,155,20200814316,CTway_LuddenhamRoad_b,-33.80336132,150.76933449999999,4755.11471,C-STMR-STCK
C-STMR-STCK,1,155,20200814314,CTWay_ErskineParkRoad_b,-33.81796432,150.7760715,6536.50833,C-STMR-STCK
C-STMR-STCK,1,155,20200814312,CTway_TrainingAcademy_b,-33.82715651,150.778926,7611.226879999999,C-STMR-STCK
C-STMR-STCK,1,155,20200814308,CTWay_MamreRoad_b,-33.8423063,150.78121090000002,9334.168520000001,C-STMR-STCK
C-STMR-STCK,1,155,20200814310,CTway_M12_b,-33.86101571,150.7774726,11557.21495,C-STMR-STCK
C-STMR-STCK,1,155,20200814306,CTway_MetroWestStation_b,-33.86925411,150.7752608,12520.53391,C-STMR-STCK
C-STMR-STCK,1,155,20200814326,CTway_ElizabethDrive_b,-33.87772959,150.7816084,14123.275269999998,C-STMR-STCK
C-STMR-STCK,1,155,20200814240,KempsCreek-NW-NS,-33.88966333,150.7793922,15463.744830000001,C-STMR-STCK
C-STMR-STCK,1,155,20200814228,KempsCreek-SW-NS,-33.90088571,150.7771612,16725.7187,C-STMR-STCK
C-STMR-STCK,1,155,20200814196,Rossmore-NW-NS,-33.9126334,150.77175559999998,18387.5812,C-STMR-STCK
C-STMR-STCK,1,155,20200814200,Rossmore-SW-NS,-33.9260098,150.76943590000002,19886.91597,C-STMR-STCK
C-STMR-STCK,1,155,20200814353,SouthCreekStation_a,-33.94758831,150.7569468,23213.6261,C-STMR-STCK
D-MTDT-RSMR,1,220,20200814341,DTway_MtDruittStation_a,-33.76980501,150.81982580000002,24.50348,D-MTDT-RSMR
D-MTDT-RSMR,1,220,20200814344,DTway_GreatWesternHighway_b,-33.77905808,150.8145774,1441.9770800000001,D-MTDT-RSMR
D-MTDT-RSMR,1,220,20200814346,DTway_RoperRoad_b,-33.78670719,150.8061186,2722.14452,D-MTDT-RSMR
D-MTDT-RSMR,1,220,20200814350,DTway_SwallowDr_b,-33.79824605,150.8038282,4135.27543,D-MTDT-RSMR
D-MTDT-RSMR,1,220,20200814348,DTway_PeppertreeDr_b,-33.80240175,150.79715919999998,4906.4444,D-MTDT-RSMR
D-MTDT-RSMR,1,220,20200814340,DTway_StClairConnection_b,-33.80615709,150.79117549999998,5600.06371,D-MTDT-RSMR
D-MTDT-RSMR,1,220,20200814338,DTway_ErskineParkRoad_b,-33.81238575,150.7862122,6443.62734,D-MTDT-RSMR
D-MTDT-RSMR,1,220,20200814336,DTway_LenoreDrive_b,-33.81433842,150.7927536,7126.34175,D-MTDT-RSMR
D-MTDT-RSMR,1,220,20200814334,DTway_ServiceRoadConnection_b,-33.82340085,150.8044597,9459.03749,D-MTDT-RSMR
D-MTDT-RSMR,1,220,20200814352,DTway_KempsCreek_b,-33.83544046,150.8023357,10809.78728,D-MTDT-RSMR
D-MTDT-RSMR,1,220,20200814332,DTway_AldingtonRoad_b,-33.84991705,150.7974034,12689.50226,D-MTDT-RSMR
D-MTDT-RSMR,1,220,20200814330,DTway_MetroWestStation_b,-33.86712297,150.7944345,14617.87091,D-MTDT-RSMR
D-MTDT-RSMR,1,220,20200814328,DTway_ElizabethDrive_b,-33.88095915,150.79269219999998,16215.03173,D-MTDT-RSMR
D-MTDT-RSMR,1,220,20200814236,KempsCreek-NE-NS,-33.89169528,150.7906775,17420.55777,D-MTDT-RSMR
D-MTDT-RSMR,1,220,20200814232,KempsCreek-SE-NS,-33.90225552,150.788668,18606.720719999998,D-MTDT-RSMR
D-MTDT-RSMR,1,220,20200814208,Rossmore-NE-NS,-33.91468548,150.7861241,20006.48884,D-MTDT-RSMR
D-MTDT-RSMR,1,220,20200814204,Rossmore-SE-NS,-33.92933263,150.78526630000002,21785.2472,D-MTDT-RSMR
D-MTDT-RSMR,1,220,20200814355,RossmoreStation_a,-33.95048465,150.78107580000002,24659.62799,D-MTDT-RSMR
D-RSMR-MTDT,1,260,20200814356,RossmoreStation_b,-33.95042741,150.7811331,35.59746,D-RSMR-MTDT
D-RSMR-MTDT,1,260,20200814203,Rossmore-SE-SN,-33.92939812,150.7851889,2912.45771,D-RSMR-MTDT
D-RSMR-MTDT,1,260,20200814207,Rossmore-NE-SN,-33.91467863,150.78611819999998,4711.9404700000005,D-RSMR-MTDT
D-RSMR-MTDT,1,260,20200814231,KempsCreek-SE-SN,-33.90228122,150.78864480000001,6107.85129,D-RSMR-MTDT
D-RSMR-MTDT,1,260,20200814235,KempsCreek-NE-SN,-33.89162634,150.79064619999997,7304.2523200000005,D-RSMR-MTDT
D-RSMR-MTDT,1,260,20200814327,DTway_ElizabethDrive_a,-33.88097491,150.7926725,8500.667370000001,D-RSMR-MTDT
D-RSMR-MTDT,1,260,20200814329,DTway_MetroWestStation_a,-33.86720207,150.7943115,10089.55369,D-RSMR-MTDT
D-RSMR-MTDT,1,260,20200814331,DTway_AldingtonRoad_a,-33.849988200000006,150.7973125,12019.21988,D-RSMR-MTDT
D-RSMR-MTDT,1,260,20200814351,DTway_KempsCreek_a,-33.83545772,150.8023205,13905.85426,D-RSMR-MTDT
D-RSMR-MTDT,1,260,20200814333,DTway_ServiceRoadConnection_a,-33.82345477,150.8043853,15250.42999,D-RSMR-MTDT
D-RSMR-MTDT,1,260,20200814335,DTway_LenoreDrive_a,-33.81451383,150.79276819999998,17571.40879,D-RSMR-MTDT
D-RSMR-MTDT,1,260,20200814337,DTway_ErskineParkRoad_a,-33.81240384,150.78615280000002,18269.761769999997,D-RSMR-MTDT
D-RSMR-MTDT,1,260,20200814339,DTway_StClairConnection_a,-33.80617987,150.79107869999999,19109.46205,D-RSMR-MTDT
D-RSMR-MTDT,1,260,20200814347,DTway_PeppertreeDr_a,-33.8024581,150.7969641,19793.28847,D-RSMR-MTDT
D-RSMR-MTDT,1,260,20200814349,DTway_SwallowDr_a,-33.79810206,150.8036842,20581.77559,D-RSMR-MTDT
D-RSMR-MTDT,1,260,20200814345,DTway_RoperRoad_a,-33.78667813,150.8060508,21989.144480000003,D-RSMR-MTDT
D-RSMR-MTDT,1,260,20200814343,DTway_GreatWesternHighway_a,-33.77898316,150.8144011,23291.98014,D-RSMR-MTDT
D-RSMR-MTDT,1,260,20200814342,DTway_MtDruittStation_b,-33.76979081,150.8198481,24736.19673,D-RSMR-MTDT
E-BPRK-LPTN,1,137,20200814280,BusinessParkStation_b,-33.88336706,150.7384856,247.88203,E-BPRK-LPTN
E-BPRK-LPTN,1,137,20200814282,25thAv_ETway_Interchange_b,-33.88642859,150.7604154,2501.76656,E-BPRK-LPTN
E-BPRK-LPTN,1,137,20200814278,20thAv_ETway_Interchange_b,-33.89858536,150.7589481,3910.93199,E-BPRK-LPTN
E-BPRK-LPTN,1,137,20200814226,KempsCreek-SW-WE,-33.90099186,150.77695690000002,5602.21287,E-BPRK-LPTN
E-BPRK-LPTN,1,137,20200814230,KempsCreek-SE-WE,-33.90211413,150.78822580000002,6659.96452,E-BPRK-LPTN
E-BPRK-LPTN,1,137,20200814220,Austral-NE-NS,-33.91897349,150.814887,10726.13397,E-BPRK-LPTN
E-BPRK-LPTN,1,137,20200814216,Austral-SE-NS,-33.93325387,150.81202150000001,12332.35387,E-BPRK-LPTN
E-BPRK-LPTN,1,137,20200814357,LeppingtonStation_a,-33.95404554,150.8081304,14768.88044,E-BPRK-LPTN
E-LPTN-BPRK,1,135,20200814358,LeppingtonStation_b,-33.95360524,150.8082583,7.301939999999999,E-LPTN-BPRK
E-LPTN-BPRK,1,135,20200814215,Austral-SE-SN,-33.93328323,150.8119841,2370.5814600000003,E-LPTN-BPRK
E-LPTN-BPRK,1,135,20200814219,Austral-NE-SN,-33.91899375,150.8148515,3977.84187,E-LPTN-BPRK
E-LPTN-BPRK,1,135,20200814229,KempsCreek-SE-EW,-33.90214498,150.7882644,8042.72081,E-LPTN-BPRK
E-LPTN-BPRK,1,135,20200814225,KempsCreek-SW-EW,-33.90099913,150.7769497,9104.695459999999,E-LPTN-BPRK
E-LPTN-BPRK,1,135,20200814277,20thAv_ETway_Interchange_a,-33.89859899,150.7589481,10795.55641,E-LPTN-BPRK
E-LPTN-BPRK,1,135,20200814281,25thAv_ETway_Interchange_a,-33.88654472,150.76052099999998,12193.42398,E-LPTN-BPRK
E-LPTN-BPRK,1,135,20200814279,BusinessParkStation_a,-33.88343221,150.7384801,14463.422209999999,E-LPTN-BPRK
KempsCreek-NE-E-to,1,289,20200814291,ETWay_Cabramatta_a,-33.8951539,150.9385034,23.680999999999997,KempsCreek-NE-E
KempsCreek-NE-E-to,1,289,20200814293,ETway_CabramattaWest_a,-33.89933379,150.9218006,1785.40676,KempsCreek-NE-E
KempsCreek-NE-E-to,1,289,20200814295,ETway_TownviewRoad_a,-33.89694911,150.912653,2702.5768399999997,KempsCreek-NE-E
KempsCreek-NE-E-to,1,289,20200814287,ETway_MountPritchard_a,-33.89485316,150.90313569999998,3633.36296,KempsCreek-NE-E
KempsCreek-NE-E-to,1,289,20200814289,ETway_Bonnyrigg_a,-33.89327506,150.89162439999998,4712.5552,KempsCreek-NE-E
KempsCreek-NE-E-to,1,289,20200814285,ETway_LPTway_a,-33.88943468,150.8831053,5646.83846,KempsCreek-NE-E
KempsCreek-NE-E-to,1,289,20200814297,ETway_BonnyriggHeights_a,-33.88544686,150.8696643,6985.751209999999,KempsCreek-NE-E
KempsCreek-NE-E-to,1,289,20200814300,ETway_CecilHills_a,-33.88372728,150.8574727,8164.77659,KempsCreek-NE-E
KempsCreek-NE-E-to,1,289,20200814301,ETway_CecilRoad_a,-33.87475658,150.8387649,10271.11162,KempsCreek-NE-E
KempsCreek-NE-E-to,1,289,20200814283,ETway_MamreRoad_a,-33.88060189,150.8090608,13277.17109,KempsCreek-NE-E
KempsCreek-NE-E-to,1,289,20200814328,DTway_ElizabethDrive_b,-33.88095915,150.79269219999998,14836.75535,KempsCreek-NE-E
KempsCreek-NE-E-to,1,289,20200814185,KempsCreek-NE-5a,-33.88635,150.7934859,15573.39365,KempsCreek-NE-E
KempsCreek-NE-E-to,1,289,20200814187,KempsCreek-NE-6a,-33.889306700000006,150.79548259999999,16096.440709999999,KempsCreek-NE-E
KempsCreek-NE-E-to,1,289,20200814189,KempsCreek-NE-7a,-33.89218822,150.7949595,16419.73009,KempsCreek-NE-E
KempsCreek-NE-E-to,1,289,20200814191,KempsCreek-NE-8a,-33.89441853,150.7920789,16927.915240000002,KempsCreek-NE-E
KempsCreek-NE-E-from,1,278,20200814177,KempsCreek-NE-1a,-33.89384884,150.7873102,19681.46701829993,KempsCreek-NE-E
KempsCreek-NE-E-from,1,278,20200814179,KempsCreek-NE-2a,-33.89056108,150.78536680000002,20240.367278299927,KempsCreek-NE-E
KempsCreek-NE-E-from,1,278,20200814181,KempsCreek-NE-3a,-33.88682608,150.7860881,20661.483038299928,KempsCreek-NE-E
KempsCreek-NE-E-from,1,278,20200814183,KempsCreek-NE-4a,-33.88424603,150.79064409999998,21377.37282829993,KempsCreek-NE-E
KempsCreek-NE-E-from,1,278,20200814327,DTway_ElizabethDrive_a,-33.88097491,150.7926725,21894.199078299927,KempsCreek-NE-E
KempsCreek-NE-E-from,1,278,20200814284,ETway_MamreRoad_b,-33.88046288,150.809186,23472.931798299927,KempsCreek-NE-E
KempsCreek-NE-E-from,1,278,20200814302,ETway_CecilRoad_b,-33.87467622,150.8388989,26477.49424829993,KempsCreek-NE-E
KempsCreek-NE-E-from,1,278,20200814299,ETway_CecilHills_b,-33.88352747,150.857888,28599.527978299928,KempsCreek-NE-E
KempsCreek-NE-E-from,1,278,20200814298,ETway_BonnyriggHeights_b,-33.88536386,150.86988169999998,29760.528788299926,KempsCreek-NE-E
KempsCreek-NE-E-from,1,278,20200814286,ETway_LPTway_b,-33.88942837,150.8831937,31091.83732829993,KempsCreek-NE-E
KempsCreek-NE-E-from,1,278,20200814290,ETway_Bonnyrigg_b,-33.89325479,150.8916649,32002.88430829993,KempsCreek-NE-E
KempsCreek-NE-E-from,1,278,20200814288,ETway_MountPritchard_b,-33.89480678,150.9032201,33085.555848299926,KempsCreek-NE-E
KempsCreek-NE-E-from,1,278,20200814296,ETway_TownviewRoad_b,-33.89694046,150.9126904,34011.59242829993,KempsCreek-NE-E
KempsCreek-NE-E-from,1,278,20200814294,ETway_CabramattaWest_b,-33.89926278,150.92183400000002,34925.11266829993,KempsCreek-NE-E
KempsCreek-NE-E-from,1,278,20200814292,ETway_Cabramatta_b,-33.89519865,150.9384586,36574.455328299926,KempsCreek-NE-E
KempsCreek-NE-N-to,1,186,20200814341,DTway_MtDruittStation_a,-33.76980501,150.81982580000002,24.50348,KempsCreek-NE-N
KempsCreek-NE-N-to,1,186,20200814344,DTway_GreatWesternHighway_b,-33.77905808,150.8145774,1441.9770800000001,KempsCreek-NE-N
KempsCreek-NE-N-to,1,186,20200814346,DTway_RoperRoad_b,-33.78670719,150.8061186,2722.14452,KempsCreek-NE-N
KempsCreek-NE-N-to,1,186,20200814350,DTway_SwallowDr_b,-33.79824605,150.8038282,4135.27543,KempsCreek-NE-N
KempsCreek-NE-N-to,1,186,20200814348,DTway_PeppertreeDr_b,-33.80240175,150.79715919999998,4906.4444,KempsCreek-NE-N
KempsCreek-NE-N-to,1,186,20200814340,DTway_StClairConnection_b,-33.80615709,150.79117549999998,5600.06371,KempsCreek-NE-N
KempsCreek-NE-N-to,1,186,20200814338,DTway_ErskineParkRoad_b,-33.81238575,150.7862122,6443.62734,KempsCreek-NE-N
KempsCreek-NE-N-to,1,186,20200814336,DTway_LenoreDrive_b,-33.81433842,150.7927536,7126.34175,KempsCreek-NE-N
KempsCreek-NE-N-to,1,186,20200814334,DTway_ServiceRoadConnection_b,-33.82340085,150.8044597,9459.03749,KempsCreek-NE-N
KempsCreek-NE-N-to,1,186,20200814352,DTway_KempsCreek_b,-33.83544046,150.8023357,10809.78728,KempsCreek-NE-N
KempsCreek-NE-N-to,1,186,20200814332,DTway_AldingtonRoad_b,-33.84991705,150.7974034,12689.50226,KempsCreek-NE-N
KempsCreek-NE-N-to,1,186,20200814330,DTway_MetroWestStation_b,-33.86712297,150.7944345,14617.87091,KempsCreek-NE-N
KempsCreek-NE-N-to,1,186,20200814328,DTway_ElizabethDrive_b,-33.88095915,150.79269219999998,16215.03173,KempsCreek-NE-N
KempsCreek-NE-N-to,1,186,20200814185,KempsCreek-NE-5a,-33.88635,150.7934859,16951.67003,KempsCreek-NE-N
KempsCreek-NE-N-to,1,186,20200814187,KempsCreek-NE-6a,-33.889306700000006,150.79548259999999,17474.717080000002,KempsCreek-NE-N
KempsCreek-NE-N-to,1,186,20200814189,KempsCreek-NE-7a,-33.89218822,150.7949595,17798.00647,KempsCreek-NE-N
KempsCreek-NE-N-to,1,186,20200814191,KempsCreek-NE-8a,-33.89441853,150.7920789,18306.191619999998,KempsCreek-NE-N
KempsCreek-NE-N-from,1,224,20200814177,KempsCreek-NE-1a,-33.89384884,150.7873102,18395.530407178972,KempsCreek-NE-N
KempsCreek-NE-N-from,1,224,20200814179,KempsCreek-NE-2a,-33.89056108,150.78536680000002,18954.43066717897,KempsCreek-NE-N
KempsCreek-NE-N-from,1,224,20200814181,KempsCreek-NE-3a,-33.88682608,150.7860881,19375.54642717897,KempsCreek-NE-N
KempsCreek-NE-N-from,1,224,20200814183,KempsCreek-NE-4a,-33.88424603,150.79064409999998,20091.436217178973,KempsCreek-NE-N
KempsCreek-NE-N-from,1,224,20200814327,DTway_ElizabethDrive_a,-33.88097491,150.7926725,20608.26246717897,KempsCreek-NE-N
KempsCreek-NE-N-from,1,224,20200814329,DTway_MetroWestStation_a,-33.86720207,150.7943115,22197.148787178972,KempsCreek-NE-N
KempsCreek-NE-N-from,1,224,20200814331,DTway_AldingtonRoad_a,-33.849988200000006,150.7973125,24126.814987178972,KempsCreek-NE-N
KempsCreek-NE-N-from,1,224,20200814351,DTway_KempsCreek_a,-33.83545772,150.8023205,26013.44935717897,KempsCreek-NE-N
KempsCreek-NE-N-from,1,224,20200814333,DTway_ServiceRoadConnection_a,-33.82345477,150.8043853,27358.02508717897,KempsCreek-NE-N
KempsCreek-NE-N-from,1,224,20200814335,DTway_LenoreDrive_a,-33.81451383,150.79276819999998,29679.003897178973,KempsCreek-NE-N
KempsCreek-NE-N-from,1,224,20200814337,DTway_ErskineParkRoad_a,-33.81240384,150.78615280000002,30377.356877178972,KempsCreek-NE-N
KempsCreek-NE-N-from,1,224,20200814339,DTway_StClairConnection_a,-33.80617987,150.79107869999999,31217.05715717897,KempsCreek-NE-N
KempsCreek-NE-N-from,1,224,20200814347,DTway_PeppertreeDr_a,-33.8024581,150.7969641,31900.88357717897,KempsCreek-NE-N
KempsCreek-NE-N-from,1,224,20200814349,DTway_SwallowDr_a,-33.79810206,150.8036842,32689.370697178972,KempsCreek-NE-N
KempsCreek-NE-N-from,1,224,20200814345,DTway_RoperRoad_a,-33.78667813,150.8060508,34096.73958717897,KempsCreek-NE-N
KempsCreek-NE-N-from,1,224,20200814343,DTway_GreatWesternHighway_a,-33.77898316,150.8144011,35399.575247178975,KempsCreek-NE-N
KempsCreek-NE-N-from,1,224,20200814342,DTway_MtDruittStation_b,-33.76979081,150.8198481,36843.79183717897,KempsCreek-NE-N
KempsCreek-NE-S-to,1,53,20200814356,RossmoreStation_b,-33.95042741,150.7811331,35.59746,KempsCreek-NE-S
KempsCreek-NE-S-to,1,53,20200814203,Rossmore-SE-SN,-33.92939812,150.7851889,2912.45771,KempsCreek-NE-S
KempsCreek-NE-S-to,1,53,20200814207,Rossmore-NE-SN,-33.91467863,150.78611819999998,4711.9404700000005,KempsCreek-NE-S
KempsCreek-NE-S-to,1,53,20200814231,KempsCreek-SE-SN,-33.90228122,150.78864480000001,6107.85129,KempsCreek-NE-S
KempsCreek-NE-S-to,1,53,20200814177,KempsCreek-NE-1a,-33.89384884,150.7873102,7325.97152,KempsCreek-NE-S
KempsCreek-NE-S-to,1,53,20200814179,KempsCreek-NE-2a,-33.89056108,150.78536680000002,7884.8717799999995,KempsCreek-NE-S
KempsCreek-NE-S-to,1,53,20200814181,KempsCreek-NE-3a,-33.88682608,150.7860881,8305.98754,KempsCreek-NE-S
KempsCreek-NE-S-from,1,47,20200814185,KempsCreek-NE-5a,-33.88635,150.7934859,8968.909222930037,KempsCreek-NE-S
KempsCreek-NE-S-to,1,53,20200814183,KempsCreek-NE-4a,-33.88424603,150.79064409999998,9021.87733,KempsCreek-NE-S
KempsCreek-NE-S-from,1,47,20200814187,KempsCreek-NE-6a,-33.889306700000006,150.79548259999999,9491.956282930038,KempsCreek-NE-S
KempsCreek-NE-S-from,1,47,20200814189,KempsCreek-NE-7a,-33.89218822,150.7949595,9815.245672930037,KempsCreek-NE-S
KempsCreek-NE-S-from,1,47,20200814191,KempsCreek-NE-8a,-33.89441853,150.7920789,10323.430822930037,KempsCreek-NE-S
KempsCreek-NE-S-from,1,47,20200814232,KempsCreek-SE-NS,-33.90225552,150.788668,11452.540512930038,KempsCreek-NE-S
KempsCreek-NE-S-from,1,47,20200814208,Rossmore-NE-NS,-33.91468548,150.7861241,12852.327442930036,KempsCreek-NE-S
KempsCreek-NE-S-from,1,47,20200814204,Rossmore-SE-NS,-33.92933263,150.78526630000002,14631.085802930036,KempsCreek-NE-S
KempsCreek-NE-S-from,1,47,20200814355,RossmoreStation_a,-33.95048465,150.78107580000002,17505.46659293004,KempsCreek-NE-S
KempsCreek-NE-W-to,1,24,20200814280,BusinessParkStation_b,-33.88336706,150.7384856,247.88203,KempsCreek-NE-W
KempsCreek-NE-W-to,1,24,20200814282,25thAv_ETway_Interchange_b,-33.88642859,150.7604154,2501.76656,KempsCreek-NE-W
KempsCreek-NE-W-to,1,24,20200814237,KempsCreek-NW-EW,-33.88979905,150.7789893,4617.87005,KempsCreek-NE-W
KempsCreek-NE-W-to,1,24,20200814179,KempsCreek-NE-2a,-33.89056108,150.78536680000002,5305.90297,KempsCreek-NE-W
KempsCreek-NE-W-to,1,24,20200814181,KempsCreek-NE-3a,-33.88682608,150.7860881,5727.01873,KempsCreek-NE-W
KempsCreek-NE-W-to,1,24,20200814183,KempsCreek-NE-4a,-33.88424603,150.79064409999998,6442.88457,KempsCreek-NE-W
KempsCreek-NE-W-to,1,24,20200814185,KempsCreek-NE-5a,-33.88635,150.7934859,6910.69968,KempsCreek-NE-W
KempsCreek-NE-W-to,1,24,20200814187,KempsCreek-NE-6a,-33.889306700000006,150.79548259999999,7433.7467400000005,KempsCreek-NE-W
KempsCreek-NE-W-from,1,20,20200814189,KempsCreek-NE-7a,-33.89218822,150.7949595,8511.196485179993,KempsCreek-NE-W
KempsCreek-NE-W-from,1,20,20200814191,KempsCreek-NE-8a,-33.89441853,150.7920789,9019.381645179994,KempsCreek-NE-W
KempsCreek-NE-W-from,1,20,20200814177,KempsCreek-NE-1a,-33.89384884,150.7873102,9486.752385179992,KempsCreek-NE-W
KempsCreek-NE-W-from,1,20,20200814238,KempsCreek-NW-WE,-33.88978774,150.778978,10670.474535179994,KempsCreek-NE-W
KempsCreek-NE-W-from,1,20,20200814281,25thAv_ETway_Interchange_a,-33.88654472,150.76052099999998,12773.971395179993,KempsCreek-NE-W
KempsCreek-NE-W-from,1,20,20200814279,BusinessParkStation_a,-33.88343221,150.7384801,15043.969625179994,KempsCreek-NE-W
KempsCreek-NW-E-to,1,304,20200814291,ETWay_Cabramatta_a,-33.8951539,150.9385034,23.680999999999997,KempsCreek-NW-E
KempsCreek-NW-E-to,1,304,20200814293,ETway_CabramattaWest_a,-33.89933379,150.9218006,1785.40676,KempsCreek-NW-E
KempsCreek-NW-E-to,1,304,20200814295,ETway_TownviewRoad_a,-33.89694911,150.912653,2702.5768399999997,KempsCreek-NW-E
KempsCreek-NW-E-to,1,304,20200814287,ETway_MountPritchard_a,-33.89485316,150.90313569999998,3633.36296,KempsCreek-NW-E
KempsCreek-NW-E-to,1,304,20200814289,ETway_Bonnyrigg_a,-33.89327506,150.89162439999998,4712.5552,KempsCreek-NW-E
KempsCreek-NW-E-to,1,304,20200814285,ETway_LPTway_a,-33.88943468,150.8831053,5646.83846,KempsCreek-NW-E
KempsCreek-NW-E-to,1,304,20200814297,ETway_BonnyriggHeights_a,-33.88544686,150.8696643,6985.751209999999,KempsCreek-NW-E
KempsCreek-NW-E-to,1,304,20200814300,ETway_CecilHills_a,-33.88372728,150.8574727,8164.77659,KempsCreek-NW-E
KempsCreek-NW-E-to,1,304,20200814301,ETway_CecilRoad_a,-33.87475658,150.8387649,10271.11162,KempsCreek-NW-E
KempsCreek-NW-E-to,1,304,20200814283,ETway_MamreRoad_a,-33.88060189,150.8090608,13277.17109,KempsCreek-NW-E
KempsCreek-NW-E-to,1,304,20200814328,DTway_ElizabethDrive_b,-33.88095915,150.79269219999998,14836.75535,KempsCreek-NW-E
KempsCreek-NW-E-to,1,304,20200814233,KempsCreek-NE-EW,-33.89134184,150.7904917,16018.0866,KempsCreek-NW-E
KempsCreek-NW-E-to,1,304,20200814173,KempsCreek-NW-7a,-33.89311546,150.7817128,17096.44213,KempsCreek-NW-E
KempsCreek-NW-E-to,1,304,20200814175,KempsCreek-NW-8a,-33.89034775,150.77970249999998,17605.21867,KempsCreek-NW-E
KempsCreek-NW-E-to,1,304,20200814161,KempsCreek-NW-1a,-33.89256946,150.77685309999998,18175.32831,KempsCreek-NW-E
KempsCreek-NW-E-to,1,304,20200814163,KempsCreek-NW-2a,-33.88951737,150.77415580000002,18920.816769999998,KempsCreek-NW-E
KempsCreek-NW-E-from,1,282,20200814165,KempsCreek-NW-3a,-33.88521364,150.77238830000002,21966.59970684155,KempsCreek-NW-E
KempsCreek-NW-E-from,1,282,20200814167,KempsCreek-NW-4a,-33.8844033,150.7774355,22566.91365684155,KempsCreek-NW-E
KempsCreek-NW-E-from,1,282,20200814169,KempsCreek-NW-5a,-33.88507818,150.7830402,23123.01386684155,KempsCreek-NW-E
KempsCreek-NW-E-from,1,282,20200814171,KempsCreek-NW-6a,-33.88908823,150.7824226,23571.763686841547,KempsCreek-NW-E
KempsCreek-NW-E-from,1,282,20200814234,KempsCreek-NE-WE,-33.89133065,150.7904357,24503.79568684155,KempsCreek-NW-E
KempsCreek-NW-E-from,1,282,20200814327,DTway_ElizabethDrive_a,-33.88097491,150.7926725,25687.536666841548,KempsCreek-NW-E
KempsCreek-NW-E-from,1,282,20200814284,ETway_MamreRoad_b,-33.88046288,150.809186,27266.26937684155,KempsCreek-NW-E
KempsCreek-NW-E-from,1,282,20200814302,ETway_CecilRoad_b,-33.87467622,150.8388989,30270.831826841546,KempsCreek-NW-E
KempsCreek-NW-E-from,1,282,20200814299,ETway_CecilHills_b,-33.88352747,150.857888,32392.865566841545,KempsCreek-NW-E
KempsCreek-NW-E-from,1,282,20200814298,ETway_BonnyriggHeights_b,-33.88536386,150.86988169999998,33553.86636684155,KempsCreek-NW-E
KempsCreek-NW-E-from,1,282,20200814286,ETway_LPTway_b,-33.88942837,150.8831937,34885.17490684155,KempsCreek-NW-E
KempsCreek-NW-E-from,1,282,20200814290,ETway_Bonnyrigg_b,-33.89325479,150.8916649,35796.22189684155,KempsCreek-NW-E
KempsCreek-NW-E-from,1,282,20200814288,ETway_MountPritchard_b,-33.89480678,150.9032201,36878.89343684155,KempsCreek-NW-E
KempsCreek-NW-E-from,1,282,20200814296,ETway_TownviewRoad_b,-33.89694046,150.9126904,37804.93001684155,KempsCreek-NW-E
KempsCreek-NW-E-from,1,282,20200814294,ETway_CabramattaWest_b,-33.89926278,150.92183400000002,38718.450246841545,KempsCreek-NW-E
KempsCreek-NW-E-from,1,282,20200814292,ETway_Cabramatta_b,-33.89519865,150.9384586,40367.79291684154,KempsCreek-NW-E
KempsCreek-NW-N-to,1,133,20200814320,CTway_StMarysStation_b,-33.76281198,150.77631259999998,16.10341,KempsCreek-NW-N
KempsCreek-NW-N-to,1,133,20200814322,CTway_StMarysLibrary_b,-33.7688064,150.7737289,861.8715599999999,KempsCreek-NW-N
KempsCreek-NW-N-to,1,133,20200814324,CTway_WilsonOval_b,-33.77759325,150.77221310000002,1846.7594399999998,KempsCreek-NW-N
KempsCreek-NW-N-to,1,133,20200814318,CTway_BanksDrive_b,-33.78818257,150.7704191,3034.0071,KempsCreek-NW-N
KempsCreek-NW-N-to,1,133,20200814316,CTway_LuddenhamRoad_b,-33.80336132,150.76933449999999,4755.11471,KempsCreek-NW-N
KempsCreek-NW-N-to,1,133,20200814314,CTWay_ErskineParkRoad_b,-33.81796432,150.7760715,6536.50833,KempsCreek-NW-N
KempsCreek-NW-N-to,1,133,20200814312,CTway_TrainingAcademy_b,-33.82715651,150.778926,7611.226879999999,KempsCreek-NW-N
KempsCreek-NW-N-to,1,133,20200814308,CTWay_MamreRoad_b,-33.8423063,150.78121090000002,9334.168520000001,KempsCreek-NW-N
KempsCreek-NW-N-to,1,133,20200814310,CTway_M12_b,-33.86101571,150.7774726,11557.21495,KempsCreek-NW-N
KempsCreek-NW-N-to,1,133,20200814306,CTway_MetroWestStation_b,-33.86925411,150.7752608,12520.53391,KempsCreek-NW-N
KempsCreek-NW-N-to,1,133,20200814326,CTway_ElizabethDrive_b,-33.87772959,150.7816084,14123.275269999998,KempsCreek-NW-N
KempsCreek-NW-N-to,1,133,20200814169,KempsCreek-NW-5a,-33.88507818,150.7830402,15227.431480000001,KempsCreek-NW-N
KempsCreek-NW-N-to,1,133,20200814171,KempsCreek-NW-6a,-33.88908823,150.7824226,15676.1813,KempsCreek-NW-N
KempsCreek-NW-N-from,1,143,20200814161,KempsCreek-NW-1a,-33.89256946,150.77685309999998,15885.881938836761,KempsCreek-NW-N
KempsCreek-NW-N-to,1,133,20200814173,KempsCreek-NW-7a,-33.89311546,150.7817128,16127.735490000001,KempsCreek-NW-N
KempsCreek-NW-N-from,1,143,20200814163,KempsCreek-NW-2a,-33.88951737,150.77415580000002,16631.37039883676,KempsCreek-NW-N
KempsCreek-NW-N-to,1,133,20200814175,KempsCreek-NW-8a,-33.89034775,150.77970249999998,16636.51202,KempsCreek-NW-N
KempsCreek-NW-N-from,1,143,20200814165,KempsCreek-NW-3a,-33.88521364,150.77238830000002,17307.04928883676,KempsCreek-NW-N
KempsCreek-NW-N-from,1,143,20200814167,KempsCreek-NW-4a,-33.8844033,150.7774355,17907.363238836762,KempsCreek-NW-N
KempsCreek-NW-N-from,1,143,20200814325,CTway_ElizabethDrive_a,-33.87773846,150.781578,19017.78284883676,KempsCreek-NW-N
KempsCreek-NW-N-from,1,143,20200814305,CTway_MetroWestStation_a,-33.86933661,150.77509780000003,20611.26919883676,KempsCreek-NW-N
KempsCreek-NW-N-from,1,143,20200814309,CTway_M12_a,-33.86111499,150.77733369999999,21573.06538883676,KempsCreek-NW-N
KempsCreek-NW-N-from,1,143,20200814307,CTway_MamreRoad_a,-33.84246193,150.78103969999998,23791.58985883676,KempsCreek-NW-N
KempsCreek-NW-N-from,1,143,20200814311,CTway_TrainingAcademy_a,-33.82728766,150.77897040000002,25516.920588836758,KempsCreek-NW-N
KempsCreek-NW-N-from,1,143,20200814313,CTway_ErskineParkRoad_a,-33.81728013,150.7758564,26685.65971883676,KempsCreek-NW-N
KempsCreek-NW-N-from,1,143,20200814315,CTway_LuddenhamRoad_a,-33.803628700000004,150.76943400000002,28360.37423883676,KempsCreek-NW-N
KempsCreek-NW-N-from,1,143,20200814317,CTway_BanksDrive_a,-33.78832729,150.7703189,30094.59417883676,KempsCreek-NW-N
KempsCreek-NW-N-from,1,143,20200814323,CTway_WilsonOval_a,-33.77764061,150.7721842,31294.444868836763,KempsCreek-NW-N
KempsCreek-NW-N-from,1,143,20200814321,CTway_StMarysLibrary_a,-33.76887121,150.7736533,32276.804358836762,KempsCreek-NW-N
KempsCreek-NW-N-from,1,143,20200814319,CTway_StMarysStation_a,-33.7625796,150.77630209999998,33133.35837883676,KempsCreek-NW-N
KempsCreek-NW-S-to,1,30,20200814354,SouthCreekStation_b,-33.94749102,150.7570353,34.0307,KempsCreek-NW-S
KempsCreek-NW-S-to,1,30,20200814199,Rossmore-SW-SN,-33.92605531,150.7693821,3348.4884899999997,KempsCreek-NW-S
KempsCreek-NW-S-to,1,30,20200814195,Rossmore-NW-SN,-33.91266432,150.7717131,4849.573920000001,KempsCreek-NW-S
KempsCreek-NW-S-to,1,30,20200814227,KempsCreek-SW-SN,-33.9008908,150.777151,6514.68829,KempsCreek-NW-S
KempsCreek-NW-S-to,1,30,20200814161,KempsCreek-NW-1a,-33.89256946,150.77685309999998,8257.24775,KempsCreek-NW-S
KempsCreek-NW-S-to,1,30,20200814163,KempsCreek-NW-2a,-33.88951737,150.77415580000002,9002.73621,KempsCreek-NW-S
KempsCreek-NW-S-to,1,30,20200814165,KempsCreek-NW-3a,-33.88521364,150.77238830000002,9678.41509,KempsCreek-NW-S
KempsCreek-NW-S-to,1,30,20200814167,KempsCreek-NW-4a,-33.8844033,150.7774355,10278.72905,KempsCreek-NW-S
KempsCreek-NW-S-from,1,25,20200814169,KempsCreek-NW-5a,-33.88507818,150.7830402,10441.069461749123,KempsCreek-NW-S
KempsCreek-NW-S-from,1,25,20200814171,KempsCreek-NW-6a,-33.88908823,150.7824226,10889.819281749124,KempsCreek-NW-S
KempsCreek-NW-S-from,1,25,20200814173,KempsCreek-NW-7a,-33.89311546,150.7817128,11341.373471749122,KempsCreek-NW-S
KempsCreek-NW-S-from,1,25,20200814175,KempsCreek-NW-8a,-33.89034775,150.77970249999998,11850.150011749123,KempsCreek-NW-S
KempsCreek-NW-S-from,1,25,20200814228,KempsCreek-SW-NS,-33.90088571,150.7771612,13164.734361749124,KempsCreek-NW-S
KempsCreek-NW-S-from,1,25,20200814196,Rossmore-NW-NS,-33.9126334,150.77175559999998,14826.596881749123,KempsCreek-NW-S
KempsCreek-NW-S-from,1,25,20200814200,Rossmore-SW-NS,-33.9260098,150.76943590000002,16325.931641749123,KempsCreek-NW-S
KempsCreek-NW-S-from,1,25,20200814353,SouthCreekStation_a,-33.94758831,150.7569468,19652.641771749124,KempsCreek-NW-S
KempsCreek-NW-W-to,1,16,20200814280,BusinessParkStation_b,-33.88336706,150.7384856,247.88203,KempsCreek-NW-W
KempsCreek-NW-W-to,1,16,20200814282,25thAv_ETway_Interchange_b,-33.88642859,150.7604154,2501.76656,KempsCreek-NW-W
KempsCreek-NW-W-to,1,16,20200814165,KempsCreek-NW-3a,-33.88521364,150.77238830000002,3821.3297399999997,KempsCreek-NW-W
KempsCreek-NW-W-to,1,16,20200814167,KempsCreek-NW-4a,-33.8844033,150.7774355,4421.6437,KempsCreek-NW-W
KempsCreek-NW-W-to,1,16,20200814169,KempsCreek-NW-5a,-33.88507818,150.7830402,4977.7439,KempsCreek-NW-W
KempsCreek-NW-W-to,1,16,20200814171,KempsCreek-NW-6a,-33.88908823,150.7824226,5426.49372,KempsCreek-NW-W
KempsCreek-NW-W-from,1,24,20200814173,KempsCreek-NW-7a,-33.89311546,150.7817128,6513.181496863465,KempsCreek-NW-W
KempsCreek-NW-W-from,1,24,20200814175,KempsCreek-NW-8a,-33.89034775,150.77970249999998,7021.958026863465,KempsCreek-NW-W
KempsCreek-NW-W-from,1,24,20200814161,KempsCreek-NW-1a,-33.89256946,150.77685309999998,7592.067676863466,KempsCreek-NW-W
KempsCreek-NW-W-from,1,24,20200814163,KempsCreek-NW-2a,-33.88951737,150.77415580000002,8337.556136863466,KempsCreek-NW-W
KempsCreek-NW-W-from,1,24,20200814281,25thAv_ETway_Interchange_a,-33.88654472,150.76052099999998,10026.932026863466,KempsCreek-NW-W
KempsCreek-NW-W-from,1,24,20200814279,BusinessParkStation_a,-33.88343221,150.7384801,12296.930256863465,KempsCreek-NW-W
KempsCreek-SE-E-to,1,287,20200814241,15thAv_LiverpoolStation_a,-33.92295892,150.9266524,20.87141,KempsCreek-SE-E
KempsCreek-SE-E-to,1,287,20200814244,15thAv-BrickmakersTway_b,-33.9280105,150.9102682,1927.66554,KempsCreek-SE-E
KempsCreek-SE-E-to,1,287,20200814246,15thAv_MaxwellsTway_b,-33.92658085,150.8983681,3042.12046,KempsCreek-SE-E
KempsCreek-SE-E-to,1,287,20200814248,15thAv_AshTway_b,-33.92784671,150.8820715,4562.52313,KempsCreek-SE-E
KempsCreek-SE-E-to,1,287,20200814250,15thAv_MillerTway_b,-33.92730335,150.8713841,5559.34222,KempsCreek-SE-E
KempsCreek-SE-E-to,1,287,20200814251,15thAv_HoxtonPark_a,-33.92667545,150.8581175,6808.21949,KempsCreek-SE-E
KempsCreek-SE-E-to,1,287,20200814253,15thAv_MiddletonGrange_a,-33.92224766,150.8396293,8696.11355,KempsCreek-SE-E
KempsCreek-SE-E-to,1,287,20200814217,Austral-NE-EW,-33.91878525,150.81478380000001,11025.711159999999,KempsCreek-SE-E
KempsCreek-SE-E-to,1,287,20200814222,Austral-NW-EW,-33.91796598,150.80892619999997,11575.02809,KempsCreek-SE-E
KempsCreek-SE-E-to,1,287,20200814141,KempsCreek-SE-7a,-33.90547873,150.7934747,14805.93254,KempsCreek-SE-E
KempsCreek-SE-E-to,1,287,20200814143,KempsCreek-SE-8a,-33.90635589,150.7892291,15331.56009,KempsCreek-SE-E
KempsCreek-SE-E-to,1,287,20200814129,KempsCreek-SE-1a,-33.905975500000004,150.78597390000002,16213.886999999999,KempsCreek-SE-E
KempsCreek-SE-E-to,1,287,20200814131,KempsCreek-SE-2a,-33.90410617,150.78221530000002,16739.25304,KempsCreek-SE-E
KempsCreek-SE-E-from,1,275,20200814133,KempsCreek-SE-3a,-33.89880701,150.7831191,19527.078165118517,KempsCreek-SE-E
KempsCreek-SE-E-from,1,275,20200814135,KempsCreek-SE-4a,-33.89800604,150.7881829,20127.71909511852,KempsCreek-SE-E
KempsCreek-SE-E-from,1,275,20200814137,KempsCreek-SE-5a,-33.89856521,150.79297519999997,20629.962965118517,KempsCreek-SE-E
KempsCreek-SE-E-from,1,275,20200814140,KempsCreek-SE-6b,-33.90142464,150.794217,21077.962355118518,KempsCreek-SE-E
KempsCreek-SE-E-from,1,275,20200814221,Austral-NW-WE,-33.91795364,150.8089158,24136.811705118518,KempsCreek-SE-E
KempsCreek-SE-E-from,1,275,20200814218,Austral-NE-WE,-33.91876096,150.8147676,24685.351005118515,KempsCreek-SE-E
KempsCreek-SE-E-from,1,275,20200814254,15thAv_MiddletonGrange_b,-33.92220673,150.8396429,27017.379225118515,KempsCreek-SE-E
KempsCreek-SE-E-from,1,275,20200814252,15thAv_HoxtonPark_b,-33.92637451,150.8607375,29139.029895118518,KempsCreek-SE-E
KempsCreek-SE-E-from,1,275,20200814249,15thAv_MillerTway_a,-33.926964700000006,150.87097450000002,30102.65859511852,KempsCreek-SE-E
KempsCreek-SE-E-from,1,275,20200814247,15thAv_AshTway_a,-33.92753548,150.88323359999998,31248.34076511852,KempsCreek-SE-E
KempsCreek-SE-E-from,1,275,20200814245,15thAv_MaxwellsTway_a,-33.92633517,150.8992313,32739.596445118517,KempsCreek-SE-E
KempsCreek-SE-E-from,1,275,20200814243,15thAv_BrickmakersTway_a,-33.92784302,150.91032019999997,33778.87122511852,KempsCreek-SE-E
KempsCreek-SE-E-from,1,275,20200814242,15thAv_LiverpoolStation_b,-33.923103000000005,150.9268322,35630.033845118516,KempsCreek-SE-E
KempsCreek-SE-N-to,1,189,20200814341,DTway_MtDruittStation_a,-33.76980501,150.81982580000002,24.50348,KempsCreek-SE-N
KempsCreek-SE-N-to,1,189,20200814344,DTway_GreatWesternHighway_b,-33.77905808,150.8145774,1441.9770800000001,KempsCreek-SE-N
KempsCreek-SE-N-to,1,189,20200814346,DTway_RoperRoad_b,-33.78670719,150.8061186,2722.14452,KempsCreek-SE-N
KempsCreek-SE-N-to,1,189,20200814350,DTway_SwallowDr_b,-33.79824605,150.8038282,4135.27543,KempsCreek-SE-N
KempsCreek-SE-N-to,1,189,20200814348,DTway_PeppertreeDr_b,-33.80240175,150.79715919999998,4906.4444,KempsCreek-SE-N
KempsCreek-SE-N-to,1,189,20200814340,DTway_StClairConnection_b,-33.80615709,150.79117549999998,5600.06371,KempsCreek-SE-N
KempsCreek-SE-N-to,1,189,20200814338,DTway_ErskineParkRoad_b,-33.81238575,150.7862122,6443.62734,KempsCreek-SE-N
KempsCreek-SE-N-to,1,189,20200814336,DTway_LenoreDrive_b,-33.81433842,150.7927536,7126.34175,KempsCreek-SE-N
KempsCreek-SE-N-to,1,189,20200814334,DTway_ServiceRoadConnection_b,-33.82340085,150.8044597,9459.03749,KempsCreek-SE-N
KempsCreek-SE-N-to,1,189,20200814352,DTway_KempsCreek_b,-33.83544046,150.8023357,10809.78728,KempsCreek-SE-N
KempsCreek-SE-N-to,1,189,20200814332,DTway_AldingtonRoad_b,-33.84991705,150.7974034,12689.50226,KempsCreek-SE-N
KempsCreek-SE-N-to,1,189,20200814330,DTway_MetroWestStation_b,-33.86712297,150.7944345,14617.87091,KempsCreek-SE-N
KempsCreek-SE-N-to,1,189,20200814328,DTway_ElizabethDrive_b,-33.88095915,150.79269219999998,16215.03173,KempsCreek-SE-N
KempsCreek-SE-N-to,1,189,20200814236,KempsCreek-NE-NS,-33.89169528,150.7906775,17420.55775,KempsCreek-SE-N
KempsCreek-SE-N-to,1,189,20200814137,KempsCreek-SE-5a,-33.89856521,150.79297519999997,18456.04464,KempsCreek-SE-N
KempsCreek-SE-N-to,1,189,20200814140,KempsCreek-SE-6b,-33.90142464,150.794217,18904.04403,KempsCreek-SE-N
KempsCreek-SE-N-to,1,189,20200814141,KempsCreek-SE-7a,-33.90547873,150.7934747,19358.97497,KempsCreek-SE-N
KempsCreek-SE-N-to,1,189,20200814143,KempsCreek-SE-8a,-33.90635589,150.7892291,19884.60253,KempsCreek-SE-N
KempsCreek-SE-N-from,1,225,20200814129,KempsCreek-SE-1a,-33.905975500000004,150.78597390000002,20241.39828645917,KempsCreek-SE-N
KempsCreek-SE-N-from,1,225,20200814131,KempsCreek-SE-2a,-33.90410617,150.78221530000002,20766.76432645917,KempsCreek-SE-N
KempsCreek-SE-N-from,1,225,20200814133,KempsCreek-SE-3a,-33.89880701,150.7831191,21360.533176459172,KempsCreek-SE-N
KempsCreek-SE-N-from,1,225,20200814135,KempsCreek-SE-4a,-33.89800604,150.7881829,21961.17410645917,KempsCreek-SE-N
KempsCreek-SE-N-from,1,225,20200814235,KempsCreek-NE-SN,-33.89162634,150.79064619999997,22785.55242645917,KempsCreek-SE-N
KempsCreek-SE-N-from,1,225,20200814327,DTway_ElizabethDrive_a,-33.88097491,150.7926725,23981.96745645917,KempsCreek-SE-N
KempsCreek-SE-N-from,1,225,20200814329,DTway_MetroWestStation_a,-33.86720207,150.7943115,25570.85376645917,KempsCreek-SE-N
KempsCreek-SE-N-from,1,225,20200814331,DTway_AldingtonRoad_a,-33.849988200000006,150.7973125,27500.51996645917,KempsCreek-SE-N
KempsCreek-SE-N-from,1,225,20200814351,DTway_KempsCreek_a,-33.83545772,150.8023205,29387.15433645917,KempsCreek-SE-N
KempsCreek-SE-N-from,1,225,20200814333,DTway_ServiceRoadConnection_a,-33.82345477,150.8043853,30731.73006645917,KempsCreek-SE-N
KempsCreek-SE-N-from,1,225,20200814335,DTway_LenoreDrive_a,-33.81451383,150.79276819999998,33052.708876459175,KempsCreek-SE-N
KempsCreek-SE-N-from,1,225,20200814337,DTway_ErskineParkRoad_a,-33.81240384,150.78615280000002,33751.06185645917,KempsCreek-SE-N
KempsCreek-SE-N-from,1,225,20200814339,DTway_StClairConnection_a,-33.80617987,150.79107869999999,34590.76213645917,KempsCreek-SE-N
KempsCreek-SE-N-from,1,225,20200814347,DTway_PeppertreeDr_a,-33.8024581,150.7969641,35274.58855645917,KempsCreek-SE-N
KempsCreek-SE-N-from,1,225,20200814349,DTway_SwallowDr_a,-33.79810206,150.8036842,36063.07567645917,KempsCreek-SE-N
KempsCreek-SE-N-from,1,225,20200814345,DTway_RoperRoad_a,-33.78667813,150.8060508,37470.44456645918,KempsCreek-SE-N
KempsCreek-SE-N-from,1,225,20200814343,DTway_GreatWesternHighway_a,-33.77898316,150.8144011,38773.280226459174,KempsCreek-SE-N
KempsCreek-SE-N-from,1,225,20200814342,DTway_MtDruittStation_b,-33.76979081,150.8198481,40217.49681645917,KempsCreek-SE-N
KempsCreek-SE-S-to,1,46,20200814356,RossmoreStation_b,-33.95042741,150.7811331,35.59746,KempsCreek-SE-S
KempsCreek-SE-S-to,1,46,20200814203,Rossmore-SE-SN,-33.92939812,150.7851889,2912.45788,KempsCreek-SE-S
KempsCreek-SE-S-to,1,46,20200814207,Rossmore-NE-SN,-33.91467863,150.78611819999998,4711.94063,KempsCreek-SE-S
KempsCreek-SE-S-to,1,46,20200814129,KempsCreek-SE-1a,-33.905975500000004,150.78597390000002,5839.65352,KempsCreek-SE-S
KempsCreek-SE-S-to,1,46,20200814131,KempsCreek-SE-2a,-33.90410617,150.78221530000002,6365.01955,KempsCreek-SE-S
KempsCreek-SE-S-to,1,46,20200814133,KempsCreek-SE-3a,-33.89880701,150.7831191,6958.788409999999,KempsCreek-SE-S
KempsCreek-SE-S-to,1,46,20200814135,KempsCreek-SE-4a,-33.89800604,150.7881829,7559.429340000001,KempsCreek-SE-S
KempsCreek-SE-S-from,1,40,20200814137,KempsCreek-SE-5a,-33.89856521,150.79297519999997,7741.0404538028315,KempsCreek-SE-S
KempsCreek-SE-S-from,1,40,20200814140,KempsCreek-SE-6b,-33.90142464,150.794217,8189.0398438028315,KempsCreek-SE-S
KempsCreek-SE-S-from,1,40,20200814141,KempsCreek-SE-7a,-33.90547873,150.7934747,8643.970793802831,KempsCreek-SE-S
KempsCreek-SE-S-from,1,40,20200814143,KempsCreek-SE-8a,-33.90635589,150.7892291,9169.59834380283,KempsCreek-SE-S
KempsCreek-SE-S-from,1,40,20200814208,Rossmore-NE-NS,-33.91468548,150.7861241,10229.68071380283,KempsCreek-SE-S
KempsCreek-SE-S-from,1,40,20200814204,Rossmore-SE-NS,-33.92933263,150.78526630000002,12008.439073802832,KempsCreek-SE-S
KempsCreek-SE-S-from,1,40,20200814355,RossmoreStation_a,-33.95048465,150.78107580000002,14882.810073802832,KempsCreek-SE-S
KempsCreek-SE-W-to,1,23,20200814257,AerotropolisStation_a,-33.92049719,150.73677450000002,22.03211,KempsCreek-SE-W
KempsCreek-SE-W-to,1,23,20200814256,15thAv_Bringelly_b,-33.91018533,150.7459844,1939.6769199999999,KempsCreek-SE-W
KempsCreek-SE-W-to,1,23,20200814278,20thAv_ETway_Interchange_b,-33.89858536,150.7589481,4394.12195,KempsCreek-SE-W
KempsCreek-SE-W-to,1,23,20200814226,KempsCreek-SW-WE,-33.90099186,150.77695690000002,6085.40283,KempsCreek-SE-W
KempsCreek-SE-W-to,1,23,20200814133,KempsCreek-SE-3a,-33.89880701,150.7831191,6923.312459999999,KempsCreek-SE-W
KempsCreek-SE-W-to,1,23,20200814135,KempsCreek-SE-4a,-33.89800604,150.7881829,7523.953390000001,KempsCreek-SE-W
KempsCreek-SE-W-to,1,23,20200814137,KempsCreek-SE-5a,-33.89856521,150.79297519999997,8026.197259999999,KempsCreek-SE-W
KempsCreek-SE-W-to,1,23,20200814140,KempsCreek-SE-6b,-33.90142464,150.794217,8474.19665,KempsCreek-SE-W
KempsCreek-SE-W-from,1,26,20200814141,KempsCreek-SE-7a,-33.90547873,150.7934747,9453.475821136833,KempsCreek-SE-W
KempsCreek-SE-W-from,1,26,20200814143,KempsCreek-SE-8a,-33.90635589,150.7892291,9979.103371136835,KempsCreek-SE-W
KempsCreek-SE-W-from,1,26,20200814129,KempsCreek-SE-1a,-33.905975500000004,150.78597390000002,10861.430281136834,KempsCreek-SE-W
KempsCreek-SE-W-from,1,26,20200814131,KempsCreek-SE-2a,-33.90410617,150.78221530000002,11386.796321136833,KempsCreek-SE-W
KempsCreek-SE-W-from,1,26,20200814225,KempsCreek-SW-EW,-33.90099913,150.7769497,12224.580681136835,KempsCreek-SE-W
KempsCreek-SE-W-from,1,26,20200814277,20thAv_ETway_Interchange_a,-33.89859899,150.7589481,13915.441641136835,KempsCreek-SE-W
KempsCreek-SE-W-from,1,26,20200814255,15thAv_Bringelly_a,-33.91019163,150.745996,16370.618471136833,KempsCreek-SE-W
KempsCreek-SE-W-from,1,26,20200814258,AerotropolisStation_b,-33.92042120000001,150.73688090000002,18277.827821136834,KempsCreek-SE-W
KempsCreek-SW-E-to,1,294,20200814241,15thAv_LiverpoolStation_a,-33.92295892,150.9266524,20.87141,KempsCreek-SW-E
KempsCreek-SW-E-to,1,294,20200814244,15thAv-BrickmakersTway_b,-33.9280105,150.9102682,1927.66554,KempsCreek-SW-E
KempsCreek-SW-E-to,1,294,20200814246,15thAv_MaxwellsTway_b,-33.92658085,150.8983681,3042.12046,KempsCreek-SW-E
KempsCreek-SW-E-to,1,294,20200814248,15thAv_AshTway_b,-33.92784671,150.8820715,4562.52313,KempsCreek-SW-E
KempsCreek-SW-E-to,1,294,20200814250,15thAv_MillerTway_b,-33.92730335,150.8713841,5559.34222,KempsCreek-SW-E
KempsCreek-SW-E-to,1,294,20200814251,15thAv_HoxtonPark_a,-33.92667545,150.8581175,6808.21949,KempsCreek-SW-E
KempsCreek-SW-E-to,1,294,20200814253,15thAv_MiddletonGrange_a,-33.92224766,150.8396293,8696.11355,KempsCreek-SW-E
KempsCreek-SW-E-to,1,294,20200814217,Austral-NE-EW,-33.91878525,150.81478380000001,11025.711159999999,KempsCreek-SW-E
KempsCreek-SW-E-to,1,294,20200814222,Austral-NW-EW,-33.91796598,150.80892619999997,11575.02809,KempsCreek-SW-E
KempsCreek-SW-E-to,1,294,20200814229,KempsCreek-SE-EW,-33.90214498,150.7882644,15038.11504,KempsCreek-SW-E
KempsCreek-SW-E-to,1,294,20200814157,KempsCreek-SW-7a,-33.90383322,150.7798375,16082.29351,KempsCreek-SW-E
KempsCreek-SW-E-to,1,294,20200814159,KempsCreek-SW-8a,-33.90220314,150.7776373,16760.55517,KempsCreek-SW-E
KempsCreek-SW-E-to,1,294,20200814145,KempsCreek-SW-1a,-33.90452324,150.77395259999997,17605.85629,KempsCreek-SW-E
KempsCreek-SW-E-to,1,294,20200814147,KempsCreek-SW-2a,-33.90274686,150.77098490000003,18058.009159999998,KempsCreek-SW-E
KempsCreek-SW-E-from,1,283,20200814149,KempsCreek-SW-3a,-33.89756951,150.7727062,21095.244944591737,KempsCreek-SW-E
KempsCreek-SW-E-from,1,283,20200814151,KempsCreek-SW-4a,-33.89521088,150.7764249,21702.172254591736,KempsCreek-SW-E
KempsCreek-SW-E-from,1,283,20200814153,KempsCreek-SW-5a,-33.89570416,150.7804052,22074.436814591736,KempsCreek-SW-E
KempsCreek-SW-E-from,1,283,20200814155,KempsCreek-SW-6a,-33.89981679,150.7805335,22598.483744591736,KempsCreek-SW-E
KempsCreek-SW-E-from,1,283,20200814230,KempsCreek-SE-WE,-33.90211413,150.78822580000002,23492.29068459174,KempsCreek-SW-E
KempsCreek-SW-E-from,1,283,20200814221,Austral-NW-WE,-33.91795364,150.8089158,26928.907054591735,KempsCreek-SW-E
KempsCreek-SW-E-from,1,283,20200814218,Austral-NE-WE,-33.91876096,150.8147676,27477.44635459174,KempsCreek-SW-E
KempsCreek-SW-E-from,1,283,20200814254,15thAv_MiddletonGrange_b,-33.92220673,150.8396429,29809.47747459174,KempsCreek-SW-E
KempsCreek-SW-E-from,1,283,20200814252,15thAv_HoxtonPark_b,-33.92637451,150.8607375,31931.128144591738,KempsCreek-SW-E
KempsCreek-SW-E-from,1,283,20200814249,15thAv_MillerTway_a,-33.926964700000006,150.87097450000002,32894.756844591735,KempsCreek-SW-E
KempsCreek-SW-E-from,1,283,20200814247,15thAv_AshTway_a,-33.92753548,150.88323359999998,34040.439014591735,KempsCreek-SW-E
KempsCreek-SW-E-from,1,283,20200814245,15thAv_MaxwellsTway_a,-33.92633517,150.8992313,35531.69468459174,KempsCreek-SW-E
KempsCreek-SW-E-from,1,283,20200814243,15thAv_BrickmakersTway_a,-33.92784302,150.91032019999997,36570.96947459174,KempsCreek-SW-E
KempsCreek-SW-E-from,1,283,20200814242,15thAv_LiverpoolStation_b,-33.923103000000005,150.9268322,38422.13209459174,KempsCreek-SW-E
KempsCreek-SW-N-to,1,139,20200814320,CTway_StMarysStation_b,-33.76281198,150.77631259999998,16.10341,KempsCreek-SW-N
KempsCreek-SW-N-to,1,139,20200814322,CTway_StMarysLibrary_b,-33.7688064,150.7737289,861.8715599999999,KempsCreek-SW-N
KempsCreek-SW-N-to,1,139,20200814324,CTway_WilsonOval_b,-33.77759325,150.77221310000002,1846.7594399999998,KempsCreek-SW-N
KempsCreek-SW-N-to,1,139,20200814318,CTway_BanksDrive_b,-33.78818257,150.7704191,3034.0071,KempsCreek-SW-N
KempsCreek-SW-N-to,1,139,20200814316,CTway_LuddenhamRoad_b,-33.80336132,150.76933449999999,4755.11471,KempsCreek-SW-N
KempsCreek-SW-N-to,1,139,20200814314,CTWay_ErskineParkRoad_b,-33.81796432,150.7760715,6536.50833,KempsCreek-SW-N
KempsCreek-SW-N-to,1,139,20200814312,CTway_TrainingAcademy_b,-33.82715651,150.778926,7611.226879999999,KempsCreek-SW-N
KempsCreek-SW-N-to,1,139,20200814308,CTWay_MamreRoad_b,-33.8423063,150.78121090000002,9334.168520000001,KempsCreek-SW-N
KempsCreek-SW-N-to,1,139,20200814310,CTway_M12_b,-33.86101571,150.7774726,11557.21495,KempsCreek-SW-N
KempsCreek-SW-N-to,1,139,20200814306,CTway_MetroWestStation_b,-33.86925411,150.7752608,12520.53391,KempsCreek-SW-N
KempsCreek-SW-N-to,1,139,20200814326,CTway_ElizabethDrive_b,-33.87772959,150.7816084,14123.275269999998,KempsCreek-SW-N
KempsCreek-SW-N-to,1,139,20200814240,KempsCreek-NW-NS,-33.88966333,150.7793922,15463.744830000001,KempsCreek-SW-N
KempsCreek-SW-N-to,1,139,20200814153,KempsCreek-SW-5a,-33.89570416,150.7804052,16314.13731,KempsCreek-SW-N
KempsCreek-SW-N-to,1,139,20200814155,KempsCreek-SW-6a,-33.89981679,150.7805335,16838.184240000002,KempsCreek-SW-N
KempsCreek-SW-N-to,1,139,20200814157,KempsCreek-SW-7a,-33.90383322,150.7798375,17288.36848,KempsCreek-SW-N
KempsCreek-SW-N-from,1,146,20200814145,KempsCreek-SW-1a,-33.90452324,150.77395259999997,17311.025433435654,KempsCreek-SW-N
KempsCreek-SW-N-from,1,146,20200814147,KempsCreek-SW-2a,-33.90274686,150.77098490000003,17763.178313435652,KempsCreek-SW-N
KempsCreek-SW-N-to,1,139,20200814159,KempsCreek-SW-8a,-33.90220314,150.7776373,17966.63015,KempsCreek-SW-N
KempsCreek-SW-N-from,1,146,20200814149,KempsCreek-SW-3a,-33.89756951,150.7727062,18429.418463435653,KempsCreek-SW-N
KempsCreek-SW-N-from,1,146,20200814151,KempsCreek-SW-4a,-33.89521088,150.7764249,19036.353833435653,KempsCreek-SW-N
KempsCreek-SW-N-from,1,146,20200814239,KempsCreek-NW-SN,-33.88965814,150.7793809,19860.082943435653,KempsCreek-SW-N
KempsCreek-SW-N-from,1,146,20200814325,CTway_ElizabethDrive_a,-33.87773846,150.781578,21198.160713435653,KempsCreek-SW-N
KempsCreek-SW-N-from,1,146,20200814305,CTway_MetroWestStation_a,-33.86933661,150.77509780000003,22791.647053435656,KempsCreek-SW-N
KempsCreek-SW-N-from,1,146,20200814309,CTway_M12_a,-33.86111499,150.77733369999999,23753.443243435653,KempsCreek-SW-N
KempsCreek-SW-N-from,1,146,20200814307,CTway_MamreRoad_a,-33.84246193,150.78103969999998,25971.967713435653,KempsCreek-SW-N
KempsCreek-SW-N-from,1,146,20200814311,CTway_TrainingAcademy_a,-33.82728766,150.77897040000002,27697.298453435655,KempsCreek-SW-N
KempsCreek-SW-N-from,1,146,20200814313,CTway_ErskineParkRoad_a,-33.81728013,150.7758564,28866.037573435657,KempsCreek-SW-N
KempsCreek-SW-N-from,1,146,20200814315,CTway_LuddenhamRoad_a,-33.803628700000004,150.76943400000002,30540.752093435654,KempsCreek-SW-N
KempsCreek-SW-N-from,1,146,20200814317,CTway_BanksDrive_a,-33.78832729,150.7703189,32274.972033435653,KempsCreek-SW-N
KempsCreek-SW-N-from,1,146,20200814323,CTway_WilsonOval_a,-33.77764061,150.7721842,33474.822733435656,KempsCreek-SW-N
KempsCreek-SW-N-from,1,146,20200814321,CTway_StMarysLibrary_a,-33.76887121,150.7736533,34457.18221343565,KempsCreek-SW-N
KempsCreek-SW-N-from,1,146,20200814319,CTway_StMarysStation_a,-33.7625796,150.77630209999998,35313.73623343566,KempsCreek-SW-N
KempsCreek-SW-S-to,1,20,20200814354,SouthCreekStation_b,-33.94749102,150.7570353,34.0307,KempsCreek-SW-S
KempsCreek-SW-S-to,1,20,20200814199,Rossmore-SW-SN,-33.92605531,150.7693821,3348.4884899999997,KempsCreek-SW-S
KempsCreek-SW-S-to,1,20,20200814195,Rossmore-NW-SN,-33.91266432,150.7717131,4849.573920000001,KempsCreek-SW-S
KempsCreek-SW-S-to,1,20,20200814145,KempsCreek-SW-1a,-33.90452324,150.77395259999997,6657.26646,KempsCreek-SW-S
KempsCreek-SW-S-to,1,20,20200814147,KempsCreek-SW-2a,-33.90274686,150.77098490000003,7109.41934,KempsCreek-SW-S
KempsCreek-SW-S-to,1,20,20200814149,KempsCreek-SW-3a,-33.89756951,150.7727062,7775.659490000001,KempsCreek-SW-S
KempsCreek-SW-S-to,1,20,20200814151,KempsCreek-SW-4a,-33.89521088,150.7764249,8382.59486,KempsCreek-SW-S
KempsCreek-SW-S-from,1,18,20200814153,KempsCreek-SW-5a,-33.89570416,150.7804052,8446.309247729236,KempsCreek-SW-S
KempsCreek-SW-S-from,1,18,20200814155,KempsCreek-SW-6a,-33.89981679,150.7805335,8970.356177729236,KempsCreek-SW-S
KempsCreek-SW-S-from,1,18,20200814157,KempsCreek-SW-7a,-33.90383322,150.7798375,9420.540427729236,KempsCreek-SW-S
KempsCreek-SW-S-from,1,18,20200814159,KempsCreek-SW-8a,-33.90220314,150.7776373,10098.802097729236,KempsCreek-SW-S
KempsCreek-SW-S-from,1,18,20200814196,Rossmore-NW-NS,-33.9126334,150.77175559999998,11961.392317729234,KempsCreek-SW-S
KempsCreek-SW-S-from,1,18,20200814200,Rossmore-SW-NS,-33.9260098,150.76943590000002,13460.727077729236,KempsCreek-SW-S
KempsCreek-SW-S-from,1,18,20200814353,SouthCreekStation_a,-33.94758831,150.7569468,16787.437207729236,KempsCreek-SW-S
KempsCreek-SW-W-to,1,16,20200814257,AerotropolisStation_a,-33.92049719,150.73677450000002,22.03211,KempsCreek-SW-W
KempsCreek-SW-W-to,1,16,20200814256,15thAv_Bringelly_b,-33.91018533,150.7459844,1939.6769199999999,KempsCreek-SW-W
KempsCreek-SW-W-to,1,16,20200814278,20thAv_ETway_Interchange_b,-33.89858536,150.7589481,4394.12195,KempsCreek-SW-W
KempsCreek-SW-W-to,1,16,20200814149,KempsCreek-SW-3a,-33.89756951,150.7727062,5933.54247,KempsCreek-SW-W
KempsCreek-SW-W-to,1,16,20200814151,KempsCreek-SW-4a,-33.89521088,150.7764249,6540.47784,KempsCreek-SW-W
KempsCreek-SW-W-to,1,16,20200814153,KempsCreek-SW-5a,-33.89570416,150.7804052,6912.7191,KempsCreek-SW-W
KempsCreek-SW-W-to,1,16,20200814155,KempsCreek-SW-6a,-33.89981679,150.7805335,7436.76603,KempsCreek-SW-W
KempsCreek-SW-W-from,1,19,20200814157,KempsCreek-SW-7a,-33.90383322,150.7798375,8145.156074201597,KempsCreek-SW-W
KempsCreek-SW-W-from,1,19,20200814159,KempsCreek-SW-8a,-33.90220314,150.7776373,8823.417744201597,KempsCreek-SW-W
KempsCreek-SW-W-from,1,19,20200814145,KempsCreek-SW-1a,-33.90452324,150.77395259999997,9668.718854201597,KempsCreek-SW-W
KempsCreek-SW-W-from,1,19,20200814147,KempsCreek-SW-2a,-33.90274686,150.77098490000003,10120.871734201597,KempsCreek-SW-W
KempsCreek-SW-W-from,1,19,20200814277,20thAv_ETway_Interchange_a,-33.89859899,150.7589481,11586.589914201597,KempsCreek-SW-W
KempsCreek-SW-W-from,1,19,20200814255,15thAv_Bringelly_a,-33.91019163,150.745996,14041.766744201597,KempsCreek-SW-W
KempsCreek-SW-W-from,1,19,20200814258,AerotropolisStation_b,-33.92042120000001,150.73688090000002,15948.976094201596,KempsCreek-SW-W
MG-AERO,1,214,202008269,Swoffer Av near Reardon Av,-33.9183676,150.844681,99.52279,MG-AERO
MG-AERO,1,214,2020082611,Kelsey St,-33.91822423,150.8425321,313.59767,MG-AERO
MG-AERO,1,214,202008282,Bryant Av,-33.92037062,150.8403736,750.0202099999999,MG-AERO
MG-AERO,1,214,20200814253,15thAv_MiddletonGrange_a,-33.92224766,150.8396293,1016.58013,MG-AERO
MG-AERO,1,214,20200814217,Austral-NE-EW,-33.91878525,150.81478380000001,3346.17534,MG-AERO
MG-AERO,1,214,20200814222,Austral-NW-EW,-33.91796598,150.80892619999997,3895.49227,MG-AERO
MG-AERO,1,214,20200814205,Rossmore-NE-EW,-33.91408072,150.7853648,6223.91174,MG-AERO
MG-AERO,1,214,20200814194,Rossmore-NW-EW,-33.91240923,150.77134980000002,7533.470009999999,MG-AERO
MG-AERO,1,214,20200814255,15thAv_Bringelly_a,-33.91019163,150.745996,9979.59698,MG-AERO
MG-AERO,1,214,20200814258,AerotropolisStation_b,-33.92042120000001,150.73688090000002,11886.806340000001,MG-AERO
Rossmore-NE-E-to,1,276,20200814241,15thAv_LiverpoolStation_a,-33.92295892,150.9266524,20.87141,Rossmore-NE-E
Rossmore-NE-E-to,1,276,20200814244,15thAv-BrickmakersTway_b,-33.9280105,150.9102682,1927.66554,Rossmore-NE-E
Rossmore-NE-E-to,1,276,20200814246,15thAv_MaxwellsTway_b,-33.92658085,150.8983681,3042.12046,Rossmore-NE-E
Rossmore-NE-E-to,1,276,20200814248,15thAv_AshTway_b,-33.92784671,150.8820715,4562.52313,Rossmore-NE-E
Rossmore-NE-E-to,1,276,20200814250,15thAv_MillerTway_b,-33.92730335,150.8713841,5559.34222,Rossmore-NE-E
Rossmore-NE-E-to,1,276,20200814251,15thAv_HoxtonPark_a,-33.92667545,150.8581175,6808.21949,Rossmore-NE-E
Rossmore-NE-E-to,1,276,20200814253,15thAv_MiddletonGrange_a,-33.92224766,150.8396293,8696.11355,Rossmore-NE-E
Rossmore-NE-E-to,1,276,20200814217,Austral-NE-EW,-33.91878525,150.81478380000001,11025.708929999999,Rossmore-NE-E
Rossmore-NE-E-to,1,276,20200814222,Austral-NW-EW,-33.91796598,150.80892619999997,11575.02586,Rossmore-NE-E
Rossmore-NE-E-to,1,276,20200814125,Rossmore-NE-7a,-33.91880232,150.7903745,13746.60584,Rossmore-NE-E
Rossmore-NE-E-to,1,276,20200814127,Rossmore-NE-8a,-33.92226298,150.78567759999999,14569.57638,Rossmore-NE-E
Rossmore-NE-E-to,1,276,20200814113,Rossmore-NE-1a,-33.91909437,150.7813125,15622.33848,Rossmore-NE-E
Rossmore-NE-E-to,1,276,20200814115,Rossmore-NE-2a,-33.91605794,150.7793124,16153.876069999998,Rossmore-NE-E
Rossmore-NE-E-from,1,278,20200814117,Rossmore-NE-3a,-33.91204781,150.7800207,18919.774277728102,Rossmore-NE-E
Rossmore-NE-E-from,1,278,20200814119,Rossmore-NE-4a,-33.91119472,150.7842645,19441.0360077281,Rossmore-NE-E
Rossmore-NE-E-from,1,278,20200814121,Rossmore-NE-5a,-33.91295652,150.7872281,20263.775407728102,Rossmore-NE-E
Rossmore-NE-E-from,1,278,20200814123,Rossmore-NE-6a,-33.91473312,150.7918673,21151.3294577281,Rossmore-NE-E
Rossmore-NE-E-from,1,278,20200814221,Austral-NW-WE,-33.91795364,150.8089158,22813.089767728103,Rossmore-NE-E
Rossmore-NE-E-from,1,278,20200814218,Austral-NE-WE,-33.91876096,150.8147676,23361.6288377281,Rossmore-NE-E
Rossmore-NE-E-from,1,278,20200814254,15thAv_MiddletonGrange_b,-33.92220673,150.8396429,25693.6599577281,Rossmore-NE-E
Rossmore-NE-E-from,1,278,20200814252,15thAv_HoxtonPark_b,-33.92637451,150.8607375,27815.3106377281,Rossmore-NE-E
Rossmore-NE-E-from,1,278,20200814249,15thAv_MillerTway_a,-33.926964700000006,150.87097450000002,28778.939327728098,Rossmore-NE-E
Rossmore-NE-E-from,1,278,20200814247,15thAv_AshTway_a,-33.92753548,150.88323359999998,29924.6214977281,Rossmore-NE-E
Rossmore-NE-E-from,1,278,20200814245,15thAv_MaxwellsTway_a,-33.92633517,150.8992313,31415.8771777281,Rossmore-NE-E
Rossmore-NE-E-from,1,278,20200814243,15thAv_BrickmakersTway_a,-33.92784302,150.91032019999997,32455.1519577281,Rossmore-NE-E
Rossmore-NE-E-from,1,278,20200814242,15thAv_LiverpoolStation_b,-33.923103000000005,150.9268322,34306.3145877281,Rossmore-NE-E
Rossmore-NE-N-to,1,203,20200814341,DTway_MtDruittStation_a,-33.76980501,150.81982580000002,24.50348,Rossmore-NE-N
Rossmore-NE-N-to,1,203,20200814344,DTway_GreatWesternHighway_b,-33.77905808,150.8145774,1441.9770800000001,Rossmore-NE-N
Rossmore-NE-N-to,1,203,20200814346,DTway_RoperRoad_b,-33.78670719,150.8061186,2722.14452,Rossmore-NE-N
Rossmore-NE-N-to,1,203,20200814350,DTway_SwallowDr_b,-33.79824605,150.8038282,4135.27543,Rossmore-NE-N
Rossmore-NE-N-to,1,203,20200814348,DTway_PeppertreeDr_b,-33.80240175,150.79715919999998,4906.4444,Rossmore-NE-N
Rossmore-NE-N-to,1,203,20200814340,DTway_StClairConnection_b,-33.80615709,150.79117549999998,5600.06371,Rossmore-NE-N
Rossmore-NE-N-to,1,203,20200814338,DTway_ErskineParkRoad_b,-33.81238575,150.7862122,6443.62734,Rossmore-NE-N
Rossmore-NE-N-to,1,203,20200814336,DTway_LenoreDrive_b,-33.81433842,150.7927536,7126.34175,Rossmore-NE-N
Rossmore-NE-N-to,1,203,20200814334,DTway_ServiceRoadConnection_b,-33.82340085,150.8044597,9459.03749,Rossmore-NE-N
Rossmore-NE-N-to,1,203,20200814352,DTway_KempsCreek_b,-33.83544046,150.8023357,10809.78728,Rossmore-NE-N
Rossmore-NE-N-to,1,203,20200814332,DTway_AldingtonRoad_b,-33.84991705,150.7974034,12689.50226,Rossmore-NE-N
Rossmore-NE-N-to,1,203,20200814330,DTway_MetroWestStation_b,-33.86712297,150.7944345,14617.87091,Rossmore-NE-N
Rossmore-NE-N-to,1,203,20200814328,DTway_ElizabethDrive_b,-33.88095915,150.79269219999998,16215.03173,Rossmore-NE-N
Rossmore-NE-N-to,1,203,20200814236,KempsCreek-NE-NS,-33.89169528,150.7906775,17420.55775,Rossmore-NE-N
Rossmore-NE-N-to,1,203,20200814232,KempsCreek-SE-NS,-33.90225552,150.788668,18606.7207,Rossmore-NE-N
Rossmore-NE-N-to,1,203,20200814121,Rossmore-NE-5a,-33.91295652,150.7872281,20274.522090000002,Rossmore-NE-N
Rossmore-NE-N-to,1,203,20200814123,Rossmore-NE-6a,-33.91473312,150.7918673,21162.07614,Rossmore-NE-N
Rossmore-NE-N-to,1,203,20200814125,Rossmore-NE-7a,-33.91880232,150.7903745,21697.79482,Rossmore-NE-N
Rossmore-NE-N-to,1,203,20200814127,Rossmore-NE-8a,-33.92226298,150.78567759999999,22520.765369999997,Rossmore-NE-N
Rossmore-NE-N-from,1,232,20200814113,Rossmore-NE-1a,-33.91909437,150.7813125,22798.281361019206,Rossmore-NE-N
Rossmore-NE-N-from,1,232,20200814115,Rossmore-NE-2a,-33.91605794,150.7793124,23329.81895101921,Rossmore-NE-N
Rossmore-NE-N-from,1,232,20200814117,Rossmore-NE-3a,-33.91204781,150.7800207,23779.47451101921,Rossmore-NE-N
Rossmore-NE-N-from,1,232,20200814119,Rossmore-NE-4a,-33.91119472,150.7842645,24300.736241019207,Rossmore-NE-N
Rossmore-NE-N-from,1,232,20200814231,KempsCreek-SE-SN,-33.90228122,150.78864480000001,26203.68116101921,Rossmore-NE-N
Rossmore-NE-N-from,1,232,20200814235,KempsCreek-NE-SN,-33.89162634,150.79064619999997,27400.08166101921,Rossmore-NE-N
Rossmore-NE-N-from,1,232,20200814327,DTway_ElizabethDrive_a,-33.88097491,150.7926725,28596.49669101921,Rossmore-NE-N
Rossmore-NE-N-from,1,232,20200814329,DTway_MetroWestStation_a,-33.86720207,150.7943115,30185.383011019207,Rossmore-NE-N
Rossmore-NE-N-from,1,232,20200814331,DTway_AldingtonRoad_a,-33.849988200000006,150.7973125,32115.04920101921,Rossmore-NE-N
Rossmore-NE-N-from,1,232,20200814351,DTway_KempsCreek_a,-33.83545772,150.8023205,34001.683581019206,Rossmore-NE-N
Rossmore-NE-N-from,1,232,20200814333,DTway_ServiceRoadConnection_a,-33.82345477,150.8043853,35346.25931101921,Rossmore-NE-N
Rossmore-NE-N-from,1,232,20200814335,DTway_LenoreDrive_a,-33.81451383,150.79276819999998,37667.23812101921,Rossmore-NE-N
Rossmore-NE-N-from,1,232,20200814337,DTway_ErskineParkRoad_a,-33.81240384,150.78615280000002,38365.59109101921,Rossmore-NE-N
Rossmore-NE-N-from,1,232,20200814339,DTway_StClairConnection_a,-33.80617987,150.79107869999999,39205.29137101921,Rossmore-NE-N
Rossmore-NE-N-from,1,232,20200814347,DTway_PeppertreeDr_a,-33.8024581,150.7969641,39889.11780101921,Rossmore-NE-N
Rossmore-NE-N-from,1,232,20200814349,DTway_SwallowDr_a,-33.79810206,150.8036842,40677.60491101921,Rossmore-NE-N
Rossmore-NE-N-from,1,232,20200814345,DTway_RoperRoad_a,-33.78667813,150.8060508,42084.97380101921,Rossmore-NE-N
Rossmore-NE-N-from,1,232,20200814343,DTway_GreatWesternHighway_a,-33.77898316,150.8144011,43387.80947101921,Rossmore-NE-N
Rossmore-NE-N-from,1,232,20200814342,DTway_MtDruittStation_b,-33.76979081,150.8198481,44832.026061019205,Rossmore-NE-N
Rossmore-NE-S-to,1,28,20200814356,RossmoreStation_b,-33.95042741,150.7811331,35.59746,Rossmore-NE-S
Rossmore-NE-S-to,1,28,20200814203,Rossmore-SE-SN,-33.92939812,150.7851889,2912.45771,Rossmore-NE-S
Rossmore-NE-S-to,1,28,20200814113,Rossmore-NE-1a,-33.91909437,150.7813125,4518.5969,Rossmore-NE-S
Rossmore-NE-S-to,1,28,20200814115,Rossmore-NE-2a,-33.91605794,150.7793124,5050.1345,Rossmore-NE-S
Rossmore-NE-S-to,1,28,20200814117,Rossmore-NE-3a,-33.91204781,150.7800207,5499.79005,Rossmore-NE-S
Rossmore-NE-S-to,1,28,20200814119,Rossmore-NE-4a,-33.91119472,150.7842645,6021.0517899999995,Rossmore-NE-S
Rossmore-NE-S-from,1,28,20200814121,Rossmore-NE-5a,-33.91295652,150.7872281,6670.164064406438,Rossmore-NE-S
Rossmore-NE-S-from,1,28,20200814123,Rossmore-NE-6a,-33.91473312,150.7918673,7557.718114406438,Rossmore-NE-S
Rossmore-NE-S-from,1,28,20200814125,Rossmore-NE-7a,-33.91880232,150.7903745,8093.436794406438,Rossmore-NE-S
Rossmore-NE-S-from,1,28,20200814127,Rossmore-NE-8a,-33.92226298,150.78567759999999,8916.407344406438,Rossmore-NE-S
Rossmore-NE-S-from,1,28,20200814204,Rossmore-SE-NS,-33.92933263,150.78526630000002,9773.033034406439,Rossmore-NE-S
Rossmore-NE-S-from,1,28,20200814355,RossmoreStation_a,-33.95048465,150.78107580000002,12647.413824406438,Rossmore-NE-S
Rossmore-NE-W-to,1,25,20200814257,AerotropolisStation_a,-33.92049719,150.73677450000002,22.03211,Rossmore-NE-W
Rossmore-NE-W-to,1,25,20200814256,15thAv_Bringelly_b,-33.91018533,150.7459844,1939.6769199999999,Rossmore-NE-W
Rossmore-NE-W-to,1,25,20200814193,Rossmore-NW-WE,-33.91237445,150.77140769999997,4390.0425399999995,Rossmore-NE-W
Rossmore-NE-W-to,1,25,20200814117,Rossmore-NE-3a,-33.91204781,150.7800207,5327.00482,Rossmore-NE-W
Rossmore-NE-W-to,1,25,20200814119,Rossmore-NE-4a,-33.91119472,150.7842645,5848.26656,Rossmore-NE-W
Rossmore-NE-W-to,1,25,20200814121,Rossmore-NE-5a,-33.91295652,150.7872281,6671.00596,Rossmore-NE-W
Rossmore-NE-W-to,1,25,20200814123,Rossmore-NE-6a,-33.91473312,150.7918673,7558.560009999999,Rossmore-NE-W
Rossmore-NE-W-from,1,24,20200814125,Rossmore-NE-7a,-33.91880232,150.7903745,8734.814856198149,Rossmore-NE-W
Rossmore-NE-W-from,1,24,20200814127,Rossmore-NE-8a,-33.92226298,150.78567759999999,9557.785406198149,Rossmore-NE-W
Rossmore-NE-W-from,1,24,20200814113,Rossmore-NE-1a,-33.91909437,150.7813125,10610.547496198149,Rossmore-NE-W
Rossmore-NE-W-from,1,24,20200814115,Rossmore-NE-2a,-33.91605794,150.7793124,11142.085096198149,Rossmore-NE-W
Rossmore-NE-W-from,1,24,20200814194,Rossmore-NW-EW,-33.91240923,150.77134980000002,12228.881556198148,Rossmore-NE-W
Rossmore-NE-W-from,1,24,20200814255,15thAv_Bringelly_a,-33.91019163,150.745996,14675.008526198148,Rossmore-NE-W
Rossmore-NE-W-from,1,24,20200814258,AerotropolisStation_b,-33.92042120000001,150.73688090000002,16582.21787619815,Rossmore-NE-W
Rossmore-NW-E-to,1,280,20200814241,15thAv_LiverpoolStation_a,-33.92295892,150.9266524,20.87141,Rossmore-NW-E
Rossmore-NW-E-to,1,280,20200814244,15thAv-BrickmakersTway_b,-33.9280105,150.9102682,1927.66554,Rossmore-NW-E
Rossmore-NW-E-to,1,280,20200814246,15thAv_MaxwellsTway_b,-33.92658085,150.8983681,3042.12046,Rossmore-NW-E
Rossmore-NW-E-to,1,280,20200814248,15thAv_AshTway_b,-33.92784671,150.8820715,4562.52313,Rossmore-NW-E
Rossmore-NW-E-to,1,280,20200814250,15thAv_MillerTway_b,-33.92730335,150.8713841,5559.34222,Rossmore-NW-E
Rossmore-NW-E-to,1,280,20200814251,15thAv_HoxtonPark_a,-33.92667545,150.8581175,6808.21949,Rossmore-NW-E
Rossmore-NW-E-to,1,280,20200814253,15thAv_MiddletonGrange_a,-33.92224766,150.8396293,8696.11355,Rossmore-NW-E
Rossmore-NW-E-to,1,280,20200814217,Austral-NE-EW,-33.91878525,150.81478380000001,11025.70913,Rossmore-NW-E
Rossmore-NW-E-to,1,280,20200814222,Austral-NW-EW,-33.91796598,150.80892619999997,11575.02606,Rossmore-NW-E
Rossmore-NW-E-to,1,280,20200814205,Rossmore-NE-EW,-33.91408072,150.7853648,13903.441669999998,Rossmore-NW-E
Rossmore-NW-E-to,1,280,20200814109,Rossmore-NW-7a,-33.91568874,150.7761315,15022.6933,Rossmore-NW-E
Rossmore-NW-E-to,1,280,20200814111,Rossmore-NW-8a,-33.91674954,150.7734764,15399.31225,Rossmore-NW-E
Rossmore-NW-E-to,1,280,2020081497,Rossmore-NW-1a,-33.91598876,150.7670864,15996.2906,Rossmore-NW-E
Rossmore-NW-E-to,1,280,2020081499,Rossmore-NW-2a,-33.91297343,150.76510969999998,16526.62695,Rossmore-NW-E
Rossmore-NW-E-from,1,281,20200814101,Rossmore-NW-3a,-33.91058496,150.7679815,19752.97115704461,Rossmore-NW-E
Rossmore-NW-E-from,1,281,20200814103,Rossmore-NW-4a,-33.90818997,150.7709356,20280.38561704461,Rossmore-NW-E
Rossmore-NW-E-from,1,281,20200814105,Rossmore-NW-5a,-33.9087026,150.77490319999998,20651.73117704461,Rossmore-NW-E
Rossmore-NW-E-from,1,281,20200814107,Rossmore-NW-6a,-33.91165948,150.7768504,21171.817527044608,Rossmore-NW-E
Rossmore-NW-E-from,1,281,20200814206,Rossmore-NE-WE,-33.91407917,150.78536680000002,22145.131467044608,Rossmore-NW-E
Rossmore-NW-E-from,1,281,20200814221,Austral-NW-WE,-33.91795364,150.8089158,24470.440087044608,Rossmore-NW-E
Rossmore-NW-E-from,1,281,20200814218,Austral-NE-WE,-33.91876096,150.8147676,25018.97938704461,Rossmore-NW-E
Rossmore-NW-E-from,1,281,20200814254,15thAv_MiddletonGrange_b,-33.92220673,150.8396429,27351.00760704461,Rossmore-NW-E
Rossmore-NW-E-from,1,281,20200814252,15thAv_HoxtonPark_b,-33.92637451,150.8607375,29472.658287044607,Rossmore-NW-E
Rossmore-NW-E-from,1,281,20200814249,15thAv_MillerTway_a,-33.926964700000006,150.87097450000002,30436.28697704461,Rossmore-NW-E
Rossmore-NW-E-from,1,281,20200814247,15thAv_AshTway_a,-33.92753548,150.88323359999998,31581.96914704461,Rossmore-NW-E
Rossmore-NW-E-from,1,281,20200814245,15thAv_MaxwellsTway_a,-33.92633517,150.8992313,33073.22482704461,Rossmore-NW-E
Rossmore-NW-E-from,1,281,20200814243,15thAv_BrickmakersTway_a,-33.92784302,150.91032019999997,34112.49960704461,Rossmore-NW-E
Rossmore-NW-E-from,1,281,20200814242,15thAv_LiverpoolStation_b,-33.923103000000005,150.9268322,35963.66222704461,Rossmore-NW-E
Rossmore-NW-N-to,1,144,20200814320,CTway_StMarysStation_b,-33.76281198,150.77631259999998,16.10341,Rossmore-NW-N
Rossmore-NW-N-to,1,144,20200814322,CTway_StMarysLibrary_b,-33.7688064,150.7737289,861.8715599999999,Rossmore-NW-N
Rossmore-NW-N-to,1,144,20200814324,CTway_WilsonOval_b,-33.77759325,150.77221310000002,1846.7594399999998,Rossmore-NW-N
Rossmore-NW-N-to,1,144,20200814318,CTway_BanksDrive_b,-33.78818257,150.7704191,3034.0071,Rossmore-NW-N
Rossmore-NW-N-to,1,144,20200814316,CTway_LuddenhamRoad_b,-33.80336132,150.76933449999999,4755.11471,Rossmore-NW-N
Rossmore-NW-N-to,1,144,20200814314,CTWay_ErskineParkRoad_b,-33.81796432,150.7760715,6536.50833,Rossmore-NW-N
Rossmore-NW-N-to,1,144,20200814312,CTway_TrainingAcademy_b,-33.82715651,150.778926,7611.226879999999,Rossmore-NW-N
Rossmore-NW-N-to,1,144,20200814308,CTWay_MamreRoad_b,-33.8423063,150.78121090000002,9334.168520000001,Rossmore-NW-N
Rossmore-NW-N-to,1,144,20200814310,CTway_M12_b,-33.86101571,150.7774726,11557.21495,Rossmore-NW-N
Rossmore-NW-N-to,1,144,20200814306,CTway_MetroWestStation_b,-33.86925411,150.7752608,12520.53391,Rossmore-NW-N
Rossmore-NW-N-to,1,144,20200814326,CTway_ElizabethDrive_b,-33.87772959,150.7816084,14123.275269999998,Rossmore-NW-N
Rossmore-NW-N-to,1,144,20200814240,KempsCreek-NW-NS,-33.88966333,150.7793922,15463.744830000001,Rossmore-NW-N
Rossmore-NW-N-to,1,144,20200814228,KempsCreek-SW-NS,-33.90088571,150.7771612,16725.7187,Rossmore-NW-N
Rossmore-NW-N-to,1,144,20200814105,Rossmore-NW-5a,-33.9087026,150.77490319999998,18143.01598,Rossmore-NW-N
Rossmore-NW-N-from,1,148,2020081497,Rossmore-NW-1a,-33.91598876,150.7670864,18636.476585758483,Rossmore-NW-N
Rossmore-NW-N-to,1,144,20200814107,Rossmore-NW-6a,-33.91165948,150.7768504,18663.10233,Rossmore-NW-N
Rossmore-NW-N-to,1,144,20200814109,Rossmore-NW-7a,-33.91568874,150.7761315,19114.99941,Rossmore-NW-N
Rossmore-NW-N-from,1,148,2020081499,Rossmore-NW-2a,-33.91297343,150.76510969999998,19166.812925758484,Rossmore-NW-N
Rossmore-NW-N-to,1,144,20200814111,Rossmore-NW-8a,-33.91674954,150.7734764,19491.61836,Rossmore-NW-N
Rossmore-NW-N-from,1,148,20200814101,Rossmore-NW-3a,-33.91058496,150.7679815,19692.135835758483,Rossmore-NW-N
Rossmore-NW-N-from,1,148,20200814103,Rossmore-NW-4a,-33.90818997,150.7709356,20219.550295758483,Rossmore-NW-N
Rossmore-NW-N-from,1,148,20200814227,KempsCreek-SW-SN,-33.9008908,150.777151,21553.44738575848,Rossmore-NW-N
Rossmore-NW-N-from,1,148,20200814239,KempsCreek-NW-SN,-33.88965814,150.7793809,22816.525625758484,Rossmore-NW-N
Rossmore-NW-N-from,1,148,20200814325,CTway_ElizabethDrive_a,-33.87773846,150.781578,24154.603385758484,Rossmore-NW-N
Rossmore-NW-N-from,1,148,20200814305,CTway_MetroWestStation_a,-33.86933661,150.77509780000003,25748.089725758484,Rossmore-NW-N
Rossmore-NW-N-from,1,148,20200814309,CTway_M12_a,-33.86111499,150.77733369999999,26709.88591575848,Rossmore-NW-N
Rossmore-NW-N-from,1,148,20200814307,CTway_MamreRoad_a,-33.84246193,150.78103969999998,28928.41039575848,Rossmore-NW-N
Rossmore-NW-N-from,1,148,20200814311,CTway_TrainingAcademy_a,-33.82728766,150.77897040000002,30653.741125758483,Rossmore-NW-N
Rossmore-NW-N-from,1,148,20200814313,CTway_ErskineParkRoad_a,-33.81728013,150.7758564,31822.48024575848,Rossmore-NW-N
Rossmore-NW-N-from,1,148,20200814315,CTway_LuddenhamRoad_a,-33.803628700000004,150.76943400000002,33497.194775758486,Rossmore-NW-N
Rossmore-NW-N-from,1,148,20200814317,CTway_BanksDrive_a,-33.78832729,150.7703189,35231.41471575848,Rossmore-NW-N
Rossmore-NW-N-from,1,148,20200814323,CTway_WilsonOval_a,-33.77764061,150.7721842,36431.26540575849,Rossmore-NW-N
Rossmore-NW-N-from,1,148,20200814321,CTway_StMarysLibrary_a,-33.76887121,150.7736533,37413.62488575849,Rossmore-NW-N
Rossmore-NW-N-from,1,148,20200814319,CTway_StMarysStation_a,-33.7625796,150.77630209999998,38270.17890575848,Rossmore-NW-N
Rossmore-NW-S-to,1,17,20200814354,SouthCreekStation_b,-33.94749102,150.7570353,34.0307,Rossmore-NW-S
Rossmore-NW-S-to,1,17,20200814199,Rossmore-SW-SN,-33.92605531,150.7693821,3348.4884899999997,Rossmore-NW-S
Rossmore-NW-S-to,1,17,2020081497,Rossmore-NW-1a,-33.91598876,150.7670864,4797.71045,Rossmore-NW-S
Rossmore-NW-S-to,1,17,2020081499,Rossmore-NW-2a,-33.91297343,150.76510969999998,5328.046789999999,Rossmore-NW-S
Rossmore-NW-S-to,1,17,20200814101,Rossmore-NW-3a,-33.91058496,150.7679815,5853.3697,Rossmore-NW-S
Rossmore-NW-S-to,1,17,20200814103,Rossmore-NW-4a,-33.90818997,150.7709356,6380.78416,Rossmore-NW-S
Rossmore-NW-S-from,1,13,20200814105,Rossmore-NW-5a,-33.9087026,150.77490319999998,6622.263358018095,Rossmore-NW-S
Rossmore-NW-S-from,1,13,20200814107,Rossmore-NW-6a,-33.91165948,150.7768504,7142.349708018094,Rossmore-NW-S
Rossmore-NW-S-from,1,13,20200814109,Rossmore-NW-7a,-33.91568874,150.7761315,7594.246788018095,Rossmore-NW-S
Rossmore-NW-S-from,1,13,20200814111,Rossmore-NW-8a,-33.91674954,150.7734764,7970.865738018094,Rossmore-NW-S
Rossmore-NW-S-from,1,13,20200814200,Rossmore-SW-NS,-33.9260098,150.76943590000002,9266.163348018094,Rossmore-NW-S
Rossmore-NW-S-from,1,13,20200814353,SouthCreekStation_a,-33.94758831,150.7569468,12592.873478018095,Rossmore-NW-S
Rossmore-NW-W-to,1,15,20200814257,AerotropolisStation_a,-33.92049719,150.73677450000002,22.03211,Rossmore-NW-W
Rossmore-NW-W-to,1,15,20200814256,15thAv_Bringelly_b,-33.91018533,150.7459844,1939.6769199999999,Rossmore-NW-W
Rossmore-NW-W-to,1,15,20200814101,Rossmore-NW-3a,-33.91058496,150.7679815,4202.851229999999,Rossmore-NW-W
Rossmore-NW-W-to,1,15,20200814103,Rossmore-NW-4a,-33.90818997,150.7709356,4730.26569,Rossmore-NW-W
Rossmore-NW-W-to,1,15,20200814105,Rossmore-NW-5a,-33.9087026,150.77490319999998,5101.611260000001,Rossmore-NW-W
Rossmore-NW-W-to,1,15,20200814107,Rossmore-NW-6a,-33.91165948,150.7768504,5621.69761,Rossmore-NW-W
Rossmore-NW-W-from,1,13,20200814109,Rossmore-NW-7a,-33.91568874,150.7761315,6490.483484935687,Rossmore-NW-W
Rossmore-NW-W-from,1,13,20200814111,Rossmore-NW-8a,-33.91674954,150.7734764,6867.102434935687,Rossmore-NW-W
Rossmore-NW-W-from,1,13,2020081497,Rossmore-NW-1a,-33.91598876,150.7670864,7464.080784935686,Rossmore-NW-W
Rossmore-NW-W-from,1,13,2020081499,Rossmore-NW-2a,-33.91297343,150.76510969999998,7994.417134935687,Rossmore-NW-W
Rossmore-NW-W-from,1,13,20200814255,15thAv_Bringelly_a,-33.91019163,150.745996,10026.917074935687,Rossmore-NW-W
Rossmore-NW-W-from,1,13,20200814258,AerotropolisStation_b,-33.92042120000001,150.73688090000002,11934.126424935686,Rossmore-NW-W
Rossmore-SE-E-to,1,418,20200814270,10thAv_CasulaStation_b,-33.95004272,150.9114066,15.5948,Rossmore-SE-E
Rossmore-SE-E-to,1,418,20200814271,10thAv_CasulaMall_a,-33.94694684,150.9003094,1698.1450399999999,Rossmore-SE-E
Rossmore-SE-E-to,1,418,20200814267,10thAv_Lurnea_a,-33.94553124,150.89126869999998,2559.69272,Rossmore-SE-E
Rossmore-SE-E-to,1,418,20200814273,10thAv_NexusIndustryPark_a,-33.94422559,150.88173419999998,3475.88879,Rossmore-SE-E
Rossmore-SE-E-to,1,418,20200814265,10thAv_Prestons_a,-33.9421996,150.8670715,4864.25895,Rossmore-SE-E
Rossmore-SE-E-to,1,418,20200814275,10thAv_PrestonsIndustrial_a,-33.94101184,150.85817350000002,5697.42015,Rossmore-SE-E
Rossmore-SE-E-to,1,418,20200814263,10thAv_CarnesHill_a,-33.93603132,150.8450449,7115.35995,Rossmore-SE-E
Rossmore-SE-E-to,1,418,20200814261,10thAv_WestHoxton_a,-33.93424806,150.83534440000003,8304.720640000001,Rossmore-SE-E
Rossmore-SE-E-to,1,418,20200814213,Austral-SE-EW,-33.93307771,150.811872,10851.95256,Rossmore-SE-E
Rossmore-SE-E-to,1,418,20200814209,Austral-SW-EW,-33.93121391,150.7986665,12090.5029,Rossmore-SE-E
Rossmore-SE-E-to,1,418,2020081477,Rossmore-SE-7a,-33.93058718,150.7858657,13432.420719999998,Rossmore-SE-E
Rossmore-SE-E-to,1,418,2020081479,Rossmore-SE-8a,-33.93436131,150.78347050000002,14032.646219999999,Rossmore-SE-E
Rossmore-SE-E-to,1,418,2020081465,Rossmore-SE-1a,-33.93493961,150.7769156,14773.302959999999,Rossmore-SE-E
Rossmore-SE-E-to,1,418,2020081467,Rossmore-SE-2a,-33.93071252,150.77674960000002,15311.48187,Rossmore-SE-E
Rossmore-SE-E-from,1,393,2020081469,Rossmore-SE-3a,-33.92552058,150.7776801,17998.351473064333,Rossmore-SE-E
Rossmore-SE-E-from,1,393,2020081471,Rossmore-SE-4a,-33.92458517,150.7819313,18529.06928306433,Rossmore-SE-E
Rossmore-SE-E-from,1,393,2020081473,Rossmore-SE-5a,-33.92392387,150.7877894,19205.656053064333,Rossmore-SE-E
Rossmore-SE-E-from,1,393,2020081475,Rossmore-SE-6a,-33.92646294,150.7859608,19785.72569306433,Rossmore-SE-E
Rossmore-SE-E-from,1,393,20200814210,Austral-SW-WE,-33.93120032,150.79867119999997,21368.665013064332,Rossmore-SE-E
Rossmore-SE-E-from,1,393,20200814214,Austral-SE-WE,-33.93304835,150.8118293,22602.657653064332,Rossmore-SE-E
Rossmore-SE-E-from,1,393,20200814262,10thAv_WestHoxton_b,-33.93422593,150.8353623,25156.594953064334,Rossmore-SE-E
Rossmore-SE-E-from,1,393,20200814264,10thAv_CarnesHill_b,-33.93596396,150.84553530000002,26331.240273064333,Rossmore-SE-E
Rossmore-SE-E-from,1,393,20200814276,10thAv_PrestonsIndustrial_b,-33.94098811,150.8582142,27711.52736306433,Rossmore-SE-E
Rossmore-SE-E-from,1,393,20200814266,10thAv_Prestons_b,-33.94224109,150.8676134,28591.544273064334,Rossmore-SE-E
Rossmore-SE-E-from,1,393,20200814274,10thAv_NexusIndustryPark_b,-33.94418223,150.8818029,29927.83155306433,Rossmore-SE-E
Rossmore-SE-E-from,1,393,20200814268,10thAv_Lurnea_b,-33.94551763,150.891427,30854.74871306433,Rossmore-SE-E
Rossmore-SE-E-from,1,393,20200814272,10thAv_CasulaMall_b,-33.94691283,150.9003706,31704.200663064334,Rossmore-SE-E
Rossmore-SE-E-from,1,393,20200814269,10thAv_CasulaStation_a,-33.9500156,150.91139219999997,33354.41533306433,Rossmore-SE-E
Rossmore-SE-N-to,1,213,20200814341,DTway_MtDruittStation_a,-33.76980501,150.81982580000002,24.50348,Rossmore-SE-N
Rossmore-SE-N-to,1,213,20200814344,DTway_GreatWesternHighway_b,-33.77905808,150.8145774,1441.9770800000001,Rossmore-SE-N
Rossmore-SE-N-to,1,213,20200814346,DTway_RoperRoad_b,-33.78670719,150.8061186,2722.14452,Rossmore-SE-N
Rossmore-SE-N-to,1,213,20200814350,DTway_SwallowDr_b,-33.79824605,150.8038282,4135.27543,Rossmore-SE-N
Rossmore-SE-N-to,1,213,20200814348,DTway_PeppertreeDr_b,-33.80240175,150.79715919999998,4906.4444,Rossmore-SE-N
Rossmore-SE-N-to,1,213,20200814340,DTway_StClairConnection_b,-33.80615709,150.79117549999998,5600.06371,Rossmore-SE-N
Rossmore-SE-N-to,1,213,20200814338,DTway_ErskineParkRoad_b,-33.81238575,150.7862122,6443.62734,Rossmore-SE-N
Rossmore-SE-N-to,1,213,20200814336,DTway_LenoreDrive_b,-33.81433842,150.7927536,7126.34175,Rossmore-SE-N
Rossmore-SE-N-to,1,213,20200814334,DTway_ServiceRoadConnection_b,-33.82340085,150.8044597,9459.03749,Rossmore-SE-N
Rossmore-SE-N-to,1,213,20200814352,DTway_KempsCreek_b,-33.83544046,150.8023357,10809.78728,Rossmore-SE-N
Rossmore-SE-N-to,1,213,20200814332,DTway_AldingtonRoad_b,-33.84991705,150.7974034,12689.50226,Rossmore-SE-N
Rossmore-SE-N-to,1,213,20200814330,DTway_MetroWestStation_b,-33.86712297,150.7944345,14617.87091,Rossmore-SE-N
Rossmore-SE-N-to,1,213,20200814328,DTway_ElizabethDrive_b,-33.88095915,150.79269219999998,16215.03173,Rossmore-SE-N
Rossmore-SE-N-to,1,213,20200814236,KempsCreek-NE-NS,-33.89169528,150.7906775,17420.55775,Rossmore-SE-N
Rossmore-SE-N-to,1,213,20200814232,KempsCreek-SE-NS,-33.90225552,150.788668,18606.7207,Rossmore-SE-N
Rossmore-SE-N-to,1,213,20200814208,Rossmore-NE-NS,-33.91468548,150.7861241,20006.50763,Rossmore-SE-N
Rossmore-SE-N-to,1,213,2020081473,Rossmore-SE-5a,-33.92392387,150.7877894,21307.84175,Rossmore-SE-N
Rossmore-SE-N-to,1,213,2020081475,Rossmore-SE-6a,-33.92646294,150.7859608,21887.91139,Rossmore-SE-N
Rossmore-SE-N-from,1,252,2020081479,Rossmore-SE-8a,-33.93436131,150.78347050000002,22326.448452731933,Rossmore-SE-N
Rossmore-SE-N-to,1,213,2020081477,Rossmore-SE-7a,-33.93058718,150.7858657,22590.06099,Rossmore-SE-N
Rossmore-SE-N-from,1,252,2020081465,Rossmore-SE-1a,-33.93493961,150.7769156,23067.105202731935,Rossmore-SE-N
Rossmore-SE-N-from,1,252,2020081467,Rossmore-SE-2a,-33.93071252,150.77674960000002,23605.284102731934,Rossmore-SE-N
Rossmore-SE-N-from,1,252,2020081469,Rossmore-SE-3a,-33.92552058,150.7776801,24187.635422731935,Rossmore-SE-N
Rossmore-SE-N-from,1,252,2020081471,Rossmore-SE-4a,-33.92458517,150.7819313,24718.353232731934,Rossmore-SE-N
Rossmore-SE-N-from,1,252,20200814207,Rossmore-NE-SN,-33.91467863,150.78611819999998,26092.179612731932,Rossmore-SE-N
Rossmore-SE-N-from,1,252,20200814231,KempsCreek-SE-SN,-33.90228122,150.78864480000001,27488.090432731937,Rossmore-SE-N
Rossmore-SE-N-from,1,252,20200814235,KempsCreek-NE-SN,-33.89162634,150.79064619999997,28684.490932731933,Rossmore-SE-N
Rossmore-SE-N-from,1,252,20200814327,DTway_ElizabethDrive_a,-33.88097491,150.7926725,29880.905962731933,Rossmore-SE-N
Rossmore-SE-N-from,1,252,20200814329,DTway_MetroWestStation_a,-33.86720207,150.7943115,31469.792282731934,Rossmore-SE-N
Rossmore-SE-N-from,1,252,20200814331,DTway_AldingtonRoad_a,-33.849988200000006,150.7973125,33399.45847273193,Rossmore-SE-N
Rossmore-SE-N-from,1,252,20200814351,DTway_KempsCreek_a,-33.83545772,150.8023205,35286.092852731934,Rossmore-SE-N
Rossmore-SE-N-from,1,252,20200814333,DTway_ServiceRoadConnection_a,-33.82345477,150.8043853,36630.66858273193,Rossmore-SE-N
Rossmore-SE-N-from,1,252,20200814335,DTway_LenoreDrive_a,-33.81451383,150.79276819999998,38951.64739273193,Rossmore-SE-N
Rossmore-SE-N-from,1,252,20200814337,DTway_ErskineParkRoad_a,-33.81240384,150.78615280000002,39650.00036273194,Rossmore-SE-N
Rossmore-SE-N-from,1,252,20200814339,DTway_StClairConnection_a,-33.80617987,150.79107869999999,40489.700642731936,Rossmore-SE-N
Rossmore-SE-N-from,1,252,20200814347,DTway_PeppertreeDr_a,-33.8024581,150.7969641,41173.52707273194,Rossmore-SE-N
Rossmore-SE-N-from,1,252,20200814349,DTway_SwallowDr_a,-33.79810206,150.8036842,41962.014192731935,Rossmore-SE-N
Rossmore-SE-N-from,1,252,20200814345,DTway_RoperRoad_a,-33.78667813,150.8060508,43369.38307273194,Rossmore-SE-N
Rossmore-SE-N-from,1,252,20200814343,DTway_GreatWesternHighway_a,-33.77898316,150.8144011,44672.21874273193,Rossmore-SE-N
Rossmore-SE-N-from,1,252,20200814342,DTway_MtDruittStation_b,-33.76979081,150.8198481,46116.43533273193,Rossmore-SE-N
Rossmore-SE-S-to,1,22,20200814356,RossmoreStation_b,-33.95042741,150.7811331,35.59746,Rossmore-SE-S
Rossmore-SE-S-to,1,22,2020081479,Rossmore-SE-8a,-33.93436131,150.78347050000002,2427.48103,Rossmore-SE-S
Rossmore-SE-S-to,1,22,2020081465,Rossmore-SE-1a,-33.93493961,150.7769156,3168.13777,Rossmore-SE-S
Rossmore-SE-S-to,1,22,2020081467,Rossmore-SE-2a,-33.93071252,150.77674960000002,3706.31668,Rossmore-SE-S
Rossmore-SE-S-to,1,22,2020081469,Rossmore-SE-3a,-33.92552058,150.7776801,4288.668,Rossmore-SE-S
Rossmore-SE-S-to,1,22,2020081471,Rossmore-SE-4a,-33.92458517,150.7819313,4819.3858,Rossmore-SE-S
Rossmore-SE-S-from,1,22,2020081473,Rossmore-SE-5a,-33.92392387,150.7877894,5483.919427088264,Rossmore-SE-S
Rossmore-SE-S-from,1,22,2020081475,Rossmore-SE-6a,-33.92646294,150.7859608,6063.989077088264,Rossmore-SE-S
Rossmore-SE-S-from,1,22,2020081477,Rossmore-SE-7a,-33.93058718,150.7858657,6766.138677088264,Rossmore-SE-S
Rossmore-SE-S-from,1,22,20200814355,RossmoreStation_a,-33.95048465,150.78107580000002,9585.724457088265,Rossmore-SE-S
Rossmore-SE-W-to,1,23,20200814260,10thAv_AerotropolisSouth_b,-33.93448283,150.74096519999998,47.945029999999996,Rossmore-SE-W
Rossmore-SE-W-to,1,23,20200814198,Rossmore-SW-WE,-33.92576573,150.7691628,3804.08915,Rossmore-SE-W
Rossmore-SE-W-to,1,23,2020081469,Rossmore-SE-3a,-33.92552058,150.7776801,4723.18534,Rossmore-SE-W
Rossmore-SE-W-to,1,23,2020081471,Rossmore-SE-4a,-33.92458517,150.7819313,5253.90315,Rossmore-SE-W
Rossmore-SE-W-to,1,23,2020081473,Rossmore-SE-5a,-33.92392387,150.7877894,5930.48992,Rossmore-SE-W
Rossmore-SE-W-to,1,23,2020081475,Rossmore-SE-6a,-33.92646294,150.7859608,6510.559560000001,Rossmore-SE-W
Rossmore-SE-W-from,1,19,2020081477,Rossmore-SE-7a,-33.93058718,150.7858657,7829.989034661053,Rossmore-SE-W
Rossmore-SE-W-from,1,19,2020081479,Rossmore-SE-8a,-33.93436131,150.78347050000002,8430.214534661052,Rossmore-SE-W
Rossmore-SE-W-from,1,19,2020081465,Rossmore-SE-1a,-33.93493961,150.7769156,9170.871284661052,Rossmore-SE-W
Rossmore-SE-W-from,1,19,2020081467,Rossmore-SE-2a,-33.93071252,150.77674960000002,9709.050194661053,Rossmore-SE-W
Rossmore-SE-W-from,1,19,20200814197,Rossmore-SW-EW,-33.92580296,150.7690967,10931.759734661053,Rossmore-SE-W
Rossmore-SE-W-from,1,19,20200814259,10thAv_AerotropolisSouth_a,-33.93459147,150.7408746,14688.734354661054,Rossmore-SE-W
Rossmore-SW-E-to,1,421,20200814270,10thAv_CasulaStation_b,-33.95004272,150.9114066,15.5948,Rossmore-SW-E
Rossmore-SW-E-to,1,421,20200814271,10thAv_CasulaMall_a,-33.94694684,150.9003094,1698.1450399999999,Rossmore-SW-E
Rossmore-SW-E-to,1,421,20200814267,10thAv_Lurnea_a,-33.94553124,150.89126869999998,2559.69272,Rossmore-SW-E
Rossmore-SW-E-to,1,421,20200814273,10thAv_NexusIndustryPark_a,-33.94422559,150.88173419999998,3475.88879,Rossmore-SW-E
Rossmore-SW-E-to,1,421,20200814265,10thAv_Prestons_a,-33.9421996,150.8670715,4864.25895,Rossmore-SW-E
Rossmore-SW-E-to,1,421,20200814275,10thAv_PrestonsIndustrial_a,-33.94101184,150.85817350000002,5697.42015,Rossmore-SW-E
Rossmore-SW-E-to,1,421,20200814263,10thAv_CarnesHill_a,-33.93603132,150.8450449,7115.35995,Rossmore-SW-E
Rossmore-SW-E-to,1,421,20200814261,10thAv_WestHoxton_a,-33.93424806,150.83534440000003,8304.720640000001,Rossmore-SW-E
Rossmore-SW-E-to,1,421,20200814213,Austral-SE-EW,-33.93307771,150.811872,10851.95259,Rossmore-SW-E
Rossmore-SW-E-to,1,421,20200814209,Austral-SW-EW,-33.93121391,150.7986665,12090.50293,Rossmore-SW-E
Rossmore-SW-E-to,1,421,20200814201,Rossmore-SE-EW,-33.92908856,150.7849627,13379.99395,Rossmore-SW-E
Rossmore-SW-E-to,1,421,2020081493,Rossmore-SW-7a,-33.92915312,150.7746239,14775.273959999999,Rossmore-SW-E
Rossmore-SW-E-to,1,421,2020081495,Rossmore-SW-8a,-33.9301329,150.7711654,15227.29678,Rossmore-SW-E
Rossmore-SW-E-to,1,421,2020081481,Rossmore-SW-1a,-33.92955002,150.7663028,15681.5822,Rossmore-SW-E
Rossmore-SW-E-to,1,421,2020081483,Rossmore-SW-2a,-33.92658464,150.7643904,16202.098909999999,Rossmore-SW-E
Rossmore-SW-E-from,1,391,2020081485,Rossmore-SW-3a,-33.92257124,150.7650839,19062.13554630579,Rossmore-SW-E
Rossmore-SW-E-from,1,391,2020081487,Rossmore-SW-4a,-33.9215102,150.76774740000002,19439.01590630579,Rossmore-SW-E
Rossmore-SW-E-from,1,391,2020081489,Rossmore-SW-5a,-33.92208857,150.7725737,19889.95017630579,Rossmore-SW-E
Rossmore-SW-E-from,1,391,2020081491,Rossmore-SW-6a,-33.92511592,150.7753274,20482.92301630579,Rossmore-SW-E
Rossmore-SW-E-from,1,391,20200814202,Rossmore-SE-WE,-33.92903499,150.78489130000003,21729.10527630579,Rossmore-SW-E
Rossmore-SW-E-from,1,391,20200814210,Austral-SW-WE,-33.93120032,150.79867119999997,23025.96939630579,Rossmore-SW-E
Rossmore-SW-E-from,1,391,20200814214,Austral-SE-WE,-33.93304835,150.8118293,24259.96203630579,Rossmore-SW-E
Rossmore-SW-E-from,1,391,20200814262,10thAv_WestHoxton_b,-33.93422593,150.8353623,26813.89930630579,Rossmore-SW-E
Rossmore-SW-E-from,1,391,20200814264,10thAv_CarnesHill_b,-33.93596396,150.84553530000002,27988.54462630579,Rossmore-SW-E
Rossmore-SW-E-from,1,391,20200814276,10thAv_PrestonsIndustrial_b,-33.94098811,150.8582142,29368.831716305787,Rossmore-SW-E
Rossmore-SW-E-from,1,391,20200814266,10thAv_Prestons_b,-33.94224109,150.8676134,30248.848626305793,Rossmore-SW-E
Rossmore-SW-E-from,1,391,20200814274,10thAv_NexusIndustryPark_b,-33.94418223,150.8818029,31585.13590630579,Rossmore-SW-E
Rossmore-SW-E-from,1,391,20200814268,10thAv_Lurnea_b,-33.94551763,150.891427,32512.05305630579,Rossmore-SW-E
Rossmore-SW-E-from,1,391,20200814272,10thAv_CasulaMall_b,-33.94691283,150.9003706,33361.50501630579,Rossmore-SW-E
Rossmore-SW-E-from,1,391,20200814269,10thAv_CasulaStation_a,-33.9500156,150.91139219999997,35011.71968630579,Rossmore-SW-E
Rossmore-SW-N-to,1,144,20200814320,CTway_StMarysStation_b,-33.76281198,150.77631259999998,16.10341,Rossmore-SW-N
Rossmore-SW-N-to,1,144,20200814322,CTway_StMarysLibrary_b,-33.7688064,150.7737289,861.8715599999999,Rossmore-SW-N
Rossmore-SW-N-to,1,144,20200814324,CTway_WilsonOval_b,-33.77759325,150.77221310000002,1846.7594399999998,Rossmore-SW-N
Rossmore-SW-N-to,1,144,20200814318,CTway_BanksDrive_b,-33.78818257,150.7704191,3034.0071,Rossmore-SW-N
Rossmore-SW-N-to,1,144,20200814316,CTway_LuddenhamRoad_b,-33.80336132,150.76933449999999,4755.11471,Rossmore-SW-N
Rossmore-SW-N-to,1,144,20200814314,CTWay_ErskineParkRoad_b,-33.81796432,150.7760715,6536.50833,Rossmore-SW-N
Rossmore-SW-N-to,1,144,20200814312,CTway_TrainingAcademy_b,-33.82715651,150.778926,7611.226879999999,Rossmore-SW-N
Rossmore-SW-N-to,1,144,20200814308,CTWay_MamreRoad_b,-33.8423063,150.78121090000002,9334.168520000001,Rossmore-SW-N
Rossmore-SW-N-to,1,144,20200814310,CTway_M12_b,-33.86101571,150.7774726,11557.21495,Rossmore-SW-N
Rossmore-SW-N-to,1,144,20200814306,CTway_MetroWestStation_b,-33.86925411,150.7752608,12520.53391,Rossmore-SW-N
Rossmore-SW-N-to,1,144,20200814326,CTway_ElizabethDrive_b,-33.87772959,150.7816084,14123.275269999998,Rossmore-SW-N
Rossmore-SW-N-to,1,144,20200814240,KempsCreek-NW-NS,-33.88966333,150.7793922,15463.744830000001,Rossmore-SW-N
Rossmore-SW-N-to,1,144,20200814228,KempsCreek-SW-NS,-33.90088571,150.7771612,16725.71869,Rossmore-SW-N
Rossmore-SW-N-to,1,144,20200814196,Rossmore-NW-NS,-33.9126334,150.77175559999998,18387.57111,Rossmore-SW-N
Rossmore-SW-N-to,1,144,2020081489,Rossmore-SW-5a,-33.92208857,150.7725737,19642.675069999998,Rossmore-SW-N
Rossmore-SW-N-from,1,146,2020081481,Rossmore-SW-1a,-33.92955002,150.7663028,19996.070559455733,Rossmore-SW-N
Rossmore-SW-N-to,1,144,2020081491,Rossmore-SW-6a,-33.92511592,150.7753274,20235.6479,Rossmore-SW-N
Rossmore-SW-N-from,1,146,2020081483,Rossmore-SW-2a,-33.92658464,150.7643904,20516.587279455733,Rossmore-SW-N
Rossmore-SW-N-to,1,144,2020081493,Rossmore-SW-7a,-33.92915312,150.7746239,20688.21347,Rossmore-SW-N
Rossmore-SW-N-from,1,146,2020081485,Rossmore-SW-3a,-33.92257124,150.7650839,20966.409299455736,Rossmore-SW-N
Rossmore-SW-N-to,1,144,2020081495,Rossmore-SW-8a,-33.9301329,150.7711654,21140.23628,Rossmore-SW-N
Rossmore-SW-N-from,1,146,2020081487,Rossmore-SW-4a,-33.9215102,150.76774740000002,21343.289659455735,Rossmore-SW-N
Rossmore-SW-N-from,1,146,20200814195,Rossmore-NW-SN,-33.91266432,150.7717131,22591.998949455734,Rossmore-SW-N
Rossmore-SW-N-from,1,146,20200814227,KempsCreek-SW-SN,-33.9008908,150.777151,24257.108159455733,Rossmore-SW-N
Rossmore-SW-N-from,1,146,20200814239,KempsCreek-NW-SN,-33.88965814,150.7793809,25520.170019455734,Rossmore-SW-N
Rossmore-SW-N-from,1,146,20200814325,CTway_ElizabethDrive_a,-33.87773846,150.781578,26858.247779455734,Rossmore-SW-N
Rossmore-SW-N-from,1,146,20200814305,CTway_MetroWestStation_a,-33.86933661,150.77509780000003,28451.734119455734,Rossmore-SW-N
Rossmore-SW-N-from,1,146,20200814309,CTway_M12_a,-33.86111499,150.77733369999999,29413.530309455735,Rossmore-SW-N
Rossmore-SW-N-from,1,146,20200814307,CTway_MamreRoad_a,-33.84246193,150.78103969999998,31632.054789455735,Rossmore-SW-N
Rossmore-SW-N-from,1,146,20200814311,CTway_TrainingAcademy_a,-33.82728766,150.77897040000002,33357.38551945573,Rossmore-SW-N
Rossmore-SW-N-from,1,146,20200814313,CTway_ErskineParkRoad_a,-33.81728013,150.7758564,34526.12463945574,Rossmore-SW-N
Rossmore-SW-N-from,1,146,20200814315,CTway_LuddenhamRoad_a,-33.803628700000004,150.76943400000002,36200.839169455736,Rossmore-SW-N
Rossmore-SW-N-from,1,146,20200814317,CTway_BanksDrive_a,-33.78832729,150.7703189,37935.059099455735,Rossmore-SW-N
Rossmore-SW-N-from,1,146,20200814323,CTway_WilsonOval_a,-33.77764061,150.7721842,39134.90979945574,Rossmore-SW-N
Rossmore-SW-N-from,1,146,20200814321,CTway_StMarysLibrary_a,-33.76887121,150.7736533,40117.26927945574,Rossmore-SW-N
Rossmore-SW-N-from,1,146,20200814319,CTway_StMarysStation_a,-33.7625796,150.77630209999998,40973.82329945573,Rossmore-SW-N
Rossmore-SW-S-to,1,12,20200814354,SouthCreekStation_b,-33.94749102,150.7570353,34.0307,Rossmore-SW-S
Rossmore-SW-S-to,1,12,2020081481,Rossmore-SW-1a,-33.92955002,150.7663028,3153.64554,Rossmore-SW-S
Rossmore-SW-S-to,1,12,2020081483,Rossmore-SW-2a,-33.92658464,150.7643904,3674.16226,Rossmore-SW-S
Rossmore-SW-S-to,1,12,2020081485,Rossmore-SW-3a,-33.92257124,150.7650839,4123.98427,Rossmore-SW-S
Rossmore-SW-S-to,1,12,2020081487,Rossmore-SW-4a,-33.9215102,150.76774740000002,4500.86464,Rossmore-SW-S
Rossmore-SW-S-from,1,12,2020081489,Rossmore-SW-5a,-33.92208857,150.7725737,4939.136007838416,Rossmore-SW-S
Rossmore-SW-S-from,1,12,2020081491,Rossmore-SW-6a,-33.92511592,150.7753274,5532.108847838416,Rossmore-SW-S
Rossmore-SW-S-from,1,12,2020081493,Rossmore-SW-7a,-33.92915312,150.7746239,5984.674407838416,Rossmore-SW-S
Rossmore-SW-S-from,1,12,2020081495,Rossmore-SW-8a,-33.9301329,150.7711654,6436.697217838416,Rossmore-SW-S
Rossmore-SW-S-from,1,12,20200814353,SouthCreekStation_a,-33.94758831,150.7569468,9560.076937838416,Rossmore-SW-S
Rossmore-SW-W-to,1,16,20200814260,10thAv_AerotropolisSouth_b,-33.93448283,150.74096519999998,47.945029999999996,Rossmore-SW-W
Rossmore-SW-W-to,1,16,2020081485,Rossmore-SW-3a,-33.92257124,150.7650839,3679.95431,Rossmore-SW-W
Rossmore-SW-W-to,1,16,2020081487,Rossmore-SW-4a,-33.9215102,150.76774740000002,4056.83467,Rossmore-SW-W
Rossmore-SW-W-to,1,16,2020081489,Rossmore-SW-5a,-33.92208857,150.7725737,4507.768929999999,Rossmore-SW-W
Rossmore-SW-W-to,1,16,2020081491,Rossmore-SW-6a,-33.92511592,150.7753274,5100.7417700000005,Rossmore-SW-W
Rossmore-SW-W-from,1,16,2020081493,Rossmore-SW-7a,-33.92915312,150.7746239,5878.723644171361,Rossmore-SW-W
Rossmore-SW-W-from,1,16,2020081495,Rossmore-SW-8a,-33.9301329,150.7711654,6330.7464641713605,Rossmore-SW-W
Rossmore-SW-W-from,1,16,2020081481,Rossmore-SW-1a,-33.92955002,150.7663028,6785.031884171361,Rossmore-SW-W
Rossmore-SW-W-from,1,16,2020081483,Rossmore-SW-2a,-33.92658464,150.7643904,7305.548594171361,Rossmore-SW-W
Rossmore-SW-W-from,1,16,20200814259,10thAv_AerotropolisSouth_a,-33.93459147,150.7408746,10795.93449417136,Rossmore-SW-W
