shape_id,begin,end,stop_id,stop_name,stop_lat,stop_lon,distAlongR,parent_route
10th-ASTH-CSLA,1,428,20200814260,10thAv_AerotropolisSouth_b,-33.9344828308,150.7409651684,47.945026401199996,10th-ASTH-CSLA
10th-ASTH-CSLA,1,428,20200814198,Rossmore-SW-WE,-33.925765732100004,150.7691628403,3804.0891868237,10th-ASTH-CSLA
10th-ASTH-CSLA,1,428,20200814202,Rossmore-SE-WE,-33.9291938808,150.7832049895,5300.1730556431,10th-ASTH-CSLA
10th-ASTH-CSLA,1,428,20200814210,Austral-SW-WE,-33.9391228264,150.7971875523,7651.8091211806,10th-ASTH-CSLA
10th-ASTH-CSLA,1,428,20200814214,Austral-SE-WE,-33.9330483468,150.8118292817,10072.0857461415,10th-ASTH-CSLA
10th-ASTH-CSLA,1,428,20200814262,10thAv_WestHoxton_b,-33.9342259287,150.83536232169996,12848.154476464399,10th-ASTH-CSLA
10th-ASTH-CSLA,1,428,20200814264,10thAv_CarnesHill_b,-33.9359639627,150.8455352592,14022.805503631102,10th-ASTH-CSLA
10th-ASTH-CSLA,1,428,20200814276,10thAv_PrestonsIndustrial_b,-33.9409881116,150.8582141752,15403.0925934721,10th-ASTH-CSLA
10th-ASTH-CSLA,1,428,20200814266,10thAv_Prestons_b,-33.9422410921,150.8676134086,16283.1095039479,10th-ASTH-CSLA
10th-ASTH-CSLA,1,428,20200814274,10thAv_NexusIndustryPark_b,-33.9441822285,150.881802886,17619.3968019059,10th-ASTH-CSLA
10th-ASTH-CSLA,1,428,20200814268,10thAv_Lurnea_b,-33.9455176307,150.89142699639999,18546.3139595624,10th-ASTH-CSLA
10th-ASTH-CSLA,1,428,20200814272,10thAv_CasulaMall_b,-33.946912830500004,150.9003706425,19395.7659110379,10th-ASTH-CSLA
10th-ASTH-CSLA,1,428,20200814269,10thAv_CasulaStation_a,-33.950015598200004,150.9113921744,21045.996432782602,10th-ASTH-CSLA
10th-CSLA-ASTH,1,453,20200814270,10thAv_CasulaStation_b,-33.9500427156,150.9114065805,15.594795266199998,10th-CSLA-ASTH
10th-CSLA-ASTH,1,453,20200814271,10thAv_CasulaMall_a,-33.9469468448,150.9003094168,1698.1439542439002,10th-CSLA-ASTH
10th-CSLA-ASTH,1,453,20200814267,10thAv_Lurnea_a,-33.9455312436,150.8912687464,2559.6916389713,10th-CSLA-ASTH
10th-CSLA-ASTH,1,453,20200814273,10thAv_NexusIndustryPark_a,-33.9442255875,150.8817342343,3475.8877079403997,10th-CSLA-ASTH
10th-CSLA-ASTH,1,453,20200814265,10thAv_Prestons_a,-33.9421996047,150.8670714794,4864.2578647734,10th-CSLA-ASTH
10th-CSLA-ASTH,1,453,20200814275,10thAv_PrestonsIndustrial_a,-33.9410118447,150.8581734898,5697.419064298,10th-CSLA-ASTH
10th-CSLA-ASTH,1,453,20200814263,10thAv_CarnesHill_a,-33.9360313244,150.845044866,7115.375982459001,10th-CSLA-ASTH
10th-CSLA-ASTH,1,453,20200814261,10thAv_WestHoxton_a,-33.9342480631,150.8353444034,8304.7604245079,10th-CSLA-ASTH
10th-CSLA-ASTH,1,453,20200814213,Austral-SE-EW,-33.933077706999995,150.8118719874,10851.9844768676,10th-CSLA-ASTH
10th-CSLA-ASTH,1,453,20200814209,Austral-SW-EW,-33.9391658289,150.79723976969998,13271.164781128999,10th-CSLA-ASTH
10th-CSLA-ASTH,1,453,20200814201,Rossmore-SE-EW,-33.9292176587,150.783201185,15628.2403653714,10th-CSLA-ASTH
10th-CSLA-ASTH,1,453,20200814197,Rossmore-SW-EW,-33.9258029635,150.76909665120002,17129.8468410823,10th-CSLA-ASTH
10th-CSLA-ASTH,1,453,20200814259,10thAv_AerotropolisSouth_a,-33.9345914675,150.74087463770002,20886.8215020101,10th-CSLA-ASTH
15th-AERO-LVPL,1,318,20200814257,AerotropolisStation_a,-33.9204971934,150.7367745059,22.032122614499997,15th-AERO-LVPL
15th-AERO-LVPL,1,318,20200814256,15thAv_Bringelly_b,-33.9101853275,150.7459844104,1939.6769220171,15th-AERO-LVPL
15th-AERO-LVPL,1,318,20200814193,Rossmore-NW-WE,-33.9128551262,150.7714064944,4406.2104967303,15th-AERO-LVPL
15th-AERO-LVPL,1,318,20200814206,Rossmore-NE-WE,-33.9148118476,150.78590426600002,5764.5518160096,15th-AERO-LVPL
15th-AERO-LVPL,1,318,20200814221,Austral-NW-WE,-33.9168907038,150.8012431864,7201.873260354,15th-AERO-LVPL
15th-AERO-LVPL,1,318,20200814218,Austral-NE-WE,-33.9187749343,150.81477849290002,8471.0062728578,15th-AERO-LVPL
15th-AERO-LVPL,1,318,20200814254,15thAv_MiddletonGrange_b,-33.922206732199996,150.83964293280002,10801.779576314399,15th-AERO-LVPL
15th-AERO-LVPL,1,318,20200814252,15thAv_HoxtonPark_b,-33.926374513,150.8607374752,12923.430252633701,15th-AERO-LVPL
15th-AERO-LVPL,1,318,20200814249,15thAv_MillerTway_a,-33.9269647039,150.87097446499996,13887.058949498101,15th-AERO-LVPL
15th-AERO-LVPL,1,318,20200814247,15thAv_AshTway_a,-33.9275354765,150.8832335975,15032.7411145843,15th-AERO-LVPL
15th-AERO-LVPL,1,318,20200814245,15thAv_MaxwellsTway_a,-33.9263351743,150.8992312574,16523.9967934823,15th-AERO-LVPL
15th-AERO-LVPL,1,318,20200814243,15thAv_BrickmakersTway_a,-33.9278430218,150.91032024700002,17563.2715798752,15th-AERO-LVPL
15th-AERO-LVPL,1,318,20200814242,15thAv_LiverpoolStation_b,-33.923102999,150.92683215989996,19414.434200723,15th-AERO-LVPL
15th-LVPL-AERO,1,339,20200814241,15thAv_LiverpoolStation_a,-33.9229589158,150.926652438,20.871406078299998,15th-LVPL-AERO
15th-LVPL-AERO,1,339,20200814244,15thAv-BrickmakersTway_b,-33.9280104982,150.9102681745,1927.6655359613,15th-LVPL-AERO
15th-LVPL-AERO,1,339,20200814246,15thAv_MaxwellsTway_b,-33.9265808476,150.898368081,3042.12045841,15th-LVPL-AERO
15th-LVPL-AERO,1,339,20200814248,15thAv_AshTway_b,-33.927846709899995,150.8820714551,4562.5231306009,15th-LVPL-AERO
15th-LVPL-AERO,1,339,20200814250,15thAv_MillerTway_b,-33.9273033547,150.8713840906,5559.3422203379005,15th-LVPL-AERO
15th-LVPL-AERO,1,339,20200814251,15thAv_HoxtonPark_a,-33.9266754507,150.8581175471,6808.219492958199,15th-LVPL-AERO
15th-LVPL-AERO,1,339,20200814253,15thAv_MiddletonGrange_a,-33.9222476604,150.8396292901,8696.1135498667,15th-LVPL-AERO
15th-LVPL-AERO,1,339,20200814217,Austral-NE-EW,-33.9187794474,150.81478074950002,11026.0886865815,15th-LVPL-AERO
15th-LVPL-AERO,1,339,20200814222,Austral-NW-EW,-33.9169063557,150.80124081489996,12295.4974891335,15th-LVPL-AERO
15th-LVPL-AERO,1,339,20200814205,Rossmore-NE-EW,-33.9148143064,150.78590399520002,13732.8096892956,15th-LVPL-AERO
15th-LVPL-AERO,1,339,20200814194,Rossmore-NW-EW,-33.9128621998,150.7714053563,15091.14843829,15th-LVPL-AERO
15th-LVPL-AERO,1,339,20200814255,15thAv_Bringelly_a,-33.9101916325,150.7459960408,17558.2181804158,15th-LVPL-AERO
15th-LVPL-AERO,1,339,20200814258,AerotropolisStation_b,-33.9204212028,150.7368808928,19465.427540237,15th-LVPL-AERO
20th-AERO-LVPL,1,322,20200814257,AerotropolisStation_a,-33.9204971934,150.7367745059,22.0321136281,20th-AERO-LVPL
20th-AERO-LVPL,1,322,20200814256,15thAv_Bringelly_b,-33.9101853275,150.7459844104,1939.6769220169,20th-AERO-LVPL
20th-AERO-LVPL,1,322,20200814278,20thAv_ETway_Interchange_b,-33.8985853558,150.7589480911,4394.1219497539005,20th-AERO-LVPL
20th-AERO-LVPL,1,322,20200814226,KempsCreek-SW-WE,-33.9009918582,150.77695692059999,6085.4028285808,20th-AERO-LVPL
20th-AERO-LVPL,1,322,20200814230,KempsCreek-SE-WE,-33.9020838387,150.7884978785,7168.9488580658,20th-AERO-LVPL
20th-AERO-LVPL,1,322,20200814221,Austral-NW-WE,-33.9168907038,150.8012431864,10009.666817703299,20th-AERO-LVPL
20th-AERO-LVPL,1,322,20200814218,Austral-NE-WE,-33.9187749343,150.81477849290002,11278.8140425176,20th-AERO-LVPL
20th-AERO-LVPL,1,322,20200814254,15thAv_MiddletonGrange_b,-33.922206732199996,150.83964293280002,13609.588375064199,20th-AERO-LVPL
20th-AERO-LVPL,1,322,20200814252,15thAv_HoxtonPark_b,-33.926374513,150.8607374752,15731.239051383602,20th-AERO-LVPL
20th-AERO-LVPL,1,322,20200814249,15thAv_MillerTway_a,-33.9269647039,150.87097446499996,16694.8677482479,20th-AERO-LVPL
20th-AERO-LVPL,1,322,20200814247,15thAv_AshTway_a,-33.9275354765,150.8832335975,17840.5499133342,20th-AERO-LVPL
20th-AERO-LVPL,1,322,20200814245,15thAv_MaxwellsTway_a,-33.9263351743,150.8992312574,19331.8055922321,20th-AERO-LVPL
20th-AERO-LVPL,1,322,20200814243,15thAv_BrickmakersTway_a,-33.9278430218,150.91032024700002,20371.0803786251,20th-AERO-LVPL
20th-AERO-LVPL,1,322,20200814242,15thAv_LiverpoolStation_b,-33.923102999,150.92683215989996,22222.242999472797,20th-AERO-LVPL
20th-LVPL-AERO,1,328,20200814241,15thAv_LiverpoolStation_a,-33.9229589158,150.926652438,20.871406078299998,20th-LVPL-AERO
20th-LVPL-AERO,1,328,20200814244,15thAv-BrickmakersTway_b,-33.9280104982,150.9102681745,1927.6655359613,20th-LVPL-AERO
20th-LVPL-AERO,1,328,20200814246,15thAv_MaxwellsTway_b,-33.9265808476,150.898368081,3042.12045841,20th-LVPL-AERO
20th-LVPL-AERO,1,328,20200814248,15thAv_AshTway_b,-33.927846709899995,150.8820714551,4562.5231306009,20th-LVPL-AERO
20th-LVPL-AERO,1,328,20200814250,15thAv_MillerTway_b,-33.9273033547,150.8713840906,5559.3422203379005,20th-LVPL-AERO
20th-LVPL-AERO,1,328,20200814251,15thAv_HoxtonPark_a,-33.9266754507,150.8581175471,6808.219492958199,20th-LVPL-AERO
20th-LVPL-AERO,1,328,20200814253,15thAv_MiddletonGrange_a,-33.9222476604,150.8396292901,8696.1135498667,20th-LVPL-AERO
20th-LVPL-AERO,1,328,20200814217,Austral-NE-EW,-33.9187794474,150.81478074950002,11026.0888504026,20th-LVPL-AERO
20th-LVPL-AERO,1,328,20200814222,Austral-NW-EW,-33.9169063557,150.80124081489996,12295.4388167126,20th-LVPL-AERO
20th-LVPL-AERO,1,328,20200814229,KempsCreek-SE-EW,-33.9021045164,150.78849486299998,15136.153281229299,20th-LVPL-AERO
20th-LVPL-AERO,1,328,20200814225,KempsCreek-SW-EW,-33.9009991284,150.7769496504,16219.978561253401,20th-LVPL-AERO
20th-LVPL-AERO,1,328,20200814277,20thAv_ETway_Interchange_a,-33.8985989882,150.7589480911,17910.8395189039,20th-LVPL-AERO
20th-LVPL-AERO,1,328,20200814255,15thAv_Bringelly_a,-33.9101916325,150.7459960408,20366.0163532006,20th-LVPL-AERO
20th-LVPL-AERO,1,328,20200814258,AerotropolisStation_b,-33.9204212028,150.7368808928,22273.2257052567,20th-LVPL-AERO
25th-BPRK-CBMT,1,325,20200814280,BusinessParkStation_b,-33.8833670638,150.738485555,247.8820314172,25th-BPRK-CBMT
25th-BPRK-CBMT,1,325,20200814282,25thAv_ETway_Interchange_b,-33.8864285919,150.7604154342,2501.7665643502,25th-BPRK-CBMT
25th-BPRK-CBMT,1,325,20200814238,KempsCreek-NW-WE,-33.8879571925,150.7769522291,4150.682856700801,25th-BPRK-CBMT
25th-BPRK-CBMT,1,325,20200814234,KempsCreek-NE-WE,-33.889866902,150.7908608198,5454.7694128796,25th-BPRK-CBMT
25th-BPRK-CBMT,1,325,20200814327,DTway_ElizabethDrive_a,-33.8809749106,150.79267254409996,6470.5936822451,25th-BPRK-CBMT
25th-BPRK-CBMT,1,325,20200814284,ETway_MamreRoad_b,-33.8804628803,150.8091859539,8049.3279679796,25th-BPRK-CBMT
25th-BPRK-CBMT,1,325,20200814302,ETway_CecilRoad_b,-33.8746762203,150.8388988509,11053.8904173429,25th-BPRK-CBMT
25th-BPRK-CBMT,1,325,20200814299,ETway_CecilHills_b,-33.8835274651,150.8578880411,13175.9241544041,25th-BPRK-CBMT
25th-BPRK-CBMT,1,325,20200814298,ETway_BonnyriggHeights_b,-33.8853638624,150.8698816733,14336.9249632237,25th-BPRK-CBMT
25th-BPRK-CBMT,1,325,20200814286,ETway_LPTway_b,-33.8894283686,150.8831936629,15668.233503733101,25th-BPRK-CBMT
25th-BPRK-CBMT,1,325,20200814290,ETway_Bonnyrigg_b,-33.8932547877,150.8916649466,16579.280485710802,25th-BPRK-CBMT
25th-BPRK-CBMT,1,325,20200814288,ETway_MountPritchard_b,-33.8948067793,150.9032200551,17661.9520239772,25th-BPRK-CBMT
25th-BPRK-CBMT,1,325,20200814296,ETway_TownviewRoad_b,-33.8969404578,150.9126904339,18587.9886048906,25th-BPRK-CBMT
25th-BPRK-CBMT,1,325,20200814294,ETway_CabramattaWest_b,-33.8992627794,150.9218340458,19501.508843491898,25th-BPRK-CBMT
25th-BPRK-CBMT,1,325,20200814292,ETway_Cabramatta_b,-33.8951986512,150.9384586324,21150.8515055981,25th-BPRK-CBMT
25th-CBMT-BPRK,1,338,20200814291,ETWay_Cabramatta_a,-33.8951539015,150.93850338200002,23.681002083000003,25th-CBMT-BPRK
25th-CBMT-BPRK,1,338,20200814293,ETway_CabramattaWest_a,-33.899333793400004,150.9218006275,1785.4067560757,25th-CBMT-BPRK
25th-CBMT-BPRK,1,338,20200814295,ETway_TownviewRoad_a,-33.8969491058,150.9126529596,2702.5768445283998,25th-CBMT-BPRK
25th-CBMT-BPRK,1,338,20200814287,ETway_MountPritchard_a,-33.89485316010001,150.9031357264,3633.3629640695003,25th-CBMT-BPRK
25th-CBMT-BPRK,1,338,20200814289,ETway_Bonnyrigg_a,-33.893275058,150.8916244061,4712.5552009564,25th-CBMT-BPRK
25th-CBMT-BPRK,1,338,20200814285,ETway_LPTway_a,-33.8894346824,150.88310527040002,5646.838455374101,25th-CBMT-BPRK
25th-CBMT-BPRK,1,338,20200814297,ETway_BonnyriggHeights_a,-33.8854468556,150.8696643103,6985.7512093795995,25th-CBMT-BPRK
25th-CBMT-BPRK,1,338,20200814300,ETway_CecilHills_a,-33.883727278,150.8574727438,8164.776590234201,25th-CBMT-BPRK
25th-CBMT-BPRK,1,338,20200814301,ETway_CecilRoad_a,-33.8747565834,150.8387649123,10271.1116156395,25th-CBMT-BPRK
25th-CBMT-BPRK,1,338,20200814283,ETway_MamreRoad_a,-33.880601892399994,150.8090608429,13277.1710874658,25th-CBMT-BPRK
25th-CBMT-BPRK,1,338,20200814328,DTway_ElizabethDrive_b,-33.8809591529,150.79269224129996,14836.755351555501,25th-CBMT-BPRK
25th-CBMT-BPRK,1,338,20200814233,KempsCreek-NE-EW,-33.8898777318,150.7908531487,15855.0817882879,25th-CBMT-BPRK
25th-CBMT-BPRK,1,338,20200814237,KempsCreek-NW-EW,-33.8879607334,150.7769515628,17158.660623593,25th-CBMT-BPRK
25th-CBMT-BPRK,1,338,20200814281,25thAv_ETway_Interchange_a,-33.8865447221,150.76052100709998,18796.0651788895,25th-CBMT-BPRK
25th-CBMT-BPRK,1,338,20200814279,BusinessParkStation_a,-33.8834322139,150.7384801258,21066.0634119206,25th-CBMT-BPRK
AERO-MG,1,163,20200814257,AerotropolisStation_a,-33.9204971934,150.7367745059,22.032122614499997,AERO-MG
AERO-MG,1,163,20200814256,15thAv_Bringelly_b,-33.9101853275,150.7459844104,1939.6769220171,AERO-MG
AERO-MG,1,163,20200814193,Rossmore-NW-WE,-33.9128551262,150.7714064944,4406.2104967303,AERO-MG
AERO-MG,1,163,20200814206,Rossmore-NE-WE,-33.9148118476,150.78590426600002,5764.5518160096,AERO-MG
AERO-MG,1,163,20200814221,Austral-NW-WE,-33.9168907038,150.8012431864,7201.873260354,AERO-MG
AERO-MG,1,163,20200814218,Austral-NE-WE,-33.9187749343,150.81477849290002,8471.0062728578,AERO-MG
AERO-MG,1,163,20200814254,15thAv_MiddletonGrange_b,-33.922206732199996,150.83964293280002,10801.7790141846,AERO-MG
AERO-MG,1,163,202008281,Bryant Av,-33.92035842441977,150.84036335904517,11045.122421498501,AERO-MG
AERO-MG,1,163,2020082612,Kelsey St,-33.918209086849444,150.84256810091972,11483.3853372052,AERO-MG
AERO-MG,1,163,2020082610,Swoffer Av near Reardon Av,-33.918352849514825,150.8447001659126,11695.9171234326,AERO-MG
Austral-NE-E-to,1,228,20200814241,15thAv_LiverpoolStation_a,-33.9229589158,150.926652438,20.871406078299998,Austral-NE-E
Austral-NE-E-to,1,228,20200814244,15thAv-BrickmakersTway_b,-33.9280104982,150.9102681745,1927.6655359613,Austral-NE-E
Austral-NE-E-to,1,228,20200814246,15thAv_MaxwellsTway_b,-33.9265808476,150.898368081,3042.12045841,Austral-NE-E
Austral-NE-E-to,1,228,20200814248,15thAv_AshTway_b,-33.927846709899995,150.8820714551,4562.5231306009,Austral-NE-E
Austral-NE-E-to,1,228,20200814250,15thAv_MillerTway_b,-33.9273033547,150.8713840906,5559.3422203379005,Austral-NE-E
Austral-NE-E-to,1,228,20200814251,15thAv_HoxtonPark_a,-33.9266754507,150.8581175471,6808.219492958199,Austral-NE-E
Austral-NE-E-to,1,228,20200814253,15thAv_MiddletonGrange_a,-33.9222476604,150.8396292901,8696.1135498667,Austral-NE-E
Austral-NE-E-to,1,228,2020081413,Austral-NE-7a,-33.919672539299995,150.8196759514,10587.329740344301,Austral-NE-E
Austral-NE-E-to,1,228,2020081415,Austral-NE-8a,-33.9222682599,150.8176427999,10958.8264692609,Austral-NE-E
Austral-NE-E-to,1,228,202008142,Austral-NE-1b,-33.9227792418,150.81393625729999,11333.5119699971,Austral-NE-E
Austral-NE-E-to,1,228,202008143,Austral-NE-2a,-33.9210777447,150.8107527868,11711.576472678898,Austral-NE-E
Austral-NE-E-from,1,230,202008145,Austral-NE-3a,-33.9179881608,150.8101335563,14001.49596026296,Austral-NE-E
Austral-NE-E-from,1,230,202008147,Austral-NE-4a,-33.9153400983,150.812160203,14378.433421241261,Austral-NE-E
Austral-NE-E-from,1,230,202008149,Austral-NE-5a,-33.914813119899996,150.8158555812,14753.00165097576,Austral-NE-E
Austral-NE-E-from,1,230,2020081411,Austral-NE-6a,-33.9164780205,150.8190334717,15128.579749670262,Austral-NE-E
Austral-NE-E-from,1,230,20200814254,15thAv_MiddletonGrange_b,-33.922206732199996,150.83964293280002,17361.54368529986,Austral-NE-E
Austral-NE-E-from,1,230,20200814252,15thAv_HoxtonPark_b,-33.926374513,150.8607374752,19483.19436161926,Austral-NE-E
Austral-NE-E-from,1,230,20200814249,15thAv_MillerTway_a,-33.9269647039,150.87097446499996,20446.823058483562,Austral-NE-E
Austral-NE-E-from,1,230,20200814247,15thAv_AshTway_a,-33.9275354765,150.8832335975,21592.50522356986,Austral-NE-E
Austral-NE-E-from,1,230,20200814245,15thAv_MaxwellsTway_a,-33.9263351743,150.8992312574,23083.76090246786,Austral-NE-E
Austral-NE-E-from,1,230,20200814243,15thAv_BrickmakersTway_a,-33.9278430218,150.91032024700002,24123.03568886076,Austral-NE-E
Austral-NE-E-from,1,230,20200814242,15thAv_LiverpoolStation_b,-33.923102999,150.92683215989996,25974.19830970856,Austral-NE-E
Austral-NE-N-to,1,95,20200814280,BusinessParkStation_b,-33.8833670638,150.738485555,247.8820314172,Austral-NE-N
Austral-NE-N-to,1,95,20200814282,25thAv_ETway_Interchange_b,-33.8864285919,150.7604154342,2501.7665643502,Austral-NE-N
Austral-NE-N-to,1,95,20200814278,20thAv_ETway_Interchange_b,-33.8985853558,150.7589480911,3910.9319900648998,Austral-NE-N
Austral-NE-N-to,1,95,20200814226,KempsCreek-SW-WE,-33.9009918582,150.77695692059999,5602.212868879399,Austral-NE-N
Austral-NE-N-to,1,95,20200814230,KempsCreek-SE-WE,-33.9020838387,150.7884978785,6685.7588910367,Austral-NE-N
Austral-NE-N-to,1,95,202008149,Austral-NE-5a,-33.914813119899996,150.8158555812,10366.5474174286,Austral-NE-N
Austral-NE-N-to,1,95,2020081411,Austral-NE-6a,-33.9164780205,150.8190334717,10742.1255161231,Austral-NE-N
Austral-NE-N-to,1,95,2020081413,Austral-NE-7a,-33.919672539299995,150.8196759514,11129.918968892,Austral-NE-N
Austral-NE-N-to,1,95,2020081415,Austral-NE-8a,-33.9222682599,150.8176427999,11501.415697808601,Austral-NE-N
Austral-NE-N-from,1,95,202008142,Austral-NE-1b,-33.9227792418,150.81393625729999,13107.219382802212,Austral-NE-N
Austral-NE-N-from,1,95,202008143,Austral-NE-2a,-33.9210777447,150.8107527868,13485.28388548391,Austral-NE-N
Austral-NE-N-from,1,95,202008145,Austral-NE-3a,-33.9179881608,150.8101335563,13860.37346685191,Austral-NE-N
Austral-NE-N-from,1,95,202008147,Austral-NE-4a,-33.9153400983,150.812160203,14237.31092783021,Austral-NE-N
Austral-NE-N-from,1,95,20200814229,KempsCreek-SE-EW,-33.9021045164,150.78849486299998,18265.672038894612,Austral-NE-N
Austral-NE-N-from,1,95,20200814225,KempsCreek-SW-EW,-33.9009991284,150.7769496504,19349.49732396701,Austral-NE-N
Austral-NE-N-from,1,95,20200814277,20thAv_ETway_Interchange_a,-33.8985989882,150.7589480911,21040.35828162871,Austral-NE-N
Austral-NE-N-from,1,95,20200814281,25thAv_ETway_Interchange_a,-33.8865447221,150.76052100709998,22438.22584235261,Austral-NE-N
Austral-NE-N-from,1,95,20200814279,BusinessParkStation_a,-33.8834322139,150.7384801258,24708.224075383812,Austral-NE-N
Austral-NE-S-to,1,67,20200814358,LeppingtonStation_b,-33.9536052379,150.80825827209998,7.3140223977,Austral-NE-S
Austral-NE-S-to,1,67,20200814215,Austral-SE-SN,-33.9332832281,150.8119840899,2370.5850678598,Austral-NE-S
Austral-NE-S-to,1,67,202008142,Austral-NE-1b,-33.9227792418,150.81393625729999,3566.2548373946997,Austral-NE-S
Austral-NE-S-to,1,67,202008143,Austral-NE-2a,-33.9210777447,150.8107527868,3944.3193463451003,Austral-NE-S
Austral-NE-S-to,1,67,202008145,Austral-NE-3a,-33.9179881608,150.8101335563,4319.4089290739,Austral-NE-S
Austral-NE-S-to,1,67,202008147,Austral-NE-4a,-33.9153400983,150.812160203,4696.3463908604,Austral-NE-S
Austral-NE-S-from,1,59,202008149,Austral-NE-5a,-33.914813119899996,150.8158555812,4759.804440202675,Austral-NE-S
Austral-NE-S-from,1,59,2020081411,Austral-NE-6a,-33.9164780205,150.8190334717,5135.382625755675,Austral-NE-S
Austral-NE-S-from,1,59,2020081413,Austral-NE-7a,-33.919672539299995,150.8196759514,5523.176076986675,Austral-NE-S
Austral-NE-S-from,1,59,2020081415,Austral-NE-8a,-33.9222682599,150.8176427999,5894.672801155775,Austral-NE-S
Austral-NE-S-from,1,59,20200814216,Austral-SE-NS,-33.933253868,150.8120214573,7429.4385055566745,Austral-NE-S
Austral-NE-S-from,1,59,20200814357,LeppingtonStation_a,-33.9540455449,150.808130441,9865.932188030074,Austral-NE-S
Austral-NE-W-to,1,47,20200814257,AerotropolisStation_a,-33.9204971934,150.7367745059,22.032113392,Austral-NE-W
Austral-NE-W-to,1,47,20200814256,15thAv_Bringelly_b,-33.9101853275,150.7459844104,1939.6769210176,Austral-NE-W
Austral-NE-W-to,1,47,20200814193,Rossmore-NW-WE,-33.9128551262,150.7714064944,4406.2104974514,Austral-NE-W
Austral-NE-W-to,1,47,20200814206,Rossmore-NE-WE,-33.9148118476,150.78590426600002,5764.5518155987,Austral-NE-W
Austral-NE-W-to,1,47,20200814221,Austral-NW-WE,-33.9168907038,150.8012431864,7201.8120587817,Austral-NE-W
Austral-NE-W-to,1,47,202008145,Austral-NE-3a,-33.9179881608,150.8101335563,8048.8335512299,Austral-NE-W
Austral-NE-W-to,1,47,202008147,Austral-NE-4a,-33.9153400983,150.812160203,8425.771012208299,Austral-NE-W
Austral-NE-W-to,1,47,202008149,Austral-NE-5a,-33.914813119899996,150.8158555812,8800.3392419427,Austral-NE-W
Austral-NE-W-to,1,47,2020081411,Austral-NE-6a,-33.9164780205,150.8190334717,9175.9173406373,Austral-NE-W
Austral-NE-W-from,1,56,2020081413,Austral-NE-7a,-33.919672539299995,150.8196759514,10760.156251048935,Austral-NE-W
Austral-NE-W-from,1,56,2020081415,Austral-NE-8a,-33.9222682599,150.8176427999,11131.652979965535,Austral-NE-W
Austral-NE-W-from,1,56,202008142,Austral-NE-1b,-33.9227792418,150.81393625729999,11506.338480701734,Austral-NE-W
Austral-NE-W-from,1,56,202008143,Austral-NE-2a,-33.9210777447,150.8107527868,11884.402983383534,Austral-NE-W
Austral-NE-W-from,1,56,20200814222,Austral-NW-EW,-33.9169063557,150.80124081489996,13075.432082288035,Austral-NE-W
Austral-NE-W-from,1,56,20200814205,Rossmore-NE-EW,-33.9148143064,150.78590399520002,14512.742176178634,Austral-NE-W
Austral-NE-W-from,1,56,20200814194,Rossmore-NW-EW,-33.9128621998,150.7714053563,15871.080909022836,Austral-NE-W
Austral-NE-W-from,1,56,20200814255,15thAv_Bringelly_a,-33.9101916325,150.7459960408,18338.150649630436,Austral-NE-W
Austral-NE-W-from,1,56,20200814258,AerotropolisStation_b,-33.9204212028,150.7368808928,20245.360000429137,Austral-NE-W
Austral-NW-E-to,1,240,20200814241,15thAv_LiverpoolStation_a,-33.9229589158,150.926652438,20.871406078299998,Austral-NW-E
Austral-NW-E-to,1,240,20200814244,15thAv-BrickmakersTway_b,-33.9280104982,150.9102681745,1927.6655359613,Austral-NW-E
Austral-NW-E-to,1,240,20200814246,15thAv_MaxwellsTway_b,-33.9265808476,150.898368081,3042.12045841,Austral-NW-E
Austral-NW-E-to,1,240,20200814248,15thAv_AshTway_b,-33.927846709899995,150.8820714551,4562.5231306009,Austral-NW-E
Austral-NW-E-to,1,240,20200814250,15thAv_MillerTway_b,-33.9273033547,150.8713840906,5559.3422203379005,Austral-NW-E
Austral-NW-E-to,1,240,20200814251,15thAv_HoxtonPark_a,-33.9266754507,150.8581175471,6808.219492958199,Austral-NW-E
Austral-NW-E-to,1,240,20200814253,15thAv_MiddletonGrange_a,-33.9222476604,150.8396292901,8696.1135498667,Austral-NW-E
Austral-NW-E-to,1,240,20200814217,Austral-NE-EW,-33.9187794474,150.81478074950002,11026.0886865815,Austral-NW-E
Austral-NW-E-to,1,240,2020081427,Austral-NW-3a,-33.9177139084,150.80580929319999,11882.9814938257,Austral-NW-E
Austral-NW-E-to,1,240,2020081424,Austral-NW-8b,-33.9203499801,150.8037548279,12260.2245262294,Austral-NW-E
Austral-NW-E-to,1,240,2020081425,Austral-NW-2a,-33.9208475068,150.8000600684,12633.8626661079,Austral-NW-E
Austral-NW-E-to,1,240,2020081417,Austral-NW-1a,-33.919134108499996,150.7968707876,13013.344742708201,Austral-NW-E
Austral-NW-E-from,1,242,2020081430,Austral-NW-4b,-33.916036075,150.7962774979,15556.837381366657,Austral-NW-E
Austral-NW-E-from,1,242,2020081432,Austral-NW-5b,-33.9134132502,150.7982946116,15930.781537597757,Austral-NW-E
Austral-NW-E-from,1,242,2020081420,Austral-NW-6b,-33.9128916322,150.80203160299996,16309.155431353856,Austral-NW-E
Austral-NW-E-from,1,242,2020081421,Austral-NW-7a,-33.9145761037,150.80518764209998,16684.050420060757,Austral-NW-E
Austral-NW-E-from,1,242,20200814218,Austral-NE-WE,-33.9187749343,150.81477849290002,17883.808133954157,Austral-NW-E
Austral-NW-E-from,1,242,20200814254,15thAv_MiddletonGrange_b,-33.922206732199996,150.83964293280002,20214.584340762354,Austral-NW-E
Austral-NW-E-from,1,242,20200814252,15thAv_HoxtonPark_b,-33.926374513,150.8607374752,22336.235017081755,Austral-NW-E
Austral-NW-E-from,1,242,20200814249,15thAv_MillerTway_a,-33.9269647039,150.87097446499996,23299.863713946055,Austral-NW-E
Austral-NW-E-from,1,242,20200814247,15thAv_AshTway_a,-33.9275354765,150.8832335975,24445.545879032357,Austral-NW-E
Austral-NW-E-from,1,242,20200814245,15thAv_MaxwellsTway_a,-33.9263351743,150.8992312574,25936.80155793026,Austral-NW-E
Austral-NW-E-from,1,242,20200814243,15thAv_BrickmakersTway_a,-33.9278430218,150.91032024700002,26976.076344323257,Austral-NW-E
Austral-NW-E-from,1,242,20200814242,15thAv_LiverpoolStation_b,-33.923102999,150.92683215989996,28827.23896517096,Austral-NW-E
Austral-NW-N-to,1,33,20200814280,BusinessParkStation_b,-33.8833670638,150.738485555,247.8820314172,Austral-NW-N
Austral-NW-N-to,1,33,20200814282,25thAv_ETway_Interchange_b,-33.8864285919,150.7604154342,2501.7665648726997,Austral-NW-N
Austral-NW-N-to,1,33,20200814278,20thAv_ETway_Interchange_b,-33.8985853558,150.7589480911,3910.9319900525,Austral-NW-N
Austral-NW-N-to,1,33,20200814226,KempsCreek-SW-WE,-33.9009918582,150.77695692059999,5602.212868879399,Austral-NW-N
Austral-NW-N-to,1,33,20200814230,KempsCreek-SE-WE,-33.9020838387,150.7884978785,6685.758898347,Austral-NW-N
Austral-NW-N-to,1,33,2020081420,Austral-NW-6b,-33.9128916322,150.80203160299996,9074.5559373015,Austral-NW-N
Austral-NW-N-to,1,33,2020081421,Austral-NW-7a,-33.9145761037,150.80518764209998,9449.4509260084,Austral-NW-N
Austral-NW-N-to,1,33,2020081427,Austral-NW-3a,-33.9177139084,150.80580929319999,9830.4638010206,Austral-NW-N
Austral-NW-N-to,1,33,2020081424,Austral-NW-8b,-33.9203499801,150.8037548279,10207.706833424201,Austral-NW-N
Austral-NW-N-from,1,33,2020081425,Austral-NW-2a,-33.9208475068,150.8000600684,11563.627125575336,Austral-NW-N
Austral-NW-N-from,1,33,2020081417,Austral-NW-1a,-33.919134108499996,150.7968707876,11943.109202175736,Austral-NW-N
Austral-NW-N-from,1,33,2020081430,Austral-NW-4b,-33.916036075,150.7962774979,12318.733606740236,Austral-NW-N
Austral-NW-N-from,1,33,2020081432,Austral-NW-5b,-33.9134132502,150.7982946116,12692.677762971336,Austral-NW-N
Austral-NW-N-from,1,33,20200814229,KempsCreek-SE-EW,-33.9021045164,150.78849486299998,15426.621719773935,Austral-NW-N
Austral-NW-N-from,1,33,20200814225,KempsCreek-SW-EW,-33.9009991284,150.7769496504,16510.446999798034,Austral-NW-N
Austral-NW-N-from,1,33,20200814277,20thAv_ETway_Interchange_a,-33.8985989882,150.7589480911,18201.307957448535,Austral-NW-N
Austral-NW-N-from,1,33,20200814281,25thAv_ETway_Interchange_a,-33.8865447221,150.76052100709998,19599.175518866738,Austral-NW-N
Austral-NW-N-from,1,33,20200814279,BusinessParkStation_a,-33.8834322139,150.7384801258,21869.173751214836,Austral-NW-N
Austral-NW-S-to,1,69,20200814358,LeppingtonStation_b,-33.9536052379,150.80825827209998,7.3140223977,Austral-NW-S
Austral-NW-S-to,1,69,20200814211,Austral-SW-SN,-33.9393777699,150.7973687772,2653.2026047914,Austral-NW-S
Austral-NW-S-to,1,69,2020081425,Austral-NW-2a,-33.9208475068,150.8000600684,6106.6545179562,Austral-NW-S
Austral-NW-S-to,1,69,2020081417,Austral-NW-1a,-33.919134108499996,150.7968707876,6486.1365945565,Austral-NW-S
Austral-NW-S-to,1,69,2020081430,Austral-NW-4b,-33.916036075,150.7962774979,6861.7609991211,Austral-NW-S
Austral-NW-S-to,1,69,2020081432,Austral-NW-5b,-33.9134132502,150.7982946116,7235.7051553522,Austral-NW-S
Austral-NW-S-from,1,74,2020081420,Austral-NW-6b,-33.9128916322,150.80203160299996,7791.236346195424,Austral-NW-S
Austral-NW-S-from,1,74,2020081421,Austral-NW-7a,-33.9145761037,150.80518764209998,8166.131334902324,Austral-NW-S
Austral-NW-S-from,1,74,2020081427,Austral-NW-3a,-33.9177139084,150.80580929319999,8547.144209914424,Austral-NW-S
Austral-NW-S-from,1,74,2020081424,Austral-NW-8b,-33.9203499801,150.8037548279,8924.387242318124,Austral-NW-S
Austral-NW-S-from,1,74,20200814212,Austral-SW-NS,-33.9393562686,150.79739027850002,12716.311807551225,Austral-NW-S
Austral-NW-S-from,1,74,20200814357,LeppingtonStation_a,-33.9540455449,150.808130441,15443.407469823625,Austral-NW-S
Austral-NW-W-to,1,27,20200814257,AerotropolisStation_a,-33.9204971934,150.7367745059,22.032113392,Austral-NW-W
Austral-NW-W-to,1,27,20200814256,15thAv_Bringelly_b,-33.9101853275,150.7459844104,1939.6769210176,Austral-NW-W
Austral-NW-W-to,1,27,20200814193,Rossmore-NW-WE,-33.9128551262,150.7714064944,4406.2104974456,Austral-NW-W
Austral-NW-W-to,1,27,20200814206,Rossmore-NE-WE,-33.9148118476,150.78590426600002,5764.5518155997,Austral-NW-W
Austral-NW-W-to,1,27,2020081430,Austral-NW-4b,-33.916036075,150.7962774979,6751.128759006,Austral-NW-W
Austral-NW-W-to,1,27,2020081432,Austral-NW-5b,-33.9134132502,150.7982946116,7125.0729152372,Austral-NW-W
Austral-NW-W-to,1,27,2020081420,Austral-NW-6b,-33.9128916322,150.80203160299996,7503.4468089932,Austral-NW-W
Austral-NW-W-to,1,27,2020081421,Austral-NW-7a,-33.9145761037,150.80518764209998,7878.3417977002,Austral-NW-W
Austral-NW-W-from,1,27,2020081427,Austral-NW-3a,-33.9177139084,150.80580929319999,9202.715340659215,Austral-NW-W
Austral-NW-W-from,1,27,2020081424,Austral-NW-8b,-33.9203499801,150.8037548279,9579.958373062915,Austral-NW-W
Austral-NW-W-from,1,27,2020081425,Austral-NW-2a,-33.9208475068,150.8000600684,9953.596512941414,Austral-NW-W
Austral-NW-W-from,1,27,2020081417,Austral-NW-1a,-33.919134108499996,150.7968707876,10333.078589541714,Austral-NW-W
Austral-NW-W-from,1,27,20200814205,Rossmore-NE-EW,-33.9148143064,150.78590399520002,11659.639842946315,Austral-NW-W
Austral-NW-W-from,1,27,20200814194,Rossmore-NW-EW,-33.9128621998,150.7714053563,13017.978575792713,Austral-NW-W
Austral-NW-W-from,1,27,20200814255,15thAv_Bringelly_a,-33.9101916325,150.7459960408,15485.048316400314,Austral-NW-W
Austral-NW-W-from,1,27,20200814258,AerotropolisStation_b,-33.9204212028,150.7368808928,17392.257667198915,Austral-NW-W
Austral-SE-E-to,1,380,20200814270,10thAv_CasulaStation_b,-33.9500427156,150.9114065805,15.594795266199998,Austral-SE-E
Austral-SE-E-to,1,380,20200814271,10thAv_CasulaMall_a,-33.9469468448,150.9003094168,1698.1450359833,Austral-SE-E
Austral-SE-E-to,1,380,20200814267,10thAv_Lurnea_a,-33.9455312436,150.8912687464,2559.6927207107,Austral-SE-E
Austral-SE-E-to,1,380,20200814273,10thAv_NexusIndustryPark_a,-33.9442255875,150.8817342343,3475.8887896797996,Austral-SE-E
Austral-SE-E-to,1,380,20200814265,10thAv_Prestons_a,-33.9421996047,150.8670714794,4864.2589465128,Austral-SE-E
Austral-SE-E-to,1,380,20200814275,10thAv_PrestonsIndustrial_a,-33.9410118447,150.8581734898,5697.4201460374,Austral-SE-E
Austral-SE-E-to,1,380,20200814263,10thAv_CarnesHill_a,-33.9360313244,150.845044866,7115.3599534305,Austral-SE-E
Austral-SE-E-to,1,380,20200814261,10thAv_WestHoxton_a,-33.9342480631,150.8353444034,8304.7206447183,Austral-SE-E
Austral-SE-E-to,1,380,2020081443,Austral-SE-6a,-33.9339107679,150.8168204448,10402.234036153399,Austral-SE-E
Austral-SE-E-to,1,380,2020081445,Austral-SE-7a,-33.9365554666,150.814797186,10778.1457444809,Austral-SE-E
Austral-SE-E-to,1,380,2020081447,Austral-SE-8a,-33.9370786873,150.8110364066,11157.893341484,Austral-SE-E
Austral-SE-E-to,1,380,2020081433,Austral-SE-1a,-33.9353885509,150.8078827656,11531.8236528205,Austral-SE-E
Austral-SE-E-from,1,350,2020081435,Austral-SE-2a,-33.9323177452,150.8072424769,13548.317799507984,Austral-SE-E
Austral-SE-E-from,1,350,2020081437,Austral-SE-3a,-33.9296354657,150.8092682315,13927.446089990184,Austral-SE-E
Austral-SE-E-from,1,350,2020081439,Austral-SE-4a,-33.929107905100004,150.8130234723,14306.922084238984,Austral-SE-E
Austral-SE-E-from,1,350,2020081441,Austral-SE-5a,-33.930809174699995,150.8162068194,14684.700755256585,Austral-SE-E
Austral-SE-E-from,1,350,20200814262,10thAv_WestHoxton_b,-33.9342259287,150.83536232169996,17128.216922435386,Austral-SE-E
Austral-SE-E-from,1,350,20200814264,10thAv_CarnesHill_b,-33.9359639627,150.8455352592,18302.862246308985,Austral-SE-E
Austral-SE-E-from,1,350,20200814276,10thAv_PrestonsIndustrial_b,-33.9409881116,150.8582141752,19683.149336149985,Austral-SE-E
Austral-SE-E-from,1,350,20200814266,10thAv_Prestons_b,-33.9422410921,150.8676134086,20563.166246625784,Austral-SE-E
Austral-SE-E-from,1,350,20200814274,10thAv_NexusIndustryPark_b,-33.9441822285,150.881802886,21899.453520289586,Austral-SE-E
Austral-SE-E-from,1,350,20200814268,10thAv_Lurnea_b,-33.9455176307,150.89142699639999,22826.370676894083,Austral-SE-E
Austral-SE-E-from,1,350,20200814272,10thAv_CasulaMall_b,-33.946912830500004,150.9003706425,23675.822628369686,Austral-SE-E
Austral-SE-E-from,1,350,20200814269,10thAv_CasulaStation_a,-33.950015598200004,150.9113921744,25326.037306269784,Austral-SE-E
Austral-SE-N-to,1,112,20200814280,BusinessParkStation_b,-33.8833670638,150.738485555,247.8820314172,Austral-SE-N
Austral-SE-N-to,1,112,20200814282,25thAv_ETway_Interchange_b,-33.8864285919,150.7604154342,2501.7665643502,Austral-SE-N
Austral-SE-N-to,1,112,20200814278,20thAv_ETway_Interchange_b,-33.8985853558,150.7589480911,3910.9319900648998,Austral-SE-N
Austral-SE-N-to,1,112,20200814226,KempsCreek-SW-WE,-33.9009918582,150.77695692059999,5602.212868879399,Austral-SE-N
Austral-SE-N-to,1,112,20200814230,KempsCreek-SE-WE,-33.9020838387,150.7884978785,6685.7588910367,Austral-SE-N
Austral-SE-N-to,1,112,20200814220,Austral-NE-NS,-33.9189789888,150.8148766917,10823.6534261238,Austral-SE-N
Austral-SE-N-to,1,112,2020081439,Austral-SE-4a,-33.929107905100004,150.8130234723,11978.4205205317,Austral-SE-N
Austral-SE-N-to,1,112,2020081441,Austral-SE-5a,-33.930809174699995,150.8162068194,12356.1991915494,Austral-SE-N
Austral-SE-N-to,1,112,2020081443,Austral-SE-6a,-33.9339107679,150.8168204448,12732.238478893501,Austral-SE-N
Austral-SE-N-to,1,112,2020081445,Austral-SE-7a,-33.9365554666,150.814797186,13108.150187221001,Austral-SE-N
Austral-SE-N-from,1,108,2020081447,Austral-SE-8a,-33.9370786873,150.8110364066,14535.330702660827,Austral-SE-N
Austral-SE-N-from,1,108,2020081433,Austral-SE-1a,-33.9353885509,150.8078827656,14909.261013997328,Austral-SE-N
Austral-SE-N-from,1,108,2020081435,Austral-SE-2a,-33.9323177452,150.8072424769,15281.462734402827,Austral-SE-N
Austral-SE-N-from,1,108,2020081437,Austral-SE-3a,-33.9296354657,150.8092682315,15660.591024885127,Austral-SE-N
Austral-SE-N-from,1,108,20200814219,Austral-NE-SN,-33.9189857288,150.8148680923,17159.110538969227,Austral-SE-N
Austral-SE-N-from,1,108,20200814229,KempsCreek-SE-EW,-33.9021045164,150.78849486299998,21297.797173742827,Austral-SE-N
Austral-SE-N-from,1,108,20200814225,KempsCreek-SW-EW,-33.9009991284,150.7769496504,22381.622458815225,Austral-SE-N
Austral-SE-N-from,1,108,20200814277,20thAv_ETway_Interchange_a,-33.8985989882,150.7589480911,24072.483416476825,Austral-SE-N
Austral-SE-N-from,1,108,20200814281,25thAv_ETway_Interchange_a,-33.8865447221,150.76052100709998,25470.350977200826,Austral-SE-N
Austral-SE-N-from,1,108,20200814279,BusinessParkStation_a,-33.8834322139,150.7384801258,27740.34921023193,Austral-SE-N
Austral-SE-S-to,1,33,20200814358,LeppingtonStation_b,-33.9536052379,150.80825827209998,7.3140223977,Austral-SE-S
Austral-SE-S-to,1,33,2020081447,Austral-SE-8a,-33.9370786873,150.8110364066,1962.238534645,Austral-SE-S
Austral-SE-S-to,1,33,2020081433,Austral-SE-1a,-33.9353885509,150.8078827656,2336.1688459814,Austral-SE-S
Austral-SE-S-to,1,33,2020081435,Austral-SE-2a,-33.9323177452,150.8072424769,2708.370566387,Austral-SE-S
Austral-SE-S-to,1,33,2020081437,Austral-SE-3a,-33.9296354657,150.8092682315,3087.4988568691997,Austral-SE-S
Austral-SE-S-from,1,34,2020081439,Austral-SE-4a,-33.929107905100004,150.8130234723,3340.063408527615,Austral-SE-S
Austral-SE-S-from,1,34,2020081441,Austral-SE-5a,-33.930809174699995,150.8162068194,3717.8420795453153,Austral-SE-S
Austral-SE-S-from,1,34,2020081443,Austral-SE-6a,-33.9339107679,150.8168204448,4093.8813668894154,Austral-SE-S
Austral-SE-S-from,1,34,2020081445,Austral-SE-7a,-33.9365554666,150.814797186,4469.793075216915,Austral-SE-S
Austral-SE-S-from,1,34,20200814357,LeppingtonStation_a,-33.9540455449,150.808130441,6834.353893933816,Austral-SE-S
Austral-SE-W-to,1,58,20200814260,10thAv_AerotropolisSouth_b,-33.9344828308,150.7409651684,47.945026401199996,Austral-SE-W
Austral-SE-W-to,1,58,20200814198,Rossmore-SW-WE,-33.925765732100004,150.7691628403,3802.8348596868,Austral-SE-W
Austral-SE-W-to,1,58,20200814202,Rossmore-SE-WE,-33.9291938808,150.7832049895,5298.9187283791,Austral-SE-W
Austral-SE-W-to,1,58,20200814210,Austral-SW-WE,-33.9391228264,150.7971875523,7650.5548612593,Austral-SE-W
Austral-SE-W-to,1,58,2020081435,Austral-SE-2a,-33.9323177452,150.8072424769,9658.0993941857,Austral-SE-W
Austral-SE-W-to,1,58,2020081437,Austral-SE-3a,-33.9296354657,150.8092682315,10037.227684668,Austral-SE-W
Austral-SE-W-to,1,58,2020081439,Austral-SE-4a,-33.929107905100004,150.8130234723,10416.7036789167,Austral-SE-W
Austral-SE-W-to,1,58,2020081441,Austral-SE-5a,-33.930809174699995,150.8162068194,10794.4823499344,Austral-SE-W
Austral-SE-W-from,1,60,2020081443,Austral-SE-6a,-33.9339107679,150.8168204448,12000.183755639333,Austral-SE-W
Austral-SE-W-from,1,60,2020081445,Austral-SE-7a,-33.9365554666,150.814797186,12376.095463966834,Austral-SE-W
Austral-SE-W-from,1,60,2020081447,Austral-SE-8a,-33.9370786873,150.8110364066,12755.843060970034,Austral-SE-W
Austral-SE-W-from,1,60,2020081433,Austral-SE-1a,-33.9353885509,150.8078827656,13129.773372306534,Austral-SE-W
Austral-SE-W-from,1,60,20200814209,Austral-SW-EW,-33.9391658289,150.79723976969998,15470.128012495034,Austral-SE-W
Austral-SE-W-from,1,60,20200814201,Rossmore-SE-EW,-33.9292176587,150.783201185,17827.203541022132,Austral-SE-W
Austral-SE-W-from,1,60,20200814197,Rossmore-SW-EW,-33.9258029635,150.76909665120002,19328.810016895633,Austral-SE-W
Austral-SE-W-from,1,60,20200814259,10thAv_AerotropolisSouth_a,-33.9345914675,150.74087463770002,23084.530365656436,Austral-SE-W
Austral-SW-E-to,1,403,20200814270,10thAv_CasulaStation_b,-33.9500427156,150.9114065805,15.594795266199998,Austral-SW-E
Austral-SW-E-to,1,403,20200814271,10thAv_CasulaMall_a,-33.9469468448,150.9003094168,1698.1450359833,Austral-SW-E
Austral-SW-E-to,1,403,20200814267,10thAv_Lurnea_a,-33.9455312436,150.8912687464,2559.6927207107,Austral-SW-E
Austral-SW-E-to,1,403,20200814273,10thAv_NexusIndustryPark_a,-33.9442255875,150.8817342343,3475.8887896797996,Austral-SW-E
Austral-SW-E-to,1,403,20200814265,10thAv_Prestons_a,-33.9421996047,150.8670714794,4864.2589465128,Austral-SW-E
Austral-SW-E-to,1,403,20200814275,10thAv_PrestonsIndustrial_a,-33.9410118447,150.8581734898,5697.4201460374,Austral-SW-E
Austral-SW-E-to,1,403,20200814263,10thAv_CarnesHill_a,-33.9360313244,150.845044866,7115.3599534305,Austral-SW-E
Austral-SW-E-to,1,403,20200814261,10thAv_WestHoxton_a,-33.9342480631,150.8353444034,8304.7206447183,Austral-SW-E
Austral-SW-E-to,1,403,20200814213,Austral-SE-EW,-33.933077706999995,150.8118719874,10851.9110701807,Austral-SW-E
Austral-SW-E-to,1,403,2020081461,Austral-SW-7a,-33.9406785193,150.80184158879996,12612.3009118275,Austral-SW-E
Austral-SW-E-to,1,403,2020081463,Austral-SW-8a,-33.943139001300004,150.799561263,13077.7612423599,Austral-SW-E
Austral-SW-E-to,1,403,2020081449,Austral-SW-1a,-33.9424729875,150.7948585878,13518.991317869699,Austral-SW-E
Austral-SW-E-to,1,403,2020081451,Austral-SW-2a,-33.940590341,150.7928020302,13909.584028039299,Austral-SW-E
Austral-SW-E-from,1,378,2020081453,Austral-SW-3a,-33.9363515839,150.7936287159,16171.87107152318,Austral-SW-E
Austral-SW-E-from,1,378,2020081455,Austral-SW-4a,-33.9338853928,150.7964827774,16701.08015021208,Austral-SW-E
Austral-SW-E-from,1,378,2020081457,Austral-SW-5a,-33.934544409000004,150.8012303428,17146.11002940708,Austral-SW-E
Austral-SW-E-from,1,378,2020081459,Austral-SW-6a,-33.9376368333,150.8024130986,17629.52456913308,Austral-SW-E
Austral-SW-E-from,1,378,20200814214,Austral-SE-WE,-33.9330483468,150.8118292817,19692.71517136208,Austral-SW-E
Austral-SW-E-from,1,378,20200814262,10thAv_WestHoxton_b,-33.9342259287,150.83536232169996,22246.67067288018,Austral-SW-E
Austral-SW-E-from,1,378,20200814264,10thAv_CarnesHill_b,-33.9359639627,150.8455352592,23421.31599675378,Austral-SW-E
Austral-SW-E-from,1,378,20200814276,10thAv_PrestonsIndustrial_b,-33.9409881116,150.8582141752,24801.60308659478,Austral-SW-E
Austral-SW-E-from,1,378,20200814266,10thAv_Prestons_b,-33.9422410921,150.8676134086,25681.61999707048,Austral-SW-E
Austral-SW-E-from,1,378,20200814274,10thAv_NexusIndustryPark_b,-33.9441822285,150.881802886,27017.90727073438,Austral-SW-E
Austral-SW-E-from,1,378,20200814268,10thAv_Lurnea_b,-33.9455176307,150.89142699639999,27944.824427338877,Austral-SW-E
Austral-SW-E-from,1,378,20200814272,10thAv_CasulaMall_b,-33.946912830500004,150.9003706425,28794.27637881448,Austral-SW-E
Austral-SW-E-from,1,378,20200814269,10thAv_CasulaStation_a,-33.950015598200004,150.9113921744,30444.491056714578,Austral-SW-E
Austral-SW-N-to,1,104,20200814280,BusinessParkStation_b,-33.8833670638,150.738485555,247.8820314172,Austral-SW-N
Austral-SW-N-to,1,104,20200814282,25thAv_ETway_Interchange_b,-33.8864285919,150.7604154342,2501.7665648726997,Austral-SW-N
Austral-SW-N-to,1,104,20200814278,20thAv_ETway_Interchange_b,-33.8985853558,150.7589480911,3910.9319900525,Austral-SW-N
Austral-SW-N-to,1,104,20200814226,KempsCreek-SW-WE,-33.9009918582,150.77695692059999,5602.212868879399,Austral-SW-N
Austral-SW-N-to,1,104,20200814230,KempsCreek-SE-WE,-33.9020838387,150.7884978785,6685.758898347,Austral-SW-N
Austral-SW-N-to,1,104,20200814224,Austral-NW-NS,-33.9170301477,150.8010174201,9525.901138921601,Austral-SW-N
Austral-SW-N-to,1,104,2020081457,Austral-SW-5a,-33.934544409000004,150.8012303428,13075.512674848702,Austral-SW-N
Austral-SW-N-to,1,104,2020081459,Austral-SW-6a,-33.9376368333,150.8024130986,13558.927458207,Austral-SW-N
Austral-SW-N-to,1,104,2020081461,Austral-SW-7a,-33.9406785193,150.80184158879996,13901.6924396617,Austral-SW-N
Austral-SW-N-to,1,104,2020081463,Austral-SW-8a,-33.943139001300004,150.799561263,14367.1527701941,Austral-SW-N
Austral-SW-N-to,1,104,2020081449,Austral-SW-1a,-33.9424729875,150.7948585878,14808.382845703898,Austral-SW-N
Austral-SW-N-to,1,104,2020081451,Austral-SW-2a,-33.940590341,150.7928020302,15198.975555873501,Austral-SW-N
Austral-SW-N-to,1,104,2020081453,Austral-SW-3a,-33.9363515839,150.7936287159,15675.3670108199,Austral-SW-N
Austral-SW-N-from,1,81,2020081455,Austral-SW-4a,-33.9338853928,150.7964827774,17135.345076373284,Austral-SW-N
Austral-SW-N-from,1,81,20200814223,Austral-NW-SN,-33.9170282505,150.8010050884,20597.58874259148,Austral-SW-N
Austral-SW-N-from,1,81,20200814229,KempsCreek-SE-EW,-33.9021045164,150.78849486299998,23438.09841711998,Austral-SW-N
Austral-SW-N-from,1,81,20200814225,KempsCreek-SW-EW,-33.9009991284,150.7769496504,24521.923697144084,Austral-SW-N
Austral-SW-N-from,1,81,20200814277,20thAv_ETway_Interchange_a,-33.8985989882,150.7589480911,26212.78465479448,Austral-SW-N
Austral-SW-N-from,1,81,20200814281,25thAv_ETway_Interchange_a,-33.8865447221,150.76052100709998,27610.652216212682,Austral-SW-N
Austral-SW-N-from,1,81,20200814279,BusinessParkStation_a,-33.8834322139,150.7384801258,29880.65044856078,Austral-SW-N
Austral-SW-S-to,1,39,20200814358,LeppingtonStation_b,-33.9536052379,150.80825827209998,7.3140223977,Austral-SW-S
Austral-SW-S-to,1,39,2020081449,Austral-SW-1a,-33.9424729875,150.7948585878,2448.5909104465,Austral-SW-S
Austral-SW-S-to,1,39,2020081451,Austral-SW-2a,-33.940590341,150.7928020302,2839.1836206160997,Austral-SW-S
Austral-SW-S-to,1,39,2020081453,Austral-SW-3a,-33.9363515839,150.7936287159,3315.5750780478,Austral-SW-S
Austral-SW-S-to,1,39,2020081455,Austral-SW-4a,-33.9338853928,150.7964827774,3844.7841567367,Austral-SW-S
Austral-SW-S-from,1,42,2020081457,Austral-SW-5a,-33.934544409000004,150.8012303428,4456.325590239366,Austral-SW-S
Austral-SW-S-from,1,42,2020081459,Austral-SW-6a,-33.9376368333,150.8024130986,4939.740129965366,Austral-SW-S
Austral-SW-S-from,1,42,2020081461,Austral-SW-7a,-33.9406785193,150.80184158879996,5282.505111420065,Austral-SW-S
Austral-SW-S-from,1,42,2020081463,Austral-SW-8a,-33.943139001300004,150.799561263,5747.965441952365,Austral-SW-S
Austral-SW-S-from,1,42,20200814357,LeppingtonStation_a,-33.9540455449,150.808130441,8358.542429153165,Austral-SW-S
Austral-SW-W-to,1,42,20200814260,10thAv_AerotropolisSouth_b,-33.9344828308,150.7409651684,47.945026401199996,Austral-SW-W
Austral-SW-W-to,1,42,20200814198,Rossmore-SW-WE,-33.925765732100004,150.7691628403,3802.8348583997,Austral-SW-W
Austral-SW-W-to,1,42,20200814202,Rossmore-SE-WE,-33.9291938808,150.7832049895,5298.918727092,Austral-SW-W
Austral-SW-W-to,1,42,2020081453,Austral-SW-3a,-33.9363515839,150.7936287159,7534.8425444811,Austral-SW-W
Austral-SW-W-to,1,42,2020081455,Austral-SW-4a,-33.9338853928,150.7964827774,8064.05162317,Austral-SW-W
Austral-SW-W-to,1,42,2020081457,Austral-SW-5a,-33.934544409000004,150.8012303428,8509.081257121601,Austral-SW-W
Austral-SW-W-to,1,42,2020081459,Austral-SW-6a,-33.9376368333,150.8024130986,8992.4960404799,Austral-SW-W
Austral-SW-W-from,1,43,2020081461,Austral-SW-7a,-33.9406785193,150.80184158879996,10046.121139533912,Austral-SW-W
Austral-SW-W-from,1,43,2020081463,Austral-SW-8a,-33.943139001300004,150.799561263,10511.581470066312,Austral-SW-W
Austral-SW-W-from,1,43,2020081449,Austral-SW-1a,-33.9424729875,150.7948585878,10952.811545576113,Austral-SW-W
Austral-SW-W-from,1,43,2020081451,Austral-SW-2a,-33.940590341,150.7928020302,11343.404255745712,Austral-SW-W
Austral-SW-W-from,1,43,20200814201,Rossmore-SE-EW,-33.9292176587,150.783201185,13543.653436621213,Austral-SW-W
Austral-SW-W-from,1,43,20200814197,Rossmore-SW-EW,-33.9258029635,150.76909665120002,15045.259912494712,Austral-SW-W
Austral-SW-W-from,1,43,20200814259,10thAv_AerotropolisSouth_a,-33.9345914675,150.74087463770002,18802.23453480751,Austral-SW-W
B-AERO-BPRK,1,39,20200814360,B_AerotropolisSouth_b,-33.9204718468,150.7350898651,7.238441874299999,B-AERO-BPRK
B-AERO-BPRK,1,39,20200814303,BTway_BadgerysCreek_a,-33.9034573403,150.7356197997,2684.8402851697,B-AERO-BPRK
B-AERO-BPRK,1,39,20200814279,BusinessParkStation_a,-33.8834322139,150.7384801258,5660.2604543803,B-AERO-BPRK
B-BPRK-AERO,1,40,20200814280,BusinessParkStation_b,-33.8833670638,150.738485555,247.8820314172,B-BPRK-AERO
B-BPRK-AERO,1,40,20200814304,BTway_BadgerysCreek_b,-33.903423366700004,150.7356792535,3214.1859917659003,B-BPRK-AERO
B-BPRK-AERO,1,40,20200814359,B_AerotropolisSouth_a,-33.9204617789,150.73509838409996,5896.903412025601,B-BPRK-AERO
C-STCK-STMR,1,183,20200814354,SouthCreekStation_b,-33.9474910209,150.7570352553,34.0306956331,C-STCK-STMR
C-STCK-STMR,1,183,20200814199,Rossmore-SW-SN,-33.9260553096,150.7693820919,3348.4884899019,C-STCK-STMR
C-STCK-STMR,1,183,20200814195,Rossmore-NW-SN,-33.9127122788,150.7716408299,4846.9021660237,C-STCK-STMR
C-STCK-STMR,1,183,20200814227,KempsCreek-SW-SN,-33.9008908021,150.77715103559999,6518.500293206999,C-STCK-STMR
C-STCK-STMR,1,183,20200814239,KempsCreek-NW-SN,-33.8878244404,150.7771667628,8204.8020496655,C-STCK-STMR
C-STCK-STMR,1,183,20200814325,CTway_ElizabethDrive_a,-33.877289639000004,150.7786755452,9385.9873732769,C-STCK-STMR
C-STCK-STMR,1,183,20200814305,CTway_MetroWestStation_a,-33.8693366129,150.7750977576,10661.695166859201,C-STCK-STMR
C-STCK-STMR,1,183,20200814309,CTway_M12_a,-33.8611149893,150.77733365879996,11623.491351065,C-STCK-STMR
C-STCK-STMR,1,183,20200814307,CTway_MamreRoad_a,-33.842461926700004,150.781039731,13842.0158288499,C-STCK-STMR
C-STCK-STMR,1,183,20200814311,CTway_TrainingAcademy_a,-33.8272876613,150.778970373,15567.346560221498,C-STCK-STMR
C-STCK-STMR,1,183,20200814313,CTway_ErskineParkRoad_a,-33.8172801276,150.7758564209,16736.0856811925,C-STCK-STMR
C-STCK-STMR,1,183,20200814315,CTway_LuddenhamRoad_a,-33.8036286973,150.7694340034,18410.800208444798,C-STCK-STMR
C-STCK-STMR,1,183,20200814317,CTway_BanksDrive_a,-33.7883272933,150.7703188977,20145.020147599298,C-STCK-STMR
C-STCK-STMR,1,183,20200814323,CTway_WilsonOval_a,-33.7776406092,150.7721841882,21344.8708396608,C-STCK-STMR
C-STCK-STMR,1,183,20200814321,CTway_StMarysLibrary_a,-33.7688712124,150.7736533373,22327.230326945803,C-STCK-STMR
C-STCK-STMR,1,183,20200814319,CTway_StMarysStation_a,-33.762579605,150.7763020595,23183.7843437963,C-STCK-STMR
C-STMR-STCK,1,177,20200814320,CTway_StMarysStation_b,-33.7628119754,150.7763125536,16.1034064411,C-STMR-STCK
C-STMR-STCK,1,177,20200814322,CTway_StMarysLibrary_b,-33.7688064026,150.7737289487,861.8715562411,C-STMR-STCK
C-STMR-STCK,1,177,20200814324,CTway_WilsonOval_b,-33.7775932485,150.77221306659996,1846.7594350198,C-STMR-STCK
C-STMR-STCK,1,177,20200814318,CTway_BanksDrive_b,-33.7881825696,150.770419091,3034.0071019131,C-STMR-STCK
C-STMR-STCK,1,177,20200814316,CTway_LuddenhamRoad_b,-33.8033613188,150.7693345138,4755.1147127255,C-STMR-STCK
C-STMR-STCK,1,177,20200814314,CTWay_ErskineParkRoad_b,-33.8179643213,150.7760714532,6536.5083257145,C-STMR-STCK
C-STMR-STCK,1,177,20200814312,CTway_TrainingAcademy_b,-33.827156510500004,150.77892604040002,7611.2268829333,C-STMR-STCK
C-STMR-STCK,1,177,20200814308,CTWay_MamreRoad_b,-33.8423062963,150.7812109244,9334.1685208082,C-STMR-STCK
C-STMR-STCK,1,177,20200814310,CTway_M12_b,-33.8610157133,150.7774726452,11557.214949220801,C-STMR-STCK
C-STMR-STCK,1,177,20200814306,CTway_MetroWestStation_b,-33.8692541104,150.77526076700002,12520.533907486499,C-STMR-STCK
C-STMR-STCK,1,177,20200814326,CTway_ElizabethDrive_b,-33.8772940934,150.7787196416,13807.361138178001,C-STMR-STCK
C-STMR-STCK,1,177,20200814240,KempsCreek-NW-NS,-33.8878248581,150.7771709896,14988.6407721311,C-STMR-STCK
C-STMR-STCK,1,177,20200814228,KempsCreek-SW-NS,-33.9008857129,150.7771612139,16674.2368091386,C-STMR-STCK
C-STMR-STCK,1,177,20200814196,Rossmore-NW-NS,-33.9127119275,150.7716446945,18346.4511631284,C-STMR-STCK
C-STMR-STCK,1,177,20200814200,Rossmore-SW-NS,-33.9260098046,150.7694358706,19839.2512428744,C-STMR-STCK
C-STMR-STCK,1,177,20200814353,SouthCreekStation_a,-33.9475883119,150.756946809,23165.9613736756,C-STMR-STCK
D-MTDT-RSMR,1,231,20200814341,DTway_MtDruittStation_a,-33.7698050109,150.81982582950002,24.5034806632,D-MTDT-RSMR
D-MTDT-RSMR,1,231,20200814344,DTway_GreatWesternHighway_b,-33.779058075,150.8145774056,1441.9770817079002,D-MTDT-RSMR
D-MTDT-RSMR,1,231,20200814346,DTway_RoperRoad_b,-33.7867071871,150.8061185881,2722.1445175254003,D-MTDT-RSMR
D-MTDT-RSMR,1,231,20200814350,DTway_SwallowDr_b,-33.7982460519,150.80382820379998,4135.2754292908,D-MTDT-RSMR
D-MTDT-RSMR,1,231,20200814348,DTway_PeppertreeDr_b,-33.802401747,150.7971591916,4906.4444034831,D-MTDT-RSMR
D-MTDT-RSMR,1,231,20200814340,DTway_StClairConnection_b,-33.8061570892,150.7911754937,5600.0637061713,D-MTDT-RSMR
D-MTDT-RSMR,1,231,20200814338,DTway_ErskineParkRoad_b,-33.81238574530001,150.7862122016,6443.627341579399,D-MTDT-RSMR
D-MTDT-RSMR,1,231,20200814336,DTway_LenoreDrive_b,-33.8143384204,150.7927535633,7126.3417506266005,D-MTDT-RSMR
D-MTDT-RSMR,1,231,20200814334,DTway_ServiceRoadConnection_b,-33.8234008519,150.8044597142,9459.0374850242,D-MTDT-RSMR
D-MTDT-RSMR,1,231,20200814352,DTway_KempsCreek_b,-33.8354404552,150.802335729,10809.7872845689,D-MTDT-RSMR
D-MTDT-RSMR,1,231,20200814332,DTway_AldingtonRoad_b,-33.8499170464,150.7974034128,12689.5022567401,D-MTDT-RSMR
D-MTDT-RSMR,1,231,20200814330,DTway_MetroWestStation_b,-33.8671229735,150.794434502,14617.870911280601,D-MTDT-RSMR
D-MTDT-RSMR,1,231,20200814328,DTway_ElizabethDrive_b,-33.8809591529,150.79269224129996,16215.0303589749,D-MTDT-RSMR
D-MTDT-RSMR,1,231,20200814236,KempsCreek-NE-NS,-33.8900407649,150.7909879137,17234.8995205906,D-MTDT-RSMR
D-MTDT-RSMR,1,231,20200814232,KempsCreek-SE-NS,-33.9022910671,150.7886633592,18610.786916670502,D-MTDT-RSMR
D-MTDT-RSMR,1,231,20200814208,Rossmore-NE-NS,-33.9147165363,150.7861053138,20010.3181519956,D-MTDT-RSMR
D-MTDT-RSMR,1,231,20200814204,Rossmore-SE-NS,-33.9290578714,150.78344752389998,21620.177738611597,D-MTDT-RSMR
D-MTDT-RSMR,1,231,20200814355,RossmoreStation_a,-33.9504846533,150.7810758443,24653.0616363527,D-MTDT-RSMR
D-RSMR-MTDT,1,269,20200814356,RossmoreStation_b,-33.950427411199996,150.7811330864,35.5974601593,D-RSMR-MTDT
D-RSMR-MTDT,1,269,20200814203,Rossmore-SE-SN,-33.9290559691,150.7834246971,3079.0597976003005,D-RSMR-MTDT
D-RSMR-MTDT,1,269,20200814207,Rossmore-NE-SN,-33.9147163842,150.7861036407,4689.0268604757,D-RSMR-MTDT
D-RSMR-MTDT,1,269,20200814231,KempsCreek-SE-SN,-33.902287396300004,150.78863888680002,6088.604886551,D-RSMR-MTDT
D-RSMR-MTDT,1,269,20200814235,KempsCreek-NE-SN,-33.8900314785,150.7909824966,7465.3894832085,D-RSMR-MTDT
D-RSMR-MTDT,1,269,20200814327,DTway_ElizabethDrive_a,-33.8809749106,150.79267254409996,8482.2922688971,D-RSMR-MTDT
D-RSMR-MTDT,1,269,20200814329,DTway_MetroWestStation_a,-33.8672020677,150.7943114667,10071.180160113001,D-RSMR-MTDT
D-RSMR-MTDT,1,269,20200814331,DTway_AldingtonRoad_a,-33.849988198,150.7973124968,12000.846354065,D-RSMR-MTDT
D-RSMR-MTDT,1,269,20200814351,DTway_KempsCreek_a,-33.8354577187,150.8023205371,13887.4807299401,D-RSMR-MTDT
D-RSMR-MTDT,1,269,20200814333,DTway_ServiceRoadConnection_a,-33.8234547736,150.8043852509,15232.0564607923,D-RSMR-MTDT
D-RSMR-MTDT,1,269,20200814335,DTway_LenoreDrive_a,-33.8145138275,150.7927681805,17553.0352678467,D-RSMR-MTDT
D-RSMR-MTDT,1,269,20200814337,DTway_ErskineParkRoad_a,-33.812403837800005,150.78615275479999,18251.3882438825,D-RSMR-MTDT
D-RSMR-MTDT,1,269,20200814339,DTway_StClairConnection_a,-33.806179868899996,150.79107868,19091.088523611597,D-RSMR-MTDT
D-RSMR-MTDT,1,269,20200814347,DTway_PeppertreeDr_a,-33.802458103,150.7969641132,19774.914948858503,D-RSMR-MTDT
D-RSMR-MTDT,1,269,20200814349,DTway_SwallowDr_a,-33.7981020624,150.8036842143,20563.4020663459,D-RSMR-MTDT
D-RSMR-MTDT,1,269,20200814345,DTway_RoperRoad_a,-33.7866781317,150.8060507923,21970.7709549316,D-RSMR-MTDT
D-RSMR-MTDT,1,269,20200814343,DTway_GreatWesternHighway_a,-33.778983159,150.8144011325,23273.6066182779,D-RSMR-MTDT
D-RSMR-MTDT,1,269,20200814342,DTway_MtDruittStation_b,-33.7697908108,150.819848144,24717.8232073677,D-RSMR-MTDT
E-BPRK-LPTN,1,138,20200814280,BusinessParkStation_b,-33.8833670638,150.738485555,247.8820314172,E-BPRK-LPTN
E-BPRK-LPTN,1,138,20200814282,25thAv_ETway_Interchange_b,-33.8864285919,150.7604154342,2501.7665643502,E-BPRK-LPTN
E-BPRK-LPTN,1,138,20200814278,20thAv_ETway_Interchange_b,-33.8985853558,150.7589480911,3910.9319900648998,E-BPRK-LPTN
E-BPRK-LPTN,1,138,20200814226,KempsCreek-SW-WE,-33.9009918582,150.77695692059999,5602.212868879399,E-BPRK-LPTN
E-BPRK-LPTN,1,138,20200814230,KempsCreek-SE-WE,-33.9020838387,150.7884978785,6685.7588910367,E-BPRK-LPTN
E-BPRK-LPTN,1,138,20200814220,Austral-NE-NS,-33.9189789888,150.8148766917,10823.6534261241,E-BPRK-LPTN
E-BPRK-LPTN,1,138,20200814216,Austral-SE-NS,-33.933253868,150.8120214573,12429.0714615304,E-BPRK-LPTN
E-BPRK-LPTN,1,138,20200814357,LeppingtonStation_a,-33.9540455449,150.808130441,14865.605942869599,E-BPRK-LPTN
E-LPTN-BPRK,1,136,20200814358,LeppingtonStation_b,-33.9536052379,150.80825827209998,7.3019372299,E-LPTN-BPRK
E-LPTN-BPRK,1,136,20200814215,Austral-SE-SN,-33.9332832281,150.8119840899,2370.587812357,E-LPTN-BPRK
E-LPTN-BPRK,1,136,20200814219,Austral-NE-SN,-33.9189857288,150.8148680923,3978.9136757692,E-LPTN-BPRK
E-LPTN-BPRK,1,136,20200814229,KempsCreek-SE-EW,-33.9021045164,150.78849486299998,8117.6003105520995,E-LPTN-BPRK
E-LPTN-BPRK,1,136,20200814225,KempsCreek-SW-EW,-33.9009991284,150.7769496504,9201.4255956245,E-LPTN-BPRK
E-LPTN-BPRK,1,136,20200814277,20thAv_ETway_Interchange_a,-33.8985989882,150.7589480911,10892.2865532862,E-LPTN-BPRK
E-LPTN-BPRK,1,136,20200814281,25thAv_ETway_Interchange_a,-33.8865447221,150.76052100709998,12290.1541140101,E-LPTN-BPRK
E-LPTN-BPRK,1,136,20200814279,BusinessParkStation_a,-33.8834322139,150.7384801258,14560.152347041201,E-LPTN-BPRK
KempsCreek-NE-E-to,1,293,20200814291,ETWay_Cabramatta_a,-33.8951539015,150.93850338200002,23.681002083000003,KempsCreek-NE-E
KempsCreek-NE-E-to,1,293,20200814293,ETway_CabramattaWest_a,-33.899333793400004,150.9218006275,1785.4067560757,KempsCreek-NE-E
KempsCreek-NE-E-to,1,293,20200814295,ETway_TownviewRoad_a,-33.8969491058,150.9126529596,2702.5768445283998,KempsCreek-NE-E
KempsCreek-NE-E-to,1,293,20200814287,ETway_MountPritchard_a,-33.89485316010001,150.9031357264,3633.3629640695003,KempsCreek-NE-E
KempsCreek-NE-E-to,1,293,20200814289,ETway_Bonnyrigg_a,-33.893275058,150.8916244061,4712.5552009564,KempsCreek-NE-E
KempsCreek-NE-E-to,1,293,20200814285,ETway_LPTway_a,-33.8894346824,150.88310527040002,5646.838455374101,KempsCreek-NE-E
KempsCreek-NE-E-to,1,293,20200814297,ETway_BonnyriggHeights_a,-33.8854468556,150.8696643103,6985.7512093795995,KempsCreek-NE-E
KempsCreek-NE-E-to,1,293,20200814300,ETway_CecilHills_a,-33.883727278,150.8574727438,8164.776590234201,KempsCreek-NE-E
KempsCreek-NE-E-to,1,293,20200814301,ETway_CecilRoad_a,-33.8747565834,150.8387649123,10271.1116156395,KempsCreek-NE-E
KempsCreek-NE-E-to,1,293,20200814283,ETway_MamreRoad_a,-33.880601892399994,150.8090608429,13277.1710874658,KempsCreek-NE-E
KempsCreek-NE-E-to,1,293,20200814328,DTway_ElizabethDrive_b,-33.8809591529,150.79269224129996,14836.753982936001,KempsCreek-NE-E
KempsCreek-NE-E-to,1,293,20200814183,KempsCreek-NE-4a,-33.885913179,150.7919007513,15409.0257784251,KempsCreek-NE-E
KempsCreek-NE-E-to,1,293,20200814185,KempsCreek-NE-5a,-33.887610234200004,150.7951700248,15794.851402016202,KempsCreek-NE-E
KempsCreek-NE-E-to,1,293,20200814187,KempsCreek-NE-6a,-33.8907365553,150.7957812267,16174.106646973301,KempsCreek-NE-E
KempsCreek-NE-E-to,1,293,20200814189,KempsCreek-NE-7a,-33.8933560332,150.79375583610002,16548.1282853732,KempsCreek-NE-E
KempsCreek-NE-E-from,1,279,20200814191,KempsCreek-NE-8a,-33.8938743168,150.7900336467,19240.801737726946,KempsCreek-NE-E
KempsCreek-NE-E-from,1,279,20200814177,KempsCreek-NE-1a,-33.8921671489,150.786844086,19619.841163107845,KempsCreek-NE-E
KempsCreek-NE-E-from,1,279,20200814179,KempsCreek-NE-2a,-33.889055006,150.78623894129998,19996.989043540245,KempsCreek-NE-E
KempsCreek-NE-E-from,1,279,20200814181,KempsCreek-NE-3a,-33.886447071999996,150.7882490025,20368.868169792146,KempsCreek-NE-E
KempsCreek-NE-E-from,1,279,20200814327,DTway_ElizabethDrive_a,-33.8809749106,150.79267254409996,21274.847274876643,KempsCreek-NE-E
KempsCreek-NE-E-from,1,279,20200814284,ETway_MamreRoad_b,-33.8804628803,150.8091859539,22853.581560611245,KempsCreek-NE-E
KempsCreek-NE-E-from,1,279,20200814302,ETway_CecilRoad_b,-33.8746762203,150.8388988509,25858.144009974447,KempsCreek-NE-E
KempsCreek-NE-E-from,1,279,20200814299,ETway_CecilHills_b,-33.8835274651,150.8578880411,27980.177747035745,KempsCreek-NE-E
KempsCreek-NE-E-from,1,279,20200814298,ETway_BonnyriggHeights_b,-33.8853638624,150.8698816733,29141.178555855244,KempsCreek-NE-E
KempsCreek-NE-E-from,1,279,20200814286,ETway_LPTway_b,-33.8894283686,150.8831936629,30472.487096364748,KempsCreek-NE-E
KempsCreek-NE-E-from,1,279,20200814290,ETway_Bonnyrigg_b,-33.8932547877,150.8916649466,31383.534078342345,KempsCreek-NE-E
KempsCreek-NE-E-from,1,279,20200814288,ETway_MountPritchard_b,-33.8948067793,150.9032200551,32466.205616608746,KempsCreek-NE-E
KempsCreek-NE-E-from,1,279,20200814296,ETway_TownviewRoad_b,-33.8969404578,150.9126904339,33392.242197522144,KempsCreek-NE-E
KempsCreek-NE-E-from,1,279,20200814294,ETway_CabramattaWest_b,-33.8992627794,150.9218340458,34305.76243612345,KempsCreek-NE-E
KempsCreek-NE-E-from,1,279,20200814292,ETway_Cabramatta_b,-33.8951986512,150.9384586324,35955.105098229644,KempsCreek-NE-E
KempsCreek-NE-N-to,1,189,20200814341,DTway_MtDruittStation_a,-33.7698050109,150.81982582950002,24.5034806632,KempsCreek-NE-N
KempsCreek-NE-N-to,1,189,20200814344,DTway_GreatWesternHighway_b,-33.779058075,150.8145774056,1441.9770817079002,KempsCreek-NE-N
KempsCreek-NE-N-to,1,189,20200814346,DTway_RoperRoad_b,-33.7867071871,150.8061185881,2722.1445175254003,KempsCreek-NE-N
KempsCreek-NE-N-to,1,189,20200814350,DTway_SwallowDr_b,-33.7982460519,150.80382820379998,4135.2754292908,KempsCreek-NE-N
KempsCreek-NE-N-to,1,189,20200814348,DTway_PeppertreeDr_b,-33.802401747,150.7971591916,4906.4444034831,KempsCreek-NE-N
KempsCreek-NE-N-to,1,189,20200814340,DTway_StClairConnection_b,-33.8061570892,150.7911754937,5600.0637061713,KempsCreek-NE-N
KempsCreek-NE-N-to,1,189,20200814338,DTway_ErskineParkRoad_b,-33.81238574530001,150.7862122016,6443.627341579399,KempsCreek-NE-N
KempsCreek-NE-N-to,1,189,20200814336,DTway_LenoreDrive_b,-33.8143384204,150.7927535633,7126.3417506266005,KempsCreek-NE-N
KempsCreek-NE-N-to,1,189,20200814334,DTway_ServiceRoadConnection_b,-33.8234008519,150.8044597142,9459.0374850242,KempsCreek-NE-N
KempsCreek-NE-N-to,1,189,20200814352,DTway_KempsCreek_b,-33.8354404552,150.802335729,10809.7872845689,KempsCreek-NE-N
KempsCreek-NE-N-to,1,189,20200814332,DTway_AldingtonRoad_b,-33.8499170464,150.7974034128,12689.5022567401,KempsCreek-NE-N
KempsCreek-NE-N-to,1,189,20200814330,DTway_MetroWestStation_b,-33.8671229735,150.794434502,14617.870911280601,KempsCreek-NE-N
KempsCreek-NE-N-to,1,189,20200814328,DTway_ElizabethDrive_b,-33.8809591529,150.79269224129996,16215.0303589749,KempsCreek-NE-N
KempsCreek-NE-N-to,1,189,20200814183,KempsCreek-NE-4a,-33.885913179,150.7919007513,16787.302154464,KempsCreek-NE-N
KempsCreek-NE-N-to,1,189,20200814185,KempsCreek-NE-5a,-33.887610234200004,150.7951700248,17173.1277780551,KempsCreek-NE-N
KempsCreek-NE-N-to,1,189,20200814187,KempsCreek-NE-6a,-33.8907365553,150.7957812267,17552.3830230122,KempsCreek-NE-N
KempsCreek-NE-N-to,1,189,20200814189,KempsCreek-NE-7a,-33.8933560332,150.79375583610002,17926.4046614121,KempsCreek-NE-N
KempsCreek-NE-N-from,1,225,20200814191,KempsCreek-NE-8a,-33.8938743168,150.7900336467,17954.865126321845,KempsCreek-NE-N
KempsCreek-NE-N-from,1,225,20200814177,KempsCreek-NE-1a,-33.8921671489,150.786844086,18333.904551702744,KempsCreek-NE-N
KempsCreek-NE-N-from,1,225,20200814179,KempsCreek-NE-2a,-33.889055006,150.78623894129998,18711.052432135144,KempsCreek-NE-N
KempsCreek-NE-N-from,1,225,20200814181,KempsCreek-NE-3a,-33.886447071999996,150.7882490025,19082.931558387045,KempsCreek-NE-N
KempsCreek-NE-N-from,1,225,20200814327,DTway_ElizabethDrive_a,-33.8809749106,150.79267254409996,19988.910663471543,KempsCreek-NE-N
KempsCreek-NE-N-from,1,225,20200814329,DTway_MetroWestStation_a,-33.8672020677,150.7943114667,21577.798554687444,KempsCreek-NE-N
KempsCreek-NE-N-from,1,225,20200814331,DTway_AldingtonRoad_a,-33.849988198,150.7973124968,23507.464748639442,KempsCreek-NE-N
KempsCreek-NE-N-from,1,225,20200814351,DTway_KempsCreek_a,-33.8354577187,150.8023205371,25394.099124514443,KempsCreek-NE-N
KempsCreek-NE-N-from,1,225,20200814333,DTway_ServiceRoadConnection_a,-33.8234547736,150.8043852509,26738.674855366742,KempsCreek-NE-N
KempsCreek-NE-N-from,1,225,20200814335,DTway_LenoreDrive_a,-33.8145138275,150.7927681805,29059.653662421144,KempsCreek-NE-N
KempsCreek-NE-N-from,1,225,20200814337,DTway_ErskineParkRoad_a,-33.812403837800005,150.78615275479999,29758.006638456845,KempsCreek-NE-N
KempsCreek-NE-N-from,1,225,20200814339,DTway_StClairConnection_a,-33.806179868899996,150.79107868,30597.706918185944,KempsCreek-NE-N
KempsCreek-NE-N-from,1,225,20200814347,DTway_PeppertreeDr_a,-33.802458103,150.7969641132,31281.533343432944,KempsCreek-NE-N
KempsCreek-NE-N-from,1,225,20200814349,DTway_SwallowDr_a,-33.7981020624,150.8036842143,32070.02046092024,KempsCreek-NE-N
KempsCreek-NE-N-from,1,225,20200814345,DTway_RoperRoad_a,-33.7866781317,150.8060507923,33477.389349505946,KempsCreek-NE-N
KempsCreek-NE-N-from,1,225,20200814343,DTway_GreatWesternHighway_a,-33.778983159,150.8144011325,34780.225012852345,KempsCreek-NE-N
KempsCreek-NE-N-from,1,225,20200814342,DTway_MtDruittStation_b,-33.7697908108,150.819848144,36224.44160194215,KempsCreek-NE-N
KempsCreek-NE-S-to,1,54,20200814356,RossmoreStation_b,-33.950427411199996,150.7811330864,35.5974601593,KempsCreek-NE-S
KempsCreek-NE-S-to,1,54,20200814203,Rossmore-SE-SN,-33.9290559691,150.7834246971,3079.0604961092,KempsCreek-NE-S
KempsCreek-NE-S-to,1,54,20200814207,Rossmore-NE-SN,-33.9147163842,150.7861036407,4689.0275588423,KempsCreek-NE-S
KempsCreek-NE-S-to,1,54,20200814231,KempsCreek-SE-SN,-33.902287396300004,150.78863888680002,6088.6055850754,KempsCreek-NE-S
KempsCreek-NE-S-to,1,54,20200814191,KempsCreek-NE-8a,-33.8938743168,150.7900336467,7048.320040132099,KempsCreek-NE-S
KempsCreek-NE-S-to,1,54,20200814177,KempsCreek-NE-1a,-33.8921671489,150.786844086,7427.359465513001,KempsCreek-NE-S
KempsCreek-NE-S-to,1,54,20200814179,KempsCreek-NE-2a,-33.889055006,150.78623894129998,7804.507345945401,KempsCreek-NE-S
KempsCreek-NE-S-from,1,53,20200814183,KempsCreek-NE-4a,-33.885913179,150.7919007513,8018.344910661118,KempsCreek-NE-S
KempsCreek-NE-S-to,1,54,20200814181,KempsCreek-NE-3a,-33.886447071999996,150.7882490025,8176.3864721973,KempsCreek-NE-S
KempsCreek-NE-S-from,1,53,20200814185,KempsCreek-NE-5a,-33.887610234200004,150.7951700248,8404.170534252218,KempsCreek-NE-S
KempsCreek-NE-S-from,1,53,20200814187,KempsCreek-NE-6a,-33.8907365553,150.7957812267,8783.425779209218,KempsCreek-NE-S
KempsCreek-NE-S-from,1,53,20200814189,KempsCreek-NE-7a,-33.8933560332,150.79375583610002,9157.447417609217,KempsCreek-NE-S
KempsCreek-NE-S-from,1,53,20200814232,KempsCreek-SE-NS,-33.9022910671,150.7886633592,10459.132024027818,KempsCreek-NE-S
KempsCreek-NE-S-from,1,53,20200814208,Rossmore-NE-NS,-33.9147165363,150.7861053138,11858.660136995219,KempsCreek-NE-S
KempsCreek-NE-S-from,1,53,20200814204,Rossmore-SE-NS,-33.9290578714,150.78344752389998,13468.519723617917,KempsCreek-NE-S
KempsCreek-NE-S-from,1,53,20200814355,RossmoreStation_a,-33.9504846533,150.7810758443,16501.403621587717,KempsCreek-NE-S
KempsCreek-NE-W-to,1,26,20200814280,BusinessParkStation_b,-33.8833670638,150.738485555,247.8820314172,KempsCreek-NE-W
KempsCreek-NE-W-to,1,26,20200814282,25thAv_ETway_Interchange_b,-33.8864285919,150.7604154342,2501.7665648726997,KempsCreek-NE-W
KempsCreek-NE-W-to,1,26,20200814238,KempsCreek-NW-WE,-33.8879571925,150.7769522291,4150.6828566964,KempsCreek-NE-W
KempsCreek-NE-W-to,1,26,20200814179,KempsCreek-NE-2a,-33.889055006,150.78623894129998,5038.8704534121,KempsCreek-NE-W
KempsCreek-NE-W-to,1,26,20200814181,KempsCreek-NE-3a,-33.886447071999996,150.7882490025,5410.7495796640005,KempsCreek-NE-W
KempsCreek-NE-W-to,1,26,20200814183,KempsCreek-NE-4a,-33.885913179,150.7919007513,5781.7620872642,KempsCreek-NE-W
KempsCreek-NE-W-to,1,26,20200814185,KempsCreek-NE-5a,-33.887610234200004,150.7951700248,6167.5877108554005,KempsCreek-NE-W
KempsCreek-NE-W-from,1,25,20200814187,KempsCreek-NE-6a,-33.8907365553,150.7957812267,7419.270420810628,KempsCreek-NE-W
KempsCreek-NE-W-from,1,25,20200814189,KempsCreek-NE-7a,-33.8933560332,150.79375583610002,7793.292059210628,KempsCreek-NE-W
KempsCreek-NE-W-from,1,25,20200814191,KempsCreek-NE-8a,-33.8938743168,150.7900336467,8170.113650532929,KempsCreek-NE-W
KempsCreek-NE-W-from,1,25,20200814177,KempsCreek-NE-1a,-33.8921671489,150.786844086,8549.153075913828,KempsCreek-NE-W
KempsCreek-NE-W-from,1,25,20200814237,KempsCreek-NW-EW,-33.8879607334,150.7769515628,9774.656574516128,KempsCreek-NE-W
KempsCreek-NE-W-from,1,25,20200814281,25thAv_ETway_Interchange_a,-33.8865447221,150.76052100709998,11412.061130500828,KempsCreek-NE-W
KempsCreek-NE-W-from,1,25,20200814279,BusinessParkStation_a,-33.8834322139,150.7384801258,13682.05936284893,KempsCreek-NE-W
KempsCreek-NW-E-to,1,301,20200814291,ETWay_Cabramatta_a,-33.8951539015,150.93850338200002,23.681002083000003,KempsCreek-NW-E
KempsCreek-NW-E-to,1,301,20200814293,ETway_CabramattaWest_a,-33.899333793400004,150.9218006275,1785.4067560757,KempsCreek-NW-E
KempsCreek-NW-E-to,1,301,20200814295,ETway_TownviewRoad_a,-33.8969491058,150.9126529596,2702.5768445283998,KempsCreek-NW-E
KempsCreek-NW-E-to,1,301,20200814287,ETway_MountPritchard_a,-33.89485316010001,150.9031357264,3633.3629640695003,KempsCreek-NW-E
KempsCreek-NW-E-to,1,301,20200814289,ETway_Bonnyrigg_a,-33.893275058,150.8916244061,4712.5552009564,KempsCreek-NW-E
KempsCreek-NW-E-to,1,301,20200814285,ETway_LPTway_a,-33.8894346824,150.88310527040002,5646.838455374101,KempsCreek-NW-E
KempsCreek-NW-E-to,1,301,20200814297,ETway_BonnyriggHeights_a,-33.8854468556,150.8696643103,6985.7512093795995,KempsCreek-NW-E
KempsCreek-NW-E-to,1,301,20200814300,ETway_CecilHills_a,-33.883727278,150.8574727438,8164.776590234201,KempsCreek-NW-E
KempsCreek-NW-E-to,1,301,20200814301,ETway_CecilRoad_a,-33.8747565834,150.8387649123,10271.1116156395,KempsCreek-NW-E
KempsCreek-NW-E-to,1,301,20200814283,ETway_MamreRoad_a,-33.880601892399994,150.8090608429,13277.1710874658,KempsCreek-NW-E
KempsCreek-NW-E-to,1,301,20200814328,DTway_ElizabethDrive_b,-33.8809591529,150.79269224129996,14836.753982936001,KempsCreek-NW-E
KempsCreek-NW-E-to,1,301,20200814233,KempsCreek-NE-EW,-33.8898777318,150.7908531487,15855.1145053711,KempsCreek-NW-E
KempsCreek-NW-E-to,1,301,20200814175,KempsCreek-NW-8a,-33.888825948400005,150.7819104562,16710.8524119139,KempsCreek-NW-E
KempsCreek-NW-E-to,1,301,20200814173,KempsCreek-NW-7a,-33.8914372108,150.7799050441,17082.878350215902,KempsCreek-NW-E
KempsCreek-NW-E-to,1,301,20200814162,KempsCreek-NW-1b,-33.8919627665,150.77616166339996,17461.9765963474,KempsCreek-NW-E
KempsCreek-NW-E-to,1,301,20200814164,KempsCreek-NW-2b,-33.8902723407,150.7729892629,17838.7299712344,KempsCreek-NW-E
KempsCreek-NW-E-from,1,286,20200814165,KempsCreek-NW-3a,-33.8871608071,150.7723713623,20643.213155126552,KempsCreek-NW-E
KempsCreek-NW-E-from,1,286,20200814167,KempsCreek-NW-4a,-33.8845172181,150.7744104405,21020.47890632455,KempsCreek-NW-E
KempsCreek-NW-E-from,1,286,20200814170,KempsCreek-NW-5b,-33.8840025964,150.7780291343,21387.65277747355,KempsCreek-NW-E
KempsCreek-NW-E-from,1,286,20200814171,KempsCreek-NW-6a,-33.885691977,150.7812905584,21772.286119105054,KempsCreek-NW-E
KempsCreek-NW-E-from,1,286,20200814234,KempsCreek-NE-WE,-33.889866902,150.7908608198,22968.439610636553,KempsCreek-NW-E
KempsCreek-NW-E-from,1,286,20200814327,DTway_ElizabethDrive_a,-33.8809749106,150.79267254409996,23984.263877784455,KempsCreek-NW-E
KempsCreek-NW-E-from,1,286,20200814284,ETway_MamreRoad_b,-33.8804628803,150.8091859539,25562.998163519052,KempsCreek-NW-E
KempsCreek-NW-E-from,1,286,20200814302,ETway_CecilRoad_b,-33.8746762203,150.8388988509,28567.560612882255,KempsCreek-NW-E
KempsCreek-NW-E-from,1,286,20200814299,ETway_CecilHills_b,-33.8835274651,150.8578880411,30689.594349943553,KempsCreek-NW-E
KempsCreek-NW-E-from,1,286,20200814298,ETway_BonnyriggHeights_b,-33.8853638624,150.8698816733,31850.595158763153,KempsCreek-NW-E
KempsCreek-NW-E-from,1,286,20200814286,ETway_LPTway_b,-33.8894283686,150.8831936629,33181.90369927255,KempsCreek-NW-E
KempsCreek-NW-E-from,1,286,20200814290,ETway_Bonnyrigg_b,-33.8932547877,150.8916649466,34092.95068125025,KempsCreek-NW-E
KempsCreek-NW-E-from,1,286,20200814288,ETway_MountPritchard_b,-33.8948067793,150.9032200551,35175.622219516656,KempsCreek-NW-E
KempsCreek-NW-E-from,1,286,20200814296,ETway_TownviewRoad_b,-33.8969404578,150.9126904339,36101.65880043005,KempsCreek-NW-E
KempsCreek-NW-E-from,1,286,20200814294,ETway_CabramattaWest_b,-33.8992627794,150.9218340458,37015.179039031354,KempsCreek-NW-E
KempsCreek-NW-E-from,1,286,20200814292,ETway_Cabramatta_b,-33.8951986512,150.9384586324,38664.52170113755,KempsCreek-NW-E
KempsCreek-NW-N-to,1,138,20200814320,CTway_StMarysStation_b,-33.7628119754,150.7763125536,16.1034064411,KempsCreek-NW-N
KempsCreek-NW-N-to,1,138,20200814322,CTway_StMarysLibrary_b,-33.7688064026,150.7737289487,861.8715562411,KempsCreek-NW-N
KempsCreek-NW-N-to,1,138,20200814324,CTway_WilsonOval_b,-33.7775932485,150.77221306659996,1846.7594350198,KempsCreek-NW-N
KempsCreek-NW-N-to,1,138,20200814318,CTway_BanksDrive_b,-33.7881825696,150.770419091,3034.0071019131,KempsCreek-NW-N
KempsCreek-NW-N-to,1,138,20200814316,CTway_LuddenhamRoad_b,-33.8033613188,150.7693345138,4755.1147127255,KempsCreek-NW-N
KempsCreek-NW-N-to,1,138,20200814314,CTWay_ErskineParkRoad_b,-33.8179643213,150.7760714532,6536.5083257145,KempsCreek-NW-N
KempsCreek-NW-N-to,1,138,20200814312,CTway_TrainingAcademy_b,-33.827156510500004,150.77892604040002,7611.2268829333,KempsCreek-NW-N
KempsCreek-NW-N-to,1,138,20200814308,CTWay_MamreRoad_b,-33.8423062963,150.7812109244,9334.1685208082,KempsCreek-NW-N
KempsCreek-NW-N-to,1,138,20200814310,CTway_M12_b,-33.8610157133,150.7774726452,11557.214949220801,KempsCreek-NW-N
KempsCreek-NW-N-to,1,138,20200814306,CTway_MetroWestStation_b,-33.8692541104,150.77526076700002,12520.533907486499,KempsCreek-NW-N
KempsCreek-NW-N-to,1,138,20200814326,CTway_ElizabethDrive_b,-33.8772940934,150.7787196416,13807.361138178001,KempsCreek-NW-N
KempsCreek-NW-N-to,1,138,20200814170,KempsCreek-NW-5b,-33.8840025964,150.7780291343,14575.3697586586,KempsCreek-NW-N
KempsCreek-NW-N-from,1,143,20200814162,KempsCreek-NW-1b,-33.8919627665,150.77616166339996,14830.14491070358,KempsCreek-NW-N
KempsCreek-NW-N-to,1,138,20200814171,KempsCreek-NW-6a,-33.885691977,150.7812905584,14960.0031002901,KempsCreek-NW-N
KempsCreek-NW-N-from,1,143,20200814164,KempsCreek-NW-2b,-33.8902723407,150.7729892629,15206.89828559058,KempsCreek-NW-N
KempsCreek-NW-N-to,1,138,20200814175,KempsCreek-NW-8a,-33.888825948400005,150.7819104562,15340.3599958028,KempsCreek-NW-N
KempsCreek-NW-N-from,1,143,20200814165,KempsCreek-NW-3a,-33.8871608071,150.7723713623,15584.64667208418,KempsCreek-NW-N
KempsCreek-NW-N-to,1,138,20200814173,KempsCreek-NW-7a,-33.8914372108,150.7799050441,15712.3859341048,KempsCreek-NW-N
KempsCreek-NW-N-from,1,143,20200814167,KempsCreek-NW-4a,-33.8845172181,150.7744104405,15961.91242328208,KempsCreek-NW-N
KempsCreek-NW-N-from,1,143,20200814325,CTway_ElizabethDrive_a,-33.877289639000004,150.7786755452,17061.83193038578,KempsCreek-NW-N
KempsCreek-NW-N-from,1,143,20200814305,CTway_MetroWestStation_a,-33.8693366129,150.7750977576,18337.53972396798,KempsCreek-NW-N
KempsCreek-NW-N-from,1,143,20200814309,CTway_M12_a,-33.8611149893,150.77733365879996,19299.33590817378,KempsCreek-NW-N
KempsCreek-NW-N-from,1,143,20200814307,CTway_MamreRoad_a,-33.842461926700004,150.781039731,21517.86038595868,KempsCreek-NW-N
KempsCreek-NW-N-from,1,143,20200814311,CTway_TrainingAcademy_a,-33.8272876613,150.778970373,23243.19111733038,KempsCreek-NW-N
KempsCreek-NW-N-from,1,143,20200814313,CTway_ErskineParkRoad_a,-33.8172801276,150.7758564209,24411.93023830138,KempsCreek-NW-N
KempsCreek-NW-N-from,1,143,20200814315,CTway_LuddenhamRoad_a,-33.8036286973,150.7694340034,26086.64476555368,KempsCreek-NW-N
KempsCreek-NW-N-from,1,143,20200814317,CTway_BanksDrive_a,-33.7883272933,150.7703188977,27820.86470470818,KempsCreek-NW-N
KempsCreek-NW-N-from,1,143,20200814323,CTway_WilsonOval_a,-33.7776406092,150.7721841882,29020.71539676968,KempsCreek-NW-N
KempsCreek-NW-N-from,1,143,20200814321,CTway_StMarysLibrary_a,-33.7688712124,150.7736533373,30003.07488405468,KempsCreek-NW-N
KempsCreek-NW-N-from,1,143,20200814319,CTway_StMarysStation_a,-33.762579605,150.7763020595,30859.62890090508,KempsCreek-NW-N
KempsCreek-NW-S-to,1,35,20200814354,SouthCreekStation_b,-33.9474910209,150.7570352553,34.0306956331,KempsCreek-NW-S
KempsCreek-NW-S-to,1,35,20200814199,Rossmore-SW-SN,-33.9260553096,150.7693820919,3348.4884899071003,KempsCreek-NW-S
KempsCreek-NW-S-to,1,35,20200814195,Rossmore-NW-SN,-33.9127122788,150.7716408299,4846.902166021,KempsCreek-NW-S
KempsCreek-NW-S-to,1,35,20200814227,KempsCreek-SW-SN,-33.9008908021,150.77715103559999,6518.5002932065,KempsCreek-NW-S
KempsCreek-NW-S-to,1,35,20200814162,KempsCreek-NW-1b,-33.8919627665,150.77616166339996,7754.3930697078,KempsCreek-NW-S
KempsCreek-NW-S-to,1,35,20200814164,KempsCreek-NW-2b,-33.8902723407,150.7729892629,8131.1464445947995,KempsCreek-NW-S
KempsCreek-NW-S-to,1,35,20200814165,KempsCreek-NW-3a,-33.8871608071,150.7723713623,8508.894831088399,KempsCreek-NW-S
KempsCreek-NW-S-from,1,36,20200814170,KempsCreek-NW-5b,-33.8840025964,150.7780291343,8851.376104455909,KempsCreek-NW-S
KempsCreek-NW-S-to,1,35,20200814167,KempsCreek-NW-4a,-33.8845172181,150.7744104405,8886.1605822863,KempsCreek-NW-S
KempsCreek-NW-S-from,1,36,20200814171,KempsCreek-NW-6a,-33.885691977,150.7812905584,9236.009446087408,KempsCreek-NW-S
KempsCreek-NW-S-from,1,36,20200814175,KempsCreek-NW-8a,-33.888825948400005,150.7819104562,9616.366341600109,KempsCreek-NW-S
KempsCreek-NW-S-from,1,36,20200814173,KempsCreek-NW-7a,-33.8914372108,150.7799050441,9988.392279902007,KempsCreek-NW-S
KempsCreek-NW-S-from,1,36,20200814228,KempsCreek-SW-NS,-33.9008857129,150.7771612139,11567.561640323609,KempsCreek-NW-S
KempsCreek-NW-S-from,1,36,20200814196,Rossmore-NW-NS,-33.9127119275,150.7716446945,13239.775997530709,KempsCreek-NW-S
KempsCreek-NW-S-from,1,36,20200814200,Rossmore-SW-NS,-33.9260098046,150.7694358706,14732.576077284008,KempsCreek-NW-S
KempsCreek-NW-S-from,1,36,20200814353,SouthCreekStation_a,-33.9475883119,150.756946809,18059.28620808111,KempsCreek-NW-S
KempsCreek-NW-W-to,1,19,20200814280,BusinessParkStation_b,-33.8833670638,150.738485555,247.8820314172,KempsCreek-NW-W
KempsCreek-NW-W-to,1,19,20200814282,25thAv_ETway_Interchange_b,-33.8864285919,150.7604154342,2501.7665648726997,KempsCreek-NW-W
KempsCreek-NW-W-to,1,19,20200814165,KempsCreek-NW-3a,-33.8871608071,150.7723713623,3736.5985190512,KempsCreek-NW-W
KempsCreek-NW-W-to,1,19,20200814167,KempsCreek-NW-4a,-33.8845172181,150.7744104405,4113.8642702491,KempsCreek-NW-W
KempsCreek-NW-W-to,1,19,20200814170,KempsCreek-NW-5b,-33.8840025964,150.7780291343,4481.0381413982,KempsCreek-NW-W
KempsCreek-NW-W-to,1,19,20200814171,KempsCreek-NW-6a,-33.885691977,150.7812905584,4865.6714830297,KempsCreek-NW-W
KempsCreek-NW-W-from,1,19,20200814175,KempsCreek-NW-8a,-33.888825948400005,150.7819104562,5865.525556183791,KempsCreek-NW-W
KempsCreek-NW-W-from,1,19,20200814173,KempsCreek-NW-7a,-33.8914372108,150.7799050441,6237.551494485691,KempsCreek-NW-W
KempsCreek-NW-W-from,1,19,20200814162,KempsCreek-NW-1b,-33.8919627665,150.77616166339996,6616.649740617291,KempsCreek-NW-W
KempsCreek-NW-W-from,1,19,20200814164,KempsCreek-NW-2b,-33.8902723407,150.7729892629,6993.403115504291,KempsCreek-NW-W
KempsCreek-NW-W-from,1,19,20200814281,25thAv_ETway_Interchange_a,-33.8865447221,150.76052100709998,8557.818140929492,KempsCreek-NW-W
KempsCreek-NW-W-from,1,19,20200814279,BusinessParkStation_a,-33.8834322139,150.7384801258,10827.81637327759,KempsCreek-NW-W
KempsCreek-SE-E-to,1,243,20200814241,15thAv_LiverpoolStation_a,-33.9229589158,150.926652438,20.871406078299998,KempsCreek-SE-E
KempsCreek-SE-E-to,1,243,20200814244,15thAv-BrickmakersTway_b,-33.9280104982,150.9102681745,1927.6655359613,KempsCreek-SE-E
KempsCreek-SE-E-to,1,243,20200814246,15thAv_MaxwellsTway_b,-33.9265808476,150.898368081,3042.12045841,KempsCreek-SE-E
KempsCreek-SE-E-to,1,243,20200814248,15thAv_AshTway_b,-33.927846709899995,150.8820714551,4562.5231306009,KempsCreek-SE-E
KempsCreek-SE-E-to,1,243,20200814250,15thAv_MillerTway_b,-33.9273033547,150.8713840906,5559.3422203379005,KempsCreek-SE-E
KempsCreek-SE-E-to,1,243,20200814251,15thAv_HoxtonPark_a,-33.9266754507,150.8581175471,6808.219492958199,KempsCreek-SE-E
KempsCreek-SE-E-to,1,243,20200814253,15thAv_MiddletonGrange_a,-33.9222476604,150.8396292901,8696.1135498667,KempsCreek-SE-E
KempsCreek-SE-E-to,1,243,20200814217,Austral-NE-EW,-33.9187794474,150.81478074950002,11026.088686621799,KempsCreek-SE-E
KempsCreek-SE-E-to,1,243,20200814222,Austral-NW-EW,-33.9169063557,150.80124081489996,12295.4372388434,KempsCreek-SE-E
KempsCreek-SE-E-to,1,243,20200814141,KempsCreek-SE-7a,-33.902936559699995,150.7934739086,14690.1494282333,KempsCreek-SE-E
KempsCreek-SE-E-to,1,243,20200814143,KempsCreek-SE-8a,-33.905589923899996,150.79148818799996,15063.656109380701,KempsCreek-SE-E
KempsCreek-SE-E-to,1,243,20200814129,KempsCreek-SE-1a,-33.9064354223,150.7876797448,15471.0260171324,KempsCreek-SE-E
KempsCreek-SE-E-to,1,243,20200814131,KempsCreek-SE-2a,-33.9044518748,150.7845456333,15850.328772031202,KempsCreek-SE-E
KempsCreek-SE-E-from,1,244,20200814133,KempsCreek-SE-3a,-33.9013275963,150.7838795522,18490.80267482561,KempsCreek-SE-E
KempsCreek-SE-E-from,1,244,20200814135,KempsCreek-SE-4a,-33.898642083,150.78591515809998,18869.84065474301,KempsCreek-SE-E
KempsCreek-SE-E-from,1,244,20200814137,KempsCreek-SE-5a,-33.898131282600005,150.7896906126,19249.78445339031,KempsCreek-SE-E
KempsCreek-SE-E-from,1,244,20200814140,KempsCreek-SE-6b,-33.8998239235,150.7928598395,19624.88703570051,KempsCreek-SE-E
KempsCreek-SE-E-from,1,244,20200814221,Austral-NW-WE,-33.9168907038,150.8012431864,22352.35340530811,KempsCreek-SE-E
KempsCreek-SE-E-from,1,244,20200814218,Austral-NE-WE,-33.9187749343,150.81477849290002,23621.48271002821,KempsCreek-SE-E
KempsCreek-SE-E-from,1,244,20200814254,15thAv_MiddletonGrange_b,-33.922206732199996,150.83964293280002,25952.25601528711,KempsCreek-SE-E
KempsCreek-SE-E-from,1,244,20200814252,15thAv_HoxtonPark_b,-33.926374513,150.8607374752,28073.906691606513,KempsCreek-SE-E
KempsCreek-SE-E-from,1,244,20200814249,15thAv_MillerTway_a,-33.9269647039,150.87097446499996,29037.53538847081,KempsCreek-SE-E
KempsCreek-SE-E-from,1,244,20200814247,15thAv_AshTway_a,-33.9275354765,150.8832335975,30183.217553557013,KempsCreek-SE-E
KempsCreek-SE-E-from,1,244,20200814245,15thAv_MaxwellsTway_a,-33.9263351743,150.8992312574,31674.47323245501,KempsCreek-SE-E
KempsCreek-SE-E-from,1,244,20200814243,15thAv_BrickmakersTway_a,-33.9278430218,150.91032024700002,32713.74801884791,KempsCreek-SE-E
KempsCreek-SE-E-from,1,244,20200814242,15thAv_LiverpoolStation_b,-33.923102999,150.92683215989996,34564.91063969571,KempsCreek-SE-E
KempsCreek-SE-N-to,1,202,20200814341,DTway_MtDruittStation_a,-33.7698050109,150.81982582950002,24.5034806632,KempsCreek-SE-N
KempsCreek-SE-N-to,1,202,20200814344,DTway_GreatWesternHighway_b,-33.779058075,150.8145774056,1441.9770817079002,KempsCreek-SE-N
KempsCreek-SE-N-to,1,202,20200814346,DTway_RoperRoad_b,-33.7867071871,150.8061185881,2722.1445175254003,KempsCreek-SE-N
KempsCreek-SE-N-to,1,202,20200814350,DTway_SwallowDr_b,-33.7982460519,150.80382820379998,4135.2754292908,KempsCreek-SE-N
KempsCreek-SE-N-to,1,202,20200814348,DTway_PeppertreeDr_b,-33.802401747,150.7971591916,4906.4444034831,KempsCreek-SE-N
KempsCreek-SE-N-to,1,202,20200814340,DTway_StClairConnection_b,-33.8061570892,150.7911754937,5600.0637061713,KempsCreek-SE-N
KempsCreek-SE-N-to,1,202,20200814338,DTway_ErskineParkRoad_b,-33.81238574530001,150.7862122016,6443.627341579399,KempsCreek-SE-N
KempsCreek-SE-N-to,1,202,20200814336,DTway_LenoreDrive_b,-33.8143384204,150.7927535633,7126.3417506266005,KempsCreek-SE-N
KempsCreek-SE-N-to,1,202,20200814334,DTway_ServiceRoadConnection_b,-33.8234008519,150.8044597142,9459.0374850242,KempsCreek-SE-N
KempsCreek-SE-N-to,1,202,20200814352,DTway_KempsCreek_b,-33.8354404552,150.802335729,10809.7872845689,KempsCreek-SE-N
KempsCreek-SE-N-to,1,202,20200814332,DTway_AldingtonRoad_b,-33.8499170464,150.7974034128,12689.5022567401,KempsCreek-SE-N
KempsCreek-SE-N-to,1,202,20200814330,DTway_MetroWestStation_b,-33.8671229735,150.794434502,14617.870911280601,KempsCreek-SE-N
KempsCreek-SE-N-to,1,202,20200814328,DTway_ElizabethDrive_b,-33.8809591529,150.79269224129996,16215.0303589749,KempsCreek-SE-N
KempsCreek-SE-N-to,1,202,20200814236,KempsCreek-NE-NS,-33.8900407649,150.7909879137,17234.8995205906,KempsCreek-SE-N
KempsCreek-SE-N-to,1,202,20200814137,KempsCreek-SE-5a,-33.898131282600005,150.7896906126,18165.7486344129,KempsCreek-SE-N
KempsCreek-SE-N-to,1,202,20200814140,KempsCreek-SE-6b,-33.8998239235,150.7928598395,18540.851216723102,KempsCreek-SE-N
KempsCreek-SE-N-to,1,202,20200814141,KempsCreek-SE-7a,-33.902936559699995,150.7934739086,18916.840833677,KempsCreek-SE-N
KempsCreek-SE-N-from,1,233,20200814129,KempsCreek-SE-1a,-33.9064354223,150.7876797448,19183.18770650775,KempsCreek-SE-N
KempsCreek-SE-N-to,1,202,20200814143,KempsCreek-SE-8a,-33.905589923899996,150.79148818799996,19290.347514824498,KempsCreek-SE-N
KempsCreek-SE-N-from,1,233,20200814131,KempsCreek-SE-2a,-33.9044518748,150.7845456333,19562.49046140655,KempsCreek-SE-N
KempsCreek-SE-N-from,1,233,20200814133,KempsCreek-SE-3a,-33.9013275963,150.7838795522,19940.74543527085,KempsCreek-SE-N
KempsCreek-SE-N-from,1,233,20200814135,KempsCreek-SE-4a,-33.898642083,150.78591515809998,20319.78341518825,KempsCreek-SE-N
KempsCreek-SE-N-from,1,233,20200814235,KempsCreek-NE-SN,-33.8900314785,150.7909824966,21583.42166847835,KempsCreek-SE-N
KempsCreek-SE-N-from,1,233,20200814327,DTway_ElizabethDrive_a,-33.8809749106,150.79267254409996,22600.324454162248,KempsCreek-SE-N
KempsCreek-SE-N-from,1,233,20200814329,DTway_MetroWestStation_a,-33.8672020677,150.7943114667,24189.212345378248,KempsCreek-SE-N
KempsCreek-SE-N-from,1,233,20200814331,DTway_AldingtonRoad_a,-33.849988198,150.7973124968,26118.87853933015,KempsCreek-SE-N
KempsCreek-SE-N-from,1,233,20200814351,DTway_KempsCreek_a,-33.8354577187,150.8023205371,28005.51291520525,KempsCreek-SE-N
KempsCreek-SE-N-from,1,233,20200814333,DTway_ServiceRoadConnection_a,-33.8234547736,150.8043852509,29350.08864605755,KempsCreek-SE-N
KempsCreek-SE-N-from,1,233,20200814335,DTway_LenoreDrive_a,-33.8145138275,150.7927681805,31671.06745311185,KempsCreek-SE-N
KempsCreek-SE-N-from,1,233,20200814337,DTway_ErskineParkRoad_a,-33.812403837800005,150.78615275479999,32369.42042914765,KempsCreek-SE-N
KempsCreek-SE-N-from,1,233,20200814339,DTway_StClairConnection_a,-33.806179868899996,150.79107868,33209.12070887675,KempsCreek-SE-N
KempsCreek-SE-N-from,1,233,20200814347,DTway_PeppertreeDr_a,-33.802458103,150.7969641132,33892.94713412365,KempsCreek-SE-N
KempsCreek-SE-N-from,1,233,20200814349,DTway_SwallowDr_a,-33.7981020624,150.8036842143,34681.43425161105,KempsCreek-SE-N
KempsCreek-SE-N-from,1,233,20200814345,DTway_RoperRoad_a,-33.7866781317,150.8060507923,36088.803140196746,KempsCreek-SE-N
KempsCreek-SE-N-from,1,233,20200814343,DTway_GreatWesternHighway_a,-33.778983159,150.8144011325,37391.63880354305,KempsCreek-SE-N
KempsCreek-SE-N-from,1,233,20200814342,DTway_MtDruittStation_b,-33.7697908108,150.819848144,38835.855392632846,KempsCreek-SE-N
KempsCreek-SE-S-to,1,42,20200814356,RossmoreStation_b,-33.950427411199996,150.7811330864,35.5974601593,KempsCreek-SE-S
KempsCreek-SE-S-to,1,42,20200814203,Rossmore-SE-SN,-33.9290559691,150.7834246971,3079.0604961020003,KempsCreek-SE-S
KempsCreek-SE-S-to,1,42,20200814207,Rossmore-NE-SN,-33.9147163842,150.7861036407,4689.0275588419,KempsCreek-SE-S
KempsCreek-SE-S-to,1,42,20200814129,KempsCreek-SE-1a,-33.9064354223,150.7876797448,5633.7970954973,KempsCreek-SE-S
KempsCreek-SE-S-to,1,42,20200814131,KempsCreek-SE-2a,-33.9044518748,150.7845456333,6013.0998503962,KempsCreek-SE-S
KempsCreek-SE-S-to,1,42,20200814133,KempsCreek-SE-3a,-33.9013275963,150.7838795522,6391.3548242604,KempsCreek-SE-S
KempsCreek-SE-S-to,1,42,20200814135,KempsCreek-SE-4a,-33.898642083,150.78591515809998,6770.3928041779,KempsCreek-SE-S
KempsCreek-SE-S-from,1,42,20200814137,KempsCreek-SE-5a,-33.898131282600005,150.7896906126,6781.299518209822,KempsCreek-SE-S
KempsCreek-SE-S-from,1,42,20200814140,KempsCreek-SE-6b,-33.8998239235,150.7928598395,7156.402100520022,KempsCreek-SE-S
KempsCreek-SE-S-from,1,42,20200814141,KempsCreek-SE-7a,-33.902936559699995,150.7934739086,7532.391717473922,KempsCreek-SE-S
KempsCreek-SE-S-from,1,42,20200814143,KempsCreek-SE-8a,-33.905589923899996,150.79148818799996,7905.898398621422,KempsCreek-SE-S
KempsCreek-SE-S-from,1,42,20200814208,Rossmore-NE-NS,-33.9147165363,150.7861053138,9226.542712001123,KempsCreek-SE-S
KempsCreek-SE-S-from,1,42,20200814204,Rossmore-SE-NS,-33.9290578714,150.78344752389998,10836.402298630523,KempsCreek-SE-S
KempsCreek-SE-S-from,1,42,20200814355,RossmoreStation_a,-33.9504846533,150.7810758443,13869.286196356921,KempsCreek-SE-S
KempsCreek-SE-W-to,1,29,20200814257,AerotropolisStation_a,-33.9204971934,150.7367745059,22.032113392,KempsCreek-SE-W
KempsCreek-SE-W-to,1,29,20200814256,15thAv_Bringelly_b,-33.9101853275,150.7459844104,1939.6769210092002,KempsCreek-SE-W
KempsCreek-SE-W-to,1,29,20200814278,20thAv_ETway_Interchange_b,-33.8985853558,150.7589480911,4394.1219487248,KempsCreek-SE-W
KempsCreek-SE-W-to,1,29,20200814226,KempsCreek-SW-WE,-33.9009918582,150.77695692059999,6085.4028275517,KempsCreek-SE-W
KempsCreek-SE-W-to,1,29,20200814133,KempsCreek-SE-3a,-33.9013275963,150.7838795522,6755.26823764,KempsCreek-SE-W
KempsCreek-SE-W-to,1,29,20200814135,KempsCreek-SE-4a,-33.898642083,150.78591515809998,7134.3062175574,KempsCreek-SE-W
KempsCreek-SE-W-to,1,29,20200814137,KempsCreek-SE-5a,-33.898131282600005,150.7896906126,7514.2500162047,KempsCreek-SE-W
KempsCreek-SE-W-to,1,29,20200814140,KempsCreek-SE-6b,-33.8998239235,150.7928598395,7889.3525985149,KempsCreek-SE-W
KempsCreek-SE-W-from,1,30,20200814141,KempsCreek-SE-7a,-33.902936559699995,150.7934739086,8793.197529963649,KempsCreek-SE-W
KempsCreek-SE-W-from,1,30,20200814143,KempsCreek-SE-8a,-33.905589923899996,150.79148818799996,9166.70421111105,KempsCreek-SE-W
KempsCreek-SE-W-from,1,30,20200814129,KempsCreek-SE-1a,-33.9064354223,150.7876797448,9574.074118862749,KempsCreek-SE-W
KempsCreek-SE-W-from,1,30,20200814131,KempsCreek-SE-2a,-33.9044518748,150.7845456333,9953.376873761548,KempsCreek-SE-W
KempsCreek-SE-W-from,1,30,20200814225,KempsCreek-SW-EW,-33.9009991284,150.7769496504,10964.471987469748,KempsCreek-SE-W
KempsCreek-SE-W-from,1,30,20200814277,20thAv_ETway_Interchange_a,-33.8985989882,150.7589480911,12655.33294512015,KempsCreek-SE-W
KempsCreek-SE-W-from,1,30,20200814255,15thAv_Bringelly_a,-33.9101916325,150.7459960408,15110.50977943475,KempsCreek-SE-W
KempsCreek-SE-W-from,1,30,20200814258,AerotropolisStation_b,-33.9204212028,150.7368808928,17017.719130239948,KempsCreek-SE-W
KempsCreek-SW-E-to,1,294,20200814241,15thAv_LiverpoolStation_a,-33.9229589158,150.926652438,20.871406078299998,KempsCreek-SW-E
KempsCreek-SW-E-to,1,294,20200814244,15thAv-BrickmakersTway_b,-33.9280104982,150.9102681745,1927.6655359613,KempsCreek-SW-E
KempsCreek-SW-E-to,1,294,20200814246,15thAv_MaxwellsTway_b,-33.9265808476,150.898368081,3042.12045841,KempsCreek-SW-E
KempsCreek-SW-E-to,1,294,20200814248,15thAv_AshTway_b,-33.927846709899995,150.8820714551,4562.5231306009,KempsCreek-SW-E
KempsCreek-SW-E-to,1,294,20200814250,15thAv_MillerTway_b,-33.9273033547,150.8713840906,5559.3422203379005,KempsCreek-SW-E
KempsCreek-SW-E-to,1,294,20200814251,15thAv_HoxtonPark_a,-33.9266754507,150.8581175471,6808.219492958199,KempsCreek-SW-E
KempsCreek-SW-E-to,1,294,20200814253,15thAv_MiddletonGrange_a,-33.9222476604,150.8396292901,8696.1135498667,KempsCreek-SW-E
KempsCreek-SW-E-to,1,294,20200814217,Austral-NE-EW,-33.9187794474,150.81478074950002,11026.0885510447,KempsCreek-SW-E
KempsCreek-SW-E-to,1,294,20200814222,Austral-NW-EW,-33.9169063557,150.80124081489996,12295.437485871298,KempsCreek-SW-E
KempsCreek-SW-E-to,1,294,20200814229,KempsCreek-SE-EW,-33.9021045164,150.78849486299998,15136.197328601202,KempsCreek-SW-E
KempsCreek-SW-E-to,1,294,20200814157,KempsCreek-SW-7a,-33.9038332167,150.7798375456,16202.226425961799,KempsCreek-SW-E
KempsCreek-SW-E-to,1,294,20200814159,KempsCreek-SW-8a,-33.9022031397,150.7776373092,16880.4880924557,KempsCreek-SW-E
KempsCreek-SW-E-to,1,294,20200814145,KempsCreek-SW-1a,-33.9045232393,150.7739526028,17725.789208148202,KempsCreek-SW-E
KempsCreek-SW-E-to,1,294,20200814147,KempsCreek-SW-2a,-33.9027468581,150.7709849094,18177.942084506598,KempsCreek-SW-E
KempsCreek-SW-E-from,1,283,20200814149,KempsCreek-SW-3a,-33.8975695104,150.7727061775,21250.71342505287,KempsCreek-SW-E
KempsCreek-SW-E-from,1,283,20200814151,KempsCreek-SW-4a,-33.895210882600004,150.7764249486,21857.640739436367,KempsCreek-SW-E
KempsCreek-SW-E-from,1,283,20200814153,KempsCreek-SW-5a,-33.8957041553,150.7804052193,22229.905300396666,KempsCreek-SW-E
KempsCreek-SW-E-from,1,283,20200814155,KempsCreek-SW-6a,-33.8998167903,150.780533486,22753.95222706577,KempsCreek-SW-E
KempsCreek-SW-E-from,1,283,20200814230,KempsCreek-SE-WE,-33.9020838387,150.7884978785,23673.553546247767,KempsCreek-SW-E
KempsCreek-SW-E-from,1,283,20200814221,Austral-NW-WE,-33.9168907038,150.8012431864,26514.271508818867,KempsCreek-SW-E
KempsCreek-SW-E-from,1,283,20200814218,Austral-NE-WE,-33.9187749343,150.81477849290002,27783.404517309667,KempsCreek-SW-E
KempsCreek-SW-E-from,1,283,20200814254,15thAv_MiddletonGrange_b,-33.922206732199996,150.83964293280002,30114.180889030868,KempsCreek-SW-E
KempsCreek-SW-E-from,1,283,20200814252,15thAv_HoxtonPark_b,-33.926374513,150.8607374752,32235.831565350265,KempsCreek-SW-E
KempsCreek-SW-E-from,1,283,20200814249,15thAv_MillerTway_a,-33.9269647039,150.87097446499996,33199.46026221457,KempsCreek-SW-E
KempsCreek-SW-E-from,1,283,20200814247,15thAv_AshTway_a,-33.9275354765,150.8832335975,34345.142427300765,KempsCreek-SW-E
KempsCreek-SW-E-from,1,283,20200814245,15thAv_MaxwellsTway_a,-33.9263351743,150.8992312574,35836.39810619877,KempsCreek-SW-E
KempsCreek-SW-E-from,1,283,20200814243,15thAv_BrickmakersTway_a,-33.9278430218,150.91032024700002,36875.67289259167,KempsCreek-SW-E
KempsCreek-SW-E-from,1,283,20200814242,15thAv_LiverpoolStation_b,-33.923102999,150.92683215989996,38726.835513439466,KempsCreek-SW-E
KempsCreek-SW-N-to,1,144,20200814320,CTway_StMarysStation_b,-33.7628119754,150.7763125536,16.1034064411,KempsCreek-SW-N
KempsCreek-SW-N-to,1,144,20200814322,CTway_StMarysLibrary_b,-33.7688064026,150.7737289487,861.8715562411,KempsCreek-SW-N
KempsCreek-SW-N-to,1,144,20200814324,CTway_WilsonOval_b,-33.7775932485,150.77221306659996,1846.7594350198,KempsCreek-SW-N
KempsCreek-SW-N-to,1,144,20200814318,CTway_BanksDrive_b,-33.7881825696,150.770419091,3034.0071019131,KempsCreek-SW-N
KempsCreek-SW-N-to,1,144,20200814316,CTway_LuddenhamRoad_b,-33.8033613188,150.7693345138,4755.1147127255,KempsCreek-SW-N
KempsCreek-SW-N-to,1,144,20200814314,CTWay_ErskineParkRoad_b,-33.8179643213,150.7760714532,6536.5083257145,KempsCreek-SW-N
KempsCreek-SW-N-to,1,144,20200814312,CTway_TrainingAcademy_b,-33.827156510500004,150.77892604040002,7611.2268829333,KempsCreek-SW-N
KempsCreek-SW-N-to,1,144,20200814308,CTWay_MamreRoad_b,-33.8423062963,150.7812109244,9334.1685208082,KempsCreek-SW-N
KempsCreek-SW-N-to,1,144,20200814310,CTway_M12_b,-33.8610157133,150.7774726452,11557.214949220801,KempsCreek-SW-N
KempsCreek-SW-N-to,1,144,20200814306,CTway_MetroWestStation_b,-33.8692541104,150.77526076700002,12520.533907486499,KempsCreek-SW-N
KempsCreek-SW-N-to,1,144,20200814326,CTway_ElizabethDrive_b,-33.8772940934,150.7787196416,13807.361138178001,KempsCreek-SW-N
KempsCreek-SW-N-to,1,144,20200814240,KempsCreek-NW-NS,-33.8878248581,150.7771709896,14988.6125116352,KempsCreek-SW-N
KempsCreek-SW-N-to,1,144,20200814153,KempsCreek-SW-5a,-33.8957041553,150.7804052193,16262.6249395436,KempsCreek-SW-N
KempsCreek-SW-N-to,1,144,20200814155,KempsCreek-SW-6a,-33.8998167903,150.780533486,16786.6718662127,KempsCreek-SW-N
KempsCreek-SW-N-to,1,144,20200814157,KempsCreek-SW-7a,-33.9038332167,150.7798375456,17236.8561151597,KempsCreek-SW-N
KempsCreek-SW-N-from,1,151,20200814145,KempsCreek-SW-1a,-33.9045232393,150.7739526028,17245.554590975495,KempsCreek-SW-N
KempsCreek-SW-N-from,1,151,20200814147,KempsCreek-SW-2a,-33.9027468581,150.7709849094,17697.707467333894,KempsCreek-SW-N
KempsCreek-SW-N-to,1,144,20200814159,KempsCreek-SW-8a,-33.9022031397,150.7776373092,17915.117781653502,KempsCreek-SW-N
KempsCreek-SW-N-from,1,151,20200814149,KempsCreek-SW-3a,-33.8975695104,150.7727061775,18363.94761461389,KempsCreek-SW-N
KempsCreek-SW-N-from,1,151,20200814151,KempsCreek-SW-4a,-33.895210882600004,150.7764249486,18970.882988786492,KempsCreek-SW-N
KempsCreek-SW-N-from,1,151,20200814239,KempsCreek-NW-SN,-33.8878244404,150.7771667628,20217.794557485195,KempsCreek-SW-N
KempsCreek-SW-N-from,1,151,20200814325,CTway_ElizabethDrive_a,-33.877289639000004,150.7786755452,21398.956047768093,KempsCreek-SW-N
KempsCreek-SW-N-from,1,151,20200814305,CTway_MetroWestStation_a,-33.8693366129,150.7750977576,22674.663841350295,KempsCreek-SW-N
KempsCreek-SW-N-from,1,151,20200814309,CTway_M12_a,-33.8611149893,150.77733365879996,23636.460025556094,KempsCreek-SW-N
KempsCreek-SW-N-from,1,151,20200814307,CTway_MamreRoad_a,-33.842461926700004,150.781039731,25854.984503340995,KempsCreek-SW-N
KempsCreek-SW-N-from,1,151,20200814311,CTway_TrainingAcademy_a,-33.8272876613,150.778970373,27580.315234712692,KempsCreek-SW-N
KempsCreek-SW-N-from,1,151,20200814313,CTway_ErskineParkRoad_a,-33.8172801276,150.7758564209,28749.054355683595,KempsCreek-SW-N
KempsCreek-SW-N-from,1,151,20200814315,CTway_LuddenhamRoad_a,-33.8036286973,150.7694340034,30423.768882935896,KempsCreek-SW-N
KempsCreek-SW-N-from,1,151,20200814317,CTway_BanksDrive_a,-33.7883272933,150.7703188977,32157.988822090396,KempsCreek-SW-N
KempsCreek-SW-N-from,1,151,20200814323,CTway_WilsonOval_a,-33.7776406092,150.7721841882,33357.83951415189,KempsCreek-SW-N
KempsCreek-SW-N-from,1,151,20200814321,CTway_StMarysLibrary_a,-33.7688712124,150.7736533373,34340.19900143689,KempsCreek-SW-N
KempsCreek-SW-N-from,1,151,20200814319,CTway_StMarysStation_a,-33.762579605,150.7763020595,35196.75301828739,KempsCreek-SW-N
KempsCreek-SW-S-to,1,26,20200814354,SouthCreekStation_b,-33.9474910209,150.7570352553,34.0306956331,KempsCreek-SW-S
KempsCreek-SW-S-to,1,26,20200814199,Rossmore-SW-SN,-33.9260553096,150.7693820919,3348.4884899071003,KempsCreek-SW-S
KempsCreek-SW-S-to,1,26,20200814195,Rossmore-NW-SN,-33.9127122788,150.7716408299,4846.902166021,KempsCreek-SW-S
KempsCreek-SW-S-to,1,26,20200814145,KempsCreek-SW-1a,-33.9045232393,150.7739526028,6661.0836226226,KempsCreek-SW-S
KempsCreek-SW-S-to,1,26,20200814147,KempsCreek-SW-2a,-33.9027468581,150.7709849094,7113.236498981099,KempsCreek-SW-S
KempsCreek-SW-S-to,1,26,20200814149,KempsCreek-SW-3a,-33.8975695104,150.7727061775,7779.4766462611,KempsCreek-SW-S
KempsCreek-SW-S-to,1,26,20200814151,KempsCreek-SW-4a,-33.895210882600004,150.7764249486,8386.4120204337,KempsCreek-SW-S
KempsCreek-SW-S-from,1,24,20200814153,KempsCreek-SW-5a,-33.8957041553,150.7804052193,8451.067770304822,KempsCreek-SW-S
KempsCreek-SW-S-from,1,24,20200814155,KempsCreek-SW-6a,-33.8998167903,150.780533486,8975.114696973922,KempsCreek-SW-S
KempsCreek-SW-S-from,1,24,20200814157,KempsCreek-SW-7a,-33.9038332167,150.7798375456,9425.298945920822,KempsCreek-SW-S
KempsCreek-SW-S-from,1,24,20200814159,KempsCreek-SW-8a,-33.9022031397,150.7776373092,10103.560612414622,KempsCreek-SW-S
KempsCreek-SW-S-from,1,24,20200814196,Rossmore-NW-NS,-33.9127119275,150.7716446945,11976.502680891721,KempsCreek-SW-S
KempsCreek-SW-S-from,1,24,20200814200,Rossmore-SW-NS,-33.9260098046,150.7694358706,13469.302760645021,KempsCreek-SW-S
KempsCreek-SW-S-from,1,24,20200814353,SouthCreekStation_a,-33.9475883119,150.756946809,16796.01289144202,KempsCreek-SW-S
KempsCreek-SW-W-to,1,16,20200814257,AerotropolisStation_a,-33.9204971934,150.7367745059,22.032113392,KempsCreek-SW-W
KempsCreek-SW-W-to,1,16,20200814256,15thAv_Bringelly_b,-33.9101853275,150.7459844104,1939.6769209922,KempsCreek-SW-W
KempsCreek-SW-W-to,1,16,20200814278,20thAv_ETway_Interchange_b,-33.8985853558,150.7589480911,4394.121948739,KempsCreek-SW-W
KempsCreek-SW-W-to,1,16,20200814149,KempsCreek-SW-3a,-33.8975695104,150.7727061775,5933.5424694782,KempsCreek-SW-W
KempsCreek-SW-W-to,1,16,20200814151,KempsCreek-SW-4a,-33.895210882600004,150.7764249486,6540.4778436507995,KempsCreek-SW-W
KempsCreek-SW-W-to,1,16,20200814153,KempsCreek-SW-5a,-33.8957041553,150.7804052193,6912.7191042189,KempsCreek-SW-W
KempsCreek-SW-W-to,1,16,20200814155,KempsCreek-SW-6a,-33.8998167903,150.780533486,7436.766030888,KempsCreek-SW-W
KempsCreek-SW-W-from,1,19,20200814157,KempsCreek-SW-7a,-33.9038332167,150.7798375456,8145.156076084497,KempsCreek-SW-W
KempsCreek-SW-W-from,1,19,20200814159,KempsCreek-SW-8a,-33.9022031397,150.7776373092,8823.417742578296,KempsCreek-SW-W
KempsCreek-SW-W-from,1,19,20200814145,KempsCreek-SW-1a,-33.9045232393,150.7739526028,9668.718858270797,KempsCreek-SW-W
KempsCreek-SW-W-from,1,19,20200814147,KempsCreek-SW-2a,-33.9027468581,150.7709849094,10120.871734629196,KempsCreek-SW-W
KempsCreek-SW-W-from,1,19,20200814277,20thAv_ETway_Interchange_a,-33.8985989882,150.7589480911,11586.589909837596,KempsCreek-SW-W
KempsCreek-SW-W-from,1,19,20200814255,15thAv_Bringelly_a,-33.9101916325,150.7459960408,14041.766744137698,KempsCreek-SW-W
KempsCreek-SW-W-from,1,19,20200814258,AerotropolisStation_b,-33.9204212028,150.7368808928,15948.976094957296,KempsCreek-SW-W
MG-AERO,1,215,202008269,Swoffer Av near Reardon Av,-33.918367604256204,150.84468098474883,99.5227892486,MG-AERO
MG-AERO,1,215,2020082611,Kelsey St,-33.91822422928559,150.84253213763387,313.5976678086,MG-AERO
MG-AERO,1,215,202008282,Bryant Av,-33.920370618247496,150.8403736275316,750.0202109516999,MG-AERO
MG-AERO,1,215,20200814253,15thAv_MiddletonGrange_a,-33.9222476604,150.8396292901,1016.615989126,MG-AERO
MG-AERO,1,215,20200814217,Austral-NE-EW,-33.9187794474,150.81478074950002,3346.5910381903996,MG-AERO
MG-AERO,1,215,20200814222,Austral-NW-EW,-33.9169063557,150.80124081489996,4615.9998407424,MG-AERO
MG-AERO,1,215,20200814205,Rossmore-NE-EW,-33.9148143064,150.78590399520002,6053.3120409045,MG-AERO
MG-AERO,1,215,20200814194,Rossmore-NW-EW,-33.9128621998,150.7714053563,7411.6507898989,MG-AERO
MG-AERO,1,215,20200814255,15thAv_Bringelly_a,-33.9101916325,150.7459960408,9878.7205320247,MG-AERO
MG-AERO,1,215,20200814258,AerotropolisStation_b,-33.9204212028,150.7368808928,11785.9298918459,MG-AERO
Rossmore-NE-E-to,1,260,20200814241,15thAv_LiverpoolStation_a,-33.9229589158,150.926652438,20.871406078299998,Rossmore-NE-E
Rossmore-NE-E-to,1,260,20200814244,15thAv-BrickmakersTway_b,-33.9280104982,150.9102681745,1927.6655359613,Rossmore-NE-E
Rossmore-NE-E-to,1,260,20200814246,15thAv_MaxwellsTway_b,-33.9265808476,150.898368081,3042.12045841,Rossmore-NE-E
Rossmore-NE-E-to,1,260,20200814248,15thAv_AshTway_b,-33.927846709899995,150.8820714551,4562.5231306009,Rossmore-NE-E
Rossmore-NE-E-to,1,260,20200814250,15thAv_MillerTway_b,-33.9273033547,150.8713840906,5559.3422203379005,Rossmore-NE-E
Rossmore-NE-E-to,1,260,20200814251,15thAv_HoxtonPark_a,-33.9266754507,150.8581175471,6808.219492958199,Rossmore-NE-E
Rossmore-NE-E-to,1,260,20200814253,15thAv_MiddletonGrange_a,-33.9222476604,150.8396292901,8696.1135498667,Rossmore-NE-E
Rossmore-NE-E-to,1,260,20200814217,Austral-NE-EW,-33.9187794474,150.81478074950002,11026.0915883374,Rossmore-NE-E
Rossmore-NE-E-to,1,260,20200814222,Austral-NW-EW,-33.9169063557,150.80124081489996,12295.440143808899,Rossmore-NE-E
Rossmore-NE-E-to,1,260,20200814125,Rossmore-NE-7a,-33.9156404025,150.7908576732,13283.776025340401,Rossmore-NE-E
Rossmore-NE-E-to,1,260,20200814127,Rossmore-NE-8a,-33.9182840018,150.78885095639998,13659.105248316499,Rossmore-NE-E
Rossmore-NE-E-to,1,260,20200814113,Rossmore-NE-1a,-33.9188209732,150.785112516,14037.727432057,Rossmore-NE-E
Rossmore-NE-E-to,1,260,20200814115,Rossmore-NE-2a,-33.9171312256,150.7819236697,14415.2401242962,Rossmore-NE-E
Rossmore-NE-E-from,1,261,20200814117,Rossmore-NE-3a,-33.9140569813,150.7813021366,17229.055308686777,Rossmore-NE-E
Rossmore-NE-E-from,1,261,20200814120,Rossmore-NE-4b,-33.9113860701,150.7833202581,17607.930518865876,Rossmore-NE-E
Rossmore-NE-E-from,1,261,20200814121,Rossmore-NE-5a,-33.9108540804,150.78703492260001,17984.322631799874,Rossmore-NE-E
Rossmore-NE-E-from,1,261,20200814124,Rossmore-NE-6b,-33.912541745300004,150.7902257877,18362.381781753775,Rossmore-NE-E
Rossmore-NE-E-from,1,261,20200814221,Austral-NW-WE,-33.9168907038,150.8012431864,19691.990852213676,Rossmore-NE-E
Rossmore-NE-E-from,1,261,20200814218,Austral-NE-WE,-33.9187749343,150.81477849290002,20961.123860041676,Rossmore-NE-E
Rossmore-NE-E-from,1,261,20200814254,15thAv_MiddletonGrange_b,-33.922206732199996,150.83964293280002,23291.900067007577,Rossmore-NE-E
Rossmore-NE-E-from,1,261,20200814252,15thAv_HoxtonPark_b,-33.926374513,150.8607374752,25413.550743326876,Rossmore-NE-E
Rossmore-NE-E-from,1,261,20200814249,15thAv_MillerTway_a,-33.9269647039,150.87097446499996,26377.179440191278,Rossmore-NE-E
Rossmore-NE-E-from,1,261,20200814247,15thAv_AshTway_a,-33.9275354765,150.8832335975,27522.861605277474,Rossmore-NE-E
Rossmore-NE-E-from,1,261,20200814245,15thAv_MaxwellsTway_a,-33.9263351743,150.8992312574,29014.117284175474,Rossmore-NE-E
Rossmore-NE-E-from,1,261,20200814243,15thAv_BrickmakersTway_a,-33.9278430218,150.91032024700002,30053.392070568374,Rossmore-NE-E
Rossmore-NE-E-from,1,261,20200814242,15thAv_LiverpoolStation_b,-33.923102999,150.92683215989996,31904.554691416175,Rossmore-NE-E
Rossmore-NE-N-to,1,206,20200814341,DTway_MtDruittStation_a,-33.7698050109,150.81982582950002,24.5034806632,Rossmore-NE-N
Rossmore-NE-N-to,1,206,20200814344,DTway_GreatWesternHighway_b,-33.779058075,150.8145774056,1441.9770817079002,Rossmore-NE-N
Rossmore-NE-N-to,1,206,20200814346,DTway_RoperRoad_b,-33.7867071871,150.8061185881,2722.1445175254003,Rossmore-NE-N
Rossmore-NE-N-to,1,206,20200814350,DTway_SwallowDr_b,-33.7982460519,150.80382820379998,4135.2754292908,Rossmore-NE-N
Rossmore-NE-N-to,1,206,20200814348,DTway_PeppertreeDr_b,-33.802401747,150.7971591916,4906.4444034831,Rossmore-NE-N
Rossmore-NE-N-to,1,206,20200814340,DTway_StClairConnection_b,-33.8061570892,150.7911754937,5600.0637061713,Rossmore-NE-N
Rossmore-NE-N-to,1,206,20200814338,DTway_ErskineParkRoad_b,-33.81238574530001,150.7862122016,6443.627341579399,Rossmore-NE-N
Rossmore-NE-N-to,1,206,20200814336,DTway_LenoreDrive_b,-33.8143384204,150.7927535633,7126.3417506266005,Rossmore-NE-N
Rossmore-NE-N-to,1,206,20200814334,DTway_ServiceRoadConnection_b,-33.8234008519,150.8044597142,9459.0374850242,Rossmore-NE-N
Rossmore-NE-N-to,1,206,20200814352,DTway_KempsCreek_b,-33.8354404552,150.802335729,10809.7872845689,Rossmore-NE-N
Rossmore-NE-N-to,1,206,20200814332,DTway_AldingtonRoad_b,-33.8499170464,150.7974034128,12689.5022567401,Rossmore-NE-N
Rossmore-NE-N-to,1,206,20200814330,DTway_MetroWestStation_b,-33.8671229735,150.794434502,14617.870911280601,Rossmore-NE-N
Rossmore-NE-N-to,1,206,20200814328,DTway_ElizabethDrive_b,-33.8809591529,150.79269224129996,16215.0303589749,Rossmore-NE-N
Rossmore-NE-N-to,1,206,20200814236,KempsCreek-NE-NS,-33.8900407649,150.7909879137,17234.8995205906,Rossmore-NE-N
Rossmore-NE-N-to,1,206,20200814232,KempsCreek-SE-NS,-33.9022910671,150.7886633592,18610.7913016551,Rossmore-NE-N
Rossmore-NE-N-to,1,206,20200814121,Rossmore-NE-5a,-33.9108540804,150.78703492260001,19590.4995038475,Rossmore-NE-N
Rossmore-NE-N-to,1,206,20200814124,Rossmore-NE-6b,-33.912541745300004,150.7902257877,19968.558653801498,Rossmore-NE-N
Rossmore-NE-N-to,1,206,20200814125,Rossmore-NE-7a,-33.9156404025,150.7908576732,20344.9455039348,Rossmore-NE-N
Rossmore-NE-N-from,1,241,20200814113,Rossmore-NE-1a,-33.9188209732,150.785112516,20426.608359563168,Rossmore-NE-N
Rossmore-NE-N-to,1,206,20200814127,Rossmore-NE-8a,-33.9182840018,150.78885095639998,20720.274726910902,Rossmore-NE-N
Rossmore-NE-N-from,1,241,20200814115,Rossmore-NE-2a,-33.9171312256,150.7819236697,20804.12105180237,Rossmore-NE-N
Rossmore-NE-N-from,1,241,20200814117,Rossmore-NE-3a,-33.9140569813,150.7813021366,21177.15719527397,Rossmore-NE-N
Rossmore-NE-N-from,1,241,20200814120,Rossmore-NE-4b,-33.9113860701,150.7833202581,21556.03240545307,Rossmore-NE-N
Rossmore-NE-N-from,1,241,20200814231,KempsCreek-SE-SN,-33.902287396300004,150.78863888680002,22878.92459375287,Rossmore-NE-N
Rossmore-NE-N-from,1,241,20200814235,KempsCreek-NE-SN,-33.8900314785,150.7909824966,24255.70925107767,Rossmore-NE-N
Rossmore-NE-N-from,1,241,20200814327,DTway_ElizabethDrive_a,-33.8809749106,150.79267254409996,25272.61203676627,Rossmore-NE-N
Rossmore-NE-N-from,1,241,20200814329,DTway_MetroWestStation_a,-33.8672020677,150.7943114667,26861.49992798217,Rossmore-NE-N
Rossmore-NE-N-from,1,241,20200814331,DTway_AldingtonRoad_a,-33.849988198,150.7973124968,28791.16612193417,Rossmore-NE-N
Rossmore-NE-N-from,1,241,20200814351,DTway_KempsCreek_a,-33.8354577187,150.8023205371,30677.80049780917,Rossmore-NE-N
Rossmore-NE-N-from,1,241,20200814333,DTway_ServiceRoadConnection_a,-33.8234547736,150.8043852509,32022.37622866147,Rossmore-NE-N
Rossmore-NE-N-from,1,241,20200814335,DTway_LenoreDrive_a,-33.8145138275,150.7927681805,34343.35503571587,Rossmore-NE-N
Rossmore-NE-N-from,1,241,20200814337,DTway_ErskineParkRoad_a,-33.812403837800005,150.78615275479999,35041.70801175157,Rossmore-NE-N
Rossmore-NE-N-from,1,241,20200814339,DTway_StClairConnection_a,-33.806179868899996,150.79107868,35881.408291480766,Rossmore-NE-N
Rossmore-NE-N-from,1,241,20200814347,DTway_PeppertreeDr_a,-33.802458103,150.7969641132,36565.23471672767,Rossmore-NE-N
Rossmore-NE-N-from,1,241,20200814349,DTway_SwallowDr_a,-33.7981020624,150.8036842143,37353.72183421497,Rossmore-NE-N
Rossmore-NE-N-from,1,241,20200814345,DTway_RoperRoad_a,-33.7866781317,150.8060507923,38761.09072280077,Rossmore-NE-N
Rossmore-NE-N-from,1,241,20200814343,DTway_GreatWesternHighway_a,-33.778983159,150.8144011325,40063.92638614707,Rossmore-NE-N
Rossmore-NE-N-from,1,241,20200814342,DTway_MtDruittStation_b,-33.7697908108,150.819848144,41508.14297523687,Rossmore-NE-N
Rossmore-NE-S-to,1,36,20200814356,RossmoreStation_b,-33.950427411199996,150.7811330864,35.5974601593,Rossmore-NE-S
Rossmore-NE-S-to,1,36,20200814203,Rossmore-SE-SN,-33.9290559691,150.7834246971,3079.0604961092,Rossmore-NE-S
Rossmore-NE-S-to,1,36,20200814113,Rossmore-NE-1a,-33.9188209732,150.785112516,4243.3961311216,Rossmore-NE-S
Rossmore-NE-S-to,1,36,20200814115,Rossmore-NE-2a,-33.9171312256,150.7819236697,4620.9088233608,Rossmore-NE-S
Rossmore-NE-S-to,1,36,20200814117,Rossmore-NE-3a,-33.9140569813,150.7813021366,4993.9449668322995,Rossmore-NE-S
Rossmore-NE-S-to,1,36,20200814120,Rossmore-NE-4b,-33.9113860701,150.7833202581,5372.8201770115,Rossmore-NE-S
Rossmore-NE-S-from,1,36,20200814121,Rossmore-NE-5a,-33.9108540804,150.78703492260001,5543.918314920873,Rossmore-NE-S
Rossmore-NE-S-from,1,36,20200814124,Rossmore-NE-6b,-33.912541745300004,150.7902257877,5921.977464874773,Rossmore-NE-S
Rossmore-NE-S-from,1,36,20200814125,Rossmore-NE-7a,-33.9156404025,150.7908576732,6298.364315008173,Rossmore-NE-S
Rossmore-NE-S-from,1,36,20200814127,Rossmore-NE-8a,-33.9182840018,150.78885095639998,6673.693537984273,Rossmore-NE-S
Rossmore-NE-S-from,1,36,20200814204,Rossmore-SE-NS,-33.9290578714,150.78344752389998,8180.704594296673,Rossmore-NE-S
Rossmore-NE-S-from,1,36,20200814355,RossmoreStation_a,-33.9504846533,150.7810758443,11213.588492266474,Rossmore-NE-S
Rossmore-NE-W-to,1,24,20200814257,AerotropolisStation_a,-33.9204971934,150.7367745059,22.032113392,Rossmore-NE-W
Rossmore-NE-W-to,1,24,20200814256,15thAv_Bringelly_b,-33.9101853275,150.7459844104,1939.6769210176,Rossmore-NE-W
Rossmore-NE-W-to,1,24,20200814193,Rossmore-NW-WE,-33.9128551262,150.7714064944,4406.2104974456,Rossmore-NE-W
Rossmore-NE-W-to,1,24,20200814117,Rossmore-NE-3a,-33.9140569813,150.7813021366,5346.0389536604,Rossmore-NE-W
Rossmore-NE-W-to,1,24,20200814120,Rossmore-NE-4b,-33.9113860701,150.7833202581,5724.914163839499,Rossmore-NE-W
Rossmore-NE-W-to,1,24,20200814121,Rossmore-NE-5a,-33.9108540804,150.78703492260001,6101.3062767734,Rossmore-NE-W
Rossmore-NE-W-to,1,24,20200814124,Rossmore-NE-6b,-33.912541745300004,150.7902257877,6479.3654267274,Rossmore-NE-W
Rossmore-NE-W-from,1,24,20200814125,Rossmore-NE-7a,-33.9156404025,150.7908576732,7525.373930484013,Rossmore-NE-W
Rossmore-NE-W-from,1,24,20200814127,Rossmore-NE-8a,-33.9182840018,150.78885095639998,7900.703153460113,Rossmore-NE-W
Rossmore-NE-W-from,1,24,20200814113,Rossmore-NE-1a,-33.9188209732,150.785112516,8279.325337200613,Rossmore-NE-W
Rossmore-NE-W-from,1,24,20200814115,Rossmore-NE-2a,-33.9171312256,150.7819236697,8656.838029439812,Rossmore-NE-W
Rossmore-NE-W-from,1,24,20200814194,Rossmore-NW-EW,-33.9128621998,150.7714053563,9939.859108980112,Rossmore-NE-W
Rossmore-NE-W-from,1,24,20200814255,15thAv_Bringelly_a,-33.9101916325,150.7459960408,12406.928849587712,Rossmore-NE-W
Rossmore-NE-W-from,1,24,20200814258,AerotropolisStation_b,-33.9204212028,150.7368808928,14314.138200386413,Rossmore-NE-W
Rossmore-NW-E-to,1,256,20200814241,15thAv_LiverpoolStation_a,-33.9229589158,150.926652438,20.871406078299998,Rossmore-NW-E
Rossmore-NW-E-to,1,256,20200814244,15thAv-BrickmakersTway_b,-33.9280104982,150.9102681745,1927.6655359613,Rossmore-NW-E
Rossmore-NW-E-to,1,256,20200814246,15thAv_MaxwellsTway_b,-33.9265808476,150.898368081,3042.12045841,Rossmore-NW-E
Rossmore-NW-E-to,1,256,20200814248,15thAv_AshTway_b,-33.927846709899995,150.8820714551,4562.5231306009,Rossmore-NW-E
Rossmore-NW-E-to,1,256,20200814250,15thAv_MillerTway_b,-33.9273033547,150.8713840906,5559.3422203379005,Rossmore-NW-E
Rossmore-NW-E-to,1,256,20200814251,15thAv_HoxtonPark_a,-33.9266754507,150.8581175471,6808.219492958199,Rossmore-NW-E
Rossmore-NW-E-to,1,256,20200814253,15thAv_MiddletonGrange_a,-33.9222476604,150.8396292901,8696.1135498667,Rossmore-NW-E
Rossmore-NW-E-to,1,256,20200814217,Austral-NE-EW,-33.9187794474,150.81478074950002,11026.0915883301,Rossmore-NW-E
Rossmore-NW-E-to,1,256,20200814222,Austral-NW-EW,-33.9169063557,150.80124081489996,12295.440140538301,Rossmore-NW-E
Rossmore-NW-E-to,1,256,20200814205,Rossmore-NE-EW,-33.9148143064,150.78590399520002,13732.8156462805,Rossmore-NW-E
Rossmore-NW-E-to,1,256,20200814108,Rossmore-NW-6b,-33.9137019566,150.7763813439,14640.990102643998,Rossmore-NW-E
Rossmore-NW-E-to,1,256,20200814109,Rossmore-NW-7a,-33.916340696300004,150.7743620017,15016.6587278159,Rossmore-NW-E
Rossmore-NW-E-to,1,256,20200814112,Rossmore-NW-8b,-33.9168683758,150.7706549235,15392.2658051298,Rossmore-NW-E
Rossmore-NW-E-to,1,256,2020081497,Rossmore-NW-1a,-33.9151747189,150.7674576686,15771.275852741499,Rossmore-NW-E
Rossmore-NW-E-from,1,251,2020081499,Rossmore-NW-2a,-33.912055401799996,150.7668376183,18854.921618792418,Rossmore-NW-E
Rossmore-NW-E-from,1,251,20200814102,Rossmore-NW-3b,-33.9094341064,150.7688497412,19228.305010522217,Rossmore-NW-E
Rossmore-NW-E-from,1,251,20200814103,Rossmore-NW-4a,-33.9089077332,150.7725948486,19607.494080251217,Rossmore-NW-E
Rossmore-NW-E-from,1,251,20200814105,Rossmore-NW-5a,-33.910598047,150.7757585048,19983.431955460615,Rossmore-NW-E
Rossmore-NW-E-from,1,251,20200814206,Rossmore-NE-WE,-33.9148118476,150.78590426600002,21230.796235772916,Rossmore-NW-E
Rossmore-NW-E-from,1,251,20200814221,Austral-NW-WE,-33.9168907038,150.8012431864,22668.104147028418,Rossmore-NW-E
Rossmore-NW-E-from,1,251,20200814218,Austral-NE-WE,-33.9187749343,150.81477849290002,23937.237159511216,Rossmore-NW-E
Rossmore-NW-E-from,1,251,20200814254,15thAv_MiddletonGrange_b,-33.922206732199996,150.83964293280002,26268.010466830016,Rossmore-NW-E
Rossmore-NW-E-from,1,251,20200814252,15thAv_HoxtonPark_b,-33.926374513,150.8607374752,28389.661143149417,Rossmore-NW-E
Rossmore-NW-E-from,1,251,20200814249,15thAv_MillerTway_a,-33.9269647039,150.87097446499996,29353.289840013716,Rossmore-NW-E
Rossmore-NW-E-from,1,251,20200814247,15thAv_AshTway_a,-33.9275354765,150.8832335975,30498.972005100015,Rossmore-NW-E
Rossmore-NW-E-from,1,251,20200814245,15thAv_MaxwellsTway_a,-33.9263351743,150.8992312574,31990.22768399802,Rossmore-NW-E
Rossmore-NW-E-from,1,251,20200814243,15thAv_BrickmakersTway_a,-33.9278430218,150.91032024700002,33029.502470390915,Rossmore-NW-E
Rossmore-NW-E-from,1,251,20200814242,15thAv_LiverpoolStation_b,-33.923102999,150.92683215989996,34880.66509123872,Rossmore-NW-E
Rossmore-NW-N-to,1,161,20200814320,CTway_StMarysStation_b,-33.7628119754,150.7763125536,16.1034064411,Rossmore-NW-N
Rossmore-NW-N-to,1,161,20200814322,CTway_StMarysLibrary_b,-33.7688064026,150.7737289487,861.8715562411,Rossmore-NW-N
Rossmore-NW-N-to,1,161,20200814324,CTway_WilsonOval_b,-33.7775932485,150.77221306659996,1846.7594350198,Rossmore-NW-N
Rossmore-NW-N-to,1,161,20200814318,CTway_BanksDrive_b,-33.7881825696,150.770419091,3034.0071019131,Rossmore-NW-N
Rossmore-NW-N-to,1,161,20200814316,CTway_LuddenhamRoad_b,-33.8033613188,150.7693345138,4755.1147127255,Rossmore-NW-N
Rossmore-NW-N-to,1,161,20200814314,CTWay_ErskineParkRoad_b,-33.8179643213,150.7760714532,6536.5083257145,Rossmore-NW-N
Rossmore-NW-N-to,1,161,20200814312,CTway_TrainingAcademy_b,-33.827156510500004,150.77892604040002,7611.2268829333,Rossmore-NW-N
Rossmore-NW-N-to,1,161,20200814308,CTWay_MamreRoad_b,-33.8423062963,150.7812109244,9334.1685208082,Rossmore-NW-N
Rossmore-NW-N-to,1,161,20200814310,CTway_M12_b,-33.8610157133,150.7774726452,11557.214949220801,Rossmore-NW-N
Rossmore-NW-N-to,1,161,20200814306,CTway_MetroWestStation_b,-33.8692541104,150.77526076700002,12520.533907486499,Rossmore-NW-N
Rossmore-NW-N-to,1,161,20200814326,CTway_ElizabethDrive_b,-33.8772940934,150.7787196416,13807.361138178001,Rossmore-NW-N
Rossmore-NW-N-to,1,161,20200814240,KempsCreek-NW-NS,-33.8878248581,150.7771709896,14988.6407721311,Rossmore-NW-N
Rossmore-NW-N-to,1,161,20200814228,KempsCreek-SW-NS,-33.9008857129,150.7771612139,16674.2368059158,Rossmore-NW-N
Rossmore-NW-N-to,1,161,20200814103,Rossmore-NW-4a,-33.9089077332,150.7725948486,17935.6630414783,Rossmore-NW-N
Rossmore-NW-N-from,1,165,20200814112,Rossmore-NW-8b,-33.9168683758,150.7706549235,17962.455535624005,Rossmore-NW-N
Rossmore-NW-N-to,1,161,20200814105,Rossmore-NW-5a,-33.910598047,150.7757585048,18311.6009166877,Rossmore-NW-N
Rossmore-NW-N-from,1,165,2020081497,Rossmore-NW-1a,-33.9151747189,150.7674576686,18341.465583235706,Rossmore-NW-N
Rossmore-NW-N-to,1,161,20200814108,Rossmore-NW-6b,-33.9137019566,150.7763813439,18688.490377847098,Rossmore-NW-N
Rossmore-NW-N-from,1,165,2020081499,Rossmore-NW-2a,-33.912055401799996,150.7668376183,18719.993600122507,Rossmore-NW-N
Rossmore-NW-N-to,1,161,20200814109,Rossmore-NW-7a,-33.916340696300004,150.7743620017,19064.159003019,Rossmore-NW-N
Rossmore-NW-N-from,1,165,20200814102,Rossmore-NW-3b,-33.9094341064,150.7688497412,19093.376991852205,Rossmore-NW-N
Rossmore-NW-N-from,1,165,20200814227,KempsCreek-SW-SN,-33.9008908021,150.77715103559999,20694.147568347405,Rossmore-NW-N
Rossmore-NW-N-from,1,165,20200814239,KempsCreek-NW-SN,-33.8878244404,150.7771667628,22380.410805972606,Rossmore-NW-N
Rossmore-NW-N-from,1,165,20200814325,CTway_ElizabethDrive_a,-33.877289639000004,150.7786755452,23561.596129584104,Rossmore-NW-N
Rossmore-NW-N-from,1,165,20200814305,CTway_MetroWestStation_a,-33.8693366129,150.7750977576,24837.303923166306,Rossmore-NW-N
Rossmore-NW-N-from,1,165,20200814309,CTway_M12_a,-33.8611149893,150.77733365879996,25799.100107372105,Rossmore-NW-N
Rossmore-NW-N-from,1,165,20200814307,CTway_MamreRoad_a,-33.842461926700004,150.781039731,28017.624585157006,Rossmore-NW-N
Rossmore-NW-N-from,1,165,20200814311,CTway_TrainingAcademy_a,-33.8272876613,150.778970373,29742.955316528605,Rossmore-NW-N
Rossmore-NW-N-from,1,165,20200814313,CTway_ErskineParkRoad_a,-33.8172801276,150.7758564209,30911.694437499606,Rossmore-NW-N
Rossmore-NW-N-from,1,165,20200814315,CTway_LuddenhamRoad_a,-33.8036286973,150.7694340034,32586.408964751907,Rossmore-NW-N
Rossmore-NW-N-from,1,165,20200814317,CTway_BanksDrive_a,-33.7883272933,150.7703188977,34320.62890390641,Rossmore-NW-N
Rossmore-NW-N-from,1,165,20200814323,CTway_WilsonOval_a,-33.7776406092,150.7721841882,35520.4795959679,Rossmore-NW-N
Rossmore-NW-N-from,1,165,20200814321,CTway_StMarysLibrary_a,-33.7688712124,150.7736533373,36502.83908325291,Rossmore-NW-N
Rossmore-NW-N-from,1,165,20200814319,CTway_StMarysStation_a,-33.762579605,150.7763020595,37359.39310010341,Rossmore-NW-N
Rossmore-NW-S-to,1,19,20200814354,SouthCreekStation_b,-33.9474910209,150.7570352553,34.0306956331,Rossmore-NW-S
Rossmore-NW-S-to,1,19,20200814199,Rossmore-SW-SN,-33.9260553096,150.7693820919,3348.4884899071003,Rossmore-NW-S
Rossmore-NW-S-to,1,19,20200814112,Rossmore-NW-8b,-33.9168683758,150.7706549235,4393.9150456354,Rossmore-NW-S
Rossmore-NW-S-to,1,19,2020081497,Rossmore-NW-1a,-33.9151747189,150.7674576686,4772.9250932471,Rossmore-NW-S
Rossmore-NW-S-to,1,19,2020081499,Rossmore-NW-2a,-33.912055401799996,150.7668376183,5151.4531101339,Rossmore-NW-S
Rossmore-NW-S-to,1,19,20200814102,Rossmore-NW-3b,-33.9094341064,150.7688497412,5524.8365018637,Rossmore-NW-S
Rossmore-NW-S-from,1,19,20200814103,Rossmore-NW-4a,-33.9089077332,150.7725948486,5717.841224208716,Rossmore-NW-S
Rossmore-NW-S-from,1,19,20200814105,Rossmore-NW-5a,-33.910598047,150.7757585048,6093.779099418016,Rossmore-NW-S
Rossmore-NW-S-from,1,19,20200814108,Rossmore-NW-6b,-33.9137019566,150.7763813439,6470.6685605775165,Rossmore-NW-S
Rossmore-NW-S-from,1,19,20200814109,Rossmore-NW-7a,-33.916340696300004,150.7743620017,6846.337185749417,Rossmore-NW-S
Rossmore-NW-S-from,1,19,20200814200,Rossmore-SW-NS,-33.9260098046,150.7694358706,8228.536211527116,Rossmore-NW-S
Rossmore-NW-S-from,1,19,20200814353,SouthCreekStation_a,-33.9475883119,150.756946809,11555.246342324215,Rossmore-NW-S
Rossmore-NW-W-to,1,19,20200814257,AerotropolisStation_a,-33.9204971934,150.7367745059,22.032113392,Rossmore-NW-W
Rossmore-NW-W-to,1,19,20200814256,15thAv_Bringelly_b,-33.9101853275,150.7459844104,1939.6769210176,Rossmore-NW-W
Rossmore-NW-W-to,1,19,2020081499,Rossmore-NW-2a,-33.912055401799996,150.7668376183,3995.783989887,Rossmore-NW-W
Rossmore-NW-W-to,1,19,20200814102,Rossmore-NW-3b,-33.9094341064,150.7688497412,4369.1673816166995,Rossmore-NW-W
Rossmore-NW-W-to,1,19,20200814103,Rossmore-NW-4a,-33.9089077332,150.7725948486,4748.3564513457,Rossmore-NW-W
Rossmore-NW-W-to,1,19,20200814105,Rossmore-NW-5a,-33.910598047,150.7757585048,5124.2943265551,Rossmore-NW-W
Rossmore-NW-W-from,1,19,20200814108,Rossmore-NW-6b,-33.9137019566,150.7763813439,5906.275777231274,Rossmore-NW-W
Rossmore-NW-W-from,1,19,20200814109,Rossmore-NW-7a,-33.916340696300004,150.7743620017,6281.9444024031745,Rossmore-NW-W
Rossmore-NW-W-from,1,19,20200814112,Rossmore-NW-8b,-33.9168683758,150.7706549235,6657.551479716974,Rossmore-NW-W
Rossmore-NW-W-from,1,19,2020081497,Rossmore-NW-1a,-33.9151747189,150.7674576686,7036.561527328675,Rossmore-NW-W
Rossmore-NW-W-from,1,19,20200814255,15thAv_Bringelly_a,-33.9101916325,150.7459960408,9430.616581056674,Rossmore-NW-W
Rossmore-NW-W-from,1,19,20200814258,AerotropolisStation_b,-33.9204212028,150.7368808928,11337.825931855274,Rossmore-NW-W
Rossmore-SE-E-to,1,414,20200814270,10thAv_CasulaStation_b,-33.9500427156,150.9114065805,15.594795266199998,Rossmore-SE-E
Rossmore-SE-E-to,1,414,20200814271,10thAv_CasulaMall_a,-33.9469468448,150.9003094168,1698.1450359833,Rossmore-SE-E
Rossmore-SE-E-to,1,414,20200814267,10thAv_Lurnea_a,-33.9455312436,150.8912687464,2559.6927207107,Rossmore-SE-E
Rossmore-SE-E-to,1,414,20200814273,10thAv_NexusIndustryPark_a,-33.9442255875,150.8817342343,3475.8887896797996,Rossmore-SE-E
Rossmore-SE-E-to,1,414,20200814265,10thAv_Prestons_a,-33.9421996047,150.8670714794,4864.2589465128,Rossmore-SE-E
Rossmore-SE-E-to,1,414,20200814275,10thAv_PrestonsIndustrial_a,-33.9410118447,150.8581734898,5697.4201460374,Rossmore-SE-E
Rossmore-SE-E-to,1,414,20200814263,10thAv_CarnesHill_a,-33.9360313244,150.845044866,7115.3599534305,Rossmore-SE-E
Rossmore-SE-E-to,1,414,20200814261,10thAv_WestHoxton_a,-33.9342480631,150.8353444034,8304.7206447183,Rossmore-SE-E
Rossmore-SE-E-to,1,414,20200814213,Austral-SE-EW,-33.933077706999995,150.8118719874,10851.9525869845,Rossmore-SE-E
Rossmore-SE-E-to,1,414,20200814209,Austral-SW-EW,-33.9391658289,150.79723976969998,13271.1379123753,Rossmore-SE-E
Rossmore-SE-E-to,1,414,2020081477,Rossmore-SE-7a,-33.9300197166,150.7881925273,15177.6432736026,Rossmore-SE-E
Rossmore-SE-E-to,1,414,2020081479,Rossmore-SE-8a,-33.9326910134,150.7861760899,15555.6205368253,Rossmore-SE-E
Rossmore-SE-E-to,1,414,2020081465,Rossmore-SE-1a,-33.9332285483,150.7824681956,15930.4373243252,Rossmore-SE-E
Rossmore-SE-E-to,1,414,2020081467,Rossmore-SE-2a,-33.9315427458,150.7792571976,16309.266700195702,Rossmore-SE-E
Rossmore-SE-E-from,1,387,2020081469,Rossmore-SE-3a,-33.9284345962,150.77861920709998,18612.75631311029,Rossmore-SE-E
Rossmore-SE-E-from,1,387,2020081471,Rossmore-SE-4a,-33.925776106,150.78062725200002,18988.97202662569,Rossmore-SE-E
Rossmore-SE-E-from,1,387,2020081474,Rossmore-SE-5b,-33.9252391222,150.7843416878,19364.34302528109,Rossmore-SE-E
Rossmore-SE-E-from,1,387,2020081476,Rossmore-SE-6b,-33.9269237475,150.7875499143,19742.85498807779,Rossmore-SE-E
Rossmore-SE-E-from,1,387,20200814210,Austral-SW-WE,-33.9391228264,150.7971875523,21983.00764258899,Rossmore-SE-E
Rossmore-SE-E-from,1,387,20200814214,Austral-SE-WE,-33.9330483468,150.8118292817,24403.28929953529,Rossmore-SE-E
Rossmore-SE-E-from,1,387,20200814262,10thAv_WestHoxton_b,-33.9342259287,150.83536232169996,26957.22651857889,Rossmore-SE-E
Rossmore-SE-E-from,1,387,20200814264,10thAv_CarnesHill_b,-33.9359639627,150.8455352592,28131.87184245239,Rossmore-SE-E
Rossmore-SE-E-from,1,387,20200814276,10thAv_PrestonsIndustrial_b,-33.9409881116,150.8582141752,29512.15893229339,Rossmore-SE-E
Rossmore-SE-E-from,1,387,20200814266,10thAv_Prestons_b,-33.9422410921,150.8676134086,30392.17584276919,Rossmore-SE-E
Rossmore-SE-E-from,1,387,20200814274,10thAv_NexusIndustryPark_b,-33.9441822285,150.881802886,31728.46311643309,Rossmore-SE-E
Rossmore-SE-E-from,1,387,20200814268,10thAv_Lurnea_b,-33.9455176307,150.89142699639999,32655.38027303759,Rossmore-SE-E
Rossmore-SE-E-from,1,387,20200814272,10thAv_CasulaMall_b,-33.946912830500004,150.9003706425,33504.832224513186,Rossmore-SE-E
Rossmore-SE-E-from,1,387,20200814269,10thAv_CasulaStation_a,-33.950015598200004,150.9113921744,35155.04690241329,Rossmore-SE-E
Rossmore-SE-N-to,1,217,20200814341,DTway_MtDruittStation_a,-33.7698050109,150.81982582950002,24.5034806632,Rossmore-SE-N
Rossmore-SE-N-to,1,217,20200814344,DTway_GreatWesternHighway_b,-33.779058075,150.8145774056,1441.9770817079002,Rossmore-SE-N
Rossmore-SE-N-to,1,217,20200814346,DTway_RoperRoad_b,-33.7867071871,150.8061185881,2722.1445175254003,Rossmore-SE-N
Rossmore-SE-N-to,1,217,20200814350,DTway_SwallowDr_b,-33.7982460519,150.80382820379998,4135.2754292908,Rossmore-SE-N
Rossmore-SE-N-to,1,217,20200814348,DTway_PeppertreeDr_b,-33.802401747,150.7971591916,4906.4444034831,Rossmore-SE-N
Rossmore-SE-N-to,1,217,20200814340,DTway_StClairConnection_b,-33.8061570892,150.7911754937,5600.0637061713,Rossmore-SE-N
Rossmore-SE-N-to,1,217,20200814338,DTway_ErskineParkRoad_b,-33.81238574530001,150.7862122016,6443.627341579399,Rossmore-SE-N
Rossmore-SE-N-to,1,217,20200814336,DTway_LenoreDrive_b,-33.8143384204,150.7927535633,7126.3417506266005,Rossmore-SE-N
Rossmore-SE-N-to,1,217,20200814334,DTway_ServiceRoadConnection_b,-33.8234008519,150.8044597142,9459.0374850242,Rossmore-SE-N
Rossmore-SE-N-to,1,217,20200814352,DTway_KempsCreek_b,-33.8354404552,150.802335729,10809.7872845689,Rossmore-SE-N
Rossmore-SE-N-to,1,217,20200814332,DTway_AldingtonRoad_b,-33.8499170464,150.7974034128,12689.5022567401,Rossmore-SE-N
Rossmore-SE-N-to,1,217,20200814330,DTway_MetroWestStation_b,-33.8671229735,150.794434502,14617.870911280601,Rossmore-SE-N
Rossmore-SE-N-to,1,217,20200814328,DTway_ElizabethDrive_b,-33.8809591529,150.79269224129996,16215.0303589749,Rossmore-SE-N
Rossmore-SE-N-to,1,217,20200814236,KempsCreek-NE-NS,-33.8900407649,150.7909879137,17234.8995205906,Rossmore-SE-N
Rossmore-SE-N-to,1,217,20200814232,KempsCreek-SE-NS,-33.9022910671,150.7886633592,18610.7970974938,Rossmore-SE-N
Rossmore-SE-N-to,1,217,20200814208,Rossmore-NE-NS,-33.9147165363,150.7861053138,20010.323731578897,Rossmore-SE-N
Rossmore-SE-N-to,1,217,2020081474,Rossmore-SE-5b,-33.9252391222,150.7843416878,21207.77971826,Rossmore-SE-N
Rossmore-SE-N-to,1,217,2020081476,Rossmore-SE-6b,-33.9269237475,150.7875499143,21586.2916810568,Rossmore-SE-N
Rossmore-SE-N-from,1,255,2020081465,Rossmore-SE-1a,-33.9332285483,150.7824681956,21855.23352516915,Rossmore-SE-N
Rossmore-SE-N-to,1,217,2020081477,Rossmore-SE-7a,-33.9300197166,150.7881925273,21961.8277348129,Rossmore-SE-N
Rossmore-SE-N-from,1,255,2020081467,Rossmore-SE-2a,-33.9315427458,150.7792571976,22234.06290103975,Rossmore-SE-N
Rossmore-SE-N-to,1,217,2020081479,Rossmore-SE-8a,-33.9326910134,150.7861760899,22339.8049980357,Rossmore-SE-N
Rossmore-SE-N-from,1,255,2020081469,Rossmore-SE-3a,-33.9284345962,150.77861920709998,22611.01831643005,Rossmore-SE-N
Rossmore-SE-N-from,1,255,2020081471,Rossmore-SE-4a,-33.925776106,150.78062725200002,22987.23402994545,Rossmore-SE-N
Rossmore-SE-N-from,1,255,20200814207,Rossmore-NE-SN,-33.9147163842,150.7861036407,24524.65015240935,Rossmore-SE-N
Rossmore-SE-N-from,1,255,20200814231,KempsCreek-SE-SN,-33.902287396300004,150.78863888680002,25924.22817864245,Rossmore-SE-N
Rossmore-SE-N-from,1,255,20200814235,KempsCreek-NE-SN,-33.8900314785,150.7909824966,27301.01283595405,Rossmore-SE-N
Rossmore-SE-N-from,1,255,20200814327,DTway_ElizabethDrive_a,-33.8809749106,150.79267254409996,28317.90660717665,Rossmore-SE-N
Rossmore-SE-N-from,1,255,20200814329,DTway_MetroWestStation_a,-33.8672020677,150.7943114667,29906.79449839255,Rossmore-SE-N
Rossmore-SE-N-from,1,255,20200814331,DTway_AldingtonRoad_a,-33.849988198,150.7973124968,31836.46069234455,Rossmore-SE-N
Rossmore-SE-N-from,1,255,20200814351,DTway_KempsCreek_a,-33.8354577187,150.8023205371,33723.095068219554,Rossmore-SE-N
Rossmore-SE-N-from,1,255,20200814333,DTway_ServiceRoadConnection_a,-33.8234547736,150.8043852509,35067.67079907185,Rossmore-SE-N
Rossmore-SE-N-from,1,255,20200814335,DTway_LenoreDrive_a,-33.8145138275,150.7927681805,37388.64960612625,Rossmore-SE-N
Rossmore-SE-N-from,1,255,20200814337,DTway_ErskineParkRoad_a,-33.812403837800005,150.78615275479999,38087.00258216195,Rossmore-SE-N
Rossmore-SE-N-from,1,255,20200814339,DTway_StClairConnection_a,-33.806179868899996,150.79107868,38926.70286189115,Rossmore-SE-N
Rossmore-SE-N-from,1,255,20200814347,DTway_PeppertreeDr_a,-33.802458103,150.7969641132,39610.52928713805,Rossmore-SE-N
Rossmore-SE-N-from,1,255,20200814349,DTway_SwallowDr_a,-33.7981020624,150.8036842143,40399.01640462535,Rossmore-SE-N
Rossmore-SE-N-from,1,255,20200814345,DTway_RoperRoad_a,-33.7866781317,150.8060507923,41806.38529321115,Rossmore-SE-N
Rossmore-SE-N-from,1,255,20200814343,DTway_GreatWesternHighway_a,-33.778983159,150.8144011325,43109.22095655745,Rossmore-SE-N
Rossmore-SE-N-from,1,255,20200814342,DTway_MtDruittStation_b,-33.7697908108,150.819848144,44553.43754564725,Rossmore-SE-N
Rossmore-SE-S-to,1,27,20200814356,RossmoreStation_b,-33.950427411199996,150.7811330864,35.5974601593,Rossmore-SE-S
Rossmore-SE-S-to,1,27,2020081465,Rossmore-SE-1a,-33.9332285483,150.7824681956,2626.7177222503,Rossmore-SE-S
Rossmore-SE-S-to,1,27,2020081467,Rossmore-SE-2a,-33.9315427458,150.7792571976,3005.5470981209,Rossmore-SE-S
Rossmore-SE-S-to,1,27,2020081469,Rossmore-SE-3a,-33.9284345962,150.77861920709998,3382.5025135111,Rossmore-SE-S
Rossmore-SE-S-to,1,27,2020081471,Rossmore-SE-4a,-33.925776106,150.78062725200002,3758.7182270265002,Rossmore-SE-S
Rossmore-SE-S-from,1,26,2020081474,Rossmore-SE-5b,-33.9252391222,150.7843416878,4116.829163817315,Rossmore-SE-S
Rossmore-SE-S-from,1,26,2020081476,Rossmore-SE-6b,-33.9269237475,150.7875499143,4495.341126614115,Rossmore-SE-S
Rossmore-SE-S-from,1,26,2020081477,Rossmore-SE-7a,-33.9300197166,150.7881925273,4870.877180370215,Rossmore-SE-S
Rossmore-SE-S-from,1,26,2020081479,Rossmore-SE-8a,-33.9326910134,150.7861760899,5248.854443592915,Rossmore-SE-S
Rossmore-SE-S-from,1,26,20200814355,RossmoreStation_a,-33.9504846533,150.7810758443,8169.2234440918155,Rossmore-SE-S
Rossmore-SE-W-to,1,25,20200814260,10thAv_AerotropolisSouth_b,-33.9344828308,150.7409651684,47.945026401199996,Rossmore-SE-W
Rossmore-SE-W-to,1,25,20200814198,Rossmore-SW-WE,-33.925765732100004,150.7691628403,3804.0891498278997,Rossmore-SE-W
Rossmore-SE-W-to,1,25,2020081469,Rossmore-SE-3a,-33.9284345962,150.77861920709998,4888.664610181,Rossmore-SE-W
Rossmore-SE-W-to,1,25,2020081471,Rossmore-SE-4a,-33.925776106,150.78062725200002,5264.8803236964,Rossmore-SE-W
Rossmore-SE-W-to,1,25,2020081474,Rossmore-SE-5b,-33.9252391222,150.7843416878,5640.251322351801,Rossmore-SE-W
Rossmore-SE-W-to,1,25,2020081476,Rossmore-SE-6b,-33.9269237475,150.7875499143,6018.7632851486,Rossmore-SE-W
Rossmore-SE-W-from,1,23,2020081477,Rossmore-SE-7a,-33.9300197166,150.7881925273,6940.399103717484,Rossmore-SE-W
Rossmore-SE-W-from,1,23,2020081479,Rossmore-SE-8a,-33.9326910134,150.7861760899,7318.376366940183,Rossmore-SE-W
Rossmore-SE-W-from,1,23,2020081465,Rossmore-SE-1a,-33.9332285483,150.7824681956,7693.193154440083,Rossmore-SE-W
Rossmore-SE-W-from,1,23,2020081467,Rossmore-SE-2a,-33.9315427458,150.7792571976,8072.0225303105835,Rossmore-SE-W
Rossmore-SE-W-from,1,23,20200814197,Rossmore-SW-EW,-33.9258029635,150.76909665120002,9499.682524644084,Rossmore-SE-W
Rossmore-SE-W-from,1,23,20200814259,10thAv_AerotropolisSouth_a,-33.9345914675,150.74087463770002,13256.657146956984,Rossmore-SE-W
Rossmore-SW-E-to,1,422,20200814270,10thAv_CasulaStation_b,-33.9500427156,150.9114065805,15.594795266199998,Rossmore-SW-E
Rossmore-SW-E-to,1,422,20200814271,10thAv_CasulaMall_a,-33.9469468448,150.9003094168,1698.1450359833,Rossmore-SW-E
Rossmore-SW-E-to,1,422,20200814267,10thAv_Lurnea_a,-33.9455312436,150.8912687464,2559.6927207107,Rossmore-SW-E
Rossmore-SW-E-to,1,422,20200814273,10thAv_NexusIndustryPark_a,-33.9442255875,150.8817342343,3475.8887896797996,Rossmore-SW-E
Rossmore-SW-E-to,1,422,20200814265,10thAv_Prestons_a,-33.9421996047,150.8670714794,4864.2589465128,Rossmore-SW-E
Rossmore-SW-E-to,1,422,20200814275,10thAv_PrestonsIndustrial_a,-33.9410118447,150.8581734898,5697.4201460374,Rossmore-SW-E
Rossmore-SW-E-to,1,422,20200814263,10thAv_CarnesHill_a,-33.9360313244,150.845044866,7115.3599534305,Rossmore-SW-E
Rossmore-SW-E-to,1,422,20200814261,10thAv_WestHoxton_a,-33.9342480631,150.8353444034,8304.7206447183,Rossmore-SW-E
Rossmore-SW-E-to,1,422,20200814213,Austral-SE-EW,-33.933077706999995,150.8118719874,10851.9525880274,Rossmore-SW-E
Rossmore-SW-E-to,1,422,20200814209,Austral-SW-EW,-33.9391658289,150.79723976969998,13271.1386172529,Rossmore-SW-E
Rossmore-SW-E-to,1,422,20200814201,Rossmore-SE-EW,-33.9292176587,150.783201185,15628.214145418,Rossmore-SW-E
Rossmore-SW-E-to,1,422,2020081493,Rossmore-SW-7a,-33.92915311780001,150.7746238658,16869.5843876775,Rossmore-SW-E
Rossmore-SW-E-to,1,422,2020081495,Rossmore-SW-8a,-33.9301328973,150.7711654096,17321.6072028949,Rossmore-SW-E
Rossmore-SW-E-to,1,422,2020081481,Rossmore-SW-1a,-33.929550017800004,150.7663027545,17775.892620239498,Rossmore-SW-E
Rossmore-SW-E-to,1,422,2020081483,Rossmore-SW-2a,-33.926584639299996,150.7643904093,18296.409337718,Rossmore-SW-E
Rossmore-SW-E-from,1,392,2020081485,Rossmore-SW-3a,-33.922571242800004,150.765083947,20915.15765505157,Rossmore-SW-E
Rossmore-SW-E-from,1,392,2020081487,Rossmore-SW-4a,-33.9215101971,150.7677473746,21292.03801780507,Rossmore-SW-E
Rossmore-SW-E-from,1,392,2020081489,Rossmore-SW-5a,-33.9220885699,150.7725737443,21742.97228037957,Rossmore-SW-E
Rossmore-SW-E-from,1,392,2020081491,Rossmore-SW-6a,-33.9251159179,150.7753273932,22335.945118396572,Rossmore-SW-E
Rossmore-SW-E-from,1,392,20200814202,Rossmore-SE-WE,-33.9291938808,150.7832049895,23435.37636868697,Rossmore-SW-E
Rossmore-SW-E-from,1,392,20200814210,Austral-SW-WE,-33.9391228264,150.7971875523,25787.01250120507,Rossmore-SW-E
Rossmore-SW-E-from,1,392,20200814214,Austral-SE-WE,-33.9330483468,150.8118292817,28207.29477985837,Rossmore-SW-E
Rossmore-SW-E-from,1,392,20200814262,10thAv_WestHoxton_b,-33.9342259287,150.83536232169996,30761.232053543572,Rossmore-SW-E
Rossmore-SW-E-from,1,392,20200814264,10thAv_CarnesHill_b,-33.9359639627,150.8455352592,31935.87737741717,Rossmore-SW-E
Rossmore-SW-E-from,1,392,20200814276,10thAv_PrestonsIndustrial_b,-33.9409881116,150.8582141752,33316.16446725817,Rossmore-SW-E
Rossmore-SW-E-from,1,392,20200814266,10thAv_Prestons_b,-33.9422410921,150.8676134086,34196.18137773397,Rossmore-SW-E
Rossmore-SW-E-from,1,392,20200814274,10thAv_NexusIndustryPark_b,-33.9441822285,150.881802886,35532.46865139777,Rossmore-SW-E
Rossmore-SW-E-from,1,392,20200814268,10thAv_Lurnea_b,-33.9455176307,150.89142699639999,36459.38580800237,Rossmore-SW-E
Rossmore-SW-E-from,1,392,20200814272,10thAv_CasulaMall_b,-33.946912830500004,150.9003706425,37308.83775947787,Rossmore-SW-E
Rossmore-SW-E-from,1,392,20200814269,10thAv_CasulaStation_a,-33.950015598200004,150.9113921744,38959.05243737807,Rossmore-SW-E
Rossmore-SW-N-to,1,156,20200814320,CTway_StMarysStation_b,-33.7628119754,150.7763125536,16.1034064411,Rossmore-SW-N
Rossmore-SW-N-to,1,156,20200814322,CTway_StMarysLibrary_b,-33.7688064026,150.7737289487,861.8715562411,Rossmore-SW-N
Rossmore-SW-N-to,1,156,20200814324,CTway_WilsonOval_b,-33.7775932485,150.77221306659996,1846.7594350198,Rossmore-SW-N
Rossmore-SW-N-to,1,156,20200814318,CTway_BanksDrive_b,-33.7881825696,150.770419091,3034.0071019131,Rossmore-SW-N
Rossmore-SW-N-to,1,156,20200814316,CTway_LuddenhamRoad_b,-33.8033613188,150.7693345138,4755.1147127255,Rossmore-SW-N
Rossmore-SW-N-to,1,156,20200814314,CTWay_ErskineParkRoad_b,-33.8179643213,150.7760714532,6536.5083257145,Rossmore-SW-N
Rossmore-SW-N-to,1,156,20200814312,CTway_TrainingAcademy_b,-33.827156510500004,150.77892604040002,7611.2268829333,Rossmore-SW-N
Rossmore-SW-N-to,1,156,20200814308,CTWay_MamreRoad_b,-33.8423062963,150.7812109244,9334.1685208082,Rossmore-SW-N
Rossmore-SW-N-to,1,156,20200814310,CTway_M12_b,-33.8610157133,150.7774726452,11557.214949220801,Rossmore-SW-N
Rossmore-SW-N-to,1,156,20200814306,CTway_MetroWestStation_b,-33.8692541104,150.77526076700002,12520.533907486499,Rossmore-SW-N
Rossmore-SW-N-to,1,156,20200814326,CTway_ElizabethDrive_b,-33.8772940934,150.7787196416,13807.361138178001,Rossmore-SW-N
Rossmore-SW-N-to,1,156,20200814240,KempsCreek-NW-NS,-33.8878248581,150.7771709896,14988.619265515901,Rossmore-SW-N
Rossmore-SW-N-to,1,156,20200814228,KempsCreek-SW-NS,-33.9008857129,150.7771612139,16674.212776193,Rossmore-SW-N
Rossmore-SW-N-to,1,156,20200814196,Rossmore-NW-NS,-33.9127119275,150.7716446945,18346.4170390392,Rossmore-SW-N
Rossmore-SW-N-to,1,156,2020081489,Rossmore-SW-5a,-33.9220885699,150.7725737443,19594.9863090068,Rossmore-SW-N
Rossmore-SW-N-from,1,159,2020081481,Rossmore-SW-1a,-33.929550017800004,150.7663027545,19935.368540617103,Rossmore-SW-N
Rossmore-SW-N-to,1,156,2020081491,Rossmore-SW-6a,-33.9251159179,150.7753273932,20187.959147023797,Rossmore-SW-N
Rossmore-SW-N-from,1,159,2020081483,Rossmore-SW-2a,-33.926584639299996,150.7643904093,20455.8852580956,Rossmore-SW-N
Rossmore-SW-N-to,1,156,2020081493,Rossmore-SW-7a,-33.92915311780001,150.7746238658,20640.5247091449,Rossmore-SW-N
Rossmore-SW-N-from,1,159,2020081485,Rossmore-SW-3a,-33.922571242800004,150.765083947,20905.7072744983,Rossmore-SW-N
Rossmore-SW-N-to,1,156,2020081495,Rossmore-SW-8a,-33.9301328973,150.7711654096,21092.5475243623,Rossmore-SW-N
Rossmore-SW-N-from,1,159,2020081487,Rossmore-SW-4a,-33.9215101971,150.7677473746,21282.5876372518,Rossmore-SW-N
Rossmore-SW-N-from,1,159,20200814195,Rossmore-NW-SN,-33.9127122788,150.7716408299,22528.625176731402,Rossmore-SW-N
Rossmore-SW-N-from,1,159,20200814227,KempsCreek-SW-SN,-33.9008908021,150.77715103559999,24200.2233039093,Rossmore-SW-N
Rossmore-SW-N-from,1,159,20200814239,KempsCreek-NW-SN,-33.8878244404,150.7771667628,25886.5206751636,Rossmore-SW-N
Rossmore-SW-N-from,1,159,20200814325,CTway_ElizabethDrive_a,-33.877289639000004,150.7786755452,27067.6583092472,Rossmore-SW-N
Rossmore-SW-N-from,1,159,20200814305,CTway_MetroWestStation_a,-33.8693366129,150.7750977576,28343.3647149093,Rossmore-SW-N
Rossmore-SW-N-from,1,159,20200814309,CTway_M12_a,-33.8611149893,150.77733365879996,29305.160899115202,Rossmore-SW-N
Rossmore-SW-N-from,1,159,20200814307,CTway_MamreRoad_a,-33.842461926700004,150.781039731,31523.6853769,Rossmore-SW-N
Rossmore-SW-N-from,1,159,20200814311,CTway_TrainingAcademy_a,-33.8272876613,150.778970373,33249.0161082717,Rossmore-SW-N
Rossmore-SW-N-from,1,159,20200814313,CTway_ErskineParkRoad_a,-33.8172801276,150.7758564209,34417.7552292427,Rossmore-SW-N
Rossmore-SW-N-from,1,159,20200814315,CTway_LuddenhamRoad_a,-33.8036286973,150.7694340034,36092.469756495004,Rossmore-SW-N
Rossmore-SW-N-from,1,159,20200814317,CTway_BanksDrive_a,-33.7883272933,150.7703188977,37826.689695649504,Rossmore-SW-N
Rossmore-SW-N-from,1,159,20200814323,CTway_WilsonOval_a,-33.7776406092,150.7721841882,39026.540387711,Rossmore-SW-N
Rossmore-SW-N-from,1,159,20200814321,CTway_StMarysLibrary_a,-33.7688712124,150.7736533373,40008.899874996,Rossmore-SW-N
Rossmore-SW-N-from,1,159,20200814319,CTway_StMarysStation_a,-33.762579605,150.7763020595,40865.4538918465,Rossmore-SW-N
Rossmore-SW-S-to,1,12,20200814354,SouthCreekStation_b,-33.9474910209,150.7570352553,34.0306956331,Rossmore-SW-S
Rossmore-SW-S-to,1,12,2020081481,Rossmore-SW-1a,-33.929550017800004,150.7663027545,3153.6455390327,Rossmore-SW-S
Rossmore-SW-S-to,1,12,2020081483,Rossmore-SW-2a,-33.926584639299996,150.7643904093,3674.1622565111998,Rossmore-SW-S
Rossmore-SW-S-to,1,12,2020081485,Rossmore-SW-3a,-33.922571242800004,150.765083947,4123.9842729139,Rossmore-SW-S
Rossmore-SW-S-to,1,12,2020081487,Rossmore-SW-4a,-33.9215101971,150.7677473746,4500.8646356673,Rossmore-SW-S
Rossmore-SW-S-from,1,12,2020081489,Rossmore-SW-5a,-33.9220885699,150.7725737443,4939.136005101716,Rossmore-SW-S
Rossmore-SW-S-from,1,12,2020081491,Rossmore-SW-6a,-33.9251159179,150.7753273932,5532.108843118616,Rossmore-SW-S
Rossmore-SW-S-from,1,12,2020081493,Rossmore-SW-7a,-33.92915311780001,150.7746238658,5984.674405239815,Rossmore-SW-S
Rossmore-SW-S-from,1,12,2020081495,Rossmore-SW-8a,-33.9301328973,150.7711654096,6436.697220457116,Rossmore-SW-S
Rossmore-SW-S-from,1,12,20200814353,SouthCreekStation_a,-33.9475883119,150.756946809,9560.076940087616,Rossmore-SW-S
Rossmore-SW-W-to,1,16,20200814260,10thAv_AerotropolisSouth_b,-33.9344828308,150.7409651684,47.945026401199996,Rossmore-SW-W
Rossmore-SW-W-to,1,16,2020081485,Rossmore-SW-3a,-33.922571242800004,150.765083947,3679.9543057692,Rossmore-SW-W
Rossmore-SW-W-to,1,16,2020081487,Rossmore-SW-4a,-33.9215101971,150.7677473746,4056.8346685227,Rossmore-SW-W
Rossmore-SW-W-to,1,16,2020081489,Rossmore-SW-5a,-33.9220885699,150.7725737443,4507.7689310972,Rossmore-SW-W
Rossmore-SW-W-to,1,16,2020081491,Rossmore-SW-6a,-33.9251159179,150.7753273932,5100.7417691141,Rossmore-SW-W
Rossmore-SW-W-from,1,16,2020081493,Rossmore-SW-7a,-33.92915311780001,150.7746238658,5878.723648407161,Rossmore-SW-W
Rossmore-SW-W-from,1,16,2020081495,Rossmore-SW-8a,-33.9301328973,150.7711654096,6330.74646362446,Rossmore-SW-W
Rossmore-SW-W-from,1,16,2020081481,Rossmore-SW-1a,-33.929550017800004,150.7663027545,6785.031880969061,Rossmore-SW-W
Rossmore-SW-W-from,1,16,2020081483,Rossmore-SW-2a,-33.926584639299996,150.7643904093,7305.548598447661,Rossmore-SW-W
Rossmore-SW-W-from,1,16,20200814259,10thAv_AerotropolisSouth_a,-33.9345914675,150.74087463770002,10795.93449242276,Rossmore-SW-W
