shape_id,begin,end,stop_id,stop_name,stop_lat,stop_lon,distAlongR,parent_route
10th-ASTH-CSLA,1,427,20200814260,10thAv_AerotropolisSouth_b,-33.9344828308,150.7409651684,47.945026401199996,10th-ASTH-CSLA
10th-ASTH-CSLA,1,427,20200814198,Rossmore-SW-WE,-33.925765732100004,150.7691628403,3804.0891868237,10th-ASTH-CSLA
10th-ASTH-CSLA,1,427,20200814202,Rossmore-SE-WE,-33.9290349884,150.78489125229999,5446.9240746554,10th-ASTH-CSLA
10th-ASTH-CSLA,1,427,20200814210,Austral-SW-WE,-33.9391228264,150.7971875523,7647.1308293814,10th-ASTH-CSLA
10th-ASTH-CSLA,1,427,20200814214,Austral-SE-WE,-33.9330483468,150.8118292817,10067.4074543423,10th-ASTH-CSLA
10th-ASTH-CSLA,1,427,20200814262,10thAv_WestHoxton_b,-33.9342259287,150.83536232169996,12843.4761846651,10th-ASTH-CSLA
10th-ASTH-CSLA,1,427,20200814264,10thAv_CarnesHill_b,-33.9359639627,150.8455352592,14018.1272118318,10th-ASTH-CSLA
10th-ASTH-CSLA,1,427,20200814276,10thAv_PrestonsIndustrial_b,-33.9409881116,150.8582141752,15398.4143016728,10th-ASTH-CSLA
10th-ASTH-CSLA,1,427,20200814266,10thAv_Prestons_b,-33.9422410921,150.8676134086,16278.431212148602,10th-ASTH-CSLA
10th-ASTH-CSLA,1,427,20200814274,10thAv_NexusIndustryPark_b,-33.9441822285,150.881802886,17614.7185101066,10th-ASTH-CSLA
10th-ASTH-CSLA,1,427,20200814268,10thAv_Lurnea_b,-33.9455176307,150.89142699639999,18541.6356677631,10th-ASTH-CSLA
10th-ASTH-CSLA,1,427,20200814272,10thAv_CasulaMall_b,-33.946912830500004,150.9003706425,19391.0876192387,10th-ASTH-CSLA
10th-ASTH-CSLA,1,427,20200814269,10thAv_CasulaStation_a,-33.950015598200004,150.9113921744,21041.3181409833,10th-ASTH-CSLA
10th-CSLA-ASTH,1,452,20200814270,10thAv_CasulaStation_b,-33.9500427156,150.9114065805,15.594795266199998,10th-CSLA-ASTH
10th-CSLA-ASTH,1,452,20200814271,10thAv_CasulaMall_a,-33.9469468448,150.9003094168,1698.1439542439002,10th-CSLA-ASTH
10th-CSLA-ASTH,1,452,20200814267,10thAv_Lurnea_a,-33.9455312436,150.8912687464,2559.6916389713,10th-CSLA-ASTH
10th-CSLA-ASTH,1,452,20200814273,10thAv_NexusIndustryPark_a,-33.9442255875,150.8817342343,3475.8877079403997,10th-CSLA-ASTH
10th-CSLA-ASTH,1,452,20200814265,10thAv_Prestons_a,-33.9421996047,150.8670714794,4864.2578647734,10th-CSLA-ASTH
10th-CSLA-ASTH,1,452,20200814275,10thAv_PrestonsIndustrial_a,-33.9410118447,150.8581734898,5697.419064298,10th-CSLA-ASTH
10th-CSLA-ASTH,1,452,20200814263,10thAv_CarnesHill_a,-33.9360313244,150.845044866,7115.375982459001,10th-CSLA-ASTH
10th-CSLA-ASTH,1,452,20200814261,10thAv_WestHoxton_a,-33.9342480631,150.8353444034,8304.7604245079,10th-CSLA-ASTH
10th-CSLA-ASTH,1,452,20200814213,Austral-SE-EW,-33.933077706999995,150.8118719874,10851.9844768676,10th-CSLA-ASTH
10th-CSLA-ASTH,1,452,20200814209,Austral-SW-EW,-33.9391658289,150.79723976969998,13271.164781128999,10th-CSLA-ASTH
10th-CSLA-ASTH,1,452,20200814201,Rossmore-SE-EW,-33.9290885648,150.7849626874,15469.6523004723,10th-CSLA-ASTH
10th-CSLA-ASTH,1,452,20200814197,Rossmore-SW-EW,-33.9258029635,150.76909665120002,17125.1685492841,10th-CSLA-ASTH
10th-CSLA-ASTH,1,452,20200814259,10thAv_AerotropolisSouth_a,-33.9345914675,150.74087463770002,20882.1432102119,10th-CSLA-ASTH
15th-AERO-LVPL,1,315,20200814257,AerotropolisStation_a,-33.9204971934,150.7367745059,22.032122614499997,15th-AERO-LVPL
15th-AERO-LVPL,1,315,20200814256,15thAv_Bringelly_b,-33.9101853275,150.7459844104,1939.6769220171,15th-AERO-LVPL
15th-AERO-LVPL,1,315,20200814193,Rossmore-NW-WE,-33.9123744451,150.7714077472,4390.0425396086,15th-AERO-LVPL
15th-AERO-LVPL,1,315,20200814206,Rossmore-NE-WE,-33.9140791735,150.7853668299,5695.0115346926,15th-AERO-LVPL
15th-AERO-LVPL,1,315,20200814221,Austral-NW-WE,-33.9168907038,150.8012431864,7285.511607991601,15th-AERO-LVPL
15th-AERO-LVPL,1,315,20200814218,Austral-NE-WE,-33.918760959400004,150.814767577,8565.7004333855,15th-AERO-LVPL
15th-AERO-LVPL,1,315,20200814254,15thAv_MiddletonGrange_b,-33.922206732199996,150.83964293280002,10897.7286454106,15th-AERO-LVPL
15th-AERO-LVPL,1,315,20200814252,15thAv_HoxtonPark_b,-33.926374513,150.8607374752,13019.3793217299,15th-AERO-LVPL
15th-AERO-LVPL,1,315,20200814249,15thAv_MillerTway_a,-33.9269647039,150.87097446499996,13983.008018594199,15th-AERO-LVPL
15th-AERO-LVPL,1,315,20200814247,15thAv_AshTway_a,-33.9275354765,150.8832335975,15128.690183680501,15th-AERO-LVPL
15th-AERO-LVPL,1,315,20200814245,15thAv_MaxwellsTway_a,-33.9263351743,150.8992312574,16619.9458625785,15th-AERO-LVPL
15th-AERO-LVPL,1,315,20200814243,15thAv_BrickmakersTway_a,-33.9278430218,150.91032024700002,17659.220648971397,15th-AERO-LVPL
15th-AERO-LVPL,1,315,20200814242,15thAv_LiverpoolStation_b,-33.923102999,150.92683215989996,19510.383269819198,15th-AERO-LVPL
15th-LVPL-AERO,1,336,20200814241,15thAv_LiverpoolStation_a,-33.9229589158,150.926652438,20.871406078299998,15th-LVPL-AERO
15th-LVPL-AERO,1,336,20200814244,15thAv-BrickmakersTway_b,-33.9280104982,150.9102681745,1927.6655359613,15th-LVPL-AERO
15th-LVPL-AERO,1,336,20200814246,15thAv_MaxwellsTway_b,-33.9265808476,150.898368081,3042.12045841,15th-LVPL-AERO
15th-LVPL-AERO,1,336,20200814248,15thAv_AshTway_b,-33.927846709899995,150.8820714551,4562.5231306009,15th-LVPL-AERO
15th-LVPL-AERO,1,336,20200814250,15thAv_MillerTway_b,-33.9273033547,150.8713840906,5559.3422203379005,15th-LVPL-AERO
15th-LVPL-AERO,1,336,20200814251,15thAv_HoxtonPark_a,-33.9266754507,150.8581175471,6808.219492958199,15th-LVPL-AERO
15th-LVPL-AERO,1,336,20200814253,15thAv_MiddletonGrange_a,-33.9222476604,150.8396292901,8696.1135498667,15th-LVPL-AERO
15th-LVPL-AERO,1,336,20200814217,Austral-NE-EW,-33.91878524860001,150.8147837698,11025.706128296399,15th-LVPL-AERO
15th-LVPL-AERO,1,336,20200814222,Austral-NW-EW,-33.9169063557,150.80124081489996,12295.451124776699,15th-LVPL-AERO
15th-LVPL-AERO,1,336,20200814205,Rossmore-NE-EW,-33.9140807202,150.7853647677,13886.192231881001,15th-LVPL-AERO
15th-LVPL-AERO,1,336,20200814194,Rossmore-NW-EW,-33.91240923,150.7713497723,15195.7505053094,15th-LVPL-AERO
15th-LVPL-AERO,1,336,20200814255,15thAv_Bringelly_a,-33.9101916325,150.7459960408,17641.8774762385,15th-LVPL-AERO
15th-LVPL-AERO,1,336,20200814258,AerotropolisStation_b,-33.9204212028,150.7368808928,19549.0868360596,15th-LVPL-AERO
20th-AERO-LVPL,1,318,20200814257,AerotropolisStation_a,-33.9204971934,150.7367745059,22.0321136281,20th-AERO-LVPL
20th-AERO-LVPL,1,318,20200814256,15thAv_Bringelly_b,-33.9101853275,150.7459844104,1939.6769220169,20th-AERO-LVPL
20th-AERO-LVPL,1,318,20200814278,20thAv_ETway_Interchange_b,-33.8985853558,150.7589480911,4394.1219497539005,20th-AERO-LVPL
20th-AERO-LVPL,1,318,20200814226,KempsCreek-SW-WE,-33.9009918582,150.77695692059999,6085.4028285808,20th-AERO-LVPL
20th-AERO-LVPL,1,318,20200814230,KempsCreek-SE-WE,-33.902114132,150.7882258281,7143.1544818386,20th-AERO-LVPL
20th-AERO-LVPL,1,318,20200814221,Austral-NW-WE,-33.9168907038,150.8012431864,9912.0879724165,20th-AERO-LVPL
20th-AERO-LVPL,1,318,20200814218,Austral-NE-WE,-33.918760959400004,150.814767577,11179.9760125231,20th-AERO-LVPL
20th-AERO-LVPL,1,318,20200814254,15thAv_MiddletonGrange_b,-33.922206732199996,150.83964293280002,13512.004229496399,20th-AERO-LVPL
20th-AERO-LVPL,1,318,20200814252,15thAv_HoxtonPark_b,-33.926374513,150.8607374752,15633.654905815802,20th-AERO-LVPL
20th-AERO-LVPL,1,318,20200814249,15thAv_MillerTway_a,-33.9269647039,150.87097446499996,16597.2836026801,20th-AERO-LVPL
20th-AERO-LVPL,1,318,20200814247,15thAv_AshTway_a,-33.9275354765,150.8832335975,17742.9657677664,20th-AERO-LVPL
20th-AERO-LVPL,1,318,20200814245,15thAv_MaxwellsTway_a,-33.9263351743,150.8992312574,19234.221446664298,20th-AERO-LVPL
20th-AERO-LVPL,1,318,20200814243,15thAv_BrickmakersTway_a,-33.9278430218,150.91032024700002,20273.4962330573,20th-AERO-LVPL
20th-AERO-LVPL,1,318,20200814242,15thAv_LiverpoolStation_b,-33.923102999,150.92683215989996,22124.658853905097,20th-AERO-LVPL
20th-LVPL-AERO,1,327,20200814241,15thAv_LiverpoolStation_a,-33.9229589158,150.926652438,20.871406078299998,20th-LVPL-AERO
20th-LVPL-AERO,1,327,20200814244,15thAv-BrickmakersTway_b,-33.9280104982,150.9102681745,1927.6655359613,20th-LVPL-AERO
20th-LVPL-AERO,1,327,20200814246,15thAv_MaxwellsTway_b,-33.9265808476,150.898368081,3042.12045841,20th-LVPL-AERO
20th-LVPL-AERO,1,327,20200814248,15thAv_AshTway_b,-33.927846709899995,150.8820714551,4562.5231306009,20th-LVPL-AERO
20th-LVPL-AERO,1,327,20200814250,15thAv_MillerTway_b,-33.9273033547,150.8713840906,5559.3422203379005,20th-LVPL-AERO
20th-LVPL-AERO,1,327,20200814251,15thAv_HoxtonPark_a,-33.9266754507,150.8581175471,6808.219492958199,20th-LVPL-AERO
20th-LVPL-AERO,1,327,20200814253,15thAv_MiddletonGrange_a,-33.9222476604,150.8396292901,8696.1135498667,20th-LVPL-AERO
20th-LVPL-AERO,1,327,20200814217,Austral-NE-EW,-33.91878524860001,150.8147837698,11025.706133331201,20th-LVPL-AERO
20th-LVPL-AERO,1,327,20200814222,Austral-NW-EW,-33.9169063557,150.80124081489996,12295.4492657486,20th-LVPL-AERO
20th-LVPL-AERO,1,327,20200814229,KempsCreek-SE-EW,-33.9021449793,150.7882643872,15060.4344789853,20th-LVPL-AERO
20th-LVPL-AERO,1,327,20200814225,KempsCreek-SW-EW,-33.9009991284,150.7769496504,16122.4091280061,20th-LVPL-AERO
20th-LVPL-AERO,1,327,20200814277,20thAv_ETway_Interchange_a,-33.8985989882,150.7589480911,17813.2700856566,20th-LVPL-AERO
20th-LVPL-AERO,1,327,20200814255,15thAv_Bringelly_a,-33.9101916325,150.7459960408,20268.4469199533,20th-LVPL-AERO
20th-LVPL-AERO,1,327,20200814258,AerotropolisStation_b,-33.9204212028,150.7368808928,22175.6562720094,20th-LVPL-AERO
25th-BPRK-CBMT,1,320,20200814280,BusinessParkStation_b,-33.8833670638,150.738485555,247.8820314172,25th-BPRK-CBMT
25th-BPRK-CBMT,1,320,20200814282,25thAv_ETway_Interchange_b,-33.8864285919,150.7604154342,2501.7665643502,25th-BPRK-CBMT
25th-BPRK-CBMT,1,320,20200814237,KempsCreek-NW-EW,-33.8897990453,150.778989327,4617.87005482,25th-BPRK-CBMT
25th-BPRK-CBMT,1,320,20200814234,KempsCreek-NE-WE,-33.8913306458,150.7904357482,5750.949008843,25th-BPRK-CBMT
25th-BPRK-CBMT,1,320,20200814327,DTway_ElizabethDrive_a,-33.8809749106,150.79267254409996,6934.6899873015,25th-BPRK-CBMT
25th-BPRK-CBMT,1,320,20200814284,ETway_MamreRoad_b,-33.8804628803,150.8091859539,8513.4226996262,25th-BPRK-CBMT
25th-BPRK-CBMT,1,320,20200814302,ETway_CecilRoad_b,-33.8746762203,150.8388988509,11517.985148989399,25th-BPRK-CBMT
25th-BPRK-CBMT,1,320,20200814299,ETway_CecilHills_b,-33.8835274651,150.8578880411,13640.0188860507,25th-BPRK-CBMT
25th-BPRK-CBMT,1,320,20200814298,ETway_BonnyriggHeights_b,-33.8853638624,150.8698816733,14801.0196948703,25th-BPRK-CBMT
25th-BPRK-CBMT,1,320,20200814286,ETway_LPTway_b,-33.8894283686,150.8831936629,16132.3282353797,25th-BPRK-CBMT
25th-BPRK-CBMT,1,320,20200814290,ETway_Bonnyrigg_b,-33.8932547877,150.8916649466,17043.3752173574,25th-BPRK-CBMT
25th-BPRK-CBMT,1,320,20200814288,ETway_MountPritchard_b,-33.8948067793,150.9032200551,18126.0467556238,25th-BPRK-CBMT
25th-BPRK-CBMT,1,320,20200814296,ETway_TownviewRoad_b,-33.8969404578,150.9126904339,19052.0833365372,25th-BPRK-CBMT
25th-BPRK-CBMT,1,320,20200814294,ETway_CabramattaWest_b,-33.8992627794,150.9218340458,19965.603575138502,25th-BPRK-CBMT
25th-BPRK-CBMT,1,320,20200814292,ETway_Cabramatta_b,-33.8951986512,150.9384586324,21614.9462372447,25th-BPRK-CBMT
25th-CBMT-BPRK,1,334,20200814291,ETWay_Cabramatta_a,-33.8951539015,150.93850338200002,23.681002083000003,25th-CBMT-BPRK
25th-CBMT-BPRK,1,334,20200814293,ETway_CabramattaWest_a,-33.899333793400004,150.9218006275,1785.4067560757,25th-CBMT-BPRK
25th-CBMT-BPRK,1,334,20200814295,ETway_TownviewRoad_a,-33.8969491058,150.9126529596,2702.5768445283998,25th-CBMT-BPRK
25th-CBMT-BPRK,1,334,20200814287,ETway_MountPritchard_a,-33.89485316010001,150.9031357264,3633.3629640695003,25th-CBMT-BPRK
25th-CBMT-BPRK,1,334,20200814289,ETway_Bonnyrigg_a,-33.893275058,150.8916244061,4712.5552009564,25th-CBMT-BPRK
25th-CBMT-BPRK,1,334,20200814285,ETway_LPTway_a,-33.8894346824,150.88310527040002,5646.838455374101,25th-CBMT-BPRK
25th-CBMT-BPRK,1,334,20200814297,ETway_BonnyriggHeights_a,-33.8854468556,150.8696643103,6985.7512093795995,25th-CBMT-BPRK
25th-CBMT-BPRK,1,334,20200814300,ETway_CecilHills_a,-33.883727278,150.8574727438,8164.776590234201,25th-CBMT-BPRK
25th-CBMT-BPRK,1,334,20200814301,ETway_CecilRoad_a,-33.8747565834,150.8387649123,10271.1116156395,25th-CBMT-BPRK
25th-CBMT-BPRK,1,334,20200814283,ETway_MamreRoad_a,-33.880601892399994,150.8090608429,13277.1710874658,25th-CBMT-BPRK
25th-CBMT-BPRK,1,334,20200814328,DTway_ElizabethDrive_b,-33.8809591529,150.79269224129996,14836.755351555501,25th-CBMT-BPRK
25th-CBMT-BPRK,1,334,20200814233,KempsCreek-NE-EW,-33.8913418433,150.7904917356,16018.0865741297,25th-CBMT-BPRK
25th-CBMT-BPRK,1,334,20200814238,KempsCreek-NW-WE,-33.8897877355,150.77897801719996,17156.695766485,25th-CBMT-BPRK
25th-CBMT-BPRK,1,334,20200814281,25thAv_ETway_Interchange_a,-33.8865447221,150.76052100709998,19260.1926276048,25th-CBMT-BPRK
25th-CBMT-BPRK,1,334,20200814279,BusinessParkStation_a,-33.8834322139,150.7384801258,21530.1908606359,25th-CBMT-BPRK
AERO-MG,1,165,20200814257,AerotropolisStation_a,-33.9204971934,150.7367745059,22.032122614499997,AERO-MG
AERO-MG,1,165,20200814256,15thAv_Bringelly_b,-33.9101853275,150.7459844104,1939.6769220171,AERO-MG
AERO-MG,1,165,20200814193,Rossmore-NW-WE,-33.9123744451,150.7714077472,4390.0425396086,AERO-MG
AERO-MG,1,165,20200814206,Rossmore-NE-WE,-33.9140791735,150.7853668299,5695.0115346926,AERO-MG
AERO-MG,1,165,20200814221,Austral-NW-WE,-33.9168907038,150.8012431864,7285.511607991601,AERO-MG
AERO-MG,1,165,20200814218,Austral-NE-WE,-33.918760959400004,150.814767577,8553.4033155261,AERO-MG
AERO-MG,1,165,20200814254,15thAv_MiddletonGrange_b,-33.922206732199996,150.83964293280002,10885.4304611549,AERO-MG
AERO-MG,1,165,202008281,Bryant Av,-33.92035842441977,150.84036335904517,11128.7738684688,AERO-MG
AERO-MG,1,165,2020082612,Kelsey St,-33.918209086849444,150.84256810091972,11567.0367841755,AERO-MG
AERO-MG,1,165,2020082610,Swoffer Av near Reardon Av,-33.918352849514825,150.8447001659126,11779.5685704029,AERO-MG
Austral-NE-E-to,1,242,20200814241,15thAv_LiverpoolStation_a,-33.9229589158,150.926652438,20.871406078299998,Austral-NE-E
Austral-NE-E-to,1,242,20200814244,15thAv-BrickmakersTway_b,-33.9280104982,150.9102681745,1927.6655359613,Austral-NE-E
Austral-NE-E-to,1,242,20200814246,15thAv_MaxwellsTway_b,-33.9265808476,150.898368081,3042.12045841,Austral-NE-E
Austral-NE-E-to,1,242,20200814248,15thAv_AshTway_b,-33.927846709899995,150.8820714551,4562.5231306009,Austral-NE-E
Austral-NE-E-to,1,242,20200814250,15thAv_MillerTway_b,-33.9273033547,150.8713840906,5559.3422203379005,Austral-NE-E
Austral-NE-E-to,1,242,20200814251,15thAv_HoxtonPark_a,-33.9266754507,150.8581175471,6808.219492958199,Austral-NE-E
Austral-NE-E-to,1,242,20200814253,15thAv_MiddletonGrange_a,-33.9222476604,150.8396292901,8696.1135498667,Austral-NE-E
Austral-NE-E-to,1,242,2020081413,Austral-NE-7a,-33.9209159364,150.8194535864,10724.1705353385,Austral-NE-E
Austral-NE-E-to,1,242,2020081415,Austral-NE-8a,-33.9219777863,150.816582364,11125.7799548177,Austral-NE-E
Austral-NE-E-to,1,242,202008141,Austral-NE-1a,-33.9234229888,150.8115900804,11784.5911494918,Austral-NE-E
Austral-NE-E-to,1,242,202008143,Austral-NE-2a,-33.9202236745,150.8096794516,12339.53593946,Austral-NE-E
Austral-NE-E-from,1,249,202008145,Austral-NE-3a,-33.9153653464,150.8101167507,15101.571069098974,Austral-NE-E
Austral-NE-E-from,1,249,202008147,Austral-NE-4a,-33.9149465056,150.8133788515,15652.454578173974,Austral-NE-E
Austral-NE-E-from,1,249,202008149,Austral-NE-5a,-33.9147843526,150.8179100363,16146.072852545374,Austral-NE-E
Austral-NE-E-from,1,249,2020081411,Austral-NE-6a,-33.9166355504,150.8198900649,16530.268543747276,Austral-NE-E
Austral-NE-E-from,1,249,20200814254,15thAv_MiddletonGrange_b,-33.922206732199996,150.83964293280002,18933.571144369274,Austral-NE-E
Austral-NE-E-from,1,249,20200814252,15thAv_HoxtonPark_b,-33.926374513,150.8607374752,21055.221820688676,Austral-NE-E
Austral-NE-E-from,1,249,20200814249,15thAv_MillerTway_a,-33.9269647039,150.87097446499996,22018.850517552975,Austral-NE-E
Austral-NE-E-from,1,249,20200814247,15thAv_AshTway_a,-33.9275354765,150.8832335975,23164.532682639277,Austral-NE-E
Austral-NE-E-from,1,249,20200814245,15thAv_MaxwellsTway_a,-33.9263351743,150.8992312574,24655.788361537274,Austral-NE-E
Austral-NE-E-from,1,249,20200814243,15thAv_BrickmakersTway_a,-33.9278430218,150.91032024700002,25695.063147930174,Austral-NE-E
Austral-NE-E-from,1,249,20200814242,15thAv_LiverpoolStation_b,-33.923102999,150.92683215989996,27546.225768777975,Austral-NE-E
Austral-NE-N-to,1,105,20200814280,BusinessParkStation_b,-33.8833670638,150.738485555,247.8820314172,Austral-NE-N
Austral-NE-N-to,1,105,20200814282,25thAv_ETway_Interchange_b,-33.8864285919,150.7604154342,2501.7665643502,Austral-NE-N
Austral-NE-N-to,1,105,20200814278,20thAv_ETway_Interchange_b,-33.8985853558,150.7589480911,3910.9319900648998,Austral-NE-N
Austral-NE-N-to,1,105,20200814226,KempsCreek-SW-WE,-33.9009918582,150.77695692059999,5602.212868879399,Austral-NE-N
Austral-NE-N-to,1,105,20200814230,KempsCreek-SE-WE,-33.902114132,150.7882258281,6659.9645220061,Austral-NE-N
Austral-NE-N-to,1,105,202008149,Austral-NE-5a,-33.9147843526,150.8179100363,10428.1498480102,Austral-NE-N
Austral-NE-N-to,1,105,2020081411,Austral-NE-6a,-33.9166355504,150.8198900649,10812.3464875979,Austral-NE-N
Austral-NE-N-to,1,105,2020081413,Austral-NE-7a,-33.9209159364,150.8194535864,11511.799268526102,Austral-NE-N
Austral-NE-N-to,1,105,2020081415,Austral-NE-8a,-33.9219777863,150.816582364,11913.4086880053,Austral-NE-N
Austral-NE-N-from,1,114,202008141,Austral-NE-1a,-33.9234229888,150.8115900804,13825.808982868368,Austral-NE-N
Austral-NE-N-from,1,114,202008143,Austral-NE-2a,-33.9202236745,150.8096794516,14380.753772836468,Austral-NE-N
Austral-NE-N-from,1,114,202008145,Austral-NE-3a,-33.9153653464,150.8101167507,15246.568715726968,Austral-NE-N
Austral-NE-N-from,1,114,202008147,Austral-NE-4a,-33.9149465056,150.8133788515,15797.452224801968,Austral-NE-N
Austral-NE-N-from,1,114,20200814229,KempsCreek-SE-EW,-33.9021449793,150.7882643872,19646.611353038767,Austral-NE-N
Austral-NE-N-from,1,114,20200814225,KempsCreek-SW-EW,-33.9009991284,150.7769496504,20708.586002160067,Austral-NE-N
Austral-NE-N-from,1,114,20200814277,20thAv_ETway_Interchange_a,-33.8985989882,150.7589480911,22399.44695982177,Austral-NE-N
Austral-NE-N-from,1,114,20200814281,25thAv_ETway_Interchange_a,-33.8865447221,150.76052100709998,23797.31452054577,Austral-NE-N
Austral-NE-N-from,1,114,20200814279,BusinessParkStation_a,-33.8834322139,150.7384801258,26067.312753576865,Austral-NE-N
Austral-NE-S-to,1,67,20200814358,LeppingtonStation_b,-33.9536052379,150.80825827209998,7.3140223977,Austral-NE-S
Austral-NE-S-to,1,67,20200814215,Austral-SE-SN,-33.9332832281,150.8119840899,2370.5787177494,Austral-NE-S
Austral-NE-S-to,1,67,202008141,Austral-NE-1a,-33.9234229888,150.8115900804,3962.1141429969002,Austral-NE-S
Austral-NE-S-to,1,67,202008143,Austral-NE-2a,-33.9202236745,150.8096794516,4517.058932965,Austral-NE-S
Austral-NE-S-to,1,67,202008145,Austral-NE-3a,-33.9153653464,150.8101167507,5382.876861691,Austral-NE-S
Austral-NE-S-to,1,67,202008147,Austral-NE-4a,-33.9149465056,150.8133788515,5933.760370766,Austral-NE-S
Austral-NE-S-from,1,59,202008149,Austral-NE-5a,-33.9147843526,150.8179100363,6128.1533463586275,Austral-NE-S
Austral-NE-S-from,1,59,2020081411,Austral-NE-6a,-33.9166355504,150.8198900649,6512.349985946327,Austral-NE-S
Austral-NE-S-from,1,59,2020081413,Austral-NE-7a,-33.9209159364,150.8194535864,7211.802766874527,Austral-NE-S
Austral-NE-S-from,1,59,2020081415,Austral-NE-8a,-33.9219777863,150.816582364,7613.4121863537275,Austral-NE-S
Austral-NE-S-from,1,59,20200814216,Austral-SE-NS,-33.933253868,150.8120214573,9124.867391063926,Austral-NE-S
Austral-NE-S-from,1,59,20200814357,LeppingtonStation_a,-33.9540455449,150.808130441,11561.353167527426,Austral-NE-S
Austral-NE-W-to,1,73,20200814257,AerotropolisStation_a,-33.9204971934,150.7367745059,22.032113392,Austral-NE-W
Austral-NE-W-to,1,73,20200814256,15thAv_Bringelly_b,-33.9101853275,150.7459844104,1939.6769210176,Austral-NE-W
Austral-NE-W-to,1,73,20200814193,Rossmore-NW-WE,-33.9123744451,150.7714077472,4390.042538416,Austral-NE-W
Austral-NE-W-to,1,73,20200814206,Rossmore-NE-WE,-33.9140791735,150.7853668299,5695.0115336539,Austral-NE-W
Austral-NE-W-to,1,73,20200814221,Austral-NW-WE,-33.9168907038,150.8012431864,7285.5034716135,Austral-NE-W
Austral-NE-W-to,1,73,202008145,Austral-NE-3a,-33.9153653464,150.8101167507,8747.0142551039,Austral-NE-W
Austral-NE-W-to,1,73,202008147,Austral-NE-4a,-33.9149465056,150.8133788515,9297.8977641789,Austral-NE-W
Austral-NE-W-to,1,73,202008149,Austral-NE-5a,-33.9147843526,150.8179100363,9791.5160385503,Austral-NE-W
Austral-NE-W-to,1,73,2020081411,Austral-NE-6a,-33.9166355504,150.8198900649,10175.7117297522,Austral-NE-W
Austral-NE-W-from,1,70,2020081413,Austral-NE-7a,-33.9209159364,150.8194535864,12125.013438720582,Austral-NE-W
Austral-NE-W-from,1,70,2020081415,Austral-NE-8a,-33.9219777863,150.816582364,12526.622858199782,Austral-NE-W
Austral-NE-W-from,1,70,202008141,Austral-NE-1a,-33.9234229888,150.8115900804,13185.434052873881,Austral-NE-W
Austral-NE-W-from,1,70,202008143,Austral-NE-2a,-33.9202236745,150.8096794516,13740.378842841981,Austral-NE-W
Austral-NE-W-from,1,70,20200814222,Austral-NW-EW,-33.9169063557,150.80124081489996,14809.721188439282,Austral-NE-W
Austral-NE-W-from,1,70,20200814205,Rossmore-NE-EW,-33.9140807202,150.7853647677,16400.44472757968,Austral-NE-W
Austral-NE-W-from,1,70,20200814194,Rossmore-NW-EW,-33.91240923,150.7713497723,17710.002978487082,Austral-NE-W
Austral-NE-W-from,1,70,20200814255,15thAv_Bringelly_a,-33.9101916325,150.7459960408,20156.12994962428,Austral-NE-W
Austral-NE-W-from,1,70,20200814258,AerotropolisStation_b,-33.9204212028,150.7368808928,22063.33930042298,Austral-NE-W
Austral-NW-E-to,1,244,20200814241,15thAv_LiverpoolStation_a,-33.9229589158,150.926652438,20.871406078299998,Austral-NW-E
Austral-NW-E-to,1,244,20200814244,15thAv-BrickmakersTway_b,-33.9280104982,150.9102681745,1927.6655359613,Austral-NW-E
Austral-NW-E-to,1,244,20200814246,15thAv_MaxwellsTway_b,-33.9265808476,150.898368081,3042.12045841,Austral-NW-E
Austral-NW-E-to,1,244,20200814248,15thAv_AshTway_b,-33.927846709899995,150.8820714551,4562.5231306009,Austral-NW-E
Austral-NW-E-to,1,244,20200814250,15thAv_MillerTway_b,-33.9273033547,150.8713840906,5559.3422203379005,Austral-NW-E
Austral-NW-E-to,1,244,20200814251,15thAv_HoxtonPark_a,-33.9266754507,150.8581175471,6808.219492958199,Austral-NW-E
Austral-NW-E-to,1,244,20200814253,15thAv_MiddletonGrange_a,-33.9222476604,150.8396292901,8696.1135498667,Austral-NW-E
Austral-NW-E-to,1,244,20200814217,Austral-NE-EW,-33.91878524860001,150.8147837698,11025.706133286101,Austral-NW-E
Austral-NW-E-to,1,244,2020081421,Austral-NW-7a,-33.9177139084,150.80580929319999,11882.9854885589,Austral-NW-E
Austral-NW-E-to,1,244,2020081423,Austral-NW-8a,-33.9203499801,150.8037548279,12260.2285209626,Austral-NW-E
Austral-NW-E-to,1,244,2020081417,Austral-NW-1a,-33.9208475068,150.8000600684,12633.8666608411,Austral-NW-E
Austral-NW-E-to,1,244,2020081425,Austral-NW-2a,-33.919134108499996,150.7968707876,13013.348737441398,Austral-NW-E
Austral-NW-E-from,1,246,2020081427,Austral-NW-3a,-33.916036075,150.7962774979,15556.839971793812,Austral-NW-E
Austral-NW-E-from,1,246,2020081429,Austral-NW-4a,-33.9134132502,150.7982946116,15930.784128024912,Austral-NW-E
Austral-NW-E-from,1,246,2020081431,Austral-NW-5a,-33.9128916322,150.80203160299996,16309.158021781011,Austral-NW-E
Austral-NW-E-from,1,246,2020081419,Austral-NW-6a,-33.9145761037,150.80518764209998,16684.05301048791,Austral-NW-E
Austral-NW-E-from,1,246,20200814218,Austral-NE-WE,-33.918760959400004,150.814767577,17882.55980739621,Austral-NW-E
Austral-NW-E-from,1,246,20200814254,15thAv_MiddletonGrange_b,-33.922206732199996,150.83964293280002,20214.58802432441,Austral-NW-E
Austral-NW-E-from,1,246,20200814252,15thAv_HoxtonPark_b,-33.926374513,150.8607374752,22336.23870064381,Austral-NW-E
Austral-NW-E-from,1,246,20200814249,15thAv_MillerTway_a,-33.9269647039,150.87097446499996,23299.86739750811,Austral-NW-E
Austral-NW-E-from,1,246,20200814247,15thAv_AshTway_a,-33.9275354765,150.8832335975,24445.54956259441,Austral-NW-E
Austral-NW-E-from,1,246,20200814245,15thAv_MaxwellsTway_a,-33.9263351743,150.8992312574,25936.80524149231,Austral-NW-E
Austral-NW-E-from,1,246,20200814243,15thAv_BrickmakersTway_a,-33.9278430218,150.91032024700002,26976.080027885313,Austral-NW-E
Austral-NW-E-from,1,246,20200814242,15thAv_LiverpoolStation_b,-33.923102999,150.92683215989996,28827.242648733012,Austral-NW-E
Austral-NW-N-to,1,37,20200814280,BusinessParkStation_b,-33.8833670638,150.738485555,251.414631082,Austral-NW-N
Austral-NW-N-to,1,37,20200814282,25thAv_ETway_Interchange_b,-33.8864285919,150.7604154342,2505.2991203117003,Austral-NW-N
Austral-NW-N-to,1,37,20200814278,20thAv_ETway_Interchange_b,-33.8985853558,150.7589480911,3914.4645454915003,Austral-NW-N
Austral-NW-N-to,1,37,20200814226,KempsCreek-SW-WE,-33.9009918582,150.77695692059999,5605.745424318399,Austral-NW-N
Austral-NW-N-to,1,37,20200814230,KempsCreek-SE-WE,-33.902114132,150.7882258281,6663.4970775762,Austral-NW-N
Austral-NW-N-to,1,37,2020081431,Austral-NW-5a,-33.9128916322,150.80203160299996,8980.4640513734,Austral-NW-N
Austral-NW-N-to,1,37,2020081419,Austral-NW-6a,-33.9145761037,150.80518764209998,9355.3590400804,Austral-NW-N
Austral-NW-N-to,1,37,2020081421,Austral-NW-7a,-33.9177139084,150.80580929319999,9736.3719150925,Austral-NW-N
Austral-NW-N-to,1,37,2020081423,Austral-NW-8a,-33.9203499801,150.8037548279,10113.6149474962,Austral-NW-N
Austral-NW-N-from,1,40,2020081417,Austral-NW-1a,-33.9208475068,150.8000600684,11447.704062064724,Austral-NW-N
Austral-NW-N-from,1,40,2020081425,Austral-NW-2a,-33.919134108499996,150.7968707876,11827.186138665124,Austral-NW-N
Austral-NW-N-from,1,40,2020081427,Austral-NW-3a,-33.916036075,150.7962774979,12202.810543229623,Austral-NW-N
Austral-NW-N-from,1,40,2020081429,Austral-NW-4a,-33.9134132502,150.7982946116,12576.754699460724,Austral-NW-N
Austral-NW-N-from,1,40,20200814229,KempsCreek-SE-EW,-33.9021449793,150.7882643872,15234.937598510624,Austral-NW-N
Austral-NW-N-from,1,40,20200814225,KempsCreek-SW-EW,-33.9009991284,150.7769496504,16296.912247531423,Austral-NW-N
Austral-NW-N-from,1,40,20200814277,20thAv_ETway_Interchange_a,-33.8985989882,150.7589480911,17987.773205181922,Austral-NW-N
Austral-NW-N-from,1,40,20200814281,25thAv_ETway_Interchange_a,-33.8865447221,150.76052100709998,19385.640766600125,Austral-NW-N
Austral-NW-N-from,1,40,20200814279,BusinessParkStation_a,-33.8834322139,150.7384801258,21655.639049579026,Austral-NW-N
Austral-NW-S-to,1,69,20200814358,LeppingtonStation_b,-33.9536052379,150.80825827209998,7.3140223977,Austral-NW-S
Austral-NW-S-to,1,69,20200814211,Austral-SW-SN,-33.9393777699,150.7973687772,2653.2021541799,Austral-NW-S
Austral-NW-S-to,1,69,2020081417,Austral-NW-1a,-33.9208475068,150.8000600684,6106.6842313755005,Austral-NW-S
Austral-NW-S-to,1,69,2020081425,Austral-NW-2a,-33.919134108499996,150.7968707876,6486.1663079759,Austral-NW-S
Austral-NW-S-to,1,69,2020081427,Austral-NW-3a,-33.916036075,150.7962774979,6861.790712540401,Austral-NW-S
Austral-NW-S-to,1,69,2020081429,Austral-NW-4a,-33.9134132502,150.7982946116,7235.7348687716,Austral-NW-S
Austral-NW-S-from,1,71,2020081431,Austral-NW-5a,-33.9128916322,150.80203160299996,7791.2833967963015,Austral-NW-S
Austral-NW-S-from,1,71,2020081419,Austral-NW-6a,-33.9145761037,150.80518764209998,8166.178385503202,Austral-NW-S
Austral-NW-S-from,1,71,2020081421,Austral-NW-7a,-33.9177139084,150.80580929319999,8547.191260515301,Austral-NW-S
Austral-NW-S-from,1,71,2020081423,Austral-NW-8a,-33.9203499801,150.8037548279,8924.434292919002,Austral-NW-S
Austral-NW-S-from,1,71,20200814212,Austral-SW-NS,-33.9393562686,150.79739027850002,12716.361746287603,Austral-NW-S
Austral-NW-S-from,1,71,20200814357,LeppingtonStation_a,-33.9540455449,150.808130441,15443.460088112603,Austral-NW-S
Austral-NW-W-to,1,31,20200814257,AerotropolisStation_a,-33.9204971934,150.7367745059,22.032113392,Austral-NW-W
Austral-NW-W-to,1,31,20200814256,15thAv_Bringelly_b,-33.9101853275,150.7459844104,1939.6769209976999,Austral-NW-W
Austral-NW-W-to,1,31,20200814193,Rossmore-NW-WE,-33.9123744451,150.7714077472,4390.042538416,Austral-NW-W
Austral-NW-W-to,1,31,20200814206,Rossmore-NE-WE,-33.9140791735,150.7853668299,5695.0115336539,Austral-NW-W
Austral-NW-W-to,1,31,2020081427,Austral-NW-3a,-33.916036075,150.7962774979,6834.7671029974,Austral-NW-W
Austral-NW-W-to,1,31,2020081429,Austral-NW-4a,-33.9134132502,150.7982946116,7208.7112592286,Austral-NW-W
Austral-NW-W-to,1,31,2020081431,Austral-NW-5a,-33.9128916322,150.80203160299996,7587.0851529845995,Austral-NW-W
Austral-NW-W-to,1,31,2020081419,Austral-NW-6a,-33.9145761037,150.80518764209998,7961.980141691601,Austral-NW-W
Austral-NW-W-from,1,30,2020081421,Austral-NW-7a,-33.9177139084,150.80580929319999,9261.903154608905,Austral-NW-W
Austral-NW-W-from,1,30,2020081423,Austral-NW-8a,-33.9203499801,150.8037548279,9639.146187012604,Austral-NW-W
Austral-NW-W-from,1,30,2020081417,Austral-NW-1a,-33.9208475068,150.8000600684,10012.784326891104,Austral-NW-W
Austral-NW-W-from,1,30,2020081425,Austral-NW-2a,-33.919134108499996,150.7968707876,10392.266403491403,Austral-NW-W
Austral-NW-W-from,1,30,20200814205,Rossmore-NE-EW,-33.9140807202,150.7853647677,11872.189252296703,Austral-NW-W
Austral-NW-W-from,1,30,20200814194,Rossmore-NW-EW,-33.91240923,150.7713497723,13181.747503215904,Austral-NW-W
Austral-NW-W-from,1,30,20200814255,15thAv_Bringelly_a,-33.9101916325,150.7459960408,15627.874474341403,Austral-NW-W
Austral-NW-W-from,1,30,20200814258,AerotropolisStation_b,-33.9204212028,150.7368808928,17535.083825140006,Austral-NW-W
Austral-SE-E-to,1,389,20200814270,10thAv_CasulaStation_b,-33.9500427156,150.9114065805,15.594795266199998,Austral-SE-E
Austral-SE-E-to,1,389,20200814271,10thAv_CasulaMall_a,-33.9469468448,150.9003094168,1698.1450359833,Austral-SE-E
Austral-SE-E-to,1,389,20200814267,10thAv_Lurnea_a,-33.9455312436,150.8912687464,2559.6927207107,Austral-SE-E
Austral-SE-E-to,1,389,20200814273,10thAv_NexusIndustryPark_a,-33.9442255875,150.8817342343,3475.8887896797996,Austral-SE-E
Austral-SE-E-to,1,389,20200814265,10thAv_Prestons_a,-33.9421996047,150.8670714794,4864.2589465128,Austral-SE-E
Austral-SE-E-to,1,389,20200814275,10thAv_PrestonsIndustrial_a,-33.9410118447,150.8581734898,5697.4201460374,Austral-SE-E
Austral-SE-E-to,1,389,20200814263,10thAv_CarnesHill_a,-33.9360313244,150.845044866,7115.3599534305,Austral-SE-E
Austral-SE-E-to,1,389,20200814261,10thAv_WestHoxton_a,-33.9342480631,150.8353444034,8304.7206447183,Austral-SE-E
Austral-SE-E-to,1,389,2020081445,Austral-SE-7a,-33.9358913263,150.8164635331,10619.6754467089,Austral-SE-E
Austral-SE-E-to,1,389,2020081447,Austral-SE-8a,-33.9384053995,150.8133386604,11181.5733777649,Austral-SE-E
Austral-SE-E-to,1,389,2020081433,Austral-SE-1a,-33.9357148443,150.8092280898,11838.2157714253,Austral-SE-E
Austral-SE-E-to,1,389,2020081435,Austral-SE-2a,-33.9332301198,150.8070547239,12314.351563804199,Austral-SE-E
Austral-SE-E-from,1,364,2020081437,Austral-SE-3a,-33.930254649,150.80760974860002,14271.361863493652,Austral-SE-E
Austral-SE-E-from,1,364,2020081439,Austral-SE-4a,-33.9300241189,150.8112299067,14676.057389584852,Austral-SE-E
Austral-SE-E-from,1,364,2020081441,Austral-SE-5a,-33.929006903099996,150.81519376419996,15190.261577002751,Austral-SE-E
Austral-SE-E-from,1,364,2020081443,Austral-SE-6a,-33.9318877061,150.8164081834,15839.733880832651,Austral-SE-E
Austral-SE-E-from,1,364,20200814262,10thAv_WestHoxton_b,-33.9342259287,150.83536232169996,18102.58352527815,Austral-SE-E
Austral-SE-E-from,1,364,20200814264,10thAv_CarnesHill_b,-33.9359639627,150.8455352592,19277.228849151652,Austral-SE-E
Austral-SE-E-from,1,364,20200814276,10thAv_PrestonsIndustrial_b,-33.9409881116,150.8582141752,20657.515938992652,Austral-SE-E
Austral-SE-E-from,1,364,20200814266,10thAv_Prestons_b,-33.9422410921,150.8676134086,21537.53284946845,Austral-SE-E
Austral-SE-E-from,1,364,20200814274,10thAv_NexusIndustryPark_b,-33.9441822285,150.881802886,22873.82012313235,Austral-SE-E
Austral-SE-E-from,1,364,20200814268,10thAv_Lurnea_b,-33.9455176307,150.89142699639999,23800.73727973685,Austral-SE-E
Austral-SE-E-from,1,364,20200814272,10thAv_CasulaMall_b,-33.946912830500004,150.9003706425,24650.18923121245,Austral-SE-E
Austral-SE-E-from,1,364,20200814269,10thAv_CasulaStation_a,-33.950015598200004,150.9113921744,26300.403909112552,Austral-SE-E
Austral-SE-N-to,1,127,20200814280,BusinessParkStation_b,-33.8833670638,150.738485555,247.8820314172,Austral-SE-N
Austral-SE-N-to,1,127,20200814282,25thAv_ETway_Interchange_b,-33.8864285919,150.7604154342,2501.7665643502,Austral-SE-N
Austral-SE-N-to,1,127,20200814278,20thAv_ETway_Interchange_b,-33.8985853558,150.7589480911,3910.9319900648998,Austral-SE-N
Austral-SE-N-to,1,127,20200814226,KempsCreek-SW-WE,-33.9009918582,150.77695692059999,5602.212868879399,Austral-SE-N
Austral-SE-N-to,1,127,20200814230,KempsCreek-SE-WE,-33.902114132,150.7882258281,6659.9645220061,Austral-SE-N
Austral-SE-N-to,1,127,20200814220,Austral-NE-NS,-33.9189734898,150.8148869989,10725.236640966601,Austral-SE-N
Austral-SE-N-to,1,127,2020081441,Austral-SE-5a,-33.929006903099996,150.81519376419996,12033.681557158501,Austral-SE-N
Austral-SE-N-to,1,127,2020081443,Austral-SE-6a,-33.9318877061,150.8164081834,12683.153860988401,Austral-SE-N
Austral-SE-N-to,1,127,2020081445,Austral-SE-7a,-33.9358913263,150.8164635331,13327.511670715,Austral-SE-N
Austral-SE-N-to,1,127,2020081447,Austral-SE-8a,-33.9384053995,150.8133386604,13889.409601771002,Austral-SE-N
Austral-SE-N-from,1,122,2020081433,Austral-SE-1a,-33.9357148443,150.8092280898,15633.514801039635,Austral-SE-N
Austral-SE-N-from,1,122,2020081435,Austral-SE-2a,-33.9332301198,150.8070547239,16109.650595119036,Austral-SE-N
Austral-SE-N-from,1,122,2020081437,Austral-SE-3a,-33.930254649,150.80760974860002,16443.694357482334,Austral-SE-N
Austral-SE-N-from,1,122,2020081439,Austral-SE-4a,-33.9300241189,150.8112299067,16848.389883573534,Austral-SE-N
Austral-SE-N-from,1,122,20200814219,Austral-NE-SN,-33.9189937549,150.81485146010002,18242.643314198234,Austral-SE-N
Austral-SE-N-from,1,122,20200814229,KempsCreek-SE-EW,-33.9021449793,150.7882643872,22306.602471965834,Austral-SE-N
Austral-SE-N-from,1,122,20200814225,KempsCreek-SW-EW,-33.9009991284,150.7769496504,23368.577121087237,Austral-SE-N
Austral-SE-N-from,1,122,20200814277,20thAv_ETway_Interchange_a,-33.8985989882,150.7589480911,25059.438078748935,Austral-SE-N
Austral-SE-N-from,1,122,20200814281,25thAv_ETway_Interchange_a,-33.8865447221,150.76052100709998,26457.305639472834,Austral-SE-N
Austral-SE-N-from,1,122,20200814279,BusinessParkStation_a,-33.8834322139,150.7384801258,28727.303872504035,Austral-SE-N
Austral-SE-S-to,1,41,20200814358,LeppingtonStation_b,-33.9536052379,150.80825827209998,7.3140223977,Austral-SE-S
Austral-SE-S-to,1,41,2020081433,Austral-SE-1a,-33.9357148443,150.8092280898,2275.6110213104002,Austral-SE-S
Austral-SE-S-to,1,41,2020081435,Austral-SE-2a,-33.9332301198,150.8070547239,2751.7468153898,Austral-SE-S
Austral-SE-S-to,1,41,2020081437,Austral-SE-3a,-33.930254649,150.80760974860002,3085.7905777531,Austral-SE-S
Austral-SE-S-to,1,41,2020081439,Austral-SE-4a,-33.9300241189,150.8112299067,3490.4861038443,Austral-SE-S
Austral-SE-S-from,1,52,2020081441,Austral-SE-5a,-33.929006903099996,150.81519376419996,3897.6493635944807,Austral-SE-S
Austral-SE-S-from,1,52,2020081443,Austral-SE-6a,-33.9318877061,150.8164081834,4547.121667424481,Austral-SE-S
Austral-SE-S-from,1,52,2020081445,Austral-SE-7a,-33.9358913263,150.8164635331,5191.479477151081,Austral-SE-S
Austral-SE-S-from,1,52,2020081447,Austral-SE-8a,-33.9384053995,150.8133386604,5753.377408207081,Austral-SE-S
Austral-SE-S-from,1,52,20200814357,LeppingtonStation_a,-33.9540455449,150.808130441,8024.311522623681,Austral-SE-S
Austral-SE-W-to,1,73,20200814260,10thAv_AerotropolisSouth_b,-33.9344828308,150.7409651684,47.945026401199996,Austral-SE-W
Austral-SE-W-to,1,73,20200814198,Rossmore-SW-WE,-33.925765732100004,150.7691628403,3802.8348597036997,Austral-SE-W
Austral-SE-W-to,1,73,20200814202,Rossmore-SE-WE,-33.9290349884,150.78489125229999,5445.6697473674,Austral-SE-W
Austral-SE-W-to,1,73,20200814210,Austral-SW-WE,-33.9391228264,150.7971875523,7645.8765690991,Austral-SE-W
Austral-SE-W-to,1,73,2020081437,Austral-SE-3a,-33.930254649,150.80760974860002,9882.385262735601,Austral-SE-W
Austral-SE-W-to,1,73,2020081439,Austral-SE-4a,-33.9300241189,150.8112299067,10287.0807914959,Austral-SE-W
Austral-SE-W-to,1,73,2020081441,Austral-SE-5a,-33.929006903099996,150.81519376419996,10801.2849789138,Austral-SE-W
Austral-SE-W-to,1,73,2020081443,Austral-SE-6a,-33.9318877061,150.8164081834,11450.757282743798,Austral-SE-W
Austral-SE-W-from,1,71,2020081445,Austral-SE-7a,-33.9358913263,150.8164635331,12980.977535110367,Austral-SE-W
Austral-SE-W-from,1,71,2020081447,Austral-SE-8a,-33.9384053995,150.8133386604,13542.875466166368,Austral-SE-W
Austral-SE-W-from,1,71,2020081433,Austral-SE-1a,-33.9357148443,150.8092280898,14199.517859826667,Austral-SE-W
Austral-SE-W-from,1,71,2020081435,Austral-SE-2a,-33.9332301198,150.8070547239,14675.653653906167,Austral-SE-W
Austral-SE-W-from,1,71,20200814209,Austral-SW-EW,-33.9391658289,150.79723976969998,16744.053043542768,Austral-SE-W
Austral-SE-W-from,1,71,20200814201,Rossmore-SE-EW,-33.9290885648,150.7849626874,18942.540507140067,Austral-SE-W
Austral-SE-W-from,1,71,20200814197,Rossmore-SW-EW,-33.9258029635,150.76909665120002,20598.056756153066,Austral-SE-W
Austral-SE-W-from,1,71,20200814259,10thAv_AerotropolisSouth_a,-33.9345914675,150.74087463770002,24353.777088304567,Austral-SE-W
Austral-SW-E-to,1,402,20200814270,10thAv_CasulaStation_b,-33.9500427156,150.9114065805,15.594795266199998,Austral-SW-E
Austral-SW-E-to,1,402,20200814271,10thAv_CasulaMall_a,-33.9469468448,150.9003094168,1698.1450359833,Austral-SW-E
Austral-SW-E-to,1,402,20200814267,10thAv_Lurnea_a,-33.9455312436,150.8912687464,2559.6927207107,Austral-SW-E
Austral-SW-E-to,1,402,20200814273,10thAv_NexusIndustryPark_a,-33.9442255875,150.8817342343,3475.8887896797996,Austral-SW-E
Austral-SW-E-to,1,402,20200814265,10thAv_Prestons_a,-33.9421996047,150.8670714794,4864.2589465128,Austral-SW-E
Austral-SW-E-to,1,402,20200814275,10thAv_PrestonsIndustrial_a,-33.9410118447,150.8581734898,5697.4201460374,Austral-SW-E
Austral-SW-E-to,1,402,20200814263,10thAv_CarnesHill_a,-33.9360313244,150.845044866,7115.3599534305,Austral-SW-E
Austral-SW-E-to,1,402,20200814261,10thAv_WestHoxton_a,-33.9342480631,150.8353444034,8304.7206447183,Austral-SW-E
Austral-SW-E-to,1,402,20200814213,Austral-SE-EW,-33.933077706999995,150.8118719874,10851.9191244015,Austral-SW-E
Austral-SW-E-to,1,402,2020081461,Austral-SW-7a,-33.9406785193,150.80184158879996,12612.2832944532,Austral-SW-E
Austral-SW-E-to,1,402,2020081463,Austral-SW-8a,-33.943139001300004,150.799561263,13077.7436249856,Austral-SW-E
Austral-SW-E-to,1,402,2020081449,Austral-SW-1a,-33.9424729875,150.7948585878,13518.9737004954,Austral-SW-E
Austral-SW-E-to,1,402,2020081451,Austral-SW-2a,-33.940590341,150.7928020302,13909.566410665,Austral-SW-E
Austral-SW-E-from,1,378,2020081453,Austral-SW-3a,-33.9363515839,150.7936287159,16171.859676290242,Austral-SW-E
Austral-SW-E-from,1,378,2020081455,Austral-SW-4a,-33.9338853928,150.7964827774,16701.06875497914,Austral-SW-E
Austral-SW-E-from,1,378,2020081457,Austral-SW-5a,-33.934544409000004,150.8012303428,17146.09863417414,Austral-SW-E
Austral-SW-E-from,1,378,2020081459,Austral-SW-6a,-33.9376368333,150.8024130986,17629.51317390014,Austral-SW-E
Austral-SW-E-from,1,378,20200814214,Austral-SE-WE,-33.9330483468,150.8118292817,19692.70435799054,Austral-SW-E
Austral-SW-E-from,1,378,20200814262,10thAv_WestHoxton_b,-33.9342259287,150.83536232169996,22246.64166027294,Austral-SW-E
Austral-SW-E-from,1,378,20200814264,10thAv_CarnesHill_b,-33.9359639627,150.8455352592,23421.28698414654,Austral-SW-E
Austral-SW-E-from,1,378,20200814276,10thAv_PrestonsIndustrial_b,-33.9409881116,150.8582141752,24801.57407398754,Austral-SW-E
Austral-SW-E-from,1,378,20200814266,10thAv_Prestons_b,-33.9422410921,150.8676134086,25681.590984463342,Austral-SW-E
Austral-SW-E-from,1,378,20200814274,10thAv_NexusIndustryPark_b,-33.9441822285,150.881802886,27017.87825812714,Austral-SW-E
Austral-SW-E-from,1,378,20200814268,10thAv_Lurnea_b,-33.9455176307,150.89142699639999,27944.795414731743,Austral-SW-E
Austral-SW-E-from,1,378,20200814272,10thAv_CasulaMall_b,-33.946912830500004,150.9003706425,28794.24736620724,Austral-SW-E
Austral-SW-E-from,1,378,20200814269,10thAv_CasulaStation_a,-33.950015598200004,150.9113921744,30444.462044107342,Austral-SW-E
Austral-SW-N-to,1,96,20200814280,BusinessParkStation_b,-33.8833670638,150.738485555,251.4145753386,Austral-SW-N
Austral-SW-N-to,1,96,20200814282,25thAv_ETway_Interchange_b,-33.8864285919,150.7604154342,2505.2991202494,Austral-SW-N
Austral-SW-N-to,1,96,20200814278,20thAv_ETway_Interchange_b,-33.8985853558,150.7589480911,3914.4645454292,Austral-SW-N
Austral-SW-N-to,1,96,20200814226,KempsCreek-SW-WE,-33.9009918582,150.77695692059999,5605.7454242561,Austral-SW-N
Austral-SW-N-to,1,96,20200814230,KempsCreek-SE-WE,-33.902114132,150.7882258281,6663.4970775138,Austral-SW-N
Austral-SW-N-to,1,96,20200814224,Austral-NW-NS,-33.9170301477,150.8010174201,9431.8074432044,Austral-SW-N
Austral-SW-N-to,1,96,2020081457,Austral-SW-5a,-33.934544409000004,150.8012303428,12981.4139407299,Austral-SW-N
Austral-SW-N-to,1,96,2020081459,Austral-SW-6a,-33.9376368333,150.8024130986,13464.8287240881,Austral-SW-N
Austral-SW-N-to,1,96,2020081461,Austral-SW-7a,-33.9406785193,150.80184158879996,13807.5937055429,Austral-SW-N
Austral-SW-N-to,1,96,2020081463,Austral-SW-8a,-33.943139001300004,150.799561263,14273.0540360752,Austral-SW-N
Austral-SW-N-to,1,96,2020081449,Austral-SW-1a,-33.9424729875,150.7948585878,14714.284111585,Austral-SW-N
Austral-SW-N-to,1,96,2020081451,Austral-SW-2a,-33.940590341,150.7928020302,15104.8768217547,Austral-SW-N
Austral-SW-N-to,1,96,2020081453,Austral-SW-3a,-33.9363515839,150.7936287159,15581.268276701001,Austral-SW-N
Austral-SW-N-from,1,79,2020081455,Austral-SW-4a,-33.9338853928,150.7964827774,17019.419303269595,Austral-SW-N
Austral-SW-N-from,1,79,20200814223,Austral-NW-SN,-33.9170282505,150.8010050884,20481.662963982893,Austral-SW-N
Austral-SW-N-from,1,79,20200814229,KempsCreek-SE-EW,-33.9021449793,150.7882643872,23245.949370745595,Austral-SW-N
Austral-SW-N-from,1,79,20200814225,KempsCreek-SW-EW,-33.9009991284,150.7769496504,24307.924019766393,Austral-SW-N
Austral-SW-N-from,1,79,20200814277,20thAv_ETway_Interchange_a,-33.8985989882,150.7589480911,25998.78497741679,Austral-SW-N
Austral-SW-N-from,1,79,20200814281,25thAv_ETway_Interchange_a,-33.8865447221,150.76052100709998,27396.65253883499,Austral-SW-N
Austral-SW-N-from,1,79,20200814279,BusinessParkStation_a,-33.8834322139,150.7384801258,29666.650758134594,Austral-SW-N
Austral-SW-S-to,1,39,20200814358,LeppingtonStation_b,-33.9536052379,150.80825827209998,7.3140223977,Austral-SW-S
Austral-SW-S-to,1,39,2020081449,Austral-SW-1a,-33.9424729875,150.7948585878,2448.5909104465,Austral-SW-S
Austral-SW-S-to,1,39,2020081451,Austral-SW-2a,-33.940590341,150.7928020302,2839.1836206160997,Austral-SW-S
Austral-SW-S-to,1,39,2020081453,Austral-SW-3a,-33.9363515839,150.7936287159,3315.5750780478,Austral-SW-S
Austral-SW-S-to,1,39,2020081455,Austral-SW-4a,-33.9338853928,150.7964827774,3844.7841567367,Austral-SW-S
Austral-SW-S-from,1,42,2020081457,Austral-SW-5a,-33.934544409000004,150.8012303428,4456.325590239366,Austral-SW-S
Austral-SW-S-from,1,42,2020081459,Austral-SW-6a,-33.9376368333,150.8024130986,4939.740129965366,Austral-SW-S
Austral-SW-S-from,1,42,2020081461,Austral-SW-7a,-33.9406785193,150.80184158879996,5282.505111420065,Austral-SW-S
Austral-SW-S-from,1,42,2020081463,Austral-SW-8a,-33.943139001300004,150.799561263,5747.965441952365,Austral-SW-S
Austral-SW-S-from,1,42,20200814357,LeppingtonStation_a,-33.9540455449,150.808130441,8358.542429153165,Austral-SW-S
Austral-SW-W-to,1,41,20200814260,10thAv_AerotropolisSouth_b,-33.9344828308,150.7409651684,47.945026401199996,Austral-SW-W
Austral-SW-W-to,1,41,20200814198,Rossmore-SW-WE,-33.925765732100004,150.7691628403,3802.8348583957,Austral-SW-W
Austral-SW-W-to,1,41,20200814202,Rossmore-SE-WE,-33.9290349884,150.78489125229999,5445.669746080301,Austral-SW-W
Austral-SW-W-to,1,41,2020081453,Austral-SW-3a,-33.9363515839,150.7936287159,7530.164252683101,Austral-SW-W
Austral-SW-W-to,1,41,2020081455,Austral-SW-4a,-33.9338853928,150.7964827774,8059.3733313719995,Austral-SW-W
Austral-SW-W-to,1,41,2020081457,Austral-SW-5a,-33.934544409000004,150.8012303428,8504.4029653236,Austral-SW-W
Austral-SW-W-to,1,41,2020081459,Austral-SW-6a,-33.9376368333,150.8024130986,8987.8177486818,Austral-SW-W
Austral-SW-W-from,1,42,2020081461,Austral-SW-7a,-33.9406785193,150.80184158879996,10042.931482253533,Austral-SW-W
Austral-SW-W-from,1,42,2020081463,Austral-SW-8a,-33.943139001300004,150.799561263,10508.391812785932,Austral-SW-W
Austral-SW-W-from,1,42,2020081449,Austral-SW-1a,-33.9424729875,150.7948585878,10949.621888295733,Austral-SW-W
Austral-SW-W-from,1,42,2020081451,Austral-SW-2a,-33.940590341,150.7928020302,11340.214598465333,Austral-SW-W
Austral-SW-W-from,1,42,20200814201,Rossmore-SE-EW,-33.9290885648,150.7849626874,13381.875714423533,Austral-SW-W
Austral-SW-W-from,1,42,20200814197,Rossmore-SW-EW,-33.9258029635,150.76909665120002,15037.391963411432,Austral-SW-W
Austral-SW-W-from,1,42,20200814259,10thAv_AerotropolisSouth_a,-33.9345914675,150.74087463770002,18794.366585729134,Austral-SW-W
B-AERO-BPRK,1,39,20200814360,B_AerotropolisSouth_b,-33.9204718468,150.7350898651,7.238441874299999,B-AERO-BPRK
B-AERO-BPRK,1,39,20200814303,BTway_BadgerysCreek_a,-33.9034573403,150.7356197997,2684.8402851697,B-AERO-BPRK
B-AERO-BPRK,1,39,20200814279,BusinessParkStation_a,-33.8834322139,150.7384801258,5660.2604543803,B-AERO-BPRK
B-BPRK-AERO,1,40,20200814280,BusinessParkStation_b,-33.8833670638,150.738485555,247.8820314172,B-BPRK-AERO
B-BPRK-AERO,1,40,20200814304,BTway_BadgerysCreek_b,-33.903423366700004,150.7356792535,3214.1859917659003,B-BPRK-AERO
B-BPRK-AERO,1,40,20200814359,B_AerotropolisSouth_a,-33.9204617789,150.73509838409996,5896.903412025601,B-BPRK-AERO
C-STCK-STMR,1,161,20200814354,SouthCreekStation_b,-33.9474910209,150.7570352553,34.0306956331,C-STCK-STMR
C-STCK-STMR,1,161,20200814199,Rossmore-SW-SN,-33.9260553096,150.7693820919,3348.4884899019,C-STCK-STMR
C-STCK-STMR,1,161,20200814195,Rossmore-NW-SN,-33.9126643197,150.77171308180002,4849.5739235089,C-STCK-STMR
C-STCK-STMR,1,161,20200814227,KempsCreek-SW-SN,-33.9008908021,150.77715103559999,6514.6831327503005,C-STCK-STMR
C-STCK-STMR,1,161,20200814239,KempsCreek-NW-SN,-33.8896581377,150.7793809374,7777.795786029101,C-STCK-STMR
C-STCK-STMR,1,161,20200814325,CTway_ElizabethDrive_a,-33.877738464000004,150.78157798680002,9115.8735474527,C-STCK-STMR
C-STCK-STMR,1,161,20200814305,CTway_MetroWestStation_a,-33.8693366129,150.7750977576,10709.3598938135,C-STCK-STMR
C-STCK-STMR,1,161,20200814309,CTway_M12_a,-33.8611149893,150.77733365879996,11671.1560780193,C-STCK-STMR
C-STCK-STMR,1,161,20200814307,CTway_MamreRoad_a,-33.842461926700004,150.781039731,13889.6805558042,C-STCK-STMR
C-STCK-STMR,1,161,20200814311,CTway_TrainingAcademy_a,-33.8272876613,150.778970373,15615.011287175801,C-STCK-STMR
C-STCK-STMR,1,161,20200814313,CTway_ErskineParkRoad_a,-33.8172801276,150.7758564209,16783.7504081468,C-STCK-STMR
C-STCK-STMR,1,161,20200814315,CTway_LuddenhamRoad_a,-33.8036286973,150.7694340034,18458.4649353991,C-STCK-STMR
C-STCK-STMR,1,161,20200814317,CTway_BanksDrive_a,-33.7883272933,150.7703188977,20192.6848745536,C-STCK-STMR
C-STCK-STMR,1,161,20200814323,CTway_WilsonOval_a,-33.7776406092,150.7721841882,21392.5355666151,C-STCK-STMR
C-STCK-STMR,1,161,20200814321,CTway_StMarysLibrary_a,-33.7688712124,150.7736533373,22374.895053900098,C-STCK-STMR
C-STCK-STMR,1,161,20200814319,CTway_StMarysStation_a,-33.762579605,150.7763020595,23231.4490707506,C-STCK-STMR
C-STMR-STCK,1,155,20200814320,CTway_StMarysStation_b,-33.7628119754,150.7763125536,16.1034064411,C-STMR-STCK
C-STMR-STCK,1,155,20200814322,CTway_StMarysLibrary_b,-33.7688064026,150.7737289487,861.8715562411,C-STMR-STCK
C-STMR-STCK,1,155,20200814324,CTway_WilsonOval_b,-33.7775932485,150.77221306659996,1846.7594350198,C-STMR-STCK
C-STMR-STCK,1,155,20200814318,CTway_BanksDrive_b,-33.7881825696,150.770419091,3034.0071019131,C-STMR-STCK
C-STMR-STCK,1,155,20200814316,CTway_LuddenhamRoad_b,-33.8033613188,150.7693345138,4755.1147127255,C-STMR-STCK
C-STMR-STCK,1,155,20200814314,CTWay_ErskineParkRoad_b,-33.8179643213,150.7760714532,6536.5083257145,C-STMR-STCK
C-STMR-STCK,1,155,20200814312,CTway_TrainingAcademy_b,-33.827156510500004,150.77892604040002,7611.2268829333,C-STMR-STCK
C-STMR-STCK,1,155,20200814308,CTWay_MamreRoad_b,-33.8423062963,150.7812109244,9334.1685208082,C-STMR-STCK
C-STMR-STCK,1,155,20200814310,CTway_M12_b,-33.8610157133,150.7774726452,11557.214949220801,C-STMR-STCK
C-STMR-STCK,1,155,20200814306,CTway_MetroWestStation_b,-33.8692541104,150.77526076700002,12520.533907486499,C-STMR-STCK
C-STMR-STCK,1,155,20200814326,CTway_ElizabethDrive_b,-33.8777295921,150.7816084047,14123.2752728399,C-STMR-STCK
C-STMR-STCK,1,155,20200814240,KempsCreek-NW-NS,-33.8896633275,150.7793922394,15463.7448257493,C-STMR-STCK
C-STMR-STCK,1,155,20200814228,KempsCreek-SW-NS,-33.9008857129,150.7771612139,16725.718696547,C-STMR-STCK
C-STMR-STCK,1,155,20200814196,Rossmore-NW-NS,-33.9126333997,150.7717555967,18387.581204630602,C-STMR-STCK
C-STMR-STCK,1,155,20200814200,Rossmore-SW-NS,-33.9260098046,150.7694358706,19886.915969826103,C-STMR-STCK
C-STMR-STCK,1,155,20200814353,SouthCreekStation_a,-33.9475883119,150.756946809,23213.626100627298,C-STMR-STCK
D-MTDT-RSMR,1,220,20200814341,DTway_MtDruittStation_a,-33.7698050109,150.81982582950002,24.5034806632,D-MTDT-RSMR
D-MTDT-RSMR,1,220,20200814344,DTway_GreatWesternHighway_b,-33.779058075,150.8145774056,1441.9770817079002,D-MTDT-RSMR
D-MTDT-RSMR,1,220,20200814346,DTway_RoperRoad_b,-33.7867071871,150.8061185881,2722.1445175254003,D-MTDT-RSMR
D-MTDT-RSMR,1,220,20200814350,DTway_SwallowDr_b,-33.7982460519,150.80382820379998,4135.2754292908,D-MTDT-RSMR
D-MTDT-RSMR,1,220,20200814348,DTway_PeppertreeDr_b,-33.802401747,150.7971591916,4906.4444034831,D-MTDT-RSMR
D-MTDT-RSMR,1,220,20200814340,DTway_StClairConnection_b,-33.8061570892,150.7911754937,5600.0637061713,D-MTDT-RSMR
D-MTDT-RSMR,1,220,20200814338,DTway_ErskineParkRoad_b,-33.81238574530001,150.7862122016,6443.627341579399,D-MTDT-RSMR
D-MTDT-RSMR,1,220,20200814336,DTway_LenoreDrive_b,-33.8143384204,150.7927535633,7126.3417506266005,D-MTDT-RSMR
D-MTDT-RSMR,1,220,20200814334,DTway_ServiceRoadConnection_b,-33.8234008519,150.8044597142,9459.0374850242,D-MTDT-RSMR
D-MTDT-RSMR,1,220,20200814352,DTway_KempsCreek_b,-33.8354404552,150.802335729,10809.7872845689,D-MTDT-RSMR
D-MTDT-RSMR,1,220,20200814332,DTway_AldingtonRoad_b,-33.8499170464,150.7974034128,12689.5022567401,D-MTDT-RSMR
D-MTDT-RSMR,1,220,20200814330,DTway_MetroWestStation_b,-33.8671229735,150.794434502,14617.870911280601,D-MTDT-RSMR
D-MTDT-RSMR,1,220,20200814328,DTway_ElizabethDrive_b,-33.8809591529,150.79269224129996,16215.0317275944,D-MTDT-RSMR
D-MTDT-RSMR,1,220,20200814236,KempsCreek-NE-NS,-33.8916952813,150.7906775173,17420.557768780902,D-MTDT-RSMR
D-MTDT-RSMR,1,220,20200814232,KempsCreek-SE-NS,-33.9022555155,150.78866797290002,18606.720723494098,D-MTDT-RSMR
D-MTDT-RSMR,1,220,20200814208,Rossmore-NE-NS,-33.9146854845,150.7861240568,20006.4888438698,D-MTDT-RSMR
D-MTDT-RSMR,1,220,20200814204,Rossmore-SE-NS,-33.9293326348,150.7852662866,21785.2472021119,D-MTDT-RSMR
D-MTDT-RSMR,1,220,20200814355,RossmoreStation_a,-33.9504846533,150.7810758443,24659.6279913765,D-MTDT-RSMR
D-RSMR-MTDT,1,260,20200814356,RossmoreStation_b,-33.950427411199996,150.7811330864,35.5974601593,D-RSMR-MTDT
D-RSMR-MTDT,1,260,20200814203,Rossmore-SE-SN,-33.9293981169,150.7851888986,2912.4577144327004,D-RSMR-MTDT
D-RSMR-MTDT,1,260,20200814207,Rossmore-NE-SN,-33.914678632800005,150.7861181839,4711.9404693815995,D-RSMR-MTDT
D-RSMR-MTDT,1,260,20200814231,KempsCreek-SE-SN,-33.9022812216,150.78864483749996,6107.8512920535995,D-RSMR-MTDT
D-RSMR-MTDT,1,260,20200814235,KempsCreek-NE-SN,-33.8916263361,150.7906461785,7304.252315349499,D-RSMR-MTDT
D-RSMR-MTDT,1,260,20200814327,DTway_ElizabethDrive_a,-33.8809749106,150.79267254409996,8500.6673678644,D-RSMR-MTDT
D-RSMR-MTDT,1,260,20200814329,DTway_MetroWestStation_a,-33.8672020677,150.7943114667,10089.5536856705,D-RSMR-MTDT
D-RSMR-MTDT,1,260,20200814331,DTway_AldingtonRoad_a,-33.849988198,150.7973124968,12019.2198796225,D-RSMR-MTDT
D-RSMR-MTDT,1,260,20200814351,DTway_KempsCreek_a,-33.8354577187,150.8023205371,13905.8542554975,D-RSMR-MTDT
D-RSMR-MTDT,1,260,20200814333,DTway_ServiceRoadConnection_a,-33.8234547736,150.8043852509,15250.4299863498,D-RSMR-MTDT
D-RSMR-MTDT,1,260,20200814335,DTway_LenoreDrive_a,-33.8145138275,150.7927681805,17571.4087934042,D-RSMR-MTDT
D-RSMR-MTDT,1,260,20200814337,DTway_ErskineParkRoad_a,-33.812403837800005,150.78615275479999,18269.7617694399,D-RSMR-MTDT
D-RSMR-MTDT,1,260,20200814339,DTway_StClairConnection_a,-33.806179868899996,150.79107868,19109.462049169,D-RSMR-MTDT
D-RSMR-MTDT,1,260,20200814347,DTway_PeppertreeDr_a,-33.802458103,150.7969641132,19793.288474416,D-RSMR-MTDT
D-RSMR-MTDT,1,260,20200814349,DTway_SwallowDr_a,-33.7981020624,150.8036842143,20581.7755919033,D-RSMR-MTDT
D-RSMR-MTDT,1,260,20200814345,DTway_RoperRoad_a,-33.7866781317,150.8060507923,21989.144480488998,D-RSMR-MTDT
D-RSMR-MTDT,1,260,20200814343,DTway_GreatWesternHighway_a,-33.778983159,150.8144011325,23291.9801438353,D-RSMR-MTDT
D-RSMR-MTDT,1,260,20200814342,DTway_MtDruittStation_b,-33.7697908108,150.819848144,24736.1967329252,D-RSMR-MTDT
E-BPRK-LPTN,1,137,20200814280,BusinessParkStation_b,-33.8833670638,150.738485555,247.8820314172,E-BPRK-LPTN
E-BPRK-LPTN,1,137,20200814282,25thAv_ETway_Interchange_b,-33.8864285919,150.7604154342,2501.7665643502,E-BPRK-LPTN
E-BPRK-LPTN,1,137,20200814278,20thAv_ETway_Interchange_b,-33.8985853558,150.7589480911,3910.9319900648998,E-BPRK-LPTN
E-BPRK-LPTN,1,137,20200814226,KempsCreek-SW-WE,-33.9009918582,150.77695692059999,5602.212868879399,E-BPRK-LPTN
E-BPRK-LPTN,1,137,20200814230,KempsCreek-SE-WE,-33.902114132,150.7882258281,6659.9645220061,E-BPRK-LPTN
E-BPRK-LPTN,1,137,20200814220,Austral-NE-NS,-33.9189734898,150.8148869989,10726.1339650162,E-BPRK-LPTN
E-BPRK-LPTN,1,137,20200814216,Austral-SE-NS,-33.933253868,150.8120214573,12332.3538680751,E-BPRK-LPTN
E-BPRK-LPTN,1,137,20200814357,LeppingtonStation_a,-33.9540455449,150.808130441,14768.8804434049,E-BPRK-LPTN
E-LPTN-BPRK,1,135,20200814358,LeppingtonStation_b,-33.9536052379,150.80825827209998,7.3019372299,E-LPTN-BPRK
E-LPTN-BPRK,1,135,20200814215,Austral-SE-SN,-33.9332832281,150.8119840899,2370.5814622455,E-LPTN-BPRK
E-LPTN-BPRK,1,135,20200814219,Austral-NE-SN,-33.9189937549,150.81485146010002,3977.8418673648,E-LPTN-BPRK
E-LPTN-BPRK,1,135,20200814229,KempsCreek-SE-EW,-33.9021449793,150.7882643872,8042.7208075983,E-LPTN-BPRK
E-LPTN-BPRK,1,135,20200814225,KempsCreek-SW-EW,-33.9009991284,150.7769496504,9104.695456719599,E-LPTN-BPRK
E-LPTN-BPRK,1,135,20200814277,20thAv_ETway_Interchange_a,-33.8985989882,150.7589480911,10795.5564143813,E-LPTN-BPRK
E-LPTN-BPRK,1,135,20200814281,25thAv_ETway_Interchange_a,-33.8865447221,150.76052100709998,12193.423975105301,E-LPTN-BPRK
E-LPTN-BPRK,1,135,20200814279,BusinessParkStation_a,-33.8834322139,150.7384801258,14463.422208136399,E-LPTN-BPRK
KempsCreek-NE-E-to,1,289,20200814291,ETWay_Cabramatta_a,-33.8951539015,150.93850338200002,23.681002083000003,KempsCreek-NE-E
KempsCreek-NE-E-to,1,289,20200814293,ETway_CabramattaWest_a,-33.899333793400004,150.9218006275,1785.4067560757,KempsCreek-NE-E
KempsCreek-NE-E-to,1,289,20200814295,ETway_TownviewRoad_a,-33.8969491058,150.9126529596,2702.5768445283998,KempsCreek-NE-E
KempsCreek-NE-E-to,1,289,20200814287,ETway_MountPritchard_a,-33.89485316010001,150.9031357264,3633.3629640695003,KempsCreek-NE-E
KempsCreek-NE-E-to,1,289,20200814289,ETway_Bonnyrigg_a,-33.893275058,150.8916244061,4712.5552009564,KempsCreek-NE-E
KempsCreek-NE-E-to,1,289,20200814285,ETway_LPTway_a,-33.8894346824,150.88310527040002,5646.838455374101,KempsCreek-NE-E
KempsCreek-NE-E-to,1,289,20200814297,ETway_BonnyriggHeights_a,-33.8854468556,150.8696643103,6985.7512093795995,KempsCreek-NE-E
KempsCreek-NE-E-to,1,289,20200814300,ETway_CecilHills_a,-33.883727278,150.8574727438,8164.776590234201,KempsCreek-NE-E
KempsCreek-NE-E-to,1,289,20200814301,ETway_CecilRoad_a,-33.8747565834,150.8387649123,10271.1116156395,KempsCreek-NE-E
KempsCreek-NE-E-to,1,289,20200814283,ETway_MamreRoad_a,-33.880601892399994,150.8090608429,13277.1710874658,KempsCreek-NE-E
KempsCreek-NE-E-to,1,289,20200814328,DTway_ElizabethDrive_b,-33.8809591529,150.79269224129996,14836.755351555501,KempsCreek-NE-E
KempsCreek-NE-E-to,1,289,20200814185,KempsCreek-NE-5a,-33.8863500031,150.79348587209998,15573.3936496643,KempsCreek-NE-E
KempsCreek-NE-E-to,1,289,20200814187,KempsCreek-NE-6a,-33.8893067042,150.79548256270002,16096.4407084354,KempsCreek-NE-E
KempsCreek-NE-E-to,1,289,20200814189,KempsCreek-NE-7a,-33.892188217800005,150.79495951360002,16419.7300908806,KempsCreek-NE-E
KempsCreek-NE-E-to,1,289,20200814191,KempsCreek-NE-8a,-33.8944185304,150.79207889719999,16927.915243516498,KempsCreek-NE-E
KempsCreek-NE-E-from,1,278,20200814177,KempsCreek-NE-1a,-33.8938488408,150.78731024520002,19681.46702079243,KempsCreek-NE-E
KempsCreek-NE-E-from,1,278,20200814179,KempsCreek-NE-2a,-33.8905610802,150.7853668098,20240.36727804893,KempsCreek-NE-E
KempsCreek-NE-E-from,1,278,20200814181,KempsCreek-NE-3a,-33.8868260789,150.786088098,20661.483037961127,KempsCreek-NE-E
KempsCreek-NE-E-from,1,278,20200814183,KempsCreek-NE-4a,-33.8842460348,150.79064408969998,21377.37282913393,KempsCreek-NE-E
KempsCreek-NE-E-from,1,278,20200814327,DTway_ElizabethDrive_a,-33.8809749106,150.79267254409996,21894.199082789728,KempsCreek-NE-E
KempsCreek-NE-E-from,1,278,20200814284,ETway_MamreRoad_b,-33.8804628803,150.8091859539,23472.931795114528,KempsCreek-NE-E
KempsCreek-NE-E-from,1,278,20200814302,ETway_CecilRoad_b,-33.8746762203,150.8388988509,26477.49424447773,KempsCreek-NE-E
KempsCreek-NE-E-from,1,278,20200814299,ETway_CecilHills_b,-33.8835274651,150.8578880411,28599.527981539028,KempsCreek-NE-E
KempsCreek-NE-E-from,1,278,20200814298,ETway_BonnyriggHeights_b,-33.8853638624,150.8698816733,29760.528790358527,KempsCreek-NE-E
KempsCreek-NE-E-from,1,278,20200814286,ETway_LPTway_b,-33.8894283686,150.8831936629,31091.83733086803,KempsCreek-NE-E
KempsCreek-NE-E-from,1,278,20200814290,ETway_Bonnyrigg_b,-33.8932547877,150.8916649466,32002.88431284573,KempsCreek-NE-E
KempsCreek-NE-E-from,1,278,20200814288,ETway_MountPritchard_b,-33.8948067793,150.9032200551,33085.555851112025,KempsCreek-NE-E
KempsCreek-NE-E-from,1,278,20200814296,ETway_TownviewRoad_b,-33.8969404578,150.9126904339,34011.59243202543,KempsCreek-NE-E
KempsCreek-NE-E-from,1,278,20200814294,ETway_CabramattaWest_b,-33.8992627794,150.9218340458,34925.112670626826,KempsCreek-NE-E
KempsCreek-NE-E-from,1,278,20200814292,ETway_Cabramatta_b,-33.8951986512,150.9384586324,36574.455332732934,KempsCreek-NE-E
KempsCreek-NE-N-to,1,186,20200814341,DTway_MtDruittStation_a,-33.7698050109,150.81982582950002,24.5034806632,KempsCreek-NE-N
KempsCreek-NE-N-to,1,186,20200814344,DTway_GreatWesternHighway_b,-33.779058075,150.8145774056,1441.9770817079002,KempsCreek-NE-N
KempsCreek-NE-N-to,1,186,20200814346,DTway_RoperRoad_b,-33.7867071871,150.8061185881,2722.1445175254003,KempsCreek-NE-N
KempsCreek-NE-N-to,1,186,20200814350,DTway_SwallowDr_b,-33.7982460519,150.80382820379998,4135.2754292908,KempsCreek-NE-N
KempsCreek-NE-N-to,1,186,20200814348,DTway_PeppertreeDr_b,-33.802401747,150.7971591916,4906.4444034831,KempsCreek-NE-N
KempsCreek-NE-N-to,1,186,20200814340,DTway_StClairConnection_b,-33.8061570892,150.7911754937,5600.0637061713,KempsCreek-NE-N
KempsCreek-NE-N-to,1,186,20200814338,DTway_ErskineParkRoad_b,-33.81238574530001,150.7862122016,6443.627341579399,KempsCreek-NE-N
KempsCreek-NE-N-to,1,186,20200814336,DTway_LenoreDrive_b,-33.8143384204,150.7927535633,7126.3417506266005,KempsCreek-NE-N
KempsCreek-NE-N-to,1,186,20200814334,DTway_ServiceRoadConnection_b,-33.8234008519,150.8044597142,9459.0374850242,KempsCreek-NE-N
KempsCreek-NE-N-to,1,186,20200814352,DTway_KempsCreek_b,-33.8354404552,150.802335729,10809.7872845689,KempsCreek-NE-N
KempsCreek-NE-N-to,1,186,20200814332,DTway_AldingtonRoad_b,-33.8499170464,150.7974034128,12689.5022567401,KempsCreek-NE-N
KempsCreek-NE-N-to,1,186,20200814330,DTway_MetroWestStation_b,-33.8671229735,150.794434502,14617.870911280601,KempsCreek-NE-N
KempsCreek-NE-N-to,1,186,20200814328,DTway_ElizabethDrive_b,-33.8809591529,150.79269224129996,16215.0317275944,KempsCreek-NE-N
KempsCreek-NE-N-to,1,186,20200814185,KempsCreek-NE-5a,-33.8863500031,150.79348587209998,16951.6700257031,KempsCreek-NE-N
KempsCreek-NE-N-to,1,186,20200814187,KempsCreek-NE-6a,-33.8893067042,150.79548256270002,17474.7170844682,KempsCreek-NE-N
KempsCreek-NE-N-to,1,186,20200814189,KempsCreek-NE-7a,-33.892188217800005,150.79495951360002,17798.0064669225,KempsCreek-NE-N
KempsCreek-NE-N-to,1,186,20200814191,KempsCreek-NE-8a,-33.8944185304,150.79207889719999,18306.1916195554,KempsCreek-NE-N
KempsCreek-NE-N-from,1,224,20200814177,KempsCreek-NE-1a,-33.8938488408,150.78731024520002,18395.53040967147,KempsCreek-NE-N
KempsCreek-NE-N-from,1,224,20200814179,KempsCreek-NE-2a,-33.8905610802,150.7853668098,18954.430666927972,KempsCreek-NE-N
KempsCreek-NE-N-from,1,224,20200814181,KempsCreek-NE-3a,-33.8868260789,150.786088098,19375.54642684017,KempsCreek-NE-N
KempsCreek-NE-N-from,1,224,20200814183,KempsCreek-NE-4a,-33.8842460348,150.79064408969998,20091.436218012972,KempsCreek-NE-N
KempsCreek-NE-N-from,1,224,20200814327,DTway_ElizabethDrive_a,-33.8809749106,150.79267254409996,20608.26247166877,KempsCreek-NE-N
KempsCreek-NE-N-from,1,224,20200814329,DTway_MetroWestStation_a,-33.8672020677,150.7943114667,22197.14878947487,KempsCreek-NE-N
KempsCreek-NE-N-from,1,224,20200814331,DTway_AldingtonRoad_a,-33.849988198,150.7973124968,24126.814983426873,KempsCreek-NE-N
KempsCreek-NE-N-from,1,224,20200814351,DTway_KempsCreek_a,-33.8354577187,150.8023205371,26013.44935930187,KempsCreek-NE-N
KempsCreek-NE-N-from,1,224,20200814333,DTway_ServiceRoadConnection_a,-33.8234547736,150.8043852509,27358.025090154173,KempsCreek-NE-N
KempsCreek-NE-N-from,1,224,20200814335,DTway_LenoreDrive_a,-33.8145138275,150.7927681805,29679.00389720857,KempsCreek-NE-N
KempsCreek-NE-N-from,1,224,20200814337,DTway_ErskineParkRoad_a,-33.812403837800005,150.78615275479999,30377.356873244273,KempsCreek-NE-N
KempsCreek-NE-N-from,1,224,20200814339,DTway_StClairConnection_a,-33.806179868899996,150.79107868,31217.057152973473,KempsCreek-NE-N
KempsCreek-NE-N-from,1,224,20200814347,DTway_PeppertreeDr_a,-33.802458103,150.7969641132,31900.88357822037,KempsCreek-NE-N
KempsCreek-NE-N-from,1,224,20200814349,DTway_SwallowDr_a,-33.7981020624,150.8036842143,32689.370695707672,KempsCreek-NE-N
KempsCreek-NE-N-from,1,224,20200814345,DTway_RoperRoad_a,-33.7866781317,150.8060507923,34096.73958429347,KempsCreek-NE-N
KempsCreek-NE-N-from,1,224,20200814343,DTway_GreatWesternHighway_a,-33.778983159,150.8144011325,35399.575247639776,KempsCreek-NE-N
KempsCreek-NE-N-from,1,224,20200814342,DTway_MtDruittStation_b,-33.7697908108,150.819848144,36843.79183672957,KempsCreek-NE-N
KempsCreek-NE-S-to,1,53,20200814356,RossmoreStation_b,-33.950427411199996,150.7811330864,35.5974601593,KempsCreek-NE-S
KempsCreek-NE-S-to,1,53,20200814203,Rossmore-SE-SN,-33.9293981169,150.7851888986,2912.4577143963,KempsCreek-NE-S
KempsCreek-NE-S-to,1,53,20200814207,Rossmore-NE-SN,-33.914678632800005,150.7861181839,4711.9404693815995,KempsCreek-NE-S
KempsCreek-NE-S-to,1,53,20200814231,KempsCreek-SE-SN,-33.9022812216,150.78864483749996,6107.8512920535995,KempsCreek-NE-S
KempsCreek-NE-S-to,1,53,20200814177,KempsCreek-NE-1a,-33.8938488408,150.78731024520002,7325.9715203822,KempsCreek-NE-S
KempsCreek-NE-S-to,1,53,20200814179,KempsCreek-NE-2a,-33.8905610802,150.7853668098,7884.8717776352005,KempsCreek-NE-S
KempsCreek-NE-S-to,1,53,20200814181,KempsCreek-NE-3a,-33.8868260789,150.786088098,8305.9875375509,KempsCreek-NE-S
KempsCreek-NE-S-from,1,47,20200814185,KempsCreek-NE-5a,-33.8863500031,150.79348587209998,8968.909226940437,KempsCreek-NE-S
KempsCreek-NE-S-to,1,53,20200814183,KempsCreek-NE-4a,-33.8842460348,150.79064408969998,9021.8773287237,KempsCreek-NE-S
KempsCreek-NE-S-from,1,47,20200814187,KempsCreek-NE-6a,-33.8893067042,150.79548256270002,9491.956285705537,KempsCreek-NE-S
KempsCreek-NE-S-from,1,47,20200814189,KempsCreek-NE-7a,-33.892188217800005,150.79495951360002,9815.245668159838,KempsCreek-NE-S
KempsCreek-NE-S-from,1,47,20200814191,KempsCreek-NE-8a,-33.8944185304,150.79207889719999,10323.430820792737,KempsCreek-NE-S
KempsCreek-NE-S-from,1,47,20200814232,KempsCreek-SE-NS,-33.9022555155,150.78866797290002,11452.540514601838,KempsCreek-NE-S
KempsCreek-NE-S-from,1,47,20200814208,Rossmore-NE-NS,-33.9146854845,150.7861240568,12852.327440773039,KempsCreek-NE-S
KempsCreek-NE-S-from,1,47,20200814204,Rossmore-SE-NS,-33.9293326348,150.7852662866,14631.085799052638,KempsCreek-NE-S
KempsCreek-NE-S-from,1,47,20200814355,RossmoreStation_a,-33.9504846533,150.7810758443,17505.466588515137,KempsCreek-NE-S
KempsCreek-NE-W-to,1,24,20200814280,BusinessParkStation_b,-33.8833670638,150.738485555,247.8820314172,KempsCreek-NE-W
KempsCreek-NE-W-to,1,24,20200814282,25thAv_ETway_Interchange_b,-33.8864285919,150.7604154342,2501.7665648726997,KempsCreek-NE-W
KempsCreek-NE-W-to,1,24,20200814237,KempsCreek-NW-EW,-33.8897990453,150.778989327,4617.8700548127,KempsCreek-NE-W
KempsCreek-NE-W-to,1,24,20200814179,KempsCreek-NE-2a,-33.8905610802,150.7853668098,5305.9029679316,KempsCreek-NE-W
KempsCreek-NE-W-to,1,24,20200814181,KempsCreek-NE-3a,-33.8868260789,150.786088098,5727.0187278472995,KempsCreek-NE-W
KempsCreek-NE-W-to,1,24,20200814183,KempsCreek-NE-4a,-33.8842460348,150.79064408969998,6442.884569090999,KempsCreek-NE-W
KempsCreek-NE-W-to,1,24,20200814185,KempsCreek-NE-5a,-33.8863500031,150.79348587209998,6910.699684698499,KempsCreek-NE-W
KempsCreek-NE-W-to,1,24,20200814187,KempsCreek-NE-6a,-33.8893067042,150.79548256270002,7433.7467434636,KempsCreek-NE-W
KempsCreek-NE-W-from,1,20,20200814189,KempsCreek-NE-7a,-33.892188217800005,150.79495951360002,8511.196489238293,KempsCreek-NE-W
KempsCreek-NE-W-from,1,20,20200814191,KempsCreek-NE-8a,-33.8944185304,150.79207889719999,9019.381641871194,KempsCreek-NE-W
KempsCreek-NE-W-from,1,20,20200814177,KempsCreek-NE-1a,-33.8938488408,150.78731024520002,9486.752384287192,KempsCreek-NE-W
KempsCreek-NE-W-from,1,20,20200814238,KempsCreek-NW-WE,-33.8897877355,150.77897801719996,10670.474535065094,KempsCreek-NE-W
KempsCreek-NE-W-from,1,20,20200814281,25thAv_ETway_Interchange_a,-33.8865447221,150.76052100709998,12773.971396877094,KempsCreek-NE-W
KempsCreek-NE-W-from,1,20,20200814279,BusinessParkStation_a,-33.8834322139,150.7384801258,15043.969629225194,KempsCreek-NE-W
KempsCreek-NW-E-to,1,304,20200814291,ETWay_Cabramatta_a,-33.8951539015,150.93850338200002,23.681002083000003,KempsCreek-NW-E
KempsCreek-NW-E-to,1,304,20200814293,ETway_CabramattaWest_a,-33.899333793400004,150.9218006275,1785.4067560757,KempsCreek-NW-E
KempsCreek-NW-E-to,1,304,20200814295,ETway_TownviewRoad_a,-33.8969491058,150.9126529596,2702.5768445283998,KempsCreek-NW-E
KempsCreek-NW-E-to,1,304,20200814287,ETway_MountPritchard_a,-33.89485316010001,150.9031357264,3633.3629640695003,KempsCreek-NW-E
KempsCreek-NW-E-to,1,304,20200814289,ETway_Bonnyrigg_a,-33.893275058,150.8916244061,4712.5552009564,KempsCreek-NW-E
KempsCreek-NW-E-to,1,304,20200814285,ETway_LPTway_a,-33.8894346824,150.88310527040002,5646.838455374101,KempsCreek-NW-E
KempsCreek-NW-E-to,1,304,20200814297,ETway_BonnyriggHeights_a,-33.8854468556,150.8696643103,6985.7512093795995,KempsCreek-NW-E
KempsCreek-NW-E-to,1,304,20200814300,ETway_CecilHills_a,-33.883727278,150.8574727438,8164.776590234201,KempsCreek-NW-E
KempsCreek-NW-E-to,1,304,20200814301,ETway_CecilRoad_a,-33.8747565834,150.8387649123,10271.1116156395,KempsCreek-NW-E
KempsCreek-NW-E-to,1,304,20200814283,ETway_MamreRoad_a,-33.880601892399994,150.8090608429,13277.1710874658,KempsCreek-NW-E
KempsCreek-NW-E-to,1,304,20200814328,DTway_ElizabethDrive_b,-33.8809591529,150.79269224129996,14836.755351555501,KempsCreek-NW-E
KempsCreek-NW-E-to,1,304,20200814233,KempsCreek-NE-EW,-33.8913418433,150.7904917356,16018.086598578999,KempsCreek-NW-E
KempsCreek-NW-E-to,1,304,20200814173,KempsCreek-NW-7a,-33.893115463200004,150.78171279489996,17096.4421338176,KempsCreek-NW-E
KempsCreek-NW-E-to,1,304,20200814175,KempsCreek-NW-8a,-33.8903477535,150.77970246520002,17605.2186687656,KempsCreek-NW-E
KempsCreek-NW-E-to,1,304,20200814161,KempsCreek-NW-1a,-33.8925694552,150.7768530967,18175.3283101326,KempsCreek-NW-E
KempsCreek-NW-E-to,1,304,20200814163,KempsCreek-NW-2a,-33.8895173743,150.7741558246,18920.8167716191,KempsCreek-NW-E
KempsCreek-NW-E-from,1,282,20200814165,KempsCreek-NW-3a,-33.885213637199996,150.7723883433,21966.599705662447,KempsCreek-NW-E
KempsCreek-NW-E-from,1,282,20200814167,KempsCreek-NW-4a,-33.8844032959,150.77743554149998,22566.913657417448,KempsCreek-NW-E
KempsCreek-NW-E-from,1,282,20200814169,KempsCreek-NW-5a,-33.88507818,150.7830402419,23123.01386620465,KempsCreek-NW-E
KempsCreek-NW-E-from,1,282,20200814171,KempsCreek-NW-6a,-33.889088229,150.78242256549999,23571.76368465075,KempsCreek-NW-E
KempsCreek-NW-E-from,1,282,20200814234,KempsCreek-NE-WE,-33.8913306458,150.7904357482,24503.795685106048,KempsCreek-NW-E
KempsCreek-NW-E-from,1,282,20200814327,DTway_ElizabethDrive_a,-33.8809749106,150.79267254409996,25687.536663564348,KempsCreek-NW-E
KempsCreek-NW-E-from,1,282,20200814284,ETway_MamreRoad_b,-33.8804628803,150.8091859539,27266.269375889147,KempsCreek-NW-E
KempsCreek-NW-E-from,1,282,20200814302,ETway_CecilRoad_b,-33.8746762203,150.8388988509,30270.831825252346,KempsCreek-NW-E
KempsCreek-NW-E-from,1,282,20200814299,ETway_CecilHills_b,-33.8835274651,150.8578880411,32392.865562313647,KempsCreek-NW-E
KempsCreek-NW-E-from,1,282,20200814298,ETway_BonnyriggHeights_b,-33.8853638624,150.8698816733,33553.86637113325,KempsCreek-NW-E
KempsCreek-NW-E-from,1,282,20200814286,ETway_LPTway_b,-33.8894283686,150.8831936629,34885.17491164265,KempsCreek-NW-E
KempsCreek-NW-E-from,1,282,20200814290,ETway_Bonnyrigg_b,-33.8932547877,150.8916649466,35796.22189362034,KempsCreek-NW-E
KempsCreek-NW-E-from,1,282,20200814288,ETway_MountPritchard_b,-33.8948067793,150.9032200551,36878.89343188665,KempsCreek-NW-E
KempsCreek-NW-E-from,1,282,20200814296,ETway_TownviewRoad_b,-33.8969404578,150.9126904339,37804.93001280005,KempsCreek-NW-E
KempsCreek-NW-E-from,1,282,20200814294,ETway_CabramattaWest_b,-33.8992627794,150.9218340458,38718.450251401446,KempsCreek-NW-E
KempsCreek-NW-E-from,1,282,20200814292,ETway_Cabramatta_b,-33.8951986512,150.9384586324,40367.792913507554,KempsCreek-NW-E
KempsCreek-NW-N-to,1,133,20200814320,CTway_StMarysStation_b,-33.7628119754,150.7763125536,16.1034064411,KempsCreek-NW-N
KempsCreek-NW-N-to,1,133,20200814322,CTway_StMarysLibrary_b,-33.7688064026,150.7737289487,861.8715562411,KempsCreek-NW-N
KempsCreek-NW-N-to,1,133,20200814324,CTway_WilsonOval_b,-33.7775932485,150.77221306659996,1846.7594350198,KempsCreek-NW-N
KempsCreek-NW-N-to,1,133,20200814318,CTway_BanksDrive_b,-33.7881825696,150.770419091,3034.0071019131,KempsCreek-NW-N
KempsCreek-NW-N-to,1,133,20200814316,CTway_LuddenhamRoad_b,-33.8033613188,150.7693345138,4755.1147127255,KempsCreek-NW-N
KempsCreek-NW-N-to,1,133,20200814314,CTWay_ErskineParkRoad_b,-33.8179643213,150.7760714532,6536.5083257145,KempsCreek-NW-N
KempsCreek-NW-N-to,1,133,20200814312,CTway_TrainingAcademy_b,-33.827156510500004,150.77892604040002,7611.2268829333,KempsCreek-NW-N
KempsCreek-NW-N-to,1,133,20200814308,CTWay_MamreRoad_b,-33.8423062963,150.7812109244,9334.1685208082,KempsCreek-NW-N
KempsCreek-NW-N-to,1,133,20200814310,CTway_M12_b,-33.8610157133,150.7774726452,11557.214949220801,KempsCreek-NW-N
KempsCreek-NW-N-to,1,133,20200814306,CTway_MetroWestStation_b,-33.8692541104,150.77526076700002,12520.533907486499,KempsCreek-NW-N
KempsCreek-NW-N-to,1,133,20200814326,CTway_ElizabethDrive_b,-33.8777295921,150.7816084047,14123.2752728399,KempsCreek-NW-N
KempsCreek-NW-N-to,1,133,20200814169,KempsCreek-NW-5a,-33.88507818,150.7830402419,15227.431479128501,KempsCreek-NW-N
KempsCreek-NW-N-to,1,133,20200814171,KempsCreek-NW-6a,-33.889088229,150.78242256549999,15676.1812975746,KempsCreek-NW-N
KempsCreek-NW-N-from,1,143,20200814161,KempsCreek-NW-1a,-33.8925694552,150.7768530967,15885.88193731186,KempsCreek-NW-N
KempsCreek-NW-N-to,1,133,20200814173,KempsCreek-NW-7a,-33.893115463200004,150.78171279489996,16127.7354897129,KempsCreek-NW-N
KempsCreek-NW-N-from,1,143,20200814163,KempsCreek-NW-2a,-33.8895173743,150.7741558246,16631.37039879836,KempsCreek-NW-N
KempsCreek-NW-N-to,1,133,20200814175,KempsCreek-NW-8a,-33.8903477535,150.77970246520002,16636.5120246609,KempsCreek-NW-N
KempsCreek-NW-N-from,1,143,20200814165,KempsCreek-NW-3a,-33.885213637199996,150.7723883433,17307.04928472286,KempsCreek-NW-N
KempsCreek-NW-N-from,1,143,20200814167,KempsCreek-NW-4a,-33.8844032959,150.77743554149998,17907.36323645066,KempsCreek-NW-N
KempsCreek-NW-N-from,1,143,20200814325,CTway_ElizabethDrive_a,-33.877738464000004,150.78157798680002,19017.78285338766,KempsCreek-NW-N
KempsCreek-NW-N-from,1,143,20200814305,CTway_MetroWestStation_a,-33.8693366129,150.7750977576,20611.26919974856,KempsCreek-NW-N
KempsCreek-NW-N-from,1,143,20200814309,CTway_M12_a,-33.8611149893,150.77733365879996,21573.06538395436,KempsCreek-NW-N
KempsCreek-NW-N-from,1,143,20200814307,CTway_MamreRoad_a,-33.842461926700004,150.781039731,23791.58986173926,KempsCreek-NW-N
KempsCreek-NW-N-from,1,143,20200814311,CTway_TrainingAcademy_a,-33.8272876613,150.778970373,25516.92059311086,KempsCreek-NW-N
KempsCreek-NW-N-from,1,143,20200814313,CTway_ErskineParkRoad_a,-33.8172801276,150.7758564209,26685.659714081863,KempsCreek-NW-N
KempsCreek-NW-N-from,1,143,20200814315,CTway_LuddenhamRoad_a,-33.8036286973,150.7694340034,28360.37424133416,KempsCreek-NW-N
KempsCreek-NW-N-from,1,143,20200814317,CTway_BanksDrive_a,-33.7883272933,150.7703188977,30094.59418048866,KempsCreek-NW-N
KempsCreek-NW-N-from,1,143,20200814323,CTway_WilsonOval_a,-33.7776406092,150.7721841882,31294.44487255016,KempsCreek-NW-N
KempsCreek-NW-N-from,1,143,20200814321,CTway_StMarysLibrary_a,-33.7688712124,150.7736533373,32276.80435983516,KempsCreek-NW-N
KempsCreek-NW-N-from,1,143,20200814319,CTway_StMarysStation_a,-33.762579605,150.7763020595,33133.35837668566,KempsCreek-NW-N
KempsCreek-NW-S-to,1,30,20200814354,SouthCreekStation_b,-33.9474910209,150.7570352553,34.0306956331,KempsCreek-NW-S
KempsCreek-NW-S-to,1,30,20200814199,Rossmore-SW-SN,-33.9260553096,150.7693820919,3348.4884899032,KempsCreek-NW-S
KempsCreek-NW-S-to,1,30,20200814195,Rossmore-NW-SN,-33.9126643197,150.77171308180002,4849.5739235344,KempsCreek-NW-S
KempsCreek-NW-S-to,1,30,20200814227,KempsCreek-SW-SN,-33.9008908021,150.77715103559999,6514.6882852348,KempsCreek-NW-S
KempsCreek-NW-S-to,1,30,20200814161,KempsCreek-NW-1a,-33.8925694552,150.7768530967,8257.2477473415,KempsCreek-NW-S
KempsCreek-NW-S-to,1,30,20200814163,KempsCreek-NW-2a,-33.8895173743,150.7741558246,9002.736208828,KempsCreek-NW-S
KempsCreek-NW-S-to,1,30,20200814165,KempsCreek-NW-3a,-33.885213637199996,150.7723883433,9678.4150947525,KempsCreek-NW-S
KempsCreek-NW-S-to,1,30,20200814167,KempsCreek-NW-4a,-33.8844032959,150.77743554149998,10278.7290464803,KempsCreek-NW-S
KempsCreek-NW-S-from,1,25,20200814169,KempsCreek-NW-5a,-33.88507818,150.7830402419,10441.069463647524,KempsCreek-NW-S
KempsCreek-NW-S-from,1,25,20200814171,KempsCreek-NW-6a,-33.889088229,150.78242256549999,10889.819282135322,KempsCreek-NW-S
KempsCreek-NW-S-from,1,25,20200814173,KempsCreek-NW-7a,-33.893115463200004,150.78171279489996,11341.373474171023,KempsCreek-NW-S
KempsCreek-NW-S-from,1,25,20200814175,KempsCreek-NW-8a,-33.8903477535,150.77970246520002,11850.150009179823,KempsCreek-NW-S
KempsCreek-NW-S-from,1,25,20200814228,KempsCreek-SW-NS,-33.9008857129,150.7771612139,13164.734365616123,KempsCreek-NW-S
KempsCreek-NW-S-from,1,25,20200814196,Rossmore-NW-NS,-33.9126333997,150.7717555967,14826.596876938123,KempsCreek-NW-S
KempsCreek-NW-S-from,1,25,20200814200,Rossmore-SW-NS,-33.9260098046,150.7694358706,16325.931642116622,KempsCreek-NW-S
KempsCreek-NW-S-from,1,25,20200814353,SouthCreekStation_a,-33.9475883119,150.756946809,19652.641772916824,KempsCreek-NW-S
KempsCreek-NW-W-to,1,16,20200814280,BusinessParkStation_b,-33.8833670638,150.738485555,247.8820314172,KempsCreek-NW-W
KempsCreek-NW-W-to,1,16,20200814282,25thAv_ETway_Interchange_b,-33.8864285919,150.7604154342,2501.7665648726997,KempsCreek-NW-W
KempsCreek-NW-W-to,1,16,20200814165,KempsCreek-NW-3a,-33.885213637199996,150.7723883433,3821.3297441858003,KempsCreek-NW-W
KempsCreek-NW-W-to,1,16,20200814167,KempsCreek-NW-4a,-33.8844032959,150.77743554149998,4421.6436959408,KempsCreek-NW-W
KempsCreek-NW-W-to,1,16,20200814169,KempsCreek-NW-5a,-33.88507818,150.7830402419,4977.7439047279995,KempsCreek-NW-W
KempsCreek-NW-W-to,1,16,20200814171,KempsCreek-NW-6a,-33.889088229,150.78242256549999,5426.4937231741,KempsCreek-NW-W
KempsCreek-NW-W-from,1,24,20200814173,KempsCreek-NW-7a,-33.893115463200004,150.78171279489996,6513.181496362366,KempsCreek-NW-W
KempsCreek-NW-W-from,1,24,20200814175,KempsCreek-NW-8a,-33.8903477535,150.77970246520002,7021.958031310265,KempsCreek-NW-W
KempsCreek-NW-W-from,1,24,20200814161,KempsCreek-NW-1a,-33.8925694552,150.7768530967,7592.067672677265,KempsCreek-NW-W
KempsCreek-NW-W-from,1,24,20200814163,KempsCreek-NW-2a,-33.8895173743,150.7741558246,8337.556134163866,KempsCreek-NW-W
KempsCreek-NW-W-from,1,24,20200814281,25thAv_ETway_Interchange_a,-33.8865447221,150.76052100709998,10026.932023996465,KempsCreek-NW-W
KempsCreek-NW-W-from,1,24,20200814279,BusinessParkStation_a,-33.8834322139,150.7384801258,12296.930256344565,KempsCreek-NW-W
KempsCreek-SE-E-to,1,287,20200814241,15thAv_LiverpoolStation_a,-33.9229589158,150.926652438,20.871406078299998,KempsCreek-SE-E
KempsCreek-SE-E-to,1,287,20200814244,15thAv-BrickmakersTway_b,-33.9280104982,150.9102681745,1927.6655359613,KempsCreek-SE-E
KempsCreek-SE-E-to,1,287,20200814246,15thAv_MaxwellsTway_b,-33.9265808476,150.898368081,3042.12045841,KempsCreek-SE-E
KempsCreek-SE-E-to,1,287,20200814248,15thAv_AshTway_b,-33.927846709899995,150.8820714551,4562.5231306009,KempsCreek-SE-E
KempsCreek-SE-E-to,1,287,20200814250,15thAv_MillerTway_b,-33.9273033547,150.8713840906,5559.3422203379005,KempsCreek-SE-E
KempsCreek-SE-E-to,1,287,20200814251,15thAv_HoxtonPark_a,-33.9266754507,150.8581175471,6808.219492958199,KempsCreek-SE-E
KempsCreek-SE-E-to,1,287,20200814253,15thAv_MiddletonGrange_a,-33.9222476604,150.8396292901,8696.1135498667,KempsCreek-SE-E
KempsCreek-SE-E-to,1,287,20200814217,Austral-NE-EW,-33.91878524860001,150.8147837698,11025.7111608836,KempsCreek-SE-E
KempsCreek-SE-E-to,1,287,20200814222,Austral-NW-EW,-33.9169063557,150.80124081489996,12295.480084711298,KempsCreek-SE-E
KempsCreek-SE-E-to,1,287,20200814141,KempsCreek-SE-7a,-33.9054787299,150.7934747039,14828.2967153277,KempsCreek-SE-E
KempsCreek-SE-E-to,1,287,20200814143,KempsCreek-SE-8a,-33.9063558876,150.7892290726,15353.924269554,KempsCreek-SE-E
KempsCreek-SE-E-to,1,287,20200814129,KempsCreek-SE-1a,-33.9059754968,150.78597386290002,16236.2511839621,KempsCreek-SE-E
KempsCreek-SE-E-to,1,287,20200814131,KempsCreek-SE-2a,-33.9041061723,150.7822152999,16761.617217677198,KempsCreek-SE-E
KempsCreek-SE-E-from,1,275,20200814133,KempsCreek-SE-3a,-33.8988070073,150.7831190576,19560.70132307685,KempsCreek-SE-E
KempsCreek-SE-E-from,1,275,20200814135,KempsCreek-SE-4a,-33.8980060449,150.78818286129996,20161.342250893253,KempsCreek-SE-E
KempsCreek-SE-E-from,1,275,20200814137,KempsCreek-SE-5a,-33.898565213699996,150.7929751884,20663.586120570053,KempsCreek-SE-E
KempsCreek-SE-E-from,1,275,20200814140,KempsCreek-SE-6b,-33.9014246379,150.7942170318,21111.585514711453,KempsCreek-SE-E
KempsCreek-SE-E-from,1,275,20200814221,Austral-NW-WE,-33.9168907038,150.8012431864,23502.76110120175,KempsCreek-SE-E
KempsCreek-SE-E-from,1,275,20200814218,Austral-NE-WE,-33.918760959400004,150.814767577,24770.649105878052,KempsCreek-SE-E
KempsCreek-SE-E-from,1,275,20200814254,15thAv_MiddletonGrange_b,-33.922206732199996,150.83964293280002,27102.67732285015,KempsCreek-SE-E
KempsCreek-SE-E-from,1,275,20200814252,15thAv_HoxtonPark_b,-33.926374513,150.8607374752,29224.32799916945,KempsCreek-SE-E
KempsCreek-SE-E-from,1,275,20200814249,15thAv_MillerTway_a,-33.9269647039,150.87097446499996,30187.956696033852,KempsCreek-SE-E
KempsCreek-SE-E-from,1,275,20200814247,15thAv_AshTway_a,-33.9275354765,150.8832335975,31333.638861120053,KempsCreek-SE-E
KempsCreek-SE-E-from,1,275,20200814245,15thAv_MaxwellsTway_a,-33.9263351743,150.8992312574,32824.89454001805,KempsCreek-SE-E
KempsCreek-SE-E-from,1,275,20200814243,15thAv_BrickmakersTway_a,-33.9278430218,150.91032024700002,33864.16932641095,KempsCreek-SE-E
KempsCreek-SE-E-from,1,275,20200814242,15thAv_LiverpoolStation_b,-33.923102999,150.92683215989996,35715.33194725875,KempsCreek-SE-E
KempsCreek-SE-N-to,1,189,20200814341,DTway_MtDruittStation_a,-33.7698050109,150.81982582950002,24.5034806632,KempsCreek-SE-N
KempsCreek-SE-N-to,1,189,20200814344,DTway_GreatWesternHighway_b,-33.779058075,150.8145774056,1441.9770817079002,KempsCreek-SE-N
KempsCreek-SE-N-to,1,189,20200814346,DTway_RoperRoad_b,-33.7867071871,150.8061185881,2722.1445175254003,KempsCreek-SE-N
KempsCreek-SE-N-to,1,189,20200814350,DTway_SwallowDr_b,-33.7982460519,150.80382820379998,4135.2754292908,KempsCreek-SE-N
KempsCreek-SE-N-to,1,189,20200814348,DTway_PeppertreeDr_b,-33.802401747,150.7971591916,4906.4444034831,KempsCreek-SE-N
KempsCreek-SE-N-to,1,189,20200814340,DTway_StClairConnection_b,-33.8061570892,150.7911754937,5600.0637061713,KempsCreek-SE-N
KempsCreek-SE-N-to,1,189,20200814338,DTway_ErskineParkRoad_b,-33.81238574530001,150.7862122016,6443.627341579399,KempsCreek-SE-N
KempsCreek-SE-N-to,1,189,20200814336,DTway_LenoreDrive_b,-33.8143384204,150.7927535633,7126.3417506266005,KempsCreek-SE-N
KempsCreek-SE-N-to,1,189,20200814334,DTway_ServiceRoadConnection_b,-33.8234008519,150.8044597142,9459.0374850242,KempsCreek-SE-N
KempsCreek-SE-N-to,1,189,20200814352,DTway_KempsCreek_b,-33.8354404552,150.802335729,10809.7872845689,KempsCreek-SE-N
KempsCreek-SE-N-to,1,189,20200814332,DTway_AldingtonRoad_b,-33.8499170464,150.7974034128,12689.5022567401,KempsCreek-SE-N
KempsCreek-SE-N-to,1,189,20200814330,DTway_MetroWestStation_b,-33.8671229735,150.794434502,14617.870911280601,KempsCreek-SE-N
KempsCreek-SE-N-to,1,189,20200814328,DTway_ElizabethDrive_b,-33.8809591529,150.79269224129996,16215.0317275944,KempsCreek-SE-N
KempsCreek-SE-N-to,1,189,20200814236,KempsCreek-NE-NS,-33.8916952813,150.7906775173,17420.5577456467,KempsCreek-SE-N
KempsCreek-SE-N-to,1,189,20200814137,KempsCreek-SE-5a,-33.898565213699996,150.7929751884,18456.044635578302,KempsCreek-SE-N
KempsCreek-SE-N-to,1,189,20200814140,KempsCreek-SE-6b,-33.9014246379,150.7942170318,18904.0440297197,KempsCreek-SE-N
KempsCreek-SE-N-to,1,189,20200814141,KempsCreek-SE-7a,-33.9054787299,150.7934747039,19358.9749730953,KempsCreek-SE-N
KempsCreek-SE-N-to,1,189,20200814143,KempsCreek-SE-8a,-33.9063558876,150.7892290726,19884.6025273216,KempsCreek-SE-N
KempsCreek-SE-N-from,1,225,20200814129,KempsCreek-SE-1a,-33.9059754968,150.78597386290002,20241.398287744472,KempsCreek-SE-N
KempsCreek-SE-N-from,1,225,20200814131,KempsCreek-SE-2a,-33.9041061723,150.7822152999,20766.764321459472,KempsCreek-SE-N
KempsCreek-SE-N-from,1,225,20200814133,KempsCreek-SE-3a,-33.8988070073,150.7831190576,21360.53318039017,KempsCreek-SE-N
KempsCreek-SE-N-from,1,225,20200814135,KempsCreek-SE-4a,-33.8980060449,150.78818286129996,21961.17410820657,KempsCreek-SE-N
KempsCreek-SE-N-from,1,225,20200814235,KempsCreek-NE-SN,-33.8916263361,150.7906461785,22785.55242322987,KempsCreek-SE-N
KempsCreek-SE-N-from,1,225,20200814327,DTway_ElizabethDrive_a,-33.8809749106,150.79267254409996,23981.96745261057,KempsCreek-SE-N
KempsCreek-SE-N-from,1,225,20200814329,DTway_MetroWestStation_a,-33.8672020677,150.7943114667,25570.853770416572,KempsCreek-SE-N
KempsCreek-SE-N-from,1,225,20200814331,DTway_AldingtonRoad_a,-33.849988198,150.7973124968,27500.51996436857,KempsCreek-SE-N
KempsCreek-SE-N-from,1,225,20200814351,DTway_KempsCreek_a,-33.8354577187,150.8023205371,29387.15434024357,KempsCreek-SE-N
KempsCreek-SE-N-from,1,225,20200814333,DTway_ServiceRoadConnection_a,-33.8234547736,150.8043852509,30731.730071095873,KempsCreek-SE-N
KempsCreek-SE-N-from,1,225,20200814335,DTway_LenoreDrive_a,-33.8145138275,150.7927681805,33052.70887815027,KempsCreek-SE-N
KempsCreek-SE-N-from,1,225,20200814337,DTway_ErskineParkRoad_a,-33.812403837800005,150.78615275479999,33751.06185418607,KempsCreek-SE-N
KempsCreek-SE-N-from,1,225,20200814339,DTway_StClairConnection_a,-33.806179868899996,150.79107868,34590.762133915174,KempsCreek-SE-N
KempsCreek-SE-N-from,1,225,20200814347,DTway_PeppertreeDr_a,-33.802458103,150.7969641132,35274.588559162075,KempsCreek-SE-N
KempsCreek-SE-N-from,1,225,20200814349,DTway_SwallowDr_a,-33.7981020624,150.8036842143,36063.07567664937,KempsCreek-SE-N
KempsCreek-SE-N-from,1,225,20200814345,DTway_RoperRoad_a,-33.7866781317,150.8060507923,37470.44456523517,KempsCreek-SE-N
KempsCreek-SE-N-from,1,225,20200814343,DTway_GreatWesternHighway_a,-33.778983159,150.8144011325,38773.28022858147,KempsCreek-SE-N
KempsCreek-SE-N-from,1,225,20200814342,DTway_MtDruittStation_b,-33.7697908108,150.819848144,40217.49681767127,KempsCreek-SE-N
KempsCreek-SE-S-to,1,46,20200814356,RossmoreStation_b,-33.950427411199996,150.7811330864,35.5974601593,KempsCreek-SE-S
KempsCreek-SE-S-to,1,46,20200814203,Rossmore-SE-SN,-33.9293981169,150.7851888986,2912.4578793503,KempsCreek-SE-S
KempsCreek-SE-S-to,1,46,20200814207,Rossmore-NE-SN,-33.914678632800005,150.7861181839,4711.9406343356,KempsCreek-SE-S
KempsCreek-SE-S-to,1,46,20200814129,KempsCreek-SE-1a,-33.9059754968,150.78597386290002,5839.653516295,KempsCreek-SE-S
KempsCreek-SE-S-to,1,46,20200814131,KempsCreek-SE-2a,-33.9041061723,150.7822152999,6365.01955001,KempsCreek-SE-S
KempsCreek-SE-S-to,1,46,20200814133,KempsCreek-SE-3a,-33.8988070073,150.7831190576,6958.7884089407,KempsCreek-SE-S
KempsCreek-SE-S-to,1,46,20200814135,KempsCreek-SE-4a,-33.8980060449,150.78818286129996,7559.4293367571,KempsCreek-SE-S
KempsCreek-SE-S-from,1,40,20200814137,KempsCreek-SE-5a,-33.898565213699996,150.7929751884,7741.040454411432,KempsCreek-SE-S
KempsCreek-SE-S-from,1,40,20200814140,KempsCreek-SE-6b,-33.9014246379,150.7942170318,8189.039848552831,KempsCreek-SE-S
KempsCreek-SE-S-from,1,40,20200814141,KempsCreek-SE-7a,-33.9054787299,150.7934747039,8643.970791928432,KempsCreek-SE-S
KempsCreek-SE-S-from,1,40,20200814143,KempsCreek-SE-8a,-33.9063558876,150.7892290726,9169.598346154731,KempsCreek-SE-S
KempsCreek-SE-S-from,1,40,20200814208,Rossmore-NE-NS,-33.9146854845,150.7861240568,10229.680711500332,KempsCreek-SE-S
KempsCreek-SE-S-from,1,40,20200814204,Rossmore-SE-NS,-33.9293326348,150.7852662866,12008.439069692333,KempsCreek-SE-S
KempsCreek-SE-S-from,1,40,20200814355,RossmoreStation_a,-33.9504846533,150.7810758443,14882.810068982331,KempsCreek-SE-S
KempsCreek-SE-W-to,1,23,20200814257,AerotropolisStation_a,-33.9204971934,150.7367745059,22.032113392,KempsCreek-SE-W
KempsCreek-SE-W-to,1,23,20200814256,15thAv_Bringelly_b,-33.9101853275,150.7459844104,1939.6769209922,KempsCreek-SE-W
KempsCreek-SE-W-to,1,23,20200814278,20thAv_ETway_Interchange_b,-33.8985853558,150.7589480911,4394.1219487248,KempsCreek-SE-W
KempsCreek-SE-W-to,1,23,20200814226,KempsCreek-SW-WE,-33.9009918582,150.77695692059999,6085.4028275517,KempsCreek-SE-W
KempsCreek-SE-W-to,1,23,20200814133,KempsCreek-SE-3a,-33.8988070073,150.7831190576,6923.3124630546,KempsCreek-SE-W
KempsCreek-SE-W-to,1,23,20200814135,KempsCreek-SE-4a,-33.8980060449,150.78818286129996,7523.953390871,KempsCreek-SE-W
KempsCreek-SE-W-to,1,23,20200814137,KempsCreek-SE-5a,-33.898565213699996,150.7929751884,8026.1972605478,KempsCreek-SE-W
KempsCreek-SE-W-to,1,23,20200814140,KempsCreek-SE-6b,-33.9014246379,150.7942170318,8474.1966546892,KempsCreek-SE-W
KempsCreek-SE-W-from,1,26,20200814141,KempsCreek-SE-7a,-33.9054787299,150.7934747039,9453.475816238135,KempsCreek-SE-W
KempsCreek-SE-W-from,1,26,20200814143,KempsCreek-SE-8a,-33.9063558876,150.7892290726,9979.103370464434,KempsCreek-SE-W
KempsCreek-SE-W-from,1,26,20200814129,KempsCreek-SE-1a,-33.9059754968,150.78597386290002,10861.430284872535,KempsCreek-SE-W
KempsCreek-SE-W-from,1,26,20200814131,KempsCreek-SE-2a,-33.9041061723,150.7822152999,11386.796318587534,KempsCreek-SE-W
KempsCreek-SE-W-from,1,26,20200814225,KempsCreek-SW-EW,-33.9009991284,150.7769496504,12224.580680788735,KempsCreek-SE-W
KempsCreek-SE-W-from,1,26,20200814277,20thAv_ETway_Interchange_a,-33.8985989882,150.7589480911,13915.441638439133,KempsCreek-SE-W
KempsCreek-SE-W-from,1,26,20200814255,15thAv_Bringelly_a,-33.9101916325,150.7459960408,16370.618472760234,KempsCreek-SE-W
KempsCreek-SE-W-from,1,26,20200814258,AerotropolisStation_b,-33.9204212028,150.7368808928,18277.827823558833,KempsCreek-SE-W
KempsCreek-SW-E-to,1,294,20200814241,15thAv_LiverpoolStation_a,-33.9229589158,150.926652438,20.871406078299998,KempsCreek-SW-E
KempsCreek-SW-E-to,1,294,20200814244,15thAv-BrickmakersTway_b,-33.9280104982,150.9102681745,1927.6655359613,KempsCreek-SW-E
KempsCreek-SW-E-to,1,294,20200814246,15thAv_MaxwellsTway_b,-33.9265808476,150.898368081,3042.12045841,KempsCreek-SW-E
KempsCreek-SW-E-to,1,294,20200814248,15thAv_AshTway_b,-33.927846709899995,150.8820714551,4562.5231306009,KempsCreek-SW-E
KempsCreek-SW-E-to,1,294,20200814250,15thAv_MillerTway_b,-33.9273033547,150.8713840906,5559.3422203379005,KempsCreek-SW-E
KempsCreek-SW-E-to,1,294,20200814251,15thAv_HoxtonPark_a,-33.9266754507,150.8581175471,6808.219492958199,KempsCreek-SW-E
KempsCreek-SW-E-to,1,294,20200814253,15thAv_MiddletonGrange_a,-33.9222476604,150.8396292901,8696.1135498667,KempsCreek-SW-E
KempsCreek-SW-E-to,1,294,20200814217,Austral-NE-EW,-33.91878524860001,150.8147837698,11025.711161398101,KempsCreek-SW-E
KempsCreek-SW-E-to,1,294,20200814222,Austral-NW-EW,-33.9169063557,150.80124081489996,12295.4540180966,KempsCreek-SW-E
KempsCreek-SW-E-to,1,294,20200814229,KempsCreek-SE-EW,-33.9021449793,150.7882643872,15060.453291169099,KempsCreek-SW-E
KempsCreek-SW-E-to,1,294,20200814157,KempsCreek-SW-7a,-33.9038332167,150.7798375456,16104.631757511599,KempsCreek-SW-E
KempsCreek-SW-E-to,1,294,20200814159,KempsCreek-SW-8a,-33.9022031397,150.7776373092,16782.8934240054,KempsCreek-SW-E
KempsCreek-SW-E-to,1,294,20200814145,KempsCreek-SW-1a,-33.9045232393,150.7739526028,17628.1945396979,KempsCreek-SW-E
KempsCreek-SW-E-to,1,294,20200814147,KempsCreek-SW-2a,-33.9027468581,150.7709849094,18080.3474160564,KempsCreek-SW-E
KempsCreek-SW-E-from,1,283,20200814149,KempsCreek-SW-3a,-33.8975695104,150.7727061775,21128.85112038951,KempsCreek-SW-E
KempsCreek-SW-E-from,1,283,20200814151,KempsCreek-SW-4a,-33.895210882600004,150.7764249486,21735.77843477301,KempsCreek-SW-E
KempsCreek-SW-E-from,1,283,20200814153,KempsCreek-SW-5a,-33.8957041553,150.7804052193,22108.042995733307,KempsCreek-SW-E
KempsCreek-SW-E-from,1,283,20200814155,KempsCreek-SW-6a,-33.8998167903,150.780533486,22632.08992240241,KempsCreek-SW-E
KempsCreek-SW-E-from,1,283,20200814230,KempsCreek-SE-WE,-33.902114132,150.7882258281,23525.89686536511,KempsCreek-SW-E
KempsCreek-SW-E-from,1,283,20200814221,Austral-NW-WE,-33.9168907038,150.8012431864,26294.83035724581,KempsCreek-SW-E
KempsCreek-SW-E-from,1,283,20200814218,Austral-NE-WE,-33.918760959400004,150.814767577,27562.71835970911,KempsCreek-SW-E
KempsCreek-SW-E-from,1,283,20200814254,15thAv_MiddletonGrange_b,-33.922206732199996,150.83964293280002,29894.74947839311,KempsCreek-SW-E
KempsCreek-SW-E-from,1,283,20200814252,15thAv_HoxtonPark_b,-33.926374513,150.8607374752,32016.400154712508,KempsCreek-SW-E
KempsCreek-SW-E-from,1,283,20200814249,15thAv_MillerTway_a,-33.9269647039,150.87097446499996,32980.02885157681,KempsCreek-SW-E
KempsCreek-SW-E-from,1,283,20200814247,15thAv_AshTway_a,-33.9275354765,150.8832335975,34125.71101666301,KempsCreek-SW-E
KempsCreek-SW-E-from,1,283,20200814245,15thAv_MaxwellsTway_a,-33.9263351743,150.8992312574,35616.96669556101,KempsCreek-SW-E
KempsCreek-SW-E-from,1,283,20200814243,15thAv_BrickmakersTway_a,-33.9278430218,150.91032024700002,36656.24148195391,KempsCreek-SW-E
KempsCreek-SW-E-from,1,283,20200814242,15thAv_LiverpoolStation_b,-33.923102999,150.92683215989996,38507.40410280171,KempsCreek-SW-E
KempsCreek-SW-N-to,1,139,20200814320,CTway_StMarysStation_b,-33.7628119754,150.7763125536,16.1034064411,KempsCreek-SW-N
KempsCreek-SW-N-to,1,139,20200814322,CTway_StMarysLibrary_b,-33.7688064026,150.7737289487,861.8715562411,KempsCreek-SW-N
KempsCreek-SW-N-to,1,139,20200814324,CTway_WilsonOval_b,-33.7775932485,150.77221306659996,1846.7594350198,KempsCreek-SW-N
KempsCreek-SW-N-to,1,139,20200814318,CTway_BanksDrive_b,-33.7881825696,150.770419091,3034.0071019131,KempsCreek-SW-N
KempsCreek-SW-N-to,1,139,20200814316,CTway_LuddenhamRoad_b,-33.8033613188,150.7693345138,4755.1147127255,KempsCreek-SW-N
KempsCreek-SW-N-to,1,139,20200814314,CTWay_ErskineParkRoad_b,-33.8179643213,150.7760714532,6536.5083257145,KempsCreek-SW-N
KempsCreek-SW-N-to,1,139,20200814312,CTway_TrainingAcademy_b,-33.827156510500004,150.77892604040002,7611.2268829333,KempsCreek-SW-N
KempsCreek-SW-N-to,1,139,20200814308,CTWay_MamreRoad_b,-33.8423062963,150.7812109244,9334.1685208082,KempsCreek-SW-N
KempsCreek-SW-N-to,1,139,20200814310,CTway_M12_b,-33.8610157133,150.7774726452,11557.214949220801,KempsCreek-SW-N
KempsCreek-SW-N-to,1,139,20200814306,CTway_MetroWestStation_b,-33.8692541104,150.77526076700002,12520.533907486499,KempsCreek-SW-N
KempsCreek-SW-N-to,1,139,20200814326,CTway_ElizabethDrive_b,-33.8777295921,150.7816084047,14123.2752728399,KempsCreek-SW-N
KempsCreek-SW-N-to,1,139,20200814240,KempsCreek-NW-NS,-33.8896633275,150.7793922394,15463.7448257493,KempsCreek-SW-N
KempsCreek-SW-N-to,1,139,20200814153,KempsCreek-SW-5a,-33.8957041553,150.7804052193,16314.137309288,KempsCreek-SW-N
KempsCreek-SW-N-to,1,139,20200814155,KempsCreek-SW-6a,-33.8998167903,150.780533486,16838.1842359571,KempsCreek-SW-N
KempsCreek-SW-N-to,1,139,20200814157,KempsCreek-SW-7a,-33.9038332167,150.7798375456,17288.3684849041,KempsCreek-SW-N
KempsCreek-SW-N-from,1,146,20200814145,KempsCreek-SW-1a,-33.9045232393,150.7739526028,17311.025436076256,KempsCreek-SW-N
KempsCreek-SW-N-from,1,146,20200814147,KempsCreek-SW-2a,-33.9027468581,150.7709849094,17763.178312434655,KempsCreek-SW-N
KempsCreek-SW-N-to,1,139,20200814159,KempsCreek-SW-8a,-33.9022031397,150.7776373092,17966.6301513979,KempsCreek-SW-N
KempsCreek-SW-N-from,1,146,20200814149,KempsCreek-SW-3a,-33.8975695104,150.7727061775,18429.418459714652,KempsCreek-SW-N
KempsCreek-SW-N-from,1,146,20200814151,KempsCreek-SW-4a,-33.895210882600004,150.7764249486,19036.353833887253,KempsCreek-SW-N
KempsCreek-SW-N-from,1,146,20200814239,KempsCreek-NW-SN,-33.8896581377,150.7793809374,19860.082948413852,KempsCreek-SW-N
KempsCreek-SW-N-from,1,146,20200814325,CTway_ElizabethDrive_a,-33.877738464000004,150.78157798680002,21198.160709834654,KempsCreek-SW-N
KempsCreek-SW-N-from,1,146,20200814305,CTway_MetroWestStation_a,-33.8693366129,150.7750977576,22791.647056195456,KempsCreek-SW-N
KempsCreek-SW-N-from,1,146,20200814309,CTway_M12_a,-33.8611149893,150.77733365879996,23753.443240401255,KempsCreek-SW-N
KempsCreek-SW-N-from,1,146,20200814307,CTway_MamreRoad_a,-33.842461926700004,150.781039731,25971.967718186155,KempsCreek-SW-N
KempsCreek-SW-N-from,1,146,20200814311,CTway_TrainingAcademy_a,-33.8272876613,150.778970373,27697.298449557755,KempsCreek-SW-N
KempsCreek-SW-N-from,1,146,20200814313,CTway_ErskineParkRoad_a,-33.8172801276,150.7758564209,28866.037570528755,KempsCreek-SW-N
KempsCreek-SW-N-from,1,146,20200814315,CTway_LuddenhamRoad_a,-33.8036286973,150.7694340034,30540.752097781056,KempsCreek-SW-N
KempsCreek-SW-N-from,1,146,20200814317,CTway_BanksDrive_a,-33.7883272933,150.7703188977,32274.972036935556,KempsCreek-SW-N
KempsCreek-SW-N-from,1,146,20200814323,CTway_WilsonOval_a,-33.7776406092,150.7721841882,33474.82272899705,KempsCreek-SW-N
KempsCreek-SW-N-from,1,146,20200814321,CTway_StMarysLibrary_a,-33.7688712124,150.7736533373,34457.18221628205,KempsCreek-SW-N
KempsCreek-SW-N-from,1,146,20200814319,CTway_StMarysStation_a,-33.762579605,150.7763020595,35313.73623313256,KempsCreek-SW-N
KempsCreek-SW-S-to,1,20,20200814354,SouthCreekStation_b,-33.9474910209,150.7570352553,34.0306956331,KempsCreek-SW-S
KempsCreek-SW-S-to,1,20,20200814199,Rossmore-SW-SN,-33.9260553096,150.7693820919,3348.4884899032,KempsCreek-SW-S
KempsCreek-SW-S-to,1,20,20200814195,Rossmore-NW-SN,-33.9126643197,150.77171308180002,4849.5739235344,KempsCreek-SW-S
KempsCreek-SW-S-to,1,20,20200814145,KempsCreek-SW-1a,-33.9045232393,150.7739526028,6657.2664621659,KempsCreek-SW-S
KempsCreek-SW-S-to,1,20,20200814147,KempsCreek-SW-2a,-33.9027468581,150.7709849094,7109.4193385244,KempsCreek-SW-S
KempsCreek-SW-S-to,1,20,20200814149,KempsCreek-SW-3a,-33.8975695104,150.7727061775,7775.659485804301,KempsCreek-SW-S
KempsCreek-SW-S-to,1,20,20200814151,KempsCreek-SW-4a,-33.895210882600004,150.7764249486,8382.5948599769,KempsCreek-SW-S
KempsCreek-SW-S-from,1,18,20200814153,KempsCreek-SW-5a,-33.8957041553,150.7804052193,8446.309251092636,KempsCreek-SW-S
KempsCreek-SW-S-from,1,18,20200814155,KempsCreek-SW-6a,-33.8998167903,150.780533486,8970.356177761736,KempsCreek-SW-S
KempsCreek-SW-S-from,1,18,20200814157,KempsCreek-SW-7a,-33.9038332167,150.7798375456,9420.540426708636,KempsCreek-SW-S
KempsCreek-SW-S-from,1,18,20200814159,KempsCreek-SW-8a,-33.9022031397,150.7776373092,10098.802093202436,KempsCreek-SW-S
KempsCreek-SW-S-from,1,18,20200814196,Rossmore-NW-NS,-33.9126333997,150.7717555967,11961.392315794435,KempsCreek-SW-S
KempsCreek-SW-S-from,1,18,20200814200,Rossmore-SW-NS,-33.9260098046,150.7694358706,13460.727080972934,KempsCreek-SW-S
KempsCreek-SW-S-from,1,18,20200814353,SouthCreekStation_a,-33.9475883119,150.756946809,16787.437211773136,KempsCreek-SW-S
KempsCreek-SW-W-to,1,16,20200814257,AerotropolisStation_a,-33.9204971934,150.7367745059,22.032113392,KempsCreek-SW-W
KempsCreek-SW-W-to,1,16,20200814256,15thAv_Bringelly_b,-33.9101853275,150.7459844104,1939.6769209922,KempsCreek-SW-W
KempsCreek-SW-W-to,1,16,20200814278,20thAv_ETway_Interchange_b,-33.8985853558,150.7589480911,4394.121948739,KempsCreek-SW-W
KempsCreek-SW-W-to,1,16,20200814149,KempsCreek-SW-3a,-33.8975695104,150.7727061775,5933.5424694782,KempsCreek-SW-W
KempsCreek-SW-W-to,1,16,20200814151,KempsCreek-SW-4a,-33.895210882600004,150.7764249486,6540.4778436507995,KempsCreek-SW-W
KempsCreek-SW-W-to,1,16,20200814153,KempsCreek-SW-5a,-33.8957041553,150.7804052193,6912.7191042189,KempsCreek-SW-W
KempsCreek-SW-W-to,1,16,20200814155,KempsCreek-SW-6a,-33.8998167903,150.780533486,7436.766030888,KempsCreek-SW-W
KempsCreek-SW-W-from,1,19,20200814157,KempsCreek-SW-7a,-33.9038332167,150.7798375456,8145.156076084497,KempsCreek-SW-W
KempsCreek-SW-W-from,1,19,20200814159,KempsCreek-SW-8a,-33.9022031397,150.7776373092,8823.417742578296,KempsCreek-SW-W
KempsCreek-SW-W-from,1,19,20200814145,KempsCreek-SW-1a,-33.9045232393,150.7739526028,9668.718858270797,KempsCreek-SW-W
KempsCreek-SW-W-from,1,19,20200814147,KempsCreek-SW-2a,-33.9027468581,150.7709849094,10120.871734629196,KempsCreek-SW-W
KempsCreek-SW-W-from,1,19,20200814277,20thAv_ETway_Interchange_a,-33.8985989882,150.7589480911,11586.589909837596,KempsCreek-SW-W
KempsCreek-SW-W-from,1,19,20200814255,15thAv_Bringelly_a,-33.9101916325,150.7459960408,14041.766744137698,KempsCreek-SW-W
KempsCreek-SW-W-from,1,19,20200814258,AerotropolisStation_b,-33.9204212028,150.7368808928,15948.976094957296,KempsCreek-SW-W
MG-AERO,1,214,202008269,Swoffer Av near Reardon Av,-33.918367604256204,150.84468098474883,99.5227892486,MG-AERO
MG-AERO,1,214,2020082611,Kelsey St,-33.91822422928559,150.84253213763387,313.5976678086,MG-AERO
MG-AERO,1,214,202008282,Bryant Av,-33.920370618247496,150.8403736275316,750.0202109516999,MG-AERO
MG-AERO,1,214,20200814253,15thAv_MiddletonGrange_a,-33.9222476604,150.8396292901,1016.5801262064,MG-AERO
MG-AERO,1,214,20200814217,Austral-NE-EW,-33.91878524860001,150.8147837698,3346.1753431641996,MG-AERO
MG-AERO,1,214,20200814222,Austral-NW-EW,-33.9169063557,150.80124081489996,4615.9203396155,MG-AERO
MG-AERO,1,214,20200814205,Rossmore-NE-EW,-33.9140807202,150.7853647677,6206.6614467198,MG-AERO
MG-AERO,1,214,20200814194,Rossmore-NW-EW,-33.91240923,150.7713497723,7516.2197201481995,MG-AERO
MG-AERO,1,214,20200814255,15thAv_Bringelly_a,-33.9101916325,150.7459960408,9962.3466910773,MG-AERO
MG-AERO,1,214,20200814258,AerotropolisStation_b,-33.9204212028,150.7368808928,11869.556050898402,MG-AERO
Rossmore-NE-E-to,1,276,20200814241,15thAv_LiverpoolStation_a,-33.9229589158,150.926652438,20.871406078299998,Rossmore-NE-E
Rossmore-NE-E-to,1,276,20200814244,15thAv-BrickmakersTway_b,-33.9280104982,150.9102681745,1927.6655359613,Rossmore-NE-E
Rossmore-NE-E-to,1,276,20200814246,15thAv_MaxwellsTway_b,-33.9265808476,150.898368081,3042.12045841,Rossmore-NE-E
Rossmore-NE-E-to,1,276,20200814248,15thAv_AshTway_b,-33.927846709899995,150.8820714551,4562.5231306009,Rossmore-NE-E
Rossmore-NE-E-to,1,276,20200814250,15thAv_MillerTway_b,-33.9273033547,150.8713840906,5559.3422203379005,Rossmore-NE-E
Rossmore-NE-E-to,1,276,20200814251,15thAv_HoxtonPark_a,-33.9266754507,150.8581175471,6808.219492958199,Rossmore-NE-E
Rossmore-NE-E-to,1,276,20200814253,15thAv_MiddletonGrange_a,-33.9222476604,150.8396292901,8696.1135498667,Rossmore-NE-E
Rossmore-NE-E-to,1,276,20200814217,Austral-NE-EW,-33.91878524860001,150.8147837698,11025.708933240301,Rossmore-NE-E
Rossmore-NE-E-to,1,276,20200814222,Austral-NW-EW,-33.9169063557,150.80124081489996,12295.4520647655,Rossmore-NE-E
Rossmore-NE-E-to,1,276,20200814125,Rossmore-NE-7a,-33.9188023181,150.7903744859,13729.3536797025,Rossmore-NE-E
Rossmore-NE-E-to,1,276,20200814127,Rossmore-NE-8a,-33.922262975100004,150.7856776424,14552.3242268421,Rossmore-NE-E
Rossmore-NE-E-to,1,276,20200814113,Rossmore-NE-1a,-33.919094367199996,150.7813125068,15605.0863200675,Rossmore-NE-E
Rossmore-NE-E-to,1,276,20200814115,Rossmore-NE-2a,-33.9160579377,150.7793124318,16136.623914401202,Rossmore-NE-E
Rossmore-NE-E-from,1,278,20200814117,Rossmore-NE-3a,-33.912047814699996,150.78002072659996,18906.455449057255,Rossmore-NE-E
Rossmore-NE-E-from,1,278,20200814119,Rossmore-NE-4a,-33.9111947194,150.7842644758,19427.71718549706,Rossmore-NE-E
Rossmore-NE-E-from,1,278,20200814121,Rossmore-NE-5a,-33.9129565163,150.7872280522,20250.456584005256,Rossmore-NE-E
Rossmore-NE-E-from,1,278,20200814123,Rossmore-NE-6a,-33.914733118,150.7918672896,21138.010635062758,Rossmore-NE-E
Rossmore-NE-E-from,1,278,20200814221,Austral-NW-WE,-33.9168907038,150.8012431864,22064.962270107357,Rossmore-NE-E
Rossmore-NE-E-from,1,278,20200814218,Austral-NE-WE,-33.918760959400004,150.814767577,23332.85027273396,Rossmore-NE-E
Rossmore-NE-E-from,1,278,20200814254,15thAv_MiddletonGrange_b,-33.922206732199996,150.83964293280002,25664.881391417955,Rossmore-NE-E
Rossmore-NE-E-from,1,278,20200814252,15thAv_HoxtonPark_b,-33.926374513,150.8607374752,27786.532067737357,Rossmore-NE-E
Rossmore-NE-E-from,1,278,20200814249,15thAv_MillerTway_a,-33.9269647039,150.87097446499996,28750.160764601656,Rossmore-NE-E
Rossmore-NE-E-from,1,278,20200814247,15thAv_AshTway_a,-33.9275354765,150.8832335975,29895.842929687955,Rossmore-NE-E
Rossmore-NE-E-from,1,278,20200814245,15thAv_MaxwellsTway_a,-33.9263351743,150.8992312574,31387.09860858586,Rossmore-NE-E
Rossmore-NE-E-from,1,278,20200814243,15thAv_BrickmakersTway_a,-33.9278430218,150.91032024700002,32426.37339497886,Rossmore-NE-E
Rossmore-NE-E-from,1,278,20200814242,15thAv_LiverpoolStation_b,-33.923102999,150.92683215989996,34277.536015826554,Rossmore-NE-E
Rossmore-NE-N-to,1,203,20200814341,DTway_MtDruittStation_a,-33.7698050109,150.81982582950002,24.5034806632,Rossmore-NE-N
Rossmore-NE-N-to,1,203,20200814344,DTway_GreatWesternHighway_b,-33.779058075,150.8145774056,1441.9770817079002,Rossmore-NE-N
Rossmore-NE-N-to,1,203,20200814346,DTway_RoperRoad_b,-33.7867071871,150.8061185881,2722.1445175254003,Rossmore-NE-N
Rossmore-NE-N-to,1,203,20200814350,DTway_SwallowDr_b,-33.7982460519,150.80382820379998,4135.2754292908,Rossmore-NE-N
Rossmore-NE-N-to,1,203,20200814348,DTway_PeppertreeDr_b,-33.802401747,150.7971591916,4906.4444034831,Rossmore-NE-N
Rossmore-NE-N-to,1,203,20200814340,DTway_StClairConnection_b,-33.8061570892,150.7911754937,5600.0637061713,Rossmore-NE-N
Rossmore-NE-N-to,1,203,20200814338,DTway_ErskineParkRoad_b,-33.81238574530001,150.7862122016,6443.627341579399,Rossmore-NE-N
Rossmore-NE-N-to,1,203,20200814336,DTway_LenoreDrive_b,-33.8143384204,150.7927535633,7126.3417506266005,Rossmore-NE-N
Rossmore-NE-N-to,1,203,20200814334,DTway_ServiceRoadConnection_b,-33.8234008519,150.8044597142,9459.0374850242,Rossmore-NE-N
Rossmore-NE-N-to,1,203,20200814352,DTway_KempsCreek_b,-33.8354404552,150.802335729,10809.7872845689,Rossmore-NE-N
Rossmore-NE-N-to,1,203,20200814332,DTway_AldingtonRoad_b,-33.8499170464,150.7974034128,12689.5022567401,Rossmore-NE-N
Rossmore-NE-N-to,1,203,20200814330,DTway_MetroWestStation_b,-33.8671229735,150.794434502,14617.870911280601,Rossmore-NE-N
Rossmore-NE-N-to,1,203,20200814328,DTway_ElizabethDrive_b,-33.8809591529,150.79269224129996,16215.0317275944,Rossmore-NE-N
Rossmore-NE-N-to,1,203,20200814236,KempsCreek-NE-NS,-33.8916952813,150.7906775173,17420.5577456467,Rossmore-NE-N
Rossmore-NE-N-to,1,203,20200814232,KempsCreek-SE-NS,-33.9022555155,150.78866797290002,18606.7207003599,Rossmore-NE-N
Rossmore-NE-N-to,1,203,20200814121,Rossmore-NE-5a,-33.9129565163,150.7872280522,20274.522086034398,Rossmore-NE-N
Rossmore-NE-N-to,1,203,20200814123,Rossmore-NE-6a,-33.914733118,150.7918672896,21162.0761370795,Rossmore-NE-N
Rossmore-NE-N-to,1,203,20200814125,Rossmore-NE-7a,-33.9188023181,150.7903744859,21697.7948206184,Rossmore-NE-N
Rossmore-NE-N-to,1,203,20200814127,Rossmore-NE-8a,-33.922262975100004,150.7856776424,22520.765367758,Rossmore-NE-N
Rossmore-NE-N-from,1,232,20200814113,Rossmore-NE-1a,-33.919094367199996,150.7813125068,22798.28135973551,Rossmore-NE-N
Rossmore-NE-N-from,1,232,20200814115,Rossmore-NE-2a,-33.9160579377,150.7793124318,23329.818954069207,Rossmore-NE-N
Rossmore-NE-N-from,1,232,20200814117,Rossmore-NE-3a,-33.912047814699996,150.78002072659996,23779.474507618306,Rossmore-NE-N
Rossmore-NE-N-from,1,232,20200814119,Rossmore-NE-4a,-33.9111947194,150.7842644758,24300.73624405811,Rossmore-NE-N
Rossmore-NE-N-from,1,232,20200814231,KempsCreek-SE-SN,-33.9022812216,150.78864483749996,26203.681161526307,Rossmore-NE-N
Rossmore-NE-N-from,1,232,20200814235,KempsCreek-NE-SN,-33.8916263361,150.7906461785,27400.081662019908,Rossmore-NE-N
Rossmore-NE-N-from,1,232,20200814327,DTway_ElizabethDrive_a,-33.8809749106,150.79267254409996,28596.496691400607,Rossmore-NE-N
Rossmore-NE-N-from,1,232,20200814329,DTway_MetroWestStation_a,-33.8672020677,150.7943114667,30185.383009206605,Rossmore-NE-N
Rossmore-NE-N-from,1,232,20200814331,DTway_AldingtonRoad_a,-33.849988198,150.7973124968,32115.049203158607,Rossmore-NE-N
Rossmore-NE-N-from,1,232,20200814351,DTway_KempsCreek_a,-33.8354577187,150.8023205371,34001.683579033604,Rossmore-NE-N
Rossmore-NE-N-from,1,232,20200814333,DTway_ServiceRoadConnection_a,-33.8234547736,150.8043852509,35346.25930988591,Rossmore-NE-N
Rossmore-NE-N-from,1,232,20200814335,DTway_LenoreDrive_a,-33.8145138275,150.7927681805,37667.23811694031,Rossmore-NE-N
Rossmore-NE-N-from,1,232,20200814337,DTway_ErskineParkRoad_a,-33.812403837800005,150.78615275479999,38365.59109297601,Rossmore-NE-N
Rossmore-NE-N-from,1,232,20200814339,DTway_StClairConnection_a,-33.806179868899996,150.79107868,39205.29137270521,Rossmore-NE-N
Rossmore-NE-N-from,1,232,20200814347,DTway_PeppertreeDr_a,-33.802458103,150.7969641132,39889.11779795211,Rossmore-NE-N
Rossmore-NE-N-from,1,232,20200814349,DTway_SwallowDr_a,-33.7981020624,150.8036842143,40677.60491543941,Rossmore-NE-N
Rossmore-NE-N-from,1,232,20200814345,DTway_RoperRoad_a,-33.7866781317,150.8060507923,42084.97380402521,Rossmore-NE-N
Rossmore-NE-N-from,1,232,20200814343,DTway_GreatWesternHighway_a,-33.778983159,150.8144011325,43387.80946737151,Rossmore-NE-N
Rossmore-NE-N-from,1,232,20200814342,DTway_MtDruittStation_b,-33.7697908108,150.819848144,44832.02605646131,Rossmore-NE-N
Rossmore-NE-S-to,1,28,20200814356,RossmoreStation_b,-33.950427411199996,150.7811330864,35.5974601593,Rossmore-NE-S
Rossmore-NE-S-to,1,28,20200814203,Rossmore-SE-SN,-33.9293981169,150.7851888986,2912.4577143963,Rossmore-NE-S
Rossmore-NE-S-to,1,28,20200814113,Rossmore-NE-1a,-33.919094367199996,150.7813125068,4518.5969014364,Rossmore-NE-S
Rossmore-NE-S-to,1,28,20200814115,Rossmore-NE-2a,-33.9160579377,150.7793124318,5050.1344957701,Rossmore-NE-S
Rossmore-NE-S-to,1,28,20200814117,Rossmore-NE-3a,-33.912047814699996,150.78002072659996,5499.7900493192,Rossmore-NE-S
Rossmore-NE-S-to,1,28,20200814119,Rossmore-NE-4a,-33.9111947194,150.7842644758,6021.051785759,Rossmore-NE-S
Rossmore-NE-S-from,1,28,20200814121,Rossmore-NE-5a,-33.9129565163,150.7872280522,6670.164061938538,Rossmore-NE-S
Rossmore-NE-S-from,1,28,20200814123,Rossmore-NE-6a,-33.914733118,150.7918672896,7557.718112996038,Rossmore-NE-S
Rossmore-NE-S-from,1,28,20200814125,Rossmore-NE-7a,-33.9188023181,150.7903744859,8093.436796522637,Rossmore-NE-S
Rossmore-NE-S-from,1,28,20200814127,Rossmore-NE-8a,-33.922262975100004,150.7856776424,8916.407343662238,Rossmore-NE-S
Rossmore-NE-S-from,1,28,20200814204,Rossmore-SE-NS,-33.9293326348,150.7852662866,9773.033037641539,Rossmore-NE-S
Rossmore-NE-S-from,1,28,20200814355,RossmoreStation_a,-33.9504846533,150.7810758443,12647.413826298738,Rossmore-NE-S
Rossmore-NE-W-to,1,25,20200814257,AerotropolisStation_a,-33.9204971934,150.7367745059,22.032113392,Rossmore-NE-W
Rossmore-NE-W-to,1,25,20200814256,15thAv_Bringelly_b,-33.9101853275,150.7459844104,1939.6769210176,Rossmore-NE-W
Rossmore-NE-W-to,1,25,20200814193,Rossmore-NW-WE,-33.9123744451,150.7714077472,4390.042538404799,Rossmore-NE-W
Rossmore-NE-W-to,1,25,20200814117,Rossmore-NE-3a,-33.912047814699996,150.78002072659996,5327.0048236473995,Rossmore-NE-W
Rossmore-NE-W-to,1,25,20200814119,Rossmore-NE-4a,-33.9111947194,150.7842644758,5848.2665600872,Rossmore-NE-W
Rossmore-NE-W-to,1,25,20200814121,Rossmore-NE-5a,-33.9129565163,150.7872280522,6671.0059585954,Rossmore-NE-W
Rossmore-NE-W-to,1,25,20200814123,Rossmore-NE-6a,-33.914733118,150.7918672896,7558.5600096528005,Rossmore-NE-W
Rossmore-NE-W-from,1,24,20200814125,Rossmore-NE-7a,-33.9188023181,150.7903744859,8734.814857798248,Rossmore-NE-W
Rossmore-NE-W-from,1,24,20200814127,Rossmore-NE-8a,-33.922262975100004,150.7856776424,9557.785404937847,Rossmore-NE-W
Rossmore-NE-W-from,1,24,20200814113,Rossmore-NE-1a,-33.919094367199996,150.7813125068,10610.547498163249,Rossmore-NE-W
Rossmore-NE-W-from,1,24,20200814115,Rossmore-NE-2a,-33.9160579377,150.7793124318,11142.085092496949,Rossmore-NE-W
Rossmore-NE-W-from,1,24,20200814194,Rossmore-NW-EW,-33.91240923,150.7713497723,12228.881558378349,Rossmore-NE-W
Rossmore-NE-W-from,1,24,20200814255,15thAv_Bringelly_a,-33.9101916325,150.7459960408,14675.008529515548,Rossmore-NE-W
Rossmore-NE-W-from,1,24,20200814258,AerotropolisStation_b,-33.9204212028,150.7368808928,16582.21788031425,Rossmore-NE-W
Rossmore-NW-E-to,1,280,20200814241,15thAv_LiverpoolStation_a,-33.9229589158,150.926652438,20.871406078299998,Rossmore-NW-E
Rossmore-NW-E-to,1,280,20200814244,15thAv-BrickmakersTway_b,-33.9280104982,150.9102681745,1927.6655359613,Rossmore-NW-E
Rossmore-NW-E-to,1,280,20200814246,15thAv_MaxwellsTway_b,-33.9265808476,150.898368081,3042.12045841,Rossmore-NW-E
Rossmore-NW-E-to,1,280,20200814248,15thAv_AshTway_b,-33.927846709899995,150.8820714551,4562.5231306009,Rossmore-NW-E
Rossmore-NW-E-to,1,280,20200814250,15thAv_MillerTway_b,-33.9273033547,150.8713840906,5559.3422203379005,Rossmore-NW-E
Rossmore-NW-E-to,1,280,20200814251,15thAv_HoxtonPark_a,-33.9266754507,150.8581175471,6808.219492958199,Rossmore-NW-E
Rossmore-NW-E-to,1,280,20200814253,15thAv_MiddletonGrange_a,-33.9222476604,150.8396292901,8696.1135498667,Rossmore-NW-E
Rossmore-NW-E-to,1,280,20200814217,Austral-NE-EW,-33.91878524860001,150.8147837698,11025.709128729799,Rossmore-NW-E
Rossmore-NW-E-to,1,280,20200814222,Austral-NW-EW,-33.9169063557,150.80124081489996,12295.450405765901,Rossmore-NW-E
Rossmore-NW-E-to,1,280,20200814205,Rossmore-NE-EW,-33.9140807202,150.7853647677,13886.1875013378,Rossmore-NW-E
Rossmore-NW-E-to,1,280,20200814109,Rossmore-NW-7a,-33.9156887357,150.7761315303,15005.4391317527,Rossmore-NW-E
Rossmore-NW-E-to,1,280,20200814111,Rossmore-NW-8a,-33.9167495402,150.7734763603,15382.0580818133,Rossmore-NW-E
Rossmore-NW-E-to,1,280,2020081497,Rossmore-NW-1a,-33.9159887603,150.767086426,15979.0364342739,Rossmore-NW-E
Rossmore-NW-E-to,1,280,2020081499,Rossmore-NW-2a,-33.9129734312,150.765109733,16509.3727782048,Rossmore-NW-E
Rossmore-NW-E-from,1,281,20200814101,Rossmore-NW-3a,-33.9105849552,150.7679814899,19739.65102675407,Rossmore-NW-E
Rossmore-NW-E-from,1,281,20200814103,Rossmore-NW-4a,-33.9081899676,150.7709356324,20267.06548419377,Rossmore-NW-E
Rossmore-NW-E-from,1,281,20200814105,Rossmore-NW-5a,-33.9087025955,150.77490323219996,20638.41105230547,Rossmore-NW-E
Rossmore-NW-E-from,1,281,20200814107,Rossmore-NW-6a,-33.911659484299996,150.7768504402,21158.497401281867,Rossmore-NW-E
Rossmore-NW-E-from,1,281,20200814206,Rossmore-NE-WE,-33.9140791735,150.7853668299,22131.811336804367,Rossmore-NW-E
Rossmore-NW-E-from,1,281,20200814221,Austral-NW-WE,-33.9168907038,150.8012431864,23722.311410617167,Rossmore-NW-E
Rossmore-NW-E-from,1,281,20200814218,Austral-NE-WE,-33.918760959400004,150.814767577,24990.19941328717,Rossmore-NW-E
Rossmore-NW-E-from,1,281,20200814254,15thAv_MiddletonGrange_b,-33.922206732199996,150.83964293280002,27322.227630101766,Rossmore-NW-E
Rossmore-NW-E-from,1,281,20200814252,15thAv_HoxtonPark_b,-33.926374513,150.8607374752,29443.878306421066,Rossmore-NW-E
Rossmore-NW-E-from,1,281,20200814249,15thAv_MillerTway_a,-33.9269647039,150.87097446499996,30407.507003285467,Rossmore-NW-E
Rossmore-NW-E-from,1,281,20200814247,15thAv_AshTway_a,-33.9275354765,150.8832335975,31553.189168371668,Rossmore-NW-E
Rossmore-NW-E-from,1,281,20200814245,15thAv_MaxwellsTway_a,-33.9263351743,150.8992312574,33044.44484726967,Rossmore-NW-E
Rossmore-NW-E-from,1,281,20200814243,15thAv_BrickmakersTway_a,-33.9278430218,150.91032024700002,34083.719633662564,Rossmore-NW-E
Rossmore-NW-E-from,1,281,20200814242,15thAv_LiverpoolStation_b,-33.923102999,150.92683215989996,35934.88225451037,Rossmore-NW-E
Rossmore-NW-N-to,1,144,20200814320,CTway_StMarysStation_b,-33.7628119754,150.7763125536,16.1034064411,Rossmore-NW-N
Rossmore-NW-N-to,1,144,20200814322,CTway_StMarysLibrary_b,-33.7688064026,150.7737289487,861.8715562411,Rossmore-NW-N
Rossmore-NW-N-to,1,144,20200814324,CTway_WilsonOval_b,-33.7775932485,150.77221306659996,1846.7594350198,Rossmore-NW-N
Rossmore-NW-N-to,1,144,20200814318,CTway_BanksDrive_b,-33.7881825696,150.770419091,3034.0071019131,Rossmore-NW-N
Rossmore-NW-N-to,1,144,20200814316,CTway_LuddenhamRoad_b,-33.8033613188,150.7693345138,4755.1147127255,Rossmore-NW-N
Rossmore-NW-N-to,1,144,20200814314,CTWay_ErskineParkRoad_b,-33.8179643213,150.7760714532,6536.5083257145,Rossmore-NW-N
Rossmore-NW-N-to,1,144,20200814312,CTway_TrainingAcademy_b,-33.827156510500004,150.77892604040002,7611.2268829333,Rossmore-NW-N
Rossmore-NW-N-to,1,144,20200814308,CTWay_MamreRoad_b,-33.8423062963,150.7812109244,9334.1685208082,Rossmore-NW-N
Rossmore-NW-N-to,1,144,20200814310,CTway_M12_b,-33.8610157133,150.7774726452,11557.214949220801,Rossmore-NW-N
Rossmore-NW-N-to,1,144,20200814306,CTway_MetroWestStation_b,-33.8692541104,150.77526076700002,12520.533907486499,Rossmore-NW-N
Rossmore-NW-N-to,1,144,20200814326,CTway_ElizabethDrive_b,-33.8777295921,150.7816084047,14123.2752728399,Rossmore-NW-N
Rossmore-NW-N-to,1,144,20200814240,KempsCreek-NW-NS,-33.8896633275,150.7793922394,15463.7448257493,Rossmore-NW-N
Rossmore-NW-N-to,1,144,20200814228,KempsCreek-SW-NS,-33.9008857129,150.7771612139,16725.7186965468,Rossmore-NW-N
Rossmore-NW-N-to,1,144,20200814105,Rossmore-NW-5a,-33.9087025955,150.77490323219996,18143.015977420902,Rossmore-NW-N
Rossmore-NW-N-from,1,148,2020081497,Rossmore-NW-1a,-33.9159887603,150.767086426,18636.47658165698,Rossmore-NW-N
Rossmore-NW-N-to,1,144,20200814107,Rossmore-NW-6a,-33.911659484299996,150.7768504402,18663.1023263972,Rossmore-NW-N
Rossmore-NW-N-to,1,144,20200814109,Rossmore-NW-7a,-33.9156887357,150.7761315303,19114.9994072308,Rossmore-NW-N
Rossmore-NW-N-from,1,148,2020081499,Rossmore-NW-2a,-33.9129734312,150.765109733,19166.812925587783,Rossmore-NW-N
Rossmore-NW-N-to,1,144,20200814111,Rossmore-NW-8a,-33.9167495402,150.7734763603,19491.618357291398,Rossmore-NW-N
Rossmore-NW-N-from,1,148,20200814101,Rossmore-NW-3a,-33.9105849552,150.7679814899,19692.13583918258,Rossmore-NW-N
Rossmore-NW-N-from,1,148,20200814103,Rossmore-NW-4a,-33.9081899676,150.7709356324,20219.550296622285,Rossmore-NW-N
Rossmore-NW-N-from,1,148,20200814227,KempsCreek-SW-SN,-33.9008908021,150.77715103559999,21553.447385530784,Rossmore-NW-N
Rossmore-NW-N-from,1,148,20200814239,KempsCreek-NW-SN,-33.8896581377,150.7793809374,22816.525622636884,Rossmore-NW-N
Rossmore-NW-N-from,1,148,20200814325,CTway_ElizabethDrive_a,-33.877738464000004,150.78157798680002,24154.603384057584,Rossmore-NW-N
Rossmore-NW-N-from,1,148,20200814305,CTway_MetroWestStation_a,-33.8693366129,150.7750977576,25748.08973041838,Rossmore-NW-N
Rossmore-NW-N-from,1,148,20200814309,CTway_M12_a,-33.8611149893,150.77733365879996,26709.885914624283,Rossmore-NW-N
Rossmore-NW-N-from,1,148,20200814307,CTway_MamreRoad_a,-33.842461926700004,150.781039731,28928.41039240908,Rossmore-NW-N
Rossmore-NW-N-from,1,148,20200814311,CTway_TrainingAcademy_a,-33.8272876613,150.778970373,30653.741123780783,Rossmore-NW-N
Rossmore-NW-N-from,1,148,20200814313,CTway_ErskineParkRoad_a,-33.8172801276,150.7758564209,31822.480244751783,Rossmore-NW-N
Rossmore-NW-N-from,1,148,20200814315,CTway_LuddenhamRoad_a,-33.8036286973,150.7694340034,33497.194772004084,Rossmore-NW-N
Rossmore-NW-N-from,1,148,20200814317,CTway_BanksDrive_a,-33.7883272933,150.7703188977,35231.414711158584,Rossmore-NW-N
Rossmore-NW-N-from,1,148,20200814323,CTway_WilsonOval_a,-33.7776406092,150.7721841882,36431.26540322008,Rossmore-NW-N
Rossmore-NW-N-from,1,148,20200814321,CTway_StMarysLibrary_a,-33.7688712124,150.7736533373,37413.62489050508,Rossmore-NW-N
Rossmore-NW-N-from,1,148,20200814319,CTway_StMarysStation_a,-33.762579605,150.7763020595,38270.178907355585,Rossmore-NW-N
Rossmore-NW-S-to,1,17,20200814354,SouthCreekStation_b,-33.9474910209,150.7570352553,34.0306956331,Rossmore-NW-S
Rossmore-NW-S-to,1,17,20200814199,Rossmore-SW-SN,-33.9260553096,150.7693820919,3348.4884899066997,Rossmore-NW-S
Rossmore-NW-S-to,1,17,2020081497,Rossmore-NW-1a,-33.9159887603,150.767086426,4797.710447134,Rossmore-NW-S
Rossmore-NW-S-to,1,17,2020081499,Rossmore-NW-2a,-33.9129734312,150.765109733,5328.046791064799,Rossmore-NW-S
Rossmore-NW-S-to,1,17,20200814101,Rossmore-NW-3a,-33.9105849552,150.7679814899,5853.3697046596,Rossmore-NW-S
Rossmore-NW-S-to,1,17,20200814103,Rossmore-NW-4a,-33.9081899676,150.7709356324,6380.7841620993,Rossmore-NW-S
Rossmore-NW-S-from,1,13,20200814105,Rossmore-NW-5a,-33.9087025955,150.77490323219996,6622.263360981495,Rossmore-NW-S
Rossmore-NW-S-from,1,13,20200814107,Rossmore-NW-6a,-33.911659484299996,150.7768504402,7142.349709957794,Rossmore-NW-S
Rossmore-NW-S-from,1,13,20200814109,Rossmore-NW-7a,-33.9156887357,150.7761315303,7594.246790791494,Rossmore-NW-S
Rossmore-NW-S-from,1,13,20200814111,Rossmore-NW-8a,-33.9167495402,150.7734763603,7970.865740852094,Rossmore-NW-S
Rossmore-NW-S-from,1,13,20200814200,Rossmore-SW-NS,-33.9260098046,150.7694358706,9266.163343845694,Rossmore-NW-S
Rossmore-NW-S-from,1,13,20200814353,SouthCreekStation_a,-33.9475883119,150.756946809,12592.873474643095,Rossmore-NW-S
Rossmore-NW-W-to,1,15,20200814257,AerotropolisStation_a,-33.9204971934,150.7367745059,22.032113392,Rossmore-NW-W
Rossmore-NW-W-to,1,15,20200814256,15thAv_Bringelly_b,-33.9101853275,150.7459844104,1939.6769210176,Rossmore-NW-W
Rossmore-NW-W-to,1,15,20200814101,Rossmore-NW-3a,-33.9105849552,150.7679814899,4202.8512349796,Rossmore-NW-W
Rossmore-NW-W-to,1,15,20200814103,Rossmore-NW-4a,-33.9081899676,150.7709356324,4730.2656923192,Rossmore-NW-W
Rossmore-NW-W-to,1,15,20200814105,Rossmore-NW-5a,-33.9087025955,150.77490323219996,5101.6112605417,Rossmore-NW-W
Rossmore-NW-W-to,1,15,20200814107,Rossmore-NW-6a,-33.911659484299996,150.7768504402,5621.6976095074,Rossmore-NW-W
Rossmore-NW-W-from,1,13,20200814109,Rossmore-NW-7a,-33.9156887357,150.7761315303,6490.483484414186,Rossmore-NW-W
Rossmore-NW-W-from,1,13,20200814111,Rossmore-NW-8a,-33.9167495402,150.7734763603,6867.102434474787,Rossmore-NW-W
Rossmore-NW-W-from,1,13,2020081497,Rossmore-NW-1a,-33.9159887603,150.767086426,7464.080786935387,Rossmore-NW-W
Rossmore-NW-W-from,1,13,2020081499,Rossmore-NW-2a,-33.9129734312,150.765109733,7994.417130866286,Rossmore-NW-W
Rossmore-NW-W-from,1,13,20200814255,15thAv_Bringelly_a,-33.9101916325,150.7459960408,10026.917074760786,Rossmore-NW-W
Rossmore-NW-W-from,1,13,20200814258,AerotropolisStation_b,-33.9204212028,150.7368808928,11934.126425559487,Rossmore-NW-W
Rossmore-SE-E-to,1,418,20200814270,10thAv_CasulaStation_b,-33.9500427156,150.9114065805,15.594795266199998,Rossmore-SE-E
Rossmore-SE-E-to,1,418,20200814271,10thAv_CasulaMall_a,-33.9469468448,150.9003094168,1698.1450359833,Rossmore-SE-E
Rossmore-SE-E-to,1,418,20200814267,10thAv_Lurnea_a,-33.9455312436,150.8912687464,2559.6927207107,Rossmore-SE-E
Rossmore-SE-E-to,1,418,20200814273,10thAv_NexusIndustryPark_a,-33.9442255875,150.8817342343,3475.8887896797996,Rossmore-SE-E
Rossmore-SE-E-to,1,418,20200814265,10thAv_Prestons_a,-33.9421996047,150.8670714794,4864.2589465128,Rossmore-SE-E
Rossmore-SE-E-to,1,418,20200814275,10thAv_PrestonsIndustrial_a,-33.9410118447,150.8581734898,5697.4201460374,Rossmore-SE-E
Rossmore-SE-E-to,1,418,20200814263,10thAv_CarnesHill_a,-33.9360313244,150.845044866,7115.3599534305,Rossmore-SE-E
Rossmore-SE-E-to,1,418,20200814261,10thAv_WestHoxton_a,-33.9342480631,150.8353444034,8304.7206447183,Rossmore-SE-E
Rossmore-SE-E-to,1,418,20200814213,Austral-SE-EW,-33.933077706999995,150.8118719874,10851.9525594302,Rossmore-SE-E
Rossmore-SE-E-to,1,418,20200814209,Austral-SW-EW,-33.9391658289,150.79723976969998,13271.1385886557,Rossmore-SE-E
Rossmore-SE-E-to,1,418,2020081477,Rossmore-SE-7a,-33.9305871774,150.7858657237,15522.0617846524,Rossmore-SE-E
Rossmore-SE-E-to,1,418,2020081479,Rossmore-SE-8a,-33.9343613132,150.783470526,16122.287284356102,Rossmore-SE-E
Rossmore-SE-E-to,1,418,2020081465,Rossmore-SE-1a,-33.9349396108,150.7769156375,16862.9440295354,Rossmore-SE-E
Rossmore-SE-E-to,1,418,2020081467,Rossmore-SE-2a,-33.9307125185,150.7767495542,17401.122938433302,Rossmore-SE-E
Rossmore-SE-E-from,1,393,2020081469,Rossmore-SE-3a,-33.9255205831,150.7776800993,19848.18976899058,Rossmore-SE-E
Rossmore-SE-E-from,1,393,2020081471,Rossmore-SE-4a,-33.9245851716,150.78193125659996,20378.907575665784,Rossmore-SE-E
Rossmore-SE-E-from,1,393,2020081473,Rossmore-SE-5a,-33.923923871,150.7877894226,21055.49434532488,Rossmore-SE-E
Rossmore-SE-E-from,1,393,2020081475,Rossmore-SE-6a,-33.926462939000004,150.7859608412,21635.563987975584,Rossmore-SE-E
Rossmore-SE-E-from,1,393,20200814210,Austral-SW-WE,-33.9391228264,150.7971875523,24121.761762334983,Rossmore-SE-E
Rossmore-SE-E-from,1,393,20200814214,Austral-SE-WE,-33.9330483468,150.8118292817,26542.042327698182,Rossmore-SE-E
Rossmore-SE-E-from,1,393,20200814262,10thAv_WestHoxton_b,-33.9342259287,150.83536232169996,29095.97963098718,Rossmore-SE-E
Rossmore-SE-E-from,1,393,20200814264,10thAv_CarnesHill_b,-33.9359639627,150.8455352592,30270.62495486078,Rossmore-SE-E
Rossmore-SE-E-from,1,393,20200814276,10thAv_PrestonsIndustrial_b,-33.9409881116,150.8582141752,31650.912044701785,Rossmore-SE-E
Rossmore-SE-E-from,1,393,20200814266,10thAv_Prestons_b,-33.9422410921,150.8676134086,32530.928955177482,Rossmore-SE-E
Rossmore-SE-E-from,1,393,20200814274,10thAv_NexusIndustryPark_b,-33.9441822285,150.881802886,33867.21622884138,Rossmore-SE-E
Rossmore-SE-E-from,1,393,20200814268,10thAv_Lurnea_b,-33.9455176307,150.89142699639999,34794.13338544588,Rossmore-SE-E
Rossmore-SE-E-from,1,393,20200814272,10thAv_CasulaMall_b,-33.946912830500004,150.9003706425,35643.58533692148,Rossmore-SE-E
Rossmore-SE-E-from,1,393,20200814269,10thAv_CasulaStation_a,-33.950015598200004,150.9113921744,37293.80001482158,Rossmore-SE-E
Rossmore-SE-N-to,1,213,20200814341,DTway_MtDruittStation_a,-33.7698050109,150.81982582950002,24.5034806632,Rossmore-SE-N
Rossmore-SE-N-to,1,213,20200814344,DTway_GreatWesternHighway_b,-33.779058075,150.8145774056,1441.9770817079002,Rossmore-SE-N
Rossmore-SE-N-to,1,213,20200814346,DTway_RoperRoad_b,-33.7867071871,150.8061185881,2722.1445175254003,Rossmore-SE-N
Rossmore-SE-N-to,1,213,20200814350,DTway_SwallowDr_b,-33.7982460519,150.80382820379998,4135.2754292908,Rossmore-SE-N
Rossmore-SE-N-to,1,213,20200814348,DTway_PeppertreeDr_b,-33.802401747,150.7971591916,4906.4444034831,Rossmore-SE-N
Rossmore-SE-N-to,1,213,20200814340,DTway_StClairConnection_b,-33.8061570892,150.7911754937,5600.0637061713,Rossmore-SE-N
Rossmore-SE-N-to,1,213,20200814338,DTway_ErskineParkRoad_b,-33.81238574530001,150.7862122016,6443.627341579399,Rossmore-SE-N
Rossmore-SE-N-to,1,213,20200814336,DTway_LenoreDrive_b,-33.8143384204,150.7927535633,7126.3417506266005,Rossmore-SE-N
Rossmore-SE-N-to,1,213,20200814334,DTway_ServiceRoadConnection_b,-33.8234008519,150.8044597142,9459.0374850242,Rossmore-SE-N
Rossmore-SE-N-to,1,213,20200814352,DTway_KempsCreek_b,-33.8354404552,150.802335729,10809.7872845689,Rossmore-SE-N
Rossmore-SE-N-to,1,213,20200814332,DTway_AldingtonRoad_b,-33.8499170464,150.7974034128,12689.5022567401,Rossmore-SE-N
Rossmore-SE-N-to,1,213,20200814330,DTway_MetroWestStation_b,-33.8671229735,150.794434502,14617.870911280601,Rossmore-SE-N
Rossmore-SE-N-to,1,213,20200814328,DTway_ElizabethDrive_b,-33.8809591529,150.79269224129996,16215.0317275944,Rossmore-SE-N
Rossmore-SE-N-to,1,213,20200814236,KempsCreek-NE-NS,-33.8916952813,150.7906775173,17420.5577456467,Rossmore-SE-N
Rossmore-SE-N-to,1,213,20200814232,KempsCreek-SE-NS,-33.9022555155,150.78866797290002,18606.7207003599,Rossmore-SE-N
Rossmore-SE-N-to,1,213,20200814208,Rossmore-NE-NS,-33.9146854845,150.7861240568,20006.5076265311,Rossmore-SE-N
Rossmore-SE-N-to,1,213,2020081473,Rossmore-SE-5a,-33.923923871,150.7877894226,21307.8417456556,Rossmore-SE-N
Rossmore-SE-N-to,1,213,2020081475,Rossmore-SE-6a,-33.926462939000004,150.7859608412,21887.9113883063,Rossmore-SE-N
Rossmore-SE-N-from,1,252,2020081479,Rossmore-SE-8a,-33.9343613132,150.783470526,22326.448452547036,Rossmore-SE-N
Rossmore-SE-N-to,1,213,2020081477,Rossmore-SE-7a,-33.9305871774,150.7858657237,22590.060994387797,Rossmore-SE-N
Rossmore-SE-N-from,1,252,2020081465,Rossmore-SE-1a,-33.9349396108,150.7769156375,23067.105197761834,Rossmore-SE-N
Rossmore-SE-N-from,1,252,2020081467,Rossmore-SE-2a,-33.9307125185,150.7767495542,23605.284106624233,Rossmore-SE-N
Rossmore-SE-N-from,1,252,2020081469,Rossmore-SE-3a,-33.9255205831,150.7776800993,24187.635423851334,Rossmore-SE-N
Rossmore-SE-N-from,1,252,2020081471,Rossmore-SE-4a,-33.9245851716,150.78193125659996,24718.353230526533,Rossmore-SE-N
Rossmore-SE-N-from,1,252,20200814207,Rossmore-NE-SN,-33.914678632800005,150.7861181839,26092.179612093136,Rossmore-SE-N
Rossmore-SE-N-from,1,252,20200814231,KempsCreek-SE-SN,-33.9022812216,150.78864483749996,27488.090434765134,Rossmore-SE-N
Rossmore-SE-N-from,1,252,20200814235,KempsCreek-NE-SN,-33.8916263361,150.7906461785,28684.490935258735,Rossmore-SE-N
Rossmore-SE-N-from,1,252,20200814327,DTway_ElizabethDrive_a,-33.8809749106,150.79267254409996,29880.905964639434,Rossmore-SE-N
Rossmore-SE-N-from,1,252,20200814329,DTway_MetroWestStation_a,-33.8672020677,150.7943114667,31469.792282445436,Rossmore-SE-N
Rossmore-SE-N-from,1,252,20200814331,DTway_AldingtonRoad_a,-33.849988198,150.7973124968,33399.458476397434,Rossmore-SE-N
Rossmore-SE-N-from,1,252,20200814351,DTway_KempsCreek_a,-33.8354577187,150.8023205371,35286.092852272435,Rossmore-SE-N
Rossmore-SE-N-from,1,252,20200814333,DTway_ServiceRoadConnection_a,-33.8234547736,150.8043852509,36630.66858312473,Rossmore-SE-N
Rossmore-SE-N-from,1,252,20200814335,DTway_LenoreDrive_a,-33.8145138275,150.7927681805,38951.64739017913,Rossmore-SE-N
Rossmore-SE-N-from,1,252,20200814337,DTway_ErskineParkRoad_a,-33.812403837800005,150.78615275479999,39650.00036621484,Rossmore-SE-N
Rossmore-SE-N-from,1,252,20200814339,DTway_StClairConnection_a,-33.806179868899996,150.79107868,40489.70064594403,Rossmore-SE-N
Rossmore-SE-N-from,1,252,20200814347,DTway_PeppertreeDr_a,-33.802458103,150.7969641132,41173.52707119093,Rossmore-SE-N
Rossmore-SE-N-from,1,252,20200814349,DTway_SwallowDr_a,-33.7981020624,150.8036842143,41962.01418867824,Rossmore-SE-N
Rossmore-SE-N-from,1,252,20200814345,DTway_RoperRoad_a,-33.7866781317,150.8060507923,43369.383077264036,Rossmore-SE-N
Rossmore-SE-N-from,1,252,20200814343,DTway_GreatWesternHighway_a,-33.778983159,150.8144011325,44672.21874061033,Rossmore-SE-N
Rossmore-SE-N-from,1,252,20200814342,DTway_MtDruittStation_b,-33.7697908108,150.819848144,46116.435329700136,Rossmore-SE-N
Rossmore-SE-S-to,1,22,20200814356,RossmoreStation_b,-33.950427411199996,150.7811330864,35.5974601593,Rossmore-SE-S
Rossmore-SE-S-to,1,22,2020081479,Rossmore-SE-8a,-33.9343613132,150.783470526,2427.4810259903,Rossmore-SE-S
Rossmore-SE-S-to,1,22,2020081465,Rossmore-SE-1a,-33.9349396108,150.7769156375,3168.1377711696996,Rossmore-SE-S
Rossmore-SE-S-to,1,22,2020081467,Rossmore-SE-2a,-33.9307125185,150.7767495542,3706.3166800675,Rossmore-SE-S
Rossmore-SE-S-to,1,22,2020081469,Rossmore-SE-3a,-33.9255205831,150.7776800993,4288.6679972946995,Rossmore-SE-S
Rossmore-SE-S-to,1,22,2020081471,Rossmore-SE-4a,-33.9245851716,150.78193125659996,4819.3858039699,Rossmore-SE-S
Rossmore-SE-S-from,1,22,2020081473,Rossmore-SE-5a,-33.923923871,150.7877894226,5483.919430153664,Rossmore-SE-S
Rossmore-SE-S-from,1,22,2020081475,Rossmore-SE-6a,-33.926462939000004,150.7859608412,6063.989072804364,Rossmore-SE-S
Rossmore-SE-S-from,1,22,2020081477,Rossmore-SE-7a,-33.9305871774,150.7858657237,6766.138678885964,Rossmore-SE-S
Rossmore-SE-S-from,1,22,20200814355,RossmoreStation_a,-33.9504846533,150.7810758443,9585.724461331263,Rossmore-SE-S
Rossmore-SE-W-to,1,23,20200814260,10thAv_AerotropolisSouth_b,-33.9344828308,150.7409651684,47.945026401199996,Rossmore-SE-W
Rossmore-SE-W-to,1,23,20200814198,Rossmore-SW-WE,-33.925765732100004,150.7691628403,3804.0891485367997,Rossmore-SE-W
Rossmore-SE-W-to,1,23,2020081469,Rossmore-SE-3a,-33.9255205831,150.7776800993,4723.1853437804,Rossmore-SE-W
Rossmore-SE-W-to,1,23,2020081471,Rossmore-SE-4a,-33.9245851716,150.78193125659996,5253.9031504556,Rossmore-SE-W
Rossmore-SE-W-to,1,23,2020081473,Rossmore-SE-5a,-33.923923871,150.7877894226,5930.4899201148,Rossmore-SE-W
Rossmore-SE-W-to,1,23,2020081475,Rossmore-SE-6a,-33.926462939000004,150.7859608412,6510.5595627654,Rossmore-SE-W
Rossmore-SE-W-from,1,19,2020081477,Rossmore-SE-7a,-33.9305871774,150.7858657237,7829.989037887553,Rossmore-SE-W
Rossmore-SE-W-from,1,19,2020081479,Rossmore-SE-8a,-33.9343613132,150.783470526,8430.214537598853,Rossmore-SE-W
Rossmore-SE-W-from,1,19,2020081465,Rossmore-SE-1a,-33.9349396108,150.7769156375,9170.871282770653,Rossmore-SE-W
Rossmore-SE-W-from,1,19,2020081467,Rossmore-SE-2a,-33.9307125185,150.7767495542,9709.050191668553,Rossmore-SE-W
Rossmore-SE-W-from,1,19,20200814197,Rossmore-SW-EW,-33.9258029635,150.76909665120002,10931.759736134154,Rossmore-SE-W
Rossmore-SE-W-from,1,19,20200814259,10thAv_AerotropolisSouth_a,-33.9345914675,150.74087463770002,14688.734358451853,Rossmore-SE-W
Rossmore-SW-E-to,1,421,20200814270,10thAv_CasulaStation_b,-33.9500427156,150.9114065805,15.594795266199998,Rossmore-SW-E
Rossmore-SW-E-to,1,421,20200814271,10thAv_CasulaMall_a,-33.9469468448,150.9003094168,1698.1450359833,Rossmore-SW-E
Rossmore-SW-E-to,1,421,20200814267,10thAv_Lurnea_a,-33.9455312436,150.8912687464,2559.6927207107,Rossmore-SW-E
Rossmore-SW-E-to,1,421,20200814273,10thAv_NexusIndustryPark_a,-33.9442255875,150.8817342343,3475.8887896797996,Rossmore-SW-E
Rossmore-SW-E-to,1,421,20200814265,10thAv_Prestons_a,-33.9421996047,150.8670714794,4864.2589465128,Rossmore-SW-E
Rossmore-SW-E-to,1,421,20200814275,10thAv_PrestonsIndustrial_a,-33.9410118447,150.8581734898,5697.4201460374,Rossmore-SW-E
Rossmore-SW-E-to,1,421,20200814263,10thAv_CarnesHill_a,-33.9360313244,150.845044866,7115.3599534305,Rossmore-SW-E
Rossmore-SW-E-to,1,421,20200814261,10thAv_WestHoxton_a,-33.9342480631,150.8353444034,8304.7206447183,Rossmore-SW-E
Rossmore-SW-E-to,1,421,20200814213,Austral-SE-EW,-33.933077706999995,150.8118719874,10851.9525880274,Rossmore-SW-E
Rossmore-SW-E-to,1,421,20200814209,Austral-SW-EW,-33.9391658289,150.79723976969998,13271.1386172529,Rossmore-SW-E
Rossmore-SW-E-to,1,421,20200814201,Rossmore-SE-EW,-33.9290885648,150.7849626874,15469.6260805007,Rossmore-SW-E
Rossmore-SW-E-to,1,421,2020081493,Rossmore-SW-7a,-33.92915311780001,150.7746238658,16864.906095879498,Rossmore-SW-E
Rossmore-SW-E-to,1,421,2020081495,Rossmore-SW-8a,-33.9301328973,150.7711654096,17316.9289110968,Rossmore-SW-E
Rossmore-SW-E-to,1,421,2020081481,Rossmore-SW-1a,-33.929550017800004,150.7663027545,17771.2143284415,Rossmore-SW-E
Rossmore-SW-E-to,1,421,2020081483,Rossmore-SW-2a,-33.926584639299996,150.7643904093,18291.73104592,Rossmore-SW-E
Rossmore-SW-E-from,1,391,2020081485,Rossmore-SW-3a,-33.922571242800004,150.765083947,20911.967997870208,Rossmore-SW-E
Rossmore-SW-E-from,1,391,2020081487,Rossmore-SW-4a,-33.9215101971,150.7677473746,21288.848360623706,Rossmore-SW-E
Rossmore-SW-E-from,1,391,2020081489,Rossmore-SW-5a,-33.9220885699,150.7725737443,21739.782623198207,Rossmore-SW-E
Rossmore-SW-E-from,1,391,2020081491,Rossmore-SW-6a,-33.9251159179,150.7753273932,22332.75546121521,Rossmore-SW-E
Rossmore-SW-E-from,1,391,20200814202,Rossmore-SE-WE,-33.9290349884,150.78489125229999,23578.937730493908,Rossmore-SW-E
Rossmore-SW-E-from,1,391,20200814210,Austral-SW-WE,-33.9391228264,150.7971875523,25779.144552225607,Rossmore-SW-E
Rossmore-SW-E-from,1,391,20200814214,Austral-SE-WE,-33.9330483468,150.8118292817,28199.426830879005,Rossmore-SW-E
Rossmore-SW-E-from,1,391,20200814262,10thAv_WestHoxton_b,-33.9342259287,150.83536232169996,30753.364104564207,Rossmore-SW-E
Rossmore-SW-E-from,1,391,20200814264,10thAv_CarnesHill_b,-33.9359639627,150.8455352592,31928.009428437806,Rossmore-SW-E
Rossmore-SW-E-from,1,391,20200814276,10thAv_PrestonsIndustrial_b,-33.9409881116,150.8582141752,33308.2965182788,Rossmore-SW-E
Rossmore-SW-E-from,1,391,20200814266,10thAv_Prestons_b,-33.9422410921,150.8676134086,34188.31342875451,Rossmore-SW-E
Rossmore-SW-E-from,1,391,20200814274,10thAv_NexusIndustryPark_b,-33.9441822285,150.881802886,35524.60070241841,Rossmore-SW-E
Rossmore-SW-E-from,1,391,20200814268,10thAv_Lurnea_b,-33.9455176307,150.89142699639999,36451.517859022904,Rossmore-SW-E
Rossmore-SW-E-from,1,391,20200814272,10thAv_CasulaMall_b,-33.946912830500004,150.9003706425,37300.96981049851,Rossmore-SW-E
Rossmore-SW-E-from,1,391,20200814269,10thAv_CasulaStation_a,-33.950015598200004,150.9113921744,38951.18448839871,Rossmore-SW-E
Rossmore-SW-N-to,1,144,20200814320,CTway_StMarysStation_b,-33.7628119754,150.7763125536,16.1034064411,Rossmore-SW-N
Rossmore-SW-N-to,1,144,20200814322,CTway_StMarysLibrary_b,-33.7688064026,150.7737289487,861.8715562411,Rossmore-SW-N
Rossmore-SW-N-to,1,144,20200814324,CTway_WilsonOval_b,-33.7775932485,150.77221306659996,1846.7594350198,Rossmore-SW-N
Rossmore-SW-N-to,1,144,20200814318,CTway_BanksDrive_b,-33.7881825696,150.770419091,3034.0071019131,Rossmore-SW-N
Rossmore-SW-N-to,1,144,20200814316,CTway_LuddenhamRoad_b,-33.8033613188,150.7693345138,4755.1147127255,Rossmore-SW-N
Rossmore-SW-N-to,1,144,20200814314,CTWay_ErskineParkRoad_b,-33.8179643213,150.7760714532,6536.5083257145,Rossmore-SW-N
Rossmore-SW-N-to,1,144,20200814312,CTway_TrainingAcademy_b,-33.827156510500004,150.77892604040002,7611.2268829333,Rossmore-SW-N
Rossmore-SW-N-to,1,144,20200814308,CTWay_MamreRoad_b,-33.8423062963,150.7812109244,9334.1685208082,Rossmore-SW-N
Rossmore-SW-N-to,1,144,20200814310,CTway_M12_b,-33.8610157133,150.7774726452,11557.214949220801,Rossmore-SW-N
Rossmore-SW-N-to,1,144,20200814306,CTway_MetroWestStation_b,-33.8692541104,150.77526076700002,12520.533907486499,Rossmore-SW-N
Rossmore-SW-N-to,1,144,20200814326,CTway_ElizabethDrive_b,-33.8777295921,150.7816084047,14123.2752728399,Rossmore-SW-N
Rossmore-SW-N-to,1,144,20200814240,KempsCreek-NW-NS,-33.8896633275,150.7793922394,15463.7448257521,Rossmore-SW-N
Rossmore-SW-N-to,1,144,20200814228,KempsCreek-SW-NS,-33.9008857129,150.7771612139,16725.7186933268,Rossmore-SW-N
Rossmore-SW-N-to,1,144,20200814196,Rossmore-NW-NS,-33.9126333997,150.7717555967,18387.5711102893,Rossmore-SW-N
Rossmore-SW-N-to,1,144,2020081489,Rossmore-SW-5a,-33.9220885699,150.7725737443,19642.675065683798,Rossmore-SW-N
Rossmore-SW-N-from,1,146,2020081481,Rossmore-SW-1a,-33.929550017800004,150.7663027545,19996.070560825836,Rossmore-SW-N
Rossmore-SW-N-to,1,144,2020081491,Rossmore-SW-6a,-33.9251159179,150.7753273932,20235.6479037008,Rossmore-SW-N
Rossmore-SW-N-from,1,146,2020081483,Rossmore-SW-2a,-33.926584639299996,150.7643904093,20516.587278304334,Rossmore-SW-N
Rossmore-SW-N-to,1,144,2020081493,Rossmore-SW-7a,-33.92915311780001,150.7746238658,20688.213465822,Rossmore-SW-N
Rossmore-SW-N-from,1,146,2020081485,Rossmore-SW-3a,-33.922571242800004,150.765083947,20966.409294707035,Rossmore-SW-N
Rossmore-SW-N-to,1,144,2020081495,Rossmore-SW-8a,-33.9301328973,150.7711654096,21140.2362810393,Rossmore-SW-N
Rossmore-SW-N-from,1,146,2020081487,Rossmore-SW-4a,-33.9215101971,150.7677473746,21343.289657460533,Rossmore-SW-N
Rossmore-SW-N-from,1,146,20200814195,Rossmore-NW-SN,-33.9126643197,150.77171308180002,22591.998954455536,Rossmore-SW-N
Rossmore-SW-N-from,1,146,20200814227,KempsCreek-SW-SN,-33.9008908021,150.77715103559999,24257.108163668832,Rossmore-SW-N
Rossmore-SW-N-from,1,146,20200814239,KempsCreek-NW-SN,-33.8896581377,150.7793809374,25520.170015272135,Rossmore-SW-N
Rossmore-SW-N-from,1,146,20200814325,CTway_ElizabethDrive_a,-33.877738464000004,150.78157798680002,26858.247776692933,Rossmore-SW-N
Rossmore-SW-N-from,1,146,20200814305,CTway_MetroWestStation_a,-33.8693366129,150.7750977576,28451.734123053735,Rossmore-SW-N
Rossmore-SW-N-from,1,146,20200814309,CTway_M12_a,-33.8611149893,150.77733365879996,29413.530307259534,Rossmore-SW-N
Rossmore-SW-N-from,1,146,20200814307,CTway_MamreRoad_a,-33.842461926700004,150.781039731,31632.054785044435,Rossmore-SW-N
Rossmore-SW-N-from,1,146,20200814311,CTway_TrainingAcademy_a,-33.8272876613,150.778970373,33357.385516416136,Rossmore-SW-N
Rossmore-SW-N-from,1,146,20200814313,CTway_ErskineParkRoad_a,-33.8172801276,150.7758564209,34526.12463738713,Rossmore-SW-N
Rossmore-SW-N-from,1,146,20200814315,CTway_LuddenhamRoad_a,-33.8036286973,150.7694340034,36200.839164639336,Rossmore-SW-N
Rossmore-SW-N-from,1,146,20200814317,CTway_BanksDrive_a,-33.7883272933,150.7703188977,37935.059103793836,Rossmore-SW-N
Rossmore-SW-N-from,1,146,20200814323,CTway_WilsonOval_a,-33.7776406092,150.7721841882,39134.90979585533,Rossmore-SW-N
Rossmore-SW-N-from,1,146,20200814321,CTway_StMarysLibrary_a,-33.7688712124,150.7736533373,40117.26928314033,Rossmore-SW-N
Rossmore-SW-N-from,1,146,20200814319,CTway_StMarysStation_a,-33.762579605,150.7763020595,40973.823299990836,Rossmore-SW-N
Rossmore-SW-S-to,1,12,20200814354,SouthCreekStation_b,-33.9474910209,150.7570352553,34.0306956331,Rossmore-SW-S
Rossmore-SW-S-to,1,12,2020081481,Rossmore-SW-1a,-33.929550017800004,150.7663027545,3153.6455390327,Rossmore-SW-S
Rossmore-SW-S-to,1,12,2020081483,Rossmore-SW-2a,-33.926584639299996,150.7643904093,3674.1622565111998,Rossmore-SW-S
Rossmore-SW-S-to,1,12,2020081485,Rossmore-SW-3a,-33.922571242800004,150.765083947,4123.9842729139,Rossmore-SW-S
Rossmore-SW-S-to,1,12,2020081487,Rossmore-SW-4a,-33.9215101971,150.7677473746,4500.8646356673,Rossmore-SW-S
Rossmore-SW-S-from,1,12,2020081489,Rossmore-SW-5a,-33.9220885699,150.7725737443,4939.136005101716,Rossmore-SW-S
Rossmore-SW-S-from,1,12,2020081491,Rossmore-SW-6a,-33.9251159179,150.7753273932,5532.108843118616,Rossmore-SW-S
Rossmore-SW-S-from,1,12,2020081493,Rossmore-SW-7a,-33.92915311780001,150.7746238658,5984.674405239815,Rossmore-SW-S
Rossmore-SW-S-from,1,12,2020081495,Rossmore-SW-8a,-33.9301328973,150.7711654096,6436.697220457116,Rossmore-SW-S
Rossmore-SW-S-from,1,12,20200814353,SouthCreekStation_a,-33.9475883119,150.756946809,9560.076940087616,Rossmore-SW-S
Rossmore-SW-W-to,1,16,20200814260,10thAv_AerotropolisSouth_b,-33.9344828308,150.7409651684,47.945026401199996,Rossmore-SW-W
Rossmore-SW-W-to,1,16,2020081485,Rossmore-SW-3a,-33.922571242800004,150.765083947,3679.9543057692,Rossmore-SW-W
Rossmore-SW-W-to,1,16,2020081487,Rossmore-SW-4a,-33.9215101971,150.7677473746,4056.8346685227,Rossmore-SW-W
Rossmore-SW-W-to,1,16,2020081489,Rossmore-SW-5a,-33.9220885699,150.7725737443,4507.7689310972,Rossmore-SW-W
Rossmore-SW-W-to,1,16,2020081491,Rossmore-SW-6a,-33.9251159179,150.7753273932,5100.7417691141,Rossmore-SW-W
Rossmore-SW-W-from,1,16,2020081493,Rossmore-SW-7a,-33.92915311780001,150.7746238658,5878.723648407161,Rossmore-SW-W
Rossmore-SW-W-from,1,16,2020081495,Rossmore-SW-8a,-33.9301328973,150.7711654096,6330.74646362446,Rossmore-SW-W
Rossmore-SW-W-from,1,16,2020081481,Rossmore-SW-1a,-33.929550017800004,150.7663027545,6785.031880969061,Rossmore-SW-W
Rossmore-SW-W-from,1,16,2020081483,Rossmore-SW-2a,-33.926584639299996,150.7643904093,7305.548598447661,Rossmore-SW-W
Rossmore-SW-W-from,1,16,20200814259,10thAv_AerotropolisSouth_a,-33.9345914675,150.74087463770002,10795.93449242276,Rossmore-SW-W
