name,vertex_index,vertex_part,vertex_part_index,distance,angle,shape_pt_lat,shape_pt_lon
FAST_Aerotropolis,"0","0","0",0.00000000000000,277.88004270254402,-33.9207225000,150.8287731000
FAST_Aerotropolis,"1","0","1",0.00089488718921,277.88030478696430,-33.9205998114,150.8278866630
FAST_Aerotropolis,"2","0","2",0.00221139729142,277.88082740271915,-33.9204193066,150.8265825860
FAST_Aerotropolis,"3","0","3",0.00309297251339,277.88124814869343,-33.9202984271,150.8257093374
FAST_Aerotropolis,"4","0","4",0.00356312639706,277.88627287626883,-33.9202339581,150.8252436246
FAST_Aerotropolis,"5","0","5",0.00423103154898,277.88445791464130,-33.9201422605,150.8245820440
FAST_Aerotropolis,"6","0","6",0.00566739527549,277.88780419633520,-33.9199453920,150.8231592357
FAST_Aerotropolis,"7","0","7",0.00608879152340,277.93221766042257,-33.9198874892,150.8227418366
FAST_Aerotropolis,"8","0","8",0.00699762216665,277.94881063426573,-33.9197615290,150.8218417770
FAST_Aerotropolis,"9","0","9",0.00815519874341,277.93127122644182,-33.9196018057,150.8206952728
FAST_Aerotropolis,"10","0","10",0.00915125030814,277.93175811158494,-33.9194643610,150.8197087497
FAST_Aerotropolis,"11","0","11",0.01010841462439,277.93218340728151,-33.9193322747,150.8187607430
FAST_Aerotropolis,"12","0","12",0.01078537241406,277.93264488049374,-33.9192388516,150.8180902626
FAST_Aerotropolis,"13","0","13",0.01236677450363,277.93329335134041,-33.9190205968,150.8165239940
FAST_Aerotropolis,"14","0","14",0.01399687094371,277.93406059274145,-33.9187956000,150.8149095000
FAST_Aerotropolis,"15","0","15",0.01562696069244,277.93482782931244,-33.9185705824,150.8132950157
FAST_Aerotropolis,"16","0","16",0.01720834350152,277.93547628960386,-33.9183522674,150.8117287749
FAST_Aerotropolis,"17","0","17",0.01788528918794,277.93593774654340,-33.9182588066,150.8110583120
FAST_Aerotropolis,"18","0","18",0.01884243245252,277.93636302396669,-33.9181266547,150.8101103356
FAST_Aerotropolis,"19","0","19",0.01983845721127,277.93676509772240,-33.9179891264,150.8091238513
FAST_Aerotropolis,"20","0","20",0.02028079807393,275.93849403667417,-33.9179280466,150.8086857478
FAST_Aerotropolis,"21","0","21",0.02041245705963,277.00626514509952,-33.9179190000,150.8085544000
FAST_Aerotropolis,"22","0","22",0.02064402616378,279.30343396562301,-33.9178785000,150.8083264000
FAST_Aerotropolis,"23","0","23",0.02087852275223,278.19770980802144,-33.9178437000,150.8080945000
FAST_Aerotropolis,"24","0","24",0.02158584921723,277.86117526258010,-33.9177469584,150.8073938205
FAST_Aerotropolis,"25","0","25",0.02210826160974,277.86146378188784,-33.9176755050,150.8068763177
FAST_Aerotropolis,"26","0","26",0.02279068814631,277.86180958510829,-33.9175821622,150.8062003051
FAST_Aerotropolis,"27","0","27",0.02382149506059,277.86218448125220,-33.9174411603,150.8051791874
FAST_Aerotropolis,"28","0","28",0.02424109002926,277.86250246133363,-33.9173837624,150.8047635368
FAST_Aerotropolis,"29","0","29",0.02505443118265,277.86284155542154,-33.9172724983,150.8039578420
FAST_Aerotropolis,"30","0","30",0.02586961023869,277.86316652628295,-33.9171609773,150.8031503273
FAST_Aerotropolis,"31","0","31",0.02616827384101,277.86341216754880,-33.9171201171,150.8028544719
FAST_Aerotropolis,"32","0","32",0.02682865400150,277.86370673877957,-33.9170297679,150.8022003015
FAST_Aerotropolis,"33","0","33",0.02769498319960,277.86409144751502,-33.9169112366,150.8013421193
FAST_Aerotropolis,"34","0","34",0.02854841404787,277.86451193430474,-33.9167944640,150.8004967150
FAST_Aerotropolis,"35","0","35",0.02952357635782,277.84021786071673,-33.9166610279,150.7995307252
FAST_Aerotropolis,"36","0","36",0.03069757967867,277.82984787103891,-33.9165013785,150.7983676277
FAST_Aerotropolis,"37","0","37",0.03433615220823,277.68736039872778,-33.9160048000,150.7947631000
FAST_Aerotropolis,"38","0","38",0.03534073101784,277.63326779959738,-33.9158731419,150.7937671860
FAST_Aerotropolis,"39","0","39",0.03609579409759,277.70267662234971,-33.9157715064,150.7930189945
FAST_Aerotropolis,"40","0","40",0.03725361190010,277.66980478323143,-33.9156169846,150.7918715342
FAST_Aerotropolis,"41","0","41",0.03778020263953,277.67005977520165,-33.9155467014,150.7913496549
FAST_Aerotropolis,"42","0","42",0.03824987109329,277.67029103913745,-33.9154840155,150.7908841885
FAST_Aerotropolis,"43","0","43",0.03920723498656,277.67071577606833,-33.9153562301,150.7899353911
FAST_Aerotropolis,"44","0","44",0.03988433396009,277.67117664501887,-33.9152658489,150.7892643514
FAST_Aerotropolis,"45","0","45",0.04064272415943,277.67144403774728,-33.9151646097,150.7885127489
FAST_Aerotropolis,"46","0","46",0.04146606596549,277.67182427595702,-33.9150546999,150.7876967761
FAST_Aerotropolis,"47","0","47",0.04207929951260,277.67220451415989,-33.9149728299,150.7870890322
FAST_Aerotropolis,"48","0","48",0.04242656678962,277.67220451324135,-33.9149264679,150.7867448736
FAST_Aerotropolis,"49","0","49",0.04254047927659,277.72451308467390,-33.9149112599,150.7866319809
FAST_Aerotropolis,"50","0","50",0.04265058948637,277.62654188572446,-33.9148963604,150.7865228834
FAST_Aerotropolis,"51","0","51",0.04270937937266,277.57423331327021,-33.9148887109,150.7864645933
FAST_Aerotropolis,"52","0","52",0.04275831716208,277.67220451110029,-33.9148821775,150.7864160936
FAST_Aerotropolis,"53","0","53",0.04280661299962,277.96332601179154,-33.9148757297,150.7863682301
FAST_Aerotropolis,"54","0","54",0.04284712089395,277.68837691115033,-33.9148699140,150.7863281419
FAST_Aerotropolis,"55","0","55",0.04289001136639,277.39725541190478,-33.9148645961,150.7862855823
FAST_Aerotropolis,"56","0","56",0.04292767763631,277.11195438084474,-33.9148595675,150.7862482532
FAST_Aerotropolis,"57","0","57",0.04296342488613,277.26242447287348,-33.9148554887,150.7862127395
FAST_Aerotropolis,"58","0","58",0.04309651589878,277.82306061228780,-33.9148370278,150.7860809350
FAST_Aerotropolis,"59","0","59",0.04315660997350,277.67297652281792,-33.9148290041,150.7860213790
FAST_Aerotropolis,"60","0","60",0.04325113992209,277.67297652088359,-33.9148163826,150.7859276954
FAST_Aerotropolis,"61","0","61",0.04345069360325,277.67297652130600,-33.9147897384,150.7857299285
FAST_Aerotropolis,"62","0","62",0.04364832123603,277.67297652254626,-33.9147633514,150.7855340704
FAST_Aerotropolis,"63","0","63",0.04378161624003,277.67297652248175,-33.9147455540,150.7854019689
FAST_Aerotropolis,"64","0","64",0.04402089800076,277.67297652165109,-33.9147136054,150.7851648296
FAST_Aerotropolis,"65","0","65",0.04431878398623,277.67297652197004,-33.9146738320,150.7848696108
FAST_Aerotropolis,"66","0","66",0.04472694602891,277.67335675504376,-33.9146193348,150.7844651033
FAST_Aerotropolis,"67","0","67",0.04544191253948,277.67373698851952,-33.9145238639,150.7837565396
FAST_Aerotropolis,"68","0","68",0.04630865919727,277.67400436970394,-33.9144081255,150.7828975551
FAST_Aerotropolis,"69","0","69",0.04698574634587,277.67446522450626,-33.9143177065,150.7822265325
FAST_Aerotropolis,"70","0","70",0.04794308967158,277.67488994960155,-33.9141898554,150.7812777647
FAST_Aerotropolis,"71","0","71",0.04818990301845,277.67512120011253,-33.9141568920,150.7810331625
FAST_Aerotropolis,"72","0","72",0.04835333369098,277.67512120020768,-33.9141350649,150.7808711959
FAST_Aerotropolis,"73","0","73",0.04860675974199,277.67512120094943,-33.9141012183,150.7806200402
FAST_Aerotropolis,"74","0","74",0.04893932267529,277.67544743236374,-33.9140568026,150.7802904566
FAST_Aerotropolis,"75","0","75",0.04915850523658,277.67577366329630,-33.9140275270,150.7800732380
FAST_Aerotropolis,"76","0","76",0.04945682421702,277.67577366302748,-33.9139876814,150.7797775920
FAST_Aerotropolis,"77","0","77",0.05008013438579,277.67577366361422,-33.9139044276,150.7791598669
FAST_Aerotropolis,"78","0","78",0.05069905516311,277.67611901536810,-33.9138217601,150.7785464918
FAST_Aerotropolis,"79","0","79",0.05185683138076,277.67671934075162,-33.9136671054,150.7773990914
FAST_Aerotropolis,"80","0","80",0.05219114067646,277.67697431554740,-33.9136224457,150.7770677785
FAST_Aerotropolis,"81","0","81",0.05285305478700,277.67720556143439,-33.9135340220,150.7764117971
FAST_Aerotropolis,"82","0","82",0.05381038428624,277.67763027209492,-33.9134061267,150.7754630493
FAST_Aerotropolis,"83","0","83",0.05448745893202,277.67809111019824,-33.9133156677,150.7747920446
FAST_Aerotropolis,"84","0","84",0.05606913409876,277.69013853034681,-33.9131043372,150.7732245511
FAST_Aerotropolis,"85","0","85",0.05687739399374,277.67931107518399,-33.9129960147,150.7724235828
FAST_Aerotropolis,"86","0","86",0.05769951229270,277.66829721827628,-33.9128864779,150.7716087944
FAST_Aerotropolis,"87","0","87",0.05841340022054,277.67989086437228,-33.9127910751,150.7709013099
FAST_Aerotropolis,"88","0","88",0.05932988381063,277.68027107294546,-33.9126685977,150.7699930470
FAST_Aerotropolis,"89","0","89",0.05994174219946,277.68065128168615,-33.9125868219,150.7693866780
FAST_Aerotropolis,"90","0","90",0.06091154010670,277.68091864580822,-33.9124572069,150.7684255807
FAST_Aerotropolis,"91","0","91",0.06158860290647,277.68137946741655,-33.9123667102,150.7677545931
FAST_Aerotropolis,"92","0","92",0.06254591180149,277.68180416337617,-33.9122387491,150.7668058749
FAST_Aerotropolis,"93","0","93",0.06292806852470,277.68203540157702,-33.9121876641,150.7664271479
FAST_Aerotropolis,"94","0","94",0.06354210897146,277.68229036135233,-33.9121055820,150.7658186184
FAST_Aerotropolis,"95","0","95",0.06402890342380,277.68254532094392,-33.9120405052,150.7653361934
FAST_Aerotropolis,"96","0","96",0.06469984855420,287.62248009209998,-33.9119508104,150.7646712707
FAST_Aerotropolis,"97","0","97",0.06574020978558,287.22696760286681,-33.9114694201,150.7637489829
FAST_Aerotropolis,"98","0","98",0.06654853994809,276.89247344325941,-33.9113724286,150.7629464928
FAST_Aerotropolis,"99","0","99",0.07382344467180,276.89437963954731,-33.9104992732,150.7557241775
FAST_Aerotropolis,"100","0","100",0.07463176000070,276.89552334967965,-33.9104022301,150.7549217086
FAST_Aerotropolis,"101","0","101",0.07544007384537,276.89590458220579,-33.9103051818,150.7541192419
FAST_Aerotropolis,"102","0","102",0.07624838620563,240.38482502868300,-33.9102081284,150.7533167772
FAST_Aerotropolis,"103","0","103",0.07716550016789,240.85370368343746,-33.9110467749,150.7529456033
FAST_Aerotropolis,"104","0","104",0.07832337956933,277.83410782456082,-33.9108889549,150.7517985298
FAST_Aerotropolis,"105","0","105",0.07931969172642,277.83459469144367,-33.9107531478,150.7508115170
FAST_Aerotropolis,"106","0","106",0.08027710648120,277.83501996530549,-33.9106226352,150.7498630395
FAST_Aerotropolis,"107","0","107",0.08095424140621,277.83548141815385,-33.9105303251,150.7491922262
FAST_Aerotropolis,"108","0","108",0.08253605732965,277.83612986775813,-33.9103146703,150.7476251797
FAST_Aerotropolis,"109","0","109",0.08416658040246,234.52103028637632,-33.9100923536,150.7460098838
FAST_Aerotropolis,"110","0","110",0.08553915463720,191.20574780886366,-33.9114387615,150.7457431523
FAST_Aerotropolis,"111","0","111",0.08687072252806,191.20608475586107,-33.9127449430,150.7454843806
FAST_Aerotropolis,"112","0","112",0.08744073126811,191.20632454880072,-33.9133040840,150.7453736045
FAST_Aerotropolis,"113","0","113",0.08824667670792,191.20654555402629,-33.9140946628,150.7452169736
FAST_Aerotropolis,"114","0","114",0.08858354018013,191.20666589155982,-33.9144251031,150.7451515047
FAST_Aerotropolis,"115","0","115",0.08908536393770,191.20679858340617,-33.9149173584,150.7450539760
FAST_Aerotropolis,"116","0","116",0.09006005483064,234.52225026371380,-33.9158734636,150.7448645419
FAST_Aerotropolis,"117","0","117",0.09221434907052,277.83960040133962,-33.9155796928,150.7427303717
FAST_Aerotropolis,"118","0","118",0.09490744350482,277.83892833534213,-33.9152122594,150.7400624605
FAST_Aerotropolis,"119","0","119",0.09706146872967,234.51999637357795,-33.9149185754,150.7379285499
FAST_Aerotropolis,"120","0","120",0.09803615570583,191.20390023098599,-33.9158746871,150.7377391693
FAST_Aerotropolis,"121","0","121",0.09887484013049,191.20415310915962,-33.9166973875,150.7375762101
FAST_Aerotropolis,"122","0","122",0.09968078336735,191.20437400987959,-33.9174879700,150.7374196093
FAST_Aerotropolis,"123","0","123",0.10025079084086,191.20461371559443,-33.9180471131,150.7373088506
FAST_Aerotropolis,"124","0","124",0.10158235671417,191.20495058089054,-33.9193532980,150.7370501064
FAST_Aerotropolis,"125","0","125",0.10178277700347,191.20514837012050,-33.9195498979,150.7370111602
FAST_Aerotropolis,"126","0","126",0.10209599229583,191.20514837260089,-33.9198571425,150.7369502954
FAST_Aerotropolis,"127","0","127",0.10229144149781,191.20514837395234,-33.9200488660,150.7369123153
FAST_Aerotropolis,"128","0","128",0.10251444030096,191.20514837263673,-33.9202676140,150.7368689816
FAST_Aerotropolis,"129","0","129",0.10295493024871,191.20514837046133,-33.9206997072,150.7367833845
Aerotropolis_FAST,"0","0","0",0.00000000000000,11.20514837046129,-33.9206997072,150.7367833845
Aerotropolis_FAST,"1","0","1",0.00044048994775,11.20514837263675,-33.9202676140,150.7368689816
Aerotropolis_FAST,"2","0","2",0.00066348875090,11.20514837395233,-33.9200488660,150.7369123153
Aerotropolis_FAST,"3","0","3",0.00085893795288,11.20514837260088,-33.9198571425,150.7369502954
Aerotropolis_FAST,"4","0","4",0.00117215324523,11.20514837012049,-33.9195498979,150.7370111602
Aerotropolis_FAST,"5","0","5",0.00137257353454,11.20495058089051,-33.9193532980,150.7370501064
Aerotropolis_FAST,"6","0","6",0.00270413940784,11.20461371559441,-33.9180471131,150.7373088506
Aerotropolis_FAST,"7","0","7",0.00327414688135,11.20437400987959,-33.9174879700,150.7374196093
Aerotropolis_FAST,"8","0","8",0.00408009011821,11.20408183392212,-33.9166973875,150.7375762101
Aerotropolis_FAST,"9","0","9",0.00589346151903,54.52005770345411,-33.9149185754,150.7379285499
Aerotropolis_FAST,"10","0","10",0.00804748674388,97.83892833534217,-33.9152122594,150.7400624605
Aerotropolis_FAST,"11","0","11",0.01074058117818,97.83960040133960,-33.9155796928,150.7427303717
Aerotropolis_FAST,"12","0","12",0.01289487541806,54.52225026371379,-33.9158734636,150.7448645419
Aerotropolis_FAST,"13","0","13",0.01386956631100,11.20679858296302,-33.9149173584,150.7450539760
Aerotropolis_FAST,"14","0","14",0.01470825354078,11.20654555468645,-33.9140946628,150.7452169736
Aerotropolis_FAST,"15","0","15",0.01551419898059,11.20632454880071,-33.9133040840,150.7453736045
Aerotropolis_FAST,"16","0","16",0.01608420772064,11.20608475586106,-33.9127449430,150.7454843806
Aerotropolis_FAST,"17","0","17",0.01741577561150,11.20574780886365,-33.9114387615,150.7457431523
Aerotropolis_FAST,"18","0","18",0.01878834984625,54.52103028637629,-33.9100923536,150.7460098838
Aerotropolis_FAST,"19","0","19",0.02041887291905,97.83612986775812,-33.9103146703,150.7476251797
Aerotropolis_FAST,"20","0","20",0.02200068884249,97.83548141815388,-33.9105303251,150.7491922262
Aerotropolis_FAST,"21","0","21",0.02267782376751,97.83501996530549,-33.9106226352,150.7498630395
Aerotropolis_FAST,"22","0","22",0.02363523852228,97.83459469144374,-33.9107531478,150.7508115170
Aerotropolis_FAST,"23","0","23",0.02463155067937,97.83410782456085,-33.9108889549,150.7517985298
Aerotropolis_FAST,"24","0","24",0.02578943008081,60.85370368343745,-33.9110467749,150.7529456033
Aerotropolis_FAST,"25","0","25",0.02670654404307,60.38482502868298,-33.9102081284,150.7533167772
Aerotropolis_FAST,"26","0","26",0.02751485640333,96.89590458220580,-33.9103051818,150.7541192419
Aerotropolis_FAST,"27","0","27",0.02832317024800,96.89552334967968,-33.9104022301,150.7549217086
Aerotropolis_FAST,"28","0","28",0.02913148557690,96.89437963954731,-33.9104992732,150.7557241775
Aerotropolis_FAST,"29","0","29",0.03640639030061,96.89247344425944,-33.9113724286,150.7629464928
Aerotropolis_FAST,"30","0","30",0.03721472046312,107.22696760317297,-33.9114694201,150.7637489829
Aerotropolis_FAST,"31","0","31",0.03825508169449,107.62248009161011,-33.9119508104,150.7646712707
Aerotropolis_FAST,"32","0","32",0.03893027869744,97.68254532086520,-33.9120410736,150.7653404071
Aerotropolis_FAST,"33","0","33",0.03941282127723,97.68229036111541,-33.9121055820,150.7658186184
Aerotropolis_FAST,"34","0","34",0.04040901844720,97.68180416330270,-33.9122387491,150.7668058749
Aerotropolis_FAST,"35","0","35",0.04136632734222,97.68137946741659,-33.9123667102,150.7677545931
Aerotropolis_FAST,"36","0","36",0.04204339014199,97.68091864590684,-33.9124572069,150.7684255807
Aerotropolis_FAST,"37","0","37",0.04283765836466,97.68065128171943,-33.9125633621,150.7692127231
Aerotropolis_FAST,"38","0","38",0.04362504643806,97.68027107293776,-33.9126685977,150.7699930470
Aerotropolis_FAST,"39","0","39",0.04441810468029,97.67989086437321,-33.9127745807,150.7707789917
Aerotropolis_FAST,"40","0","40",0.04525541795599,97.67950488695419,-33.9128864779,150.7716087944
Aerotropolis_FAST,"41","0","41",0.04608261982141,97.67911890951363,-33.9129970127,150.7724285779
Aerotropolis_FAST,"42","0","42",0.04688579602303,97.67873869567185,-33.9131043372,150.7732245511
Aerotropolis_FAST,"43","0","43",0.04769594975489,97.67835848172065,-33.9132125833,150.7740274408
Aerotropolis_FAST,"44","0","44",0.04846747118977,97.67809111075182,-33.9133156677,150.7747920446
Aerotropolis_FAST,"45","0","45",0.04914454583552,97.67763027240360,-33.9134061267,150.7754630493
Aerotropolis_FAST,"46","0","46",0.05010187533478,97.67720556034077,-33.9135340220,150.7764117971
Aerotropolis_FAST,"47","0","47",0.05109809874102,97.67671934149533,-33.9136671054,150.7773990914
Aerotropolis_FAST,"48","0","48",0.05167102798496,97.67646436699350,-33.9137436368,150.7779668861
Aerotropolis_FAST,"49","0","49",0.05225587495867,97.67611901518623,-33.9138217601,150.7785464918
Aerotropolis_FAST,"50","0","50",0.05401560744650,97.67544743209061,-33.9140568026,150.7802904566
Aerotropolis_FAST,"51","0","51",0.05446793249777,97.67512120086269,-33.9141172133,150.7807387294
Aerotropolis_FAST,"52","0","52",0.05501184045017,97.67488994942534,-33.9141898554,150.7812777647
Aerotropolis_FAST,"53","0","53",0.05543951967844,97.67465869795798,-33.9142469710,150.7817016129
Aerotropolis_FAST,"54","0","54",0.05596918377592,97.67446522445483,-33.9143177065,150.7822265325
Aerotropolis_FAST,"55","0","55",0.05664627092452,97.67400436975636,-33.9144081255,150.7828975551
Aerotropolis_FAST,"56","0","56",0.05751684281100,97.67373698850737,-33.9145243747,150.7837603306
Aerotropolis_FAST,"57","0","57",0.05822798409288,97.67335675510324,-33.9146193348,150.7844651033
Aerotropolis_FAST,"58","0","58",0.05907283555424,97.67297652183224,-33.9147321383,150.7853023902
Aerotropolis_FAST,"59","0","59",0.05985841422300,97.67259051811801,-33.9148370278,150.7860809350
Aerotropolis_FAST,"60","0","60",0.06039343851412,97.67220451412894,-33.9149084564,150.7866111698
Aerotropolis_FAST,"61","0","61",0.06105183890877,97.67220451252075,-33.9149963565,150.7872636763
Aerotropolis_FAST,"62","0","62",0.06148885089060,97.67182427534748,-33.9150546999,150.7876967761
Aerotropolis_FAST,"63","0","63",0.06232264057544,97.67144403657825,-33.9151660044,150.7885231033
Aerotropolis_FAST,"64","0","64",0.06307058289599,97.67117664517086,-33.9152658489,150.7892643514
Aerotropolis_FAST,"65","0","65",0.06374768186953,97.67071577815391,-33.9153562301,150.7899353911
Aerotropolis_FAST,"66","0","66",0.06470504576280,97.67029103734116,-33.9154840155,150.7908841885
Aerotropolis_FAST,"67","0","67",0.06570130495599,97.66980478483362,-33.9156169846,150.7918715342
Aerotropolis_FAST,"68","0","68",0.06685912275849,97.03151829662910,-33.9157715064,150.7930189945
Aerotropolis_FAST,"69","0","69",0.06796105311855,97.20517133382413,-33.9158942129,150.7941140715
Aerotropolis_FAST,"70","0","70",0.06911846304804,98.01660049739773,-33.9160556304,150.7952601702
Aerotropolis_FAST,"71","0","71",0.07011437664376,98.01611351419277,-33.9161945161,150.7962463520
Aerotropolis_FAST,"72","0","72",0.07107141310534,98.43423882080032,-33.9163279725,150.7971940377
Aerotropolis_FAST,"73","0","73",0.07174781166343,98.25480261419231,-33.9164320655,150.7978623787
Aerotropolis_FAST,"74","0","74",0.07332959283553,97.83560329933520,-33.9166428261,150.7994300558
Aerotropolis_FAST,"75","0","75",0.07495950081818,98.01381050485276,-33.9168700654,150.8010440454
Aerotropolis_FAST,"76","0","76",0.07658941555015,98.01304307130896,-33.9170972838,150.8026580447
Aerotropolis_FAST,"77","0","77",0.07741423320654,98.01266224115054,-33.9172122568,150.8034748099
Aerotropolis_FAST,"78","0","78",0.07817064141564,98.01239442966803,-33.9173176940,150.8042238335
Aerotropolis_FAST,"79","0","79",0.07884752378513,98.01257002652981,-33.9174120397,150.8048941086
Aerotropolis_FAST,"80","0","80",0.07939537351242,98.01152319113223,-33.9174884088,150.8054366094
Aerotropolis_FAST,"81","0","81",0.07980458148094,98.01065438472733,-33.9175454305,150.8058418250
Aerotropolis_FAST,"82","0","82",0.08080052211461,97.74415890655837,-33.9176842328,150.8068280459
Aerotropolis_FAST,"83","0","83",0.08126529295786,97.47704198799093,-33.9177447129,150.8072888648
Aerotropolis_FAST,"84","0","84",0.08169515948587,97.47704198403574,-33.9178006510,150.8077150762
Aerotropolis_FAST,"85","0","85",0.08222782144188,97.47704198442315,-33.9178699657,150.8082432090
Aerotropolis_FAST,"86","0","86",0.08267415540276,97.70698879790204,-33.9179280466,150.8086857478
Aerotropolis_FAST,"87","0","87",0.08311649626540,97.93676509518885,-33.9179891264,150.8091238513
Aerotropolis_FAST,"88","0","88",0.08411252102417,97.93636302599081,-33.9181266547,150.8101103356
Aerotropolis_FAST,"89","0","89",0.08506966428874,97.93593774654342,-33.9182588066,150.8110583120
Aerotropolis_FAST,"90","0","90",0.08574660997516,97.93547628960391,-33.9183522674,150.8117287749
Aerotropolis_FAST,"91","0","91",0.08732799278424,97.93482782931244,-33.9185705824,150.8132950157
Aerotropolis_FAST,"92","0","92",0.08895808253297,97.93406059274143,-33.9187956000,150.8149095000
Aerotropolis_FAST,"93","0","93",0.09058817897305,97.93329335134037,-33.9190205968,150.8165239940
Aerotropolis_FAST,"94","0","94",0.09216958106262,97.93264487840898,-33.9192388516,150.8180902626
Aerotropolis_FAST,"95","0","95",0.09284653885229,97.93218340751372,-33.9193322747,150.8187607430
Aerotropolis_FAST,"96","0","96",0.09380370316855,97.93175811297942,-33.9194643610,150.8197087497
Aerotropolis_FAST,"97","0","97",0.09479975473330,97.93127122561646,-33.9196018057,150.8206952728
Aerotropolis_FAST,"98","0","98",0.09595733131003,97.94881063436274,-33.9197615290,150.8218417770
Aerotropolis_FAST,"99","0","99",0.09686616195328,97.93221766042251,-33.9198874892,150.8227418366
Aerotropolis_FAST,"100","0","100",0.09728755820119,97.89000345826976,-33.9199453920,150.8231592357
Aerotropolis_FAST,"101","0","101",0.09872392238961,97.88192755263725,-33.9201423698,150.8245820294
Aerotropolis_FAST,"102","0","102",0.09939182706725,97.88154325233029,-33.9202339581,150.8252436246
Aerotropolis_FAST,"103","0","103",0.09986198095092,97.88124814869344,-33.9202984271,150.8257093374
Aerotropolis_FAST,"104","0","104",0.10074355617289,97.88082740271918,-33.9204193066,150.8265825860
Aerotropolis_FAST,"105","0","105",0.10206006627510,97.88030478696434,-33.9205998114,150.8278866630
Aerotropolis_FAST,"106","0","106",0.10295495346431,97.88004270254409,-33.9207225000,150.8287731000
E-Tway-FromLeppington,"0","0","0",0.00000000000000,100.69976517246275,-33.9536059000,150.8081771000
E-Tway-FromLeppington,"1","0","1",0.00030754715085,100.19857284054342,-33.9536630000,150.8084793000
E-Tway-FromLeppington,"2","0","2",0.00046783751239,84.37935502119294,-33.9536900000,150.8086373000
E-Tway-FromLeppington,"3","0","3",0.00105826013206,32.72785599307706,-33.9534790016,150.8091887332
E-Tway-FromLeppington,"4","0","4",0.00217257713180,356.10349269829260,-33.9523668903,150.8091186556
E-Tway-FromLeppington,"5","0","5",0.00355235100543,339.23929492515845,-33.9509907997,150.8090179061
E-Tway-FromLeppington,"6","0","6",0.00390852608790,340.09284938698011,-33.9507076000,150.8088019000
E-Tway-FromLeppington,"7","0","7",0.00412342741444,358.21566097079136,-33.9504929000,150.8087926000
E-Tway-FromLeppington,"8","0","8",0.00423924831071,359.67809567650363,-33.9503771000,150.8087904000
E-Tway-FromLeppington,"9","0","9",0.00515427585675,2.34461003917100,-33.9494621000,150.8087975000
E-Tway-FromLeppington,"10","0","10",0.00528262791163,4.24629208561737,-33.9493341000,150.8088070000
E-Tway-FromLeppington,"11","0","11",0.00541088024102,6.62359820838999,-33.9492062000,150.8088165000
E-Tway-FromLeppington,"12","0","12",0.00592551519907,11.38899356248076,-33.9486979000,150.8088970000
E-Tway-FromLeppington,"13","0","13",0.00629247530594,13.51711115626130,-33.9483415000,150.8089844000
E-Tway-FromLeppington,"14","0","14",0.00670897189643,12.11663321544865,-33.9479361000,150.8090799000
E-Tway-FromLeppington,"15","0","15",0.00720627193669,11.39275189635925,-33.9474479000,150.8091746000
E-Tway-FromLeppington,"16","0","16",0.01013402371070,11.50231887019487,-33.9445821000,150.8097737000
E-Tway-FromLeppington,"17","0","17",0.01186319543385,11.19675390884178,-33.9428858420,150.8101094732
E-Tway-FromLeppington,"18","0","18",0.01232495229243,11.19650379545378,-33.9424328739,150.8101991353
E-Tway-FromLeppington,"19","0","19",0.01309212759666,11.35724850405840,-33.9416803000,150.8103481000
E-Tway-FromLeppington,"20","0","20",0.01394436660358,11.51797073966598,-33.9408452236,150.8105182727
E-Tway-FromLeppington,"21","0","21",0.01459356340278,11.51728393822032,-33.9402091000,150.8106479000
E-Tway-FromLeppington,"22","0","22",0.01520216407197,11.51528031099650,-33.9396127526,150.8107694094
E-Tway-FromLeppington,"23","0","23",0.01599017419016,11.16159889920145,-33.9388406000,150.8109267000
E-Tway-FromLeppington,"24","0","24",0.01675987635542,10.80934666155077,-33.9380845549,150.8110710511
E-Tway-FromLeppington,"25","0","25",0.01750809565442,10.80934666063360,-33.9373496115,150.8112113733
E-Tway-FromLeppington,"26","0","26",0.01818887837962,10.80934666057203,-33.9366809081,150.8113390484
E-Tway-FromLeppington,"27","0","27",0.01887913395618,10.98920711536842,-33.9360029000,150.8114685000
E-Tway-FromLeppington,"28","0","28",0.02184653694197,11.36148040207423,-33.9330917000,150.8120433000
E-Tway-FromLeppington,"29","0","29",0.02477130221289,11.20403501071913,-33.9302262000,150.8126291000
E-Tway-FromLeppington,"30","0","30",0.02631270732476,10.85401707028124,-33.9287123712,150.8129193621
E-Tway-FromLeppington,"31","0","31",0.02701230482097,10.85375943281240,-33.9280252890,150.8130510995
E-Tway-FromLeppington,"32","0","32",0.02768675893356,11.12150200675922,-33.9273629000,150.8131781000
E-Tway-FromLeppington,"33","0","33",0.02849556229381,11.38934250789465,-33.9265700237,150.8133378184
E-Tway-FromLeppington,"34","0","34",0.02915091340911,11.38934251609739,-33.9259275778,150.8134672339
E-Tway-FromLeppington,"35","0","35",0.02978770614033,11.38915938006644,-33.9253033248,150.8135929845
E-Tway-FromLeppington,"36","0","36",0.03015828915991,11.38891559925158,-33.9249400389,150.8136661631
E-Tway-FromLeppington,"37","0","37",0.03060614651658,11.69952209605823,-33.9245010000,150.8137546000
E-Tway-FromLeppington,"38","0","38",0.03150785819469,11.67510325590449,-33.9236190262,150.8139422332
E-Tway-FromLeppington,"39","0","39",0.03234666007641,11.33989583912924,-33.9227965998,150.8141071677
E-Tway-FromLeppington,"40","0","40",0.03315271568402,11.33967281188469,-33.9220062797,150.8142656599
E-Tway-FromLeppington,"41","0","41",0.03372280233594,11.33943082717806,-33.9214473217,150.8143777522
E-Tway-FromLeppington,"42","0","42",0.03505455221717,11.33909079915175,-33.9201415675,150.8146395989
E-Tway-FromLeppington,"43","0","43",0.03642731402395,11.33868852255530,-33.9187956000,150.8149095000
E-Tway-FromLeppington,"44","0","44",0.03780007510722,11.33828628229459,-33.9174496313,150.8151793914
E-Tway-FromLeppington,"45","0","45",0.03913182290386,11.33794633514839,-33.9161438737,150.8154412103
E-Tway-FromLeppington,"46","0","46",0.03970190824716,11.33770443851535,-33.9155849135,150.8155532852
E-Tway-FromLeppington,"47","0","47",0.04050796157867,9.58318997361770,-33.9147945896,150.8157117469
E-Tway-FromLeppington,"48","0","48",0.04134528256900,8.83426071160974,-33.9139650728,150.8158258011
E-Tway-FromLeppington,"49","0","49",0.04217953302774,9.83974436981779,-33.9131430945,150.8159683686
E-Tway-FromLeppington,"50","0","50",0.04231570038806,9.83974436999485,-33.9130089302,150.8159916387
E-Tway-FromLeppington,"51","0","51",0.04281578709169,0.36052312611964,-33.9125162000,150.8160771000
E-Tway-FromLeppington,"52","0","52",0.04298300030881,350.88130188438453,-33.9123511000,150.8160506000
E-Tway-ToLeppington,"0","0","0",0.00000000000000,170.88130188438458,-33.9123511000,150.8160506000
E-Tway-ToLeppington,"1","0","1",0.00016721321711,180.36052312592597,-33.9125162000,150.8160771000
E-Tway-ToLeppington,"2","0","2",0.00074603357814,189.83974436794793,-33.9130865057,150.8159781836
E-Tway-ToLeppington,"3","0","3",0.00163771773981,188.83426071207367,-33.9139650728,150.8158258011
E-Tway-ToLeppington,"4","0","4",0.00247503873013,189.58318997361772,-33.9147945896,150.8157117469
E-Tway-ToLeppington,"5","0","5",0.00328109206165,191.33770443851540,-33.9155849135,150.8155532852
E-Tway-ToLeppington,"6","0","6",0.00385117740495,191.33794633514839,-33.9161438737,150.8154412103
E-Tway-ToLeppington,"7","0","7",0.00518292520158,191.33828628296408,-33.9174496313,150.8151793914
E-Tway-ToLeppington,"8","0","8",0.00560478105289,191.33848588017909,-33.9178632538,150.8150964525
E-Tway-ToLeppington,"9","0","9",0.00655568628486,191.33868852225834,-33.9187956000,150.8149095000
E-Tway-ToLeppington,"10","0","10",0.00792844809164,191.33909079915179,-33.9201415675,150.8146395989
E-Tway-ToLeppington,"11","0","11",0.00926019797287,191.33943082717803,-33.9214473217,150.8143777522
E-Tway-ToLeppington,"12","0","12",0.00983028462479,191.33967281188472,-33.9220062797,150.8142656599
E-Tway-ToLeppington,"13","0","13",0.01063634023239,191.33989584141446,-33.9227965998,150.8141071677
E-Tway-ToLeppington,"14","0","14",0.01147514211407,191.67510325604749,-33.9236190262,150.8139422332
E-Tway-ToLeppington,"15","0","15",0.01237685379222,191.69952209391602,-33.9245010000,150.8137546000
E-Tway-ToLeppington,"16","0","16",0.01282471114890,191.38891559925156,-33.9249400389,150.8136661631
E-Tway-ToLeppington,"17","0","17",0.01319529416847,191.38915938006642,-33.9253033248,150.8135929845
E-Tway-ToLeppington,"18","0","18",0.01383208689970,191.38934251609737,-33.9259275778,150.8134672339
E-Tway-ToLeppington,"19","0","19",0.01448743801500,191.38934250789464,-33.9265700237,150.8133378184
E-Tway-ToLeppington,"20","0","20",0.01529624137525,191.12150200675924,-33.9273629000,150.8131781000
E-Tway-ToLeppington,"21","0","21",0.01597069548783,190.85375943281238,-33.9280252890,150.8130510995
E-Tway-ToLeppington,"22","0","22",0.01667029298405,190.85401707028126,-33.9287123712,150.8129193621
E-Tway-ToLeppington,"23","0","23",0.01821169809592,190.91891869542417,-33.9302262000,150.8126291000
E-Tway-ToLeppington,"24","0","24",0.01907613320051,191.38839557717171,-33.9310748000,150.8124644000
E-Tway-ToLeppington,"25","0","25",0.02113652413910,191.48109906018135,-33.9330917000,150.8120433000
E-Tway-ToLeppington,"26","0","26",0.02410392712489,190.98920711536843,-33.9360029000,150.8114685000
E-Tway-ToLeppington,"27","0","27",0.02479418270146,190.80934666057203,-33.9366809081,150.8113390484
E-Tway-ToLeppington,"28","0","28",0.02547496542666,190.80934666063362,-33.9373496115,150.8112113733
E-Tway-ToLeppington,"29","0","29",0.02622318472565,190.80934666155082,-33.9380845549,150.8110710511
E-Tway-ToLeppington,"30","0","30",0.02699288689092,191.16159889920146,-33.9388406000,150.8109267000
E-Tway-ToLeppington,"31","0","31",0.02778089700911,191.51528031099653,-33.9396127526,150.8107694094
E-Tway-ToLeppington,"32","0","32",0.02838949767830,191.51728393822034,-33.9402091000,150.8106479000
E-Tway-ToLeppington,"33","0","33",0.02903869447749,191.51797073966603,-33.9408452236,150.8105182727
E-Tway-ToLeppington,"34","0","34",0.02989093348442,191.35724850405839,-33.9416803000,150.8103481000
E-Tway-ToLeppington,"35","0","35",0.03065810878864,191.19650379545379,-33.9424328739,150.8101991353
E-Tway-ToLeppington,"36","0","36",0.03111986564723,191.19675390884177,-33.9428858420,150.8101094732
E-Tway-ToLeppington,"37","0","37",0.03284903737038,191.50231887019487,-33.9445821000,150.8097737000
E-Tway-ToLeppington,"38","0","38",0.03577678914439,191.39275189635927,-33.9474479000,150.8091746000
E-Tway-ToLeppington,"39","0","39",0.03627408918465,188.01066423939051,-33.9479361000,150.8090799000
E-Tway-ToLeppington,"40","0","40",0.03658007390640,182.46622274625281,-33.9482409000,150.8090530000
E-Tway-ToLeppington,"41","0","41",0.03709577487602,178.96249298907546,-33.9487566000,150.8090540000
E-Tway-ToLeppington,"42","0","42",0.03774065367080,178.28663538839169,-33.9494011000,150.8090761000
E-Tway-ToLeppington,"43","0","43",0.03810887367297,177.42089447697057,-33.9497692000,150.8090855000
E-Tway-ToLeppington,"44","0","44",0.03838504789333,176.78875265187838,-33.9500448000,150.8091033000
E-Tway-ToLeppington,"45","0","45",0.03872973826164,177.29579201069021,-33.9503891000,150.8091197000
E-Tway-ToLeppington,"46","0","46",0.03876607804698,178.68508217291793,-33.9504254000,150.8091214000
E-Tway-ToLeppington,"47","0","47",0.03887737809228,180.30619923164230,-33.9505367000,150.8091213000
E-Tway-ToLeppington,"48","0","48",0.03909188837178,191.73888204984115,-33.9507512000,150.8091192000
E-Tway-ToLeppington,"49","0","49",0.03935201995880,189.36472363296420,-33.9509907997,150.8090179061
E-Tway-ToLeppington,"50","0","50",0.04073179383243,176.10349269829260,-33.9523668903,150.8091186556
E-Tway-ToLeppington,"51","0","51",0.04184611083217,175.54985017092037,-33.9534790016,150.8091887332
E-Tway-ToLeppington,"52","0","52",0.04243161138313,221.62618123845482,-33.9540620040,150.8092427621
E-Tway-ToLeppington,"53","0","53",0.04329515111619,275.42408042147844,-33.9540839000,150.8083795000
E-Tway-ToLeppington,"54","0","54",0.04378937547834,282.30111625549574,-33.9539786058,150.8078966223
B-Tway-ToAirport,"0","0","0",0.00000000000000,277.83804499773839,-33.9204773695,150.7351680982
B-Tway-ToAirport,"1","0","1",0.00076024186264,277.83804499785060,-33.9203736928,150.7344149589
B-Tway-ToAirport,"2","0","2",0.00158179680192,277.83831271599325,-33.9202616545,150.7336010793
B-Tway-ToAirport,"3","0","3",0.00225891972339,277.83877415323531,-33.9201693067,150.7329302833
B-Tway-ToAirport,"4","0","4",0.00321631359999,277.83919941638419,-33.9200387283,150.7319818359
B-Tway-ToAirport,"5","0","5",0.00421259917204,277.83968625667916,-33.9199028376,150.7309948614
B-Tway-ToAirport,"6","0","6",0.00534240971154,284.13012816276557,-33.9197487244,150.7298756112
B-Tway-ToAirport,"7","0","7",0.00568726919122,330.15355736173149,-33.9196284015,150.7295524233
B-Tway-ToAirport,"8","0","8",0.00704551047719,9.88661957085044,-33.9182903316,150.7297856362
B-Tway-ToAirport,"9","0","9",0.00840375129684,9.88625882582046,-33.9169522606,150.7300188407
B-Tway-ToAirport,"10","0","10",0.00976199165017,9.88589811251180,-33.9156141887,150.7302520366
B-Tway-ToAirport,"11","0","11",0.01112023153735,9.88553743053868,-33.9142761157,150.7304852240
B-Tway-ToAirport,"12","0","12",0.01247847095850,53.39594808573978,-33.9129380418,150.7307184030
B-Tway-ToAirport,"13","0","13",0.01328679222764,96.90634844637009,-33.9130352425,150.7315208587
B-Tway-ToAirport,"14","0","14",0.01409511498619,53.39505934728452,-33.9131324381,150.7323233167
B-Tway-ToAirport,"15","0","15",0.01545335373148,9.88378060725731,-33.9117943591,150.7325564628
B-Tway-ToAirport,"16","0","16",0.01681159201105,9.88342008559520,-33.9104562792,150.7327896005
B-Tway-ToAirport,"17","0","17",0.01816982982506,9.88305959511586,-33.9091181982,150.7330227297
B-Tway-ToAirport,"18","0","18",0.01952806717353,9.88269913625583,-33.9077801162,150.7332558504
B-Tway-ToAirport,"19","0","19",0.02088630405665,9.88233870988757,-33.9064420332,150.7334889627
B-Tway-ToAirport,"20","0","20",0.02224454047453,53.39385429433404,-33.9051039491,150.7337220664
B-Tway-ToAirport,"21","0","21",0.02305279115131,96.90535949635344,-33.9052011275,150.7345244537
B-Tway-ToAirport,"22","0","22",0.02386104331624,53.39296590718119,-33.9052983008,150.7353268433
B-Tway-ToAirport,"23","0","23",0.02521927905912,9.88049269951128,-33.9039602118,150.7355599142
B-Tway-ToAirport,"24","0","24",0.02657751680743,9.88022249707835,-33.9026221186,150.7357929730
B-Tway-ToAirport,"25","0","25",0.02793574915023,9.87995232602875,-33.9012840307,150.7360260308
B-Tway-ToAirport,"26","0","26",0.02929398349875,53.39215953016986,-33.8999459386,150.7362590763
B-Tway-ToAirport,"27","0","27",0.03010218811872,72.12451341058265,-33.9000430987,150.7370614195
B-Tway-ToAirport,"28","0","28",0.03160058477576,32.28501428478533,-33.8990278000,150.7381634000
B-Tway-ToAirport,"29","0","29",0.03189875910395,15.20371061581061,-33.8987430000,150.7382517000
B-Tway-ToAirport,"30","0","30",0.03385366810443,12.91007974007217,-33.8968396000,150.7386975000
B-Tway-ToAirport,"31","0","31",0.03523760018364,8.99021874228915,-33.8954892000,150.7390003000
B-Tway-ToAirport,"32","0","32",0.03680470672121,7.77351667754487,-33.8939289000,150.7391462000
B-Tway-ToAirport,"33","0","33",0.03782067916666,11.15146771204966,-33.8929290000,150.7393262000
B-Tway-ToAirport,"34","0","34",0.04056707471726,12.22441245319581,-33.8902436000,150.7399018000
B-Tway-ToAirport,"35","0","35",0.04384995340064,12.11266671749319,-33.8870367000,150.7406040000
B-Tway-ToAirport,"36","0","36",0.04759397254722,11.69068124161667,-33.8833728000,150.7413744000
B-Tway-ToAirport,"37","0","37",0.04955651830721,305.41288837118168,-33.8814497000,150.7417659000
B-Tway-ToAirport,"38","0","38",0.05589017423598,239.31888543511778,-33.8846815079,150.7363188260
B-Tway-FromAirport,"0","0","0",0.00000000000000,59.31888543511776,-33.8846815079,150.7363188260
B-Tway-FromAirport,"1","0","1",0.00633365592877,125.41288837118168,-33.8814497000,150.7417659000
B-Tway-FromAirport,"2","0","2",0.00829620168876,191.69068124161669,-33.8833728000,150.7413744000
B-Tway-FromAirport,"3","0","3",0.01204022083533,192.11266671749317,-33.8870367000,150.7406040000
B-Tway-FromAirport,"4","0","4",0.01532309951872,192.22441245319581,-33.8902436000,150.7399018000
B-Tway-FromAirport,"5","0","5",0.01806949506931,191.15146771204968,-33.8929290000,150.7393262000
B-Tway-FromAirport,"6","0","6",0.01908546751477,187.99590973264077,-33.8939289000,150.7391462000
B-Tway-FromAirport,"7","0","7",0.01976583474649,185.39382610027380,-33.8946058000,150.7390776000
B-Tway-FromAirport,"8","0","8",0.02065261028182,188.81959120908363,-33.8954892000,150.7390003000
B-Tway-FromAirport,"9","0","9",0.02203654236102,192.91007974007218,-33.8968396000,150.7386975000
B-Tway-FromAirport,"10","0","10",0.02399145136151,195.20371061581062,-33.8987430000,150.7382517000
B-Tway-FromAirport,"11","0","11",0.02428962568970,212.28501428478538,-33.8990278000,150.7381634000
B-Tway-FromAirport,"12","0","12",0.02578802234673,252.12451341058264,-33.9000430987,150.7370614195
B-Tway-FromAirport,"13","0","13",0.02659622696671,233.39215953016986,-33.8999459386,150.7362590763
B-Tway-FromAirport,"14","0","14",0.02795446131523,189.87995232602876,-33.9012840307,150.7360260308
B-Tway-FromAirport,"15","0","15",0.02931269365803,189.88022249707836,-33.9026221186,150.7357929730
B-Tway-FromAirport,"16","0","16",0.03067093140634,189.88049269951131,-33.9039602118,150.7355599142
B-Tway-FromAirport,"17","0","17",0.03202916714921,233.39296590718121,-33.9052983008,150.7353268433
B-Tway-FromAirport,"18","0","18",0.03283741931414,276.90535949635347,-33.9052011275,150.7345244537
B-Tway-FromAirport,"19","0","19",0.03364566999093,233.39385429433403,-33.9051039491,150.7337220664
B-Tway-FromAirport,"20","0","20",0.03500390640881,189.88233870988759,-33.9064420332,150.7334889627
B-Tway-FromAirport,"21","0","21",0.03636214329193,189.88269913625584,-33.9077801162,150.7332558504
B-Tway-FromAirport,"22","0","22",0.03772038064039,189.88305959511587,-33.9091181982,150.7330227297
B-Tway-FromAirport,"23","0","23",0.03907861845441,189.88342008559519,-33.9104562792,150.7327896005
B-Tway-FromAirport,"24","0","24",0.04043685673398,189.88378060725734,-33.9117943591,150.7325564628
B-Tway-FromAirport,"25","0","25",0.04179509547926,233.39505934728453,-33.9131324381,150.7323233167
B-Tway-FromAirport,"26","0","26",0.04260341823781,276.90634844637009,-33.9130352425,150.7315208587
B-Tway-FromAirport,"27","0","27",0.04341173950696,233.39594808573980,-33.9129380418,150.7307184030
B-Tway-FromAirport,"28","0","28",0.04476997892811,189.88553743053865,-33.9142761157,150.7304852240
B-Tway-FromAirport,"29","0","29",0.04612821881529,189.88589811251180,-33.9156141887,150.7302520366
B-Tway-FromAirport,"30","0","30",0.04748645916862,189.88625882582045,-33.9169522606,150.7300188407
B-Tway-FromAirport,"31","0","31",0.04884469998826,189.88661957085046,-33.9182903316,150.7297856362
B-Tway-FromAirport,"32","0","32",0.05020294127424,150.15355736173152,-33.9196284015,150.7295524233
B-Tway-FromAirport,"33","0","33",0.05054780075392,104.13012816276557,-33.9197487244,150.7298756112
B-Tway-FromAirport,"34","0","34",0.05167761129342,97.83968625667917,-33.9199028376,150.7309948614
B-Tway-FromAirport,"35","0","35",0.05267389686547,97.83919941638425,-33.9200387283,150.7319818359
B-Tway-FromAirport,"36","0","36",0.05363129074206,97.83877415323533,-33.9201693067,150.7329302833
B-Tway-FromAirport,"37","0","37",0.05430841366354,97.83831271599327,-33.9202616545,150.7336010793
B-Tway-FromAirport,"38","0","38",0.05512996860281,97.83804499785062,-33.9203736928,150.7344149589
B-Tway-FromAirport,"39","0","39",0.05589021046546,97.83804499773839,-33.9204773695,150.7351680982
10thAv-Aerotropolis-Casula,"0","0","0",0.00000000000000,97.83710646420788,-33.9344642654,150.7404433226
10thAv-Aerotropolis-Casula,"1","0","1",0.00072468578370,54.52132822397417,-33.9345630816,150.7411612397
10thAv-Aerotropolis-Casula,"2","0","2",0.00209726001842,11.20534917765962,-33.9332166736,150.7414279711
10thAv-Aerotropolis-Casula,"3","0","3",0.00346983355296,11.20495058261403,-33.9318702645,150.7416946931
10thAv-Aerotropolis-Casula,"4","0","4",0.00480139942627,11.20461371559441,-33.9305640795,150.7419534372
10thAv-Aerotropolis-Casula,"5","0","5",0.00537140689978,11.20437400987959,-33.9300049364,150.7420641959
10thAv-Aerotropolis-Casula,"6","0","6",0.00617735013663,11.20415310882950,-33.9292143539,150.7422207968
10thAv-Aerotropolis-Casula,"7","0","7",0.00701603456134,11.23360257304751,-33.9283916536,150.7423837560
10thAv-Aerotropolis-Casula,"8","0","8",0.00799114826443,54.55456980371022,-33.9274353202,150.7425742111
10thAv-Aerotropolis-Casula,"9","0","9",0.01014413922575,97.84026657929591,-33.9277292258,150.7447070472
10thAv-Aerotropolis-Casula,"10","0","10",0.01499073829734,71.32515299339305,-33.9283898815,150.7495084070
10thAv-Aerotropolis-Casula,"11","0","11",0.01609891539747,27.34499650059518,-33.9276037660,150.7502894825
10thAv-Aerotropolis-Casula,"12","0","12",0.01745715564486,9.87407287350855,-33.9262656461,150.7505224022
10thAv-Aerotropolis-Casula,"13","0","13",0.01881539542713,9.87371288624869,-33.9249275251,150.7507553135
10thAv-Aerotropolis-Casula,"14","0","14",0.02017363474431,53.38500116139741,-33.9235894032,150.7509882162
10thAv-Aerotropolis-Casula,"15","0","15",0.02098206979231,96.89627873722182,-33.9236864766,150.7517908021
10thAv-Aerotropolis-Casula,"16","0","16",0.02179050632622,96.89589737068349,-33.9237835448,150.7525933900
10thAv-Aerotropolis-Casula,"17","0","17",0.02259894434598,96.89551600148246,-33.9238806078,150.7533959801
10thAv-Aerotropolis-Casula,"18","0","18",0.02340738385125,96.89456257093634,-33.9239776657,150.7541985722
10thAv-Aerotropolis-Casula,"19","0","19",0.02906650197168,96.89303707757726,-33.9246569263,150.7598167768
10thAv-Aerotropolis-Casula,"20","0","20",0.02987495335606,96.89208363580074,-33.9247539429,150.7606193860
10thAv-Aerotropolis-Casula,"21","0","21",0.03068340622468,96.89170225481379,-33.9248509543,150.7614219972
10thAv-Aerotropolis-Casula,"22","0","22",0.03149186057721,109.23594324146559,-33.9249479605,150.7622246106
10thAv-Aerotropolis-Casula,"23","0","23",0.03244688268295,95.21900774232131,-33.9254481000,150.7630382000
10thAv-Aerotropolis-Casula,"24","0","24",0.03329566001990,82.87400399168594,-33.9251419575,150.7638298437
10thAv-Aerotropolis-Casula,"25","0","25",0.03410411882345,96.89017672280599,-33.9252389483,150.7646324634
10thAv-Aerotropolis-Casula,"26","0","26",0.03491257911040,96.88979533604635,-33.9253359338,150.7654350853
10thAv-Aerotropolis-Casula,"27","0","27",0.03572104088053,96.88941394736993,-33.9254329143,150.7662377092
10thAv-Aerotropolis-Casula,"28","0","28",0.03652950413366,96.88903255804290,-33.9255298895,150.7670403353
10thAv-Aerotropolis-Casula,"29","0","29",0.03733796886969,96.88865116805670,-33.9256268596,150.7678429635
10thAv-Aerotropolis-Casula,"30","0","30",0.03814643508837,96.88826977703199,-33.9257238245,150.7686455939
10thAv-Aerotropolis-Casula,"31","0","31",0.03895490278960,96.88788838435619,-33.9258207843,150.7694482263
10thAv-Aerotropolis-Casula,"32","0","32",0.03976337197320,96.88750699014979,-33.9259177389,150.7702508608
10thAv-Aerotropolis-Casula,"33","0","33",0.04057184263904,96.88712559603312,-33.9260146883,150.7710534975
10thAv-Aerotropolis-Casula,"34","0","34",0.04138031478691,96.88674419713603,-33.9261116326,150.7718561363
10thAv-Aerotropolis-Casula,"35","0","35",0.04218878841669,96.88636279857808,-33.9262085717,150.7726587772
10thAv-Aerotropolis-Casula,"36","0","36",0.04299726352818,96.88598140047989,-33.9263055056,150.7734614202
10thAv-Aerotropolis-Casula,"37","0","37",0.04380574012122,96.88559999985858,-33.9264024344,150.7742640654
10thAv-Aerotropolis-Casula,"38","0","38",0.04461421819571,96.88521859957581,-33.9264993580,150.7750667126
10thAv-Aerotropolis-Casula,"39","0","39",0.04542269775141,96.88483719550268,-33.9265962764,150.7758693620
10thAv-Aerotropolis-Casula,"40","0","40",0.04623117878819,96.88445579139685,-33.9266931897,150.7766720135
10thAv-Aerotropolis-Casula,"41","0","41",0.04703966130588,143.37034735660802,-33.9267900978,150.7774746671
10thAv-Aerotropolis-Casula,"42","0","42",0.04839789691051,143.37017515040824,-33.9281282856,150.7772421644
10thAv-Aerotropolis-Casula,"43","0","43",0.04920639318707,96.88372996741272,-33.9282251905,150.7780448322
10thAv-Aerotropolis-Casula,"44","0","44",0.05001489094435,96.88334854523752,-33.9283220903,150.7788475022
10thAv-Aerotropolis-Casula,"45","0","45",0.05082339018224,96.88296712152915,-33.9284189849,150.7796501743
10thAv-Aerotropolis-Casula,"46","0","46",0.05163189090053,96.88258569765782,-33.9285158743,150.7804528484
10thAv-Aerotropolis-Casula,"47","0","47",0.05244039309910,101.82880160356100,-33.9286127586,150.7812555247
10thAv-Aerotropolis-Casula,"48","0","48",0.05301944969708,101.00751725596150,-33.9287798845,150.7818099393
10thAv-Aerotropolis-Casula,"49","0","49",0.05649296363528,96.05996635172023,-33.9290971024,150.7852689380
10thAv-Aerotropolis-Casula,"50","0","50",0.05730147471198,96.87991569716250,-33.9291939557,150.7860716269
10thAv-Aerotropolis-Casula,"51","0","51",0.05810998726781,98.59242961940924,-33.9292908038,150.7868743180
10thAv-Aerotropolis-Casula,"52","0","52",0.06311038846693,145.65392019183119,-33.9301853275,150.7917940578
10thAv-Aerotropolis-Casula,"53","0","53",0.06612143955644,191.00313374724470,-33.9331410299,150.7912193826
10thAv-Aerotropolis-Casula,"54","0","54",0.06903598823072,191.00392800634975,-33.9360019956,150.7906630827
10thAv-Aerotropolis-Casula,"55","0","55",0.07120110289037,169.51032365822812,-33.9381273000,150.7902498000
10thAv-Aerotropolis-Casula,"56","0","56",0.07131286907491,133.24926919898621,-33.9382221000,150.7903090000
10thAv-Aerotropolis-Casula,"57","0","57",0.07141981298540,107.89240491153720,-33.9382731000,150.7904030000
10thAv-Aerotropolis-Casula,"58","0","58",0.07228360318554,97.30262409495194,-33.9383828964,150.7912597837
10thAv-Aerotropolis-Casula,"59","0","59",0.07344309173569,97.30262409511671,-33.9385302790,150.7924098672
10thAv-Aerotropolis-Casula,"60","0","60",0.07425022178385,97.30262409653068,-33.9386328734,150.7932104503
10thAv-Aerotropolis-Casula,"61","0","61",0.07595801155331,97.30207530919247,-33.9388499506,150.7949043875
10thAv-Aerotropolis-Casula,"62","0","62",0.07849414631600,97.05128479212536,-33.9391722706,150.7974199569
10thAv-Aerotropolis-Casula,"63","0","63",0.08229462359567,54.35541391186983,-33.9396223309,150.8011936916
10thAv-Aerotropolis-Casula,"64","0","64",0.08295018256221,55.49706484183092,-33.9389808836,150.8013289801
10thAv-Aerotropolis-Casula,"65","0","65",0.08377808685559,145.22218328918643,-33.9391116000,150.8021465000
10thAv-Aerotropolis-Casula,"66","0","66",0.08521381440630,144.84286661838948,-33.9405192000,150.8018637000
10thAv-Aerotropolis-Casula,"67","0","67",0.08747140738335,54.71248422731522,-33.9408461000,150.8040975000
10thAv-Aerotropolis-Casula,"68","0","68",0.09619722234816,54.22400554979479,-33.9322835000,150.8057773000
10thAv-Aerotropolis-Casula,"69","0","69",0.09764014098782,97.34877994440824,-33.9324680617,150.8072083665
10thAv-Aerotropolis-Casula,"70","0","70",0.09937104365773,97.34981774337203,-33.9326894605,150.8089250512
10thAv-Aerotropolis-Casula,"71","0","71",0.10026120418883,97.35057602631443,-33.9328033517,150.8098078958
10thAv-Aerotropolis-Casula,"72","0","72",0.10151782029569,97.35005576963543,-33.9329641178,150.8110541856
10thAv-Aerotropolis-Casula,"73","0","73",0.10251512890400,97.67375459372845,-33.9330917000,150.8120433000
10thAv-Aerotropolis-Casula,"74","0","74",0.10447665227098,97.99811890430007,-33.9333646140,150.8139857448
10thAv-Aerotropolis-Casula,"75","0","75",0.10860755663642,187.99780864477751,-33.9339394189,150.8180764624
10thAv-Aerotropolis-Casula,"76","0","76",0.10980363767339,187.99709935927768,-33.9337730166,150.8168920131
10thAv-Aerotropolis-Casula,"77","0","77",0.11099971871036,97.99569671054972,-33.9339394189,150.8180764624
10thAv-Aerotropolis-Casula,"78","0","78",0.11196202295522,97.99600696882715,-33.9340732509,150.8190294149
10thAv-Aerotropolis-Casula,"79","0","79",0.11280181505509,97.99771987908204,-33.9341900943,150.8198610388
10thAv-Aerotropolis-Casula,"80","0","80",0.11328053242167,96.59319047999934,-33.9342567000,150.8203351000
10thAv-Aerotropolis-Casula,"81","0","81",0.11355033799981,90.02333279927340,-33.9342811000,150.8206038000
10thAv-Aerotropolis-Casula,"82","0","82",0.11369873520330,72.42346223476164,-33.9342678000,150.8207516000
10thAv-Aerotropolis-Casula,"83","0","83",0.11388027440019,58.11779605263800,-33.9341770000,150.8209088000
10thAv-Aerotropolis-Casula,"84","0","84",0.11405611446960,54.28483256309637,-33.9340793000,150.8210550000
10thAv-Aerotropolis-Casula,"85","0","85",0.11459422785907,40.06557855240542,-33.9337504000,150.8214809000
10thAv-Aerotropolis-Casula,"86","0","86",0.11484159519726,18.17782567010350,-33.9335316000,150.8215963000
10thAv-Aerotropolis-Casula,"87","0","87",0.11502796520555,355.25009498956820,-33.9333473000,150.8216240000
10thAv-Aerotropolis-Casula,"88","0","88",0.11526166287363,342.01838207167356,-33.9331251000,150.8215516000
10thAv-Aerotropolis-Casula,"89","0","89",0.11558283696964,347.30863345805017,-33.9328195000,150.8214528000
10thAv-Aerotropolis-Casula,"90","0","90",0.11577829438192,352.55240522081607,-33.9326257000,150.8214274000
10thAv-Aerotropolis-Casula,"91","0","91",0.11586028249072,36.75567035110080,-33.9325444000,150.8214168000
10thAv-Aerotropolis-Casula,"92","0","92",0.11675757781552,88.60022592733756,-33.9324031000,150.8223029000
10thAv-Aerotropolis-Casula,"93","0","93",0.12629516034464,138.65325786046097,-33.9334432000,150.8317836000
10thAv-Aerotropolis-Casula,"94","0","94",0.12651979776361,177.94268597522517,-33.9336678000,150.8317795000
10thAv-Aerotropolis-Casula,"95","0","95",0.12706902391011,175.73738553035156,-33.9342148000,150.8318289000
10thAv-Aerotropolis-Casula,"96","0","96",0.12747452296067,175.68603344141442,-33.9346196000,150.8318527000
10thAv-Aerotropolis-Casula,"97","0","97",0.12767838244658,173.94813146474408,-33.9348226000,150.8318714000
10thAv-Aerotropolis-Casula,"98","0","98",0.12778332952848,168.38492725215502,-33.9349268000,150.8318839000
10thAv-Aerotropolis-Casula,"99","0","99",0.12783117365038,154.71343103205251,-33.9349727000,150.8318974000
10thAv-Aerotropolis-Casula,"100","0","100",0.12786659257190,137.10494284201511,-33.9350020000,150.8319173000
10thAv-Aerotropolis-Casula,"101","0","101",0.12791699038930,118.28380167386555,-33.9350333000,150.8319568000
10thAv-Aerotropolis-Casula,"102","0","102",0.12797950926644,99.42016001602299,-33.9350528000,150.8320162000
10thAv-Aerotropolis-Casula,"103","0","103",0.12805691449883,89.12029870630089,-33.9350537000,150.8320936000
10thAv-Aerotropolis-Casula,"104","0","104",0.12812307377633,86.23899195973543,-33.9350509000,150.8321597000
10thAv-Aerotropolis-Casula,"105","0","105",0.12853058481913,81.15512825966448,-33.9350147000,150.8325656000
10thAv-Aerotropolis-Casula,"106","0","106",0.12860763856664,71.48135762888484,-33.9349979000,150.8326408000
10thAv-Aerotropolis-Casula,"107","0","107",0.12867288701486,56.07489413761956,-33.9349709000,150.8327002000
10thAv-Aerotropolis-Casula,"108","0","108",0.12871610795886,81.17955223586810,-33.9349412000,150.8327316000
10thAv-Aerotropolis-Casula,"109","0","109",0.12876096785188,113.53058996604079,-33.9349607000,150.8327720000
10thAv-Aerotropolis-Casula,"110","0","110",0.12881989127674,99.77546190434468,-33.9349821000,150.8328269000
10thAv-Aerotropolis-Casula,"111","0","111",0.12889542630174,86.17769238248017,-33.9349798000,150.8329024000
10thAv-Aerotropolis-Casula,"112","0","112",0.12929333389152,83.17877139838230,-33.9349389000,150.8332982000
10thAv-Aerotropolis-Casula,"113","0","113",0.12943139257470,77.69717991113852,-33.9349203000,150.8334350000
10thAv-Aerotropolis-Casula,"114","0","114",0.12950516465613,67.25895533654882,-33.9348989000,150.8335056000
10thAv-Aerotropolis-Casula,"115","0","115",0.12955756704158,56.69322684489806,-33.9348738000,150.8335516000
10thAv-Aerotropolis-Casula,"116","0","116",0.12965438568649,47.32763317006167,-33.9348142000,150.8336279000
10thAv-Aerotropolis-Casula,"117","0","117",0.12969231852184,80.03791144276968,-33.9347863000,150.8336536000
10thAv-Aerotropolis-Casula,"118","0","118",0.12974290409289,109.17349510648906,-33.9348096000,150.8336985000
10thAv-Aerotropolis-Casula,"119","0","119",0.12979199309374,90.55671238286671,-33.9348189000,150.8337467000
10thAv-Aerotropolis-Casula,"120","0","120",0.12984659098743,76.30646289791066,-33.9348096000,150.8338005000
10thAv-Aerotropolis-Casula,"121","0","121",0.12991598820429,70.73259072404154,-33.9347886398,150.8338666562
10thAv-Aerotropolis-Casula,"122","0","122",0.12994601815008,68.37831815529532,-33.9347779000,150.8338947000
10thAv-Aerotropolis-Casula,"123","0","123",0.13046834228314,61.85168794806157,-33.9345798000,150.8343780000
10thAv-Aerotropolis-Casula,"124","0","124",0.13053324320767,50.69670646382990,-33.9345435000,150.8344318000
10thAv-Aerotropolis-Casula,"125","0","125",0.13058366116083,41.72903048846017,-33.9345081000,150.8344677000
10thAv-Aerotropolis-Casula,"126","0","126",0.13064741482739,69.48327064008352,-33.9344579000,150.8345070000
10thAv-Aerotropolis-Casula,"127","0","127",0.13072613775921,95.94432901150981,-33.9344728000,150.8345843000
10thAv-Aerotropolis-Casula,"128","0","128",0.13077884544366,80.72833018838772,-33.9344737000,150.8346370000
10thAv-Aerotropolis-Casula,"129","0","129",0.13083719996362,70.01732071127067,-33.9344542000,150.8346920000
10thAv-Aerotropolis-Casula,"130","0","130",0.13123687284237,70.79952482277757,-33.9343146000,150.8350665000
10thAv-Aerotropolis-Casula,"131","0","131",0.13132412311458,74.56402296798055,-33.9342877000,150.8351495000
10thAv-Aerotropolis-Casula,"132","0","132",0.13143687527643,76.25653367978754,-33.9342625000,150.8352594000
10thAv-Aerotropolis-Casula,"133","0","133",0.13161056263924,77.90491584356890,-33.9342188000,150.8354275000
10thAv-Aerotropolis-Casula,"134","0","134",0.13181645668966,81.59893245235183,-33.9341844000,150.8356305000
10thAv-Aerotropolis-Casula,"135","0","135",0.13197238083788,86.91736005771142,-33.9341649000,150.8357852000
10thAv-Aerotropolis-Casula,"136","0","136",0.13202298884121,85.80203796449585,-33.9341658000,150.8358358000
10thAv-Aerotropolis-Casula,"137","0","137",0.13206272409002,88.54001432499136,-33.9341593000,150.8358750000
10thAv-Aerotropolis-Casula,"138","0","138",0.13212814396471,101.17409807036768,-33.9341667000,150.8359400000
10thAv-Aerotropolis-Casula,"139","0","139",0.13217939325736,106.40863503149617,-33.9341807000,150.8359893000
10thAv-Aerotropolis-Casula,"140","0","140",0.13230997510909,166.95668056919786,-33.9342188000,150.8361142000
10thAv-Aerotropolis-Casula,"141","0","141",0.13235362886037,219.54112140800282,-33.9342486000,150.8360823000
10thAv-Aerotropolis-Casula,"142","0","142",0.13241078408761,200.18398906159027,-33.9342970000,150.8360519000
10thAv-Aerotropolis-Casula,"143","0","143",0.13268864923473,190.64368353051742,-33.9345720000,150.8360121000
10thAv-Aerotropolis-Casula,"144","0","144",0.13293439831410,192.98215042944204,-33.9348114000,150.8359566000
10thAv-Aerotropolis-Casula,"145","0","145",0.13311116805132,203.85544785334253,-33.9349837000,150.8359171000
10thAv-Aerotropolis-Casula,"146","0","146",0.13316706456285,214.83445997113725,-33.9350296000,150.8358852000
10thAv-Aerotropolis-Casula,"147","0","147",0.13338255581558,217.72854911032590,-33.9352064000,150.8357620000
10thAv-Aerotropolis-Casula,"148","0","148",0.13355716314646,166.64395881174477,-33.9353390000,150.8356484000
10thAv-Aerotropolis-Casula,"149","0","149",0.13358437086596,119.39006573898200,-33.9353495000,150.8356735000
10thAv-Aerotropolis-Casula,"150","0","150",0.13362495472975,133.40305951401209,-33.9353734000,150.8357063000
10thAv-Aerotropolis-Casula,"151","0","151",0.13364975654422,147.22389796988776,-33.9353926000,150.8357220000
10thAv-Aerotropolis-Casula,"152","0","152",0.13367663441615,161.72497247343935,-33.9354167000,150.8357339000
10thAv-Aerotropolis-Casula,"153","0","153",0.13370691972609,135.56110372479824,-33.9354465000,150.8357393000
10thAv-Aerotropolis-Casula,"154","0","154",0.13405773263918,103.82702689037198,-33.9355158000,150.8360832000
10thAv-Aerotropolis-Casula,"155","0","155",0.13441700463921,114.38211264777239,-33.9356164000,150.8364281000
10thAv-Aerotropolis-Casula,"156","0","156",0.13484019297790,120.87170468419190,-33.9358438000,150.8367850000
10thAv-Aerotropolis-Casula,"157","0","157",0.13531739793388,115.32354136948085,-33.9360769000,150.8372014000
10thAv-Aerotropolis-Casula,"158","0","158",0.13547657974818,104.64003468435453,-33.9361350000,150.8373496000
10thAv-Aerotropolis-Casula,"159","0","159",0.13593358746144,97.02282958581567,-33.9361976000,150.8378023000
10thAv-Aerotropolis-Casula,"160","0","160",0.13605820997145,87.90883836355029,-33.9362110000,150.8379262000
10thAv-Aerotropolis-Casula,"161","0","161",0.13651830349455,80.95628025948476,-33.9361283000,150.8383788000
10thAv-Aerotropolis-Casula,"162","0","162",0.13701552467272,85.01721178450927,-33.9360614000,150.8388715000
10thAv-Aerotropolis-Casula,"163","0","163",0.13759296319757,92.66505518238482,-33.9360389000,150.8394485000
10thAv-Aerotropolis-Casula,"164","0","164",0.13809896529244,65.89588114079334,-33.9361055000,150.8399501000
10thAv-Aerotropolis-Casula,"165","0","165",0.13814323232306,43.60090853643258,-33.9360689000,150.8399750000
10thAv-Aerotropolis-Casula,"166","0","166",0.13818707248729,61.46322186938986,-33.9360425000,150.8400100000
10thAv-Aerotropolis-Casula,"167","0","167",0.13823316511142,77.85615319595590,-33.9360267000,150.8400533000
10thAv-Aerotropolis-Casula,"168","0","168",0.13828049470048,93.53453316028866,-33.9360232000,150.8401005000
10thAv-Aerotropolis-Casula,"169","0","169",0.13830191058244,101.28798004848120,-33.9360274000,150.8401215000
10thAv-Aerotropolis-Casula,"170","0","170",0.13832750374558,109.48275025036486,-33.9360324000,150.8401466000
10thAv-Aerotropolis-Casula,"171","0","171",0.13837268117360,123.71530726245777,-33.9360534000,150.8401866000
10thAv-Aerotropolis-Casula,"172","0","172",0.13842196261025,112.32734480055838,-33.9360849000,150.8402245000
10thAv-Aerotropolis-Casula,"173","0","173",0.13880878996192,89.35868403874171,-33.9361181000,150.8406099000
10thAv-Aerotropolis-Casula,"174","0","174",0.13926204635734,76.21390030630623,-33.9360691000,150.8410605000
10thAv-Aerotropolis-Casula,"175","0","175",0.13966525828672,63.91190841673517,-33.9359222000,150.8414360000
10thAv-Aerotropolis-Casula,"176","0","176",0.14002352011834,59.94715432629962,-33.9357387000,150.8417437000
10thAv-Aerotropolis-Casula,"177","0","177",0.14019907187711,67.72327885434204,-33.9356528000,150.8418968000
10thAv-Aerotropolis-Casula,"178","0","178",0.14037880737720,78.15959001874424,-33.9356055000,150.8420702000
10thAv-Aerotropolis-Casula,"179","0","179",0.14053377892298,82.38854386136546,-33.9355828000,150.8422235000
10thAv-Aerotropolis-Casula,"180","0","180",0.14069340179101,89.05397647388044,-33.9355639000,150.8423820000
10thAv-Aerotropolis-Casula,"181","0","181",0.14104288319254,96.97702518712148,-33.9355938000,150.8427302000
10thAv-Aerotropolis-Casula,"182","0","182",0.14133481417753,99.00935858081603,-33.9356397000,150.8430185000
10thAv-Aerotropolis-Casula,"183","0","183",0.14143676171305,99.02587200071127,-33.9356556000,150.8431192000
10thAv-Aerotropolis-Casula,"184","0","184",0.14159899426219,98.93395155801454,-33.9356812000,150.8432794000
10thAv-Aerotropolis-Casula,"185","0","185",0.14173185426369,98.36031123323021,-33.9357015000,150.8434107000
10thAv-Aerotropolis-Casula,"186","0","186",0.14274131180615,98.08434235646820,-33.9358408000,150.8444105000
10thAv-Aerotropolis-Casula,"187","0","187",0.14286276467767,97.22361230251025,-33.9358582000,150.8445307000
10thAv-Aerotropolis-Casula,"188","0","188",0.14291637932118,97.06823982494916,-33.9358640000,150.8445840000
10thAv-Aerotropolis-Casula,"189","0","189",0.14492224184143,97.94593877902525,-33.9361406000,150.8465707000
10thAv-Aerotropolis-Casula,"190","0","190",0.14495182731080,89.70530443214838,-33.9361447000,150.8466000000
10thAv-Aerotropolis-Casula,"191","0","191",0.14507954845236,78.24364307695809,-33.9361257000,150.8467263000
10thAv-Aerotropolis-Casula,"192","0","192",0.14523491260525,74.76690683149840,-33.9360856000,150.8468764000
10thAv-Aerotropolis-Casula,"193","0","193",0.14527455601577,79.82247847665062,-33.9360750000,150.8469146000
10thAv-Aerotropolis-Casula,"194","0","194",0.14531479989730,91.14654554828041,-33.9360716000,150.8469547000
10thAv-Aerotropolis-Casula,"195","0","195",0.14536388044336,103.80588774489253,-33.9360777000,150.8470034000
10thAv-Aerotropolis-Casula,"196","0","196",0.14541191418150,117.63502140796099,-33.9360945000,150.8470484000
10thAv-Aerotropolis-Casula,"197","0","197",0.14545782420220,132.68048605382248,-33.9361207000,150.8470861000
10thAv-Aerotropolis-Casula,"198","0","198",0.14550158811426,120.29943657488084,-33.9361545000,150.8471139000
10thAv-Aerotropolis-Casula,"199","0","199",0.14594517523083,96.80782861109920,-33.9362318000,150.8475507000
10thAv-Aerotropolis-Casula,"200","0","200",0.14633593776743,93.48268776490779,-33.9362562000,150.8479407000
10thAv-Aerotropolis-Casula,"201","0","201",0.14768729598792,93.25513957847234,-33.9363360000,150.8492897000
10thAv-Aerotropolis-Casula,"202","0","202",0.14791293149040,93.65547786776754,-33.9363483000,150.8495150000
10thAv-Aerotropolis-Casula,"203","0","203",0.14827870728238,97.09646814162005,-33.9363750000,150.8498798000
10thAv-Aerotropolis-Casula,"204","0","204",0.14857968610224,102.38384720097771,-33.9364273000,150.8501762000
10thAv-Aerotropolis-Casula,"205","0","205",0.14885011069430,106.91180169452596,-33.9364962000,150.8504377000
10thAv-Aerotropolis-Casula,"206","0","206",0.14912138715845,111.48946389562016,-33.9365848000,150.8506941000
10thAv-Aerotropolis-Casula,"207","0","207",0.14956070728092,116.36392424960616,-33.9367629000,150.8510957000
10thAv-Aerotropolis-Casula,"208","0","208",0.14983564192770,123.89603271401779,-33.9368954000,150.8513366000
10thAv-Aerotropolis-Casula,"209","0","209",0.14997521660307,120.49707428817725,-33.9369832000,150.8514451000
10thAv-Aerotropolis-Casula,"210","0","210",0.15038100084377,100.40765410444808,-33.9371353000,150.8518213000
10thAv-Aerotropolis-Casula,"211","0","211",0.15042881130285,93.36339715458060,-33.9371343000,150.8518691000
10thAv-Aerotropolis-Casula,"212","0","212",0.15047232693223,103.41063178753296,-33.9371403000,150.8519122000
10thAv-Aerotropolis-Casula,"213","0","213",0.15051555666739,114.28660168233087,-33.9371543000,150.8519531000
10thAv-Aerotropolis-Casula,"214","0","214",0.15055756726127,125.48485643908239,-33.9371751000,150.8519896000
10thAv-Aerotropolis-Casula,"215","0","215",0.15059802773585,137.49157392718774,-33.9372018000,150.8520200000
10thAv-Aerotropolis-Casula,"216","0","216",0.15063686959468,149.77012807343760,-33.9372331000,150.8520430000
10thAv-Aerotropolis-Casula,"217","0","217",0.15067402131066,164.24861301295977,-33.9372670000,150.8520582000
10thAv-Aerotropolis-Casula,"218","0","218",0.15071152970974,179.37324792494144,-33.9373042000,150.8520630000
10thAv-Aerotropolis-Casula,"219","0","219",0.15074823747456,193.67469033740031,-33.9373407000,150.8520591000
10thAv-Aerotropolis-Casula,"220","0","220",0.15078879521120,179.39254206715685,-33.9373785000,150.8520444000
10thAv-Aerotropolis-Casula,"221","0","221",0.15108843476132,146.85362398367829,-33.9376554000,150.8521589000
10thAv-Aerotropolis-Casula,"222","0","222",0.15193148261282,132.91228026968619,-33.9382636000,150.8527427000
10thAv-Aerotropolis-Casula,"223","0","223",0.15266660900334,126.46285975278649,-33.9387327000,150.8533087000
10thAv-Aerotropolis-Casula,"224","0","224",0.15323164153336,126.21971052670983,-33.9390427000,150.8537811000
10thAv-Aerotropolis-Casula,"225","0","225",0.15392515814454,128.87237206157027,-33.9394807000,150.8543188000
10thAv-Aerotropolis-Casula,"226","0","226",0.15404719244302,128.57141291095974,-33.9395568000,150.8544142000
10thAv-Aerotropolis-Casula,"227","0","227",0.15442881918473,126.74427131778111,-33.9397947000,150.8547126000
10thAv-Aerotropolis-Casula,"228","0","228",0.15483423276370,125.35088558249846,-33.9400268000,150.8550450000
10thAv-Aerotropolis-Casula,"229","0","229",0.15516555304682,125.84751554095101,-33.9402205000,150.8553138000
10thAv-Aerotropolis-Casula,"230","0","230",0.15547017507489,122.57406459744570,-33.9403992000,150.8555605000
10thAv-Aerotropolis-Casula,"231","0","231",0.15571448375260,117.39081699093857,-33.9405185000,150.8557737000
10thAv-Aerotropolis-Casula,"232","0","232",0.15587631094438,114.40850081714531,-33.9405883000,150.8559197000
10thAv-Aerotropolis-Casula,"233","0","233",0.15619176173295,106.16585483040186,-33.9407129000,150.8562095000
10thAv-Aerotropolis-Casula,"234","0","234",0.15730739990457,98.17542817989489,-33.9408887000,150.8573112000
10thAv-Aerotropolis-Casula,"235","0","235",0.15782870751050,97.28138997556799,-33.9409548000,150.8578283000
10thAv-Aerotropolis-Casula,"236","0","236",0.15838519133775,97.50871565660040,-33.9410253000,150.8583803000
10thAv-Aerotropolis-Casula,"237","0","237",0.16063821326620,97.63988450168083,-33.9413287000,150.8606128000
10thAv-Aerotropolis-Casula,"238","0","238",0.16728005110823,97.52996730753991,-33.9422003000,150.8671972000
10thAv-Aerotropolis-Casula,"239","0","239",0.16747109393066,97.95612882347662,-33.9422253000,150.8673866000
10thAv-Aerotropolis-Casula,"240","0","240",0.16759441465074,98.38680707614058,-33.9422433000,150.8675086000
10thAv-Aerotropolis-Casula,"241","0","241",0.16859681881074,98.13440001229129,-33.9423894000,150.8685003000
10thAv-Aerotropolis-Casula,"242","0","242",0.17203898875424,100.80408851506859,-33.9428618000,150.8719099000
10thAv-Aerotropolis-Casula,"243","0","243",0.17218402726640,66.01041082470449,-33.9428962000,150.8720508000
10thAv-Aerotropolis-Casula,"244","0","244",0.17219731560717,35.02029750029900,-33.9428845000,150.8720571000
10thAv-Aerotropolis-Casula,"245","0","245",0.17221969640253,49.70826403073615,-33.9428678000,150.8720720000
10thAv-Aerotropolis-Casula,"246","0","246",0.17224644056074,65.95171280114650,-33.9428535000,150.8720946000
10thAv-Aerotropolis-Casula,"247","0","247",0.17227844571659,81.24174516483339,-33.9428448000,150.8721254000
10thAv-Aerotropolis-Casula,"248","0","248",0.17230145636626,94.80344675677335,-33.9428441000,150.8721484000
10thAv-Aerotropolis-Casula,"249","0","249",0.17232940292243,107.94129118450846,-33.9428496000,150.8721758000
10thAv-Aerotropolis-Casula,"250","0","250",0.17235083794047,122.21880741226481,-33.9428585000,150.8721953000
10thAv-Aerotropolis-Casula,"251","0","251",0.17238029927107,138.40819396935504,-33.9428774000,150.8722179000
10thAv-Aerotropolis-Casula,"252","0","252",0.17239879954134,155.36838426174660,-33.9428929000,150.8722280000
10thAv-Aerotropolis-Casula,"253","0","253",0.17242285156827,128.72114975759010,-33.9429160000,150.8722347000
10thAv-Aerotropolis-Casula,"254","0","254",0.17259088623731,95.81986066863769,-33.9429266000,150.8724024000
10thAv-Aerotropolis-Casula,"255","0","255",0.17472386342894,98.13807879036671,-33.9432243000,150.8745145000
10thAv-Aerotropolis-Casula,"256","0","256",0.17584962244844,98.07335399992633,-33.9433859000,150.8756286000
10thAv-Aerotropolis-Casula,"257","0","257",0.17621952730106,97.89532277939328,-33.9434367000,150.8759950000
10thAv-Aerotropolis-Casula,"258","0","258",0.17738114364049,97.94522963090046,-33.9435963000,150.8771456000
10thAv-Aerotropolis-Casula,"259","0","259",0.17817424310179,97.99333902279500,-33.9437065868,150.8779309939
10thAv-Aerotropolis-Casula,"260","0","260",0.17896897058319,98.17665644027052,-33.9438171000,150.8787180000
10thAv-Aerotropolis-Casula,"261","0","261",0.18040715249797,97.58758571927204,-33.9440262000,150.8801409000
10thAv-Aerotropolis-Casula,"262","0","262",0.18104254211860,96.15604504200209,-33.9441016000,150.8807718000
10thAv-Aerotropolis-Casula,"263","0","263",0.18178686496523,96.63351237668589,-33.9441729000,150.8815127000
10thAv-Aerotropolis-Casula,"264","0","264",0.18241038988854,55.87374501419920,-33.9442572000,150.8821305000
10thAv-Aerotropolis-Casula,"265","0","265",0.18243398861736,23.00405217740348,-33.9442343000,150.8821362000
10thAv-Aerotropolis-Casula,"266","0","266",0.18245793397182,38.18798310114078,-33.9442140000,150.8821489000
10thAv-Aerotropolis-Casula,"267","0","267",0.18248268432537,50.05004864425591,-33.9441963000,150.8821662000
10thAv-Aerotropolis-Casula,"268","0","268",0.18250845135853,61.13674348751675,-33.9441818000,150.8821875000
10thAv-Aerotropolis-Casula,"269","0","269",0.18253505436588,71.54838714001286,-33.9441712000,150.8822119000
10thAv-Aerotropolis-Casula,"270","0","270",0.18256219566285,81.52037275491854,-33.9441649000,150.8822383000
10thAv-Aerotropolis-Casula,"271","0","271",0.18258974815819,91.15929707558951,-33.9441632000,150.8822658000
10thAv-Aerotropolis-Casula,"272","0","272",0.18261719137229,100.87159105256171,-33.9441660000,150.8822931000
10thAv-Aerotropolis-Casula,"273","0","273",0.18264422394522,110.83834482784141,-33.9441734000,150.8823191000
10thAv-Aerotropolis-Casula,"274","0","274",0.18267065669008,121.32970940283550,-33.9441849000,150.8823429000
10thAv-Aerotropolis-Casula,"275","0","275",0.18269615669009,132.66657080043504,-33.9442002000,150.8823633000
10thAv-Aerotropolis-Casula,"276","0","276",0.18272073818718,144.59878173574955,-33.9442186000,150.8823796000
10thAv-Aerotropolis-Casula,"277","0","277",0.18274446686183,157.56518617812196,-33.9442393000,150.8823912000
10thAv-Aerotropolis-Casula,"278","0","278",0.18276751637374,171.19324950242427,-33.9442615000,150.8823974000
10thAv-Aerotropolis-Casula,"279","0","279",0.18279033040453,137.95838373809897,-33.9442843000,150.8823982000
10thAv-Aerotropolis-Casula,"280","0","280",0.18729940916185,97.77253550494062,-33.9449061000,150.8868642000
10thAv-Aerotropolis-Casula,"281","0","281",0.18783342332834,97.60936958033669,-33.9449769000,150.8873935000
10thAv-Aerotropolis-Casula,"282","0","282",0.18804588972569,97.61280222581851,-33.9450050000,150.8876041000
10thAv-Aerotropolis-Casula,"283","0","283",0.18826593574359,94.86940201704783,-33.9450342000,150.8878222000
10thAv-Aerotropolis-Casula,"284","0","284",0.18850729988758,54.54434425088919,-33.9450431000,150.8880634000
10thAv-Aerotropolis-Casula,"285","0","285",0.18852716543565,26.68979403560357,-33.9450241000,150.8880692000
10thAv-Aerotropolis-Casula,"286","0","286",0.18855176624864,44.70916252339740,-33.9450043000,150.8880838000
10thAv-Aerotropolis-Casula,"287","0","287",0.18857154628908,60.35401566231536,-33.9449924000,150.8880996000
10thAv-Aerotropolis-Casula,"288","0","288",0.18859683897578,74.33936875293634,-33.9449828000,150.8881230000
10thAv-Aerotropolis-Casula,"289","0","289",0.18861789912771,86.76892034983892,-33.9449795000,150.8881438000
10thAv-Aerotropolis-Casula,"290","0","290",0.18864933032242,103.64199095911376,-33.9449809000,150.8881752000
10thAv-Aerotropolis-Casula,"291","0","291",0.18866749649976,118.00199364900195,-33.9449885000,150.8881917000
10thAv-Aerotropolis-Casula,"292","0","292",0.18868656742004,127.58770870759108,-33.9449984000,150.8882080000
10thAv-Aerotropolis-Casula,"293","0","293",0.18870502629326,141.85324701700600,-33.9450112000,150.8882213000
10thAv-Aerotropolis-Casula,"294","0","294",0.18872550506274,159.05730545231447,-33.9450289000,150.8882316000
10thAv-Aerotropolis-Casula,"295","0","295",0.18874623499281,177.04651160634052,-33.9450492000,150.8882358000
10thAv-Aerotropolis-Casula,"296","0","296",0.18876211579883,192.74518555243336,-33.9450650000,150.8882342000
10thAv-Aerotropolis-Casula,"297","0","297",0.18877634956152,151.37135729304737,-33.9450784000,150.8882294000
10thAv-Aerotropolis-Casula,"298","0","298",0.18892621096413,100.39969794614844,-33.9451122000,150.8883754000
10thAv-Aerotropolis-Casula,"299","0","299",0.19147608988281,98.23607039791358,-33.9454567000,150.8909019000
10thAv-Aerotropolis-Casula,"300","0","300",0.19193781162803,98.72126233163783,-33.9455266000,150.8913583000
10thAv-Aerotropolis-Casula,"301","0","301",0.19256468258767,98.73698996855568,-33.9456218000,150.8919779000
10thAv-Aerotropolis-Casula,"302","0","302",0.19358947959193,94.47732854306429,-33.9457775000,150.8929908000
10thAv-Aerotropolis-Casula,"303","0","303",0.19372228053318,90.27081604630447,-33.9457780000,150.8931236000
10thAv-Aerotropolis-Casula,"304","0","304",0.19381018195525,63.29611439127387,-33.9457785000,150.8932115000
10thAv-Aerotropolis-Casula,"305","0","305",0.19383486332474,43.77258812777509,-33.9457586000,150.8932261000
10thAv-Aerotropolis-Casula,"306","0","306",0.19385135855376,59.05590677485456,-33.9457482817,150.8932389696
10thAv-Aerotropolis-Casula,"307","0","307",0.19387978091039,73.93016418481361,-33.9457371000,150.8932651000
10thAv-Aerotropolis-Casula,"308","0","308",0.19390093983284,86.48442984733531,-33.9457338000,150.8932860000
10thAv-Aerotropolis-Casula,"309","0","309",0.19391864999941,95.82093915957587,-33.9457344000,150.8933037000
10thAv-Aerotropolis-Casula,"310","0","310",0.19393051970877,104.39162306651029,-33.9457364000,150.8933154000
10thAv-Aerotropolis-Casula,"311","0","311",0.19395009545907,114.97187289908229,-33.9457428000,150.8933339000
10thAv-Aerotropolis-Casula,"312","0","312",0.19396920043226,127.49310745991389,-33.9457526000,150.8933503000
10thAv-Aerotropolis-Casula,"313","0","313",0.19398772878889,142.03471526132725,-33.9457655000,150.8933636000
10thAv-Aerotropolis-Casula,"314","0","314",0.19400829405087,159.12736902360604,-33.9457833000,150.8933739000
10thAv-Aerotropolis-Casula,"315","0","315",0.19402902398092,177.04651160354820,-33.9458036000,150.8933781000
10thAv-Aerotropolis-Casula,"316","0","316",0.19404490478691,143.33395974076043,-33.9458194000,150.8933765000
10thAv-Aerotropolis-Casula,"317","0","317",0.19412168636027,101.38203087022914,-33.9458339000,150.8934519000
10thAv-Aerotropolis-Casula,"318","0","318",0.19447147671173,100.41895378565064,-33.9459059000,150.8937942000
10thAv-Aerotropolis-Casula,"319","0","319",0.19516817714233,99.20732074230894,-33.9460144000,150.8944824000
10thAv-Aerotropolis-Casula,"320","0","320",0.19623649108965,99.91922916321799,-33.9461899000,150.8955362000
10thAv-Aerotropolis-Casula,"321","0","321",0.19698220256870,100.10815153236247,-33.9463243000,150.8962697000
10thAv-Aerotropolis-Casula,"322","0","322",0.19765031760370,99.95215298911161,-33.9464384000,150.8969280000
10thAv-Aerotropolis-Casula,"323","0","323",0.19817012723232,98.86788838022171,-33.9465293000,150.8974398000
10thAv-Aerotropolis-Casula,"324","0","324",0.19989160722640,98.03372250937454,-33.9467589000,150.8991459000
10thAv-Aerotropolis-Casula,"325","0","325",0.20014411791924,98.39247484546826,-33.9467958000,150.8993957000
10thAv-Aerotropolis-Casula,"326","0","326",0.20096731131086,98.03824508448011,-33.9469158000,150.9002101000
10thAv-Aerotropolis-Casula,"327","0","327",0.20115328577150,96.83503206993791,-33.9469407000,150.9003944000
10thAv-Aerotropolis-Casula,"328","0","328",0.20135116098467,94.16218424039253,-33.9469613000,150.9005912000
10thAv-Aerotropolis-Casula,"329","0","329",0.20160737622619,95.24730400643836,-33.9469718000,150.9008472000
10thAv-Aerotropolis-Casula,"330","0","330",0.20206893312411,99.91057548811492,-33.9470372000,150.9013041000
10thAv-Aerotropolis-Casula,"331","0","331",0.20221965143752,97.43081083562932,-33.9470677000,150.9014517000
10thAv-Aerotropolis-Casula,"332","0","332",0.20231680163053,73.12906470092713,-33.9470731000,150.9015487000
10thAv-Aerotropolis-Casula,"333","0","333",0.20233644164071,60.29616101553397,-33.9470613000,150.9015644000
10thAv-Aerotropolis-Casula,"334","0","334",0.20236154940842,74.25275398988138,-33.9470517000,150.9015876000
10thAv-Aerotropolis-Casula,"335","0","335",0.20238260956036,86.30151844536613,-33.9470484000,150.9016084000
10thAv-Aerotropolis-Casula,"336","0","336",0.20240031662110,95.70025084979686,-33.9470489000,150.9016261000
10thAv-Aerotropolis-Casula,"337","0","337",0.20241208777230,104.43263066639251,-33.9470509000,150.9016377000
10thAv-Aerotropolis-Casula,"338","0","338",0.20243166352259,114.91969678324419,-33.9470573000,150.9016562000
10thAv-Aerotropolis-Casula,"339","0","339",0.20245063139016,127.44093129176282,-33.9470670000,150.9016725000
10thAv-Aerotropolis-Casula,"340","0","340",0.20246915974679,141.77304817245258,-33.9470799000,150.9016858000
10thAv-Aerotropolis-Casula,"341","0","341",0.20248960283859,158.73050548163454,-33.9470975000,150.9016962000
10thAv-Aerotropolis-Casula,"342","0","342",0.20251035326026,176.91131503730153,-33.9471178000,150.9017005000
10thAv-Aerotropolis-Casula,"343","0","343",0.20252623406625,141.13273298627362,-33.9471336000,150.9016989000
10thAv-Aerotropolis-Casula,"344","0","344",0.20258823051774,96.47318426108200,-33.9471406000,150.9017605000
10thAv-Aerotropolis-Casula,"345","0","345",0.20266018786624,96.47672250291626,-33.9471487000,150.9018320000
10thAv-Aerotropolis-Casula,"346","0","346",0.20298929702746,98.20781663810736,-33.9471859000,150.9021590000
10thAv-Aerotropolis-Casula,"347","0","347",0.20317436701420,102.99653132310401,-33.9472178000,150.9023413000
10thAv-Aerotropolis-Casula,"348","0","348",0.20336116406986,109.55411361410205,-33.9472695000,150.9025208000
10thAv-Aerotropolis-Casula,"349","0","349",0.20356122331109,112.38999920750099,-33.9473478000,150.9027049000
10thAv-Aerotropolis-Casula,"350","0","350",0.20362980063970,113.25455012673466,-33.9473732000,150.9027686000
10thAv-Aerotropolis-Casula,"351","0","351",0.20370402981187,116.69010460625519,-33.9474043000,150.9028360000
10thAv-Aerotropolis-Casula,"352","0","352",0.20378422158202,118.43805028799881,-33.9474427000,150.9029064000
10thAv-Aerotropolis-Casula,"353","0","353",0.20385052784116,120.31217415876304,-33.9474741000,150.9029648000
10thAv-Aerotropolis-Casula,"354","0","354",0.20397944723457,120.92971602740921,-33.9475431000,150.9030737000
10thAv-Aerotropolis-Casula,"355","0","355",0.20404930423137,103.16921343800450,-33.9475775000,150.9031345000
10thAv-Aerotropolis-Casula,"356","0","356",0.20406743183463,92.21617275406669,-33.9475765000,150.9031526000
10thAv-Aerotropolis-Casula,"357","0","357",0.20408559112978,102.76128154722178,-33.9475789000,150.9031706000
10thAv-Aerotropolis-Casula,"358","0","358",0.20410345869816,113.65184259872419,-33.9475844000,150.9031876000
10thAv-Aerotropolis-Casula,"359","0","359",0.20412078671017,125.23209677576206,-33.9475929000,150.9032027000
10thAv-Aerotropolis-Casula,"360","0","360",0.20413737164308,96.74752847000357,-33.9476038000,150.9032152000
10thAv-Aerotropolis-Casula,"361","0","361",0.20428439443043,67.96245222098402,-33.9475357000,150.9033455000
10thAv-Aerotropolis-Casula,"362","0","362",0.20442820350524,75.41374258849214,-33.9474949000,150.9034834000
10thAv-Aerotropolis-Casula,"363","0","363",0.20456248399527,78.86359854471091,-33.9474654000,150.9036144000
10thAv-Aerotropolis-Casula,"364","0","364",0.20471987992914,83.53352641946299,-33.9474392000,150.9037696000
10thAv-Aerotropolis-Casula,"365","0","365",0.20484990223491,89.06750192568954,-33.9474316000,150.9038994000
10thAv-Aerotropolis-Casula,"366","0","366",0.20500415410686,94.64359994295479,-33.9474356000,150.9040536000
10thAv-Aerotropolis-Casula,"367","0","367",0.20609081127912,97.80005296643687,-33.9475831000,150.9051302000
10thAv-Aerotropolis-Casula,"368","0","368",0.20661183040544,97.68828144662761,-33.9476538000,150.9056464000
10thAv-Aerotropolis-Casula,"369","0","369",0.20705923765841,97.57581423965796,-33.9477128000,150.9060899000
10thAv-Aerotropolis-Casula,"370","0","370",0.20784448845278,98.36635769247739,-33.9478163000,150.9068683000
10thAv-Aerotropolis-Casula,"371","0","371",0.20810207240022,110.09240446303947,-33.9478573000,150.9071226000
10thAv-Aerotropolis-Casula,"372","0","372",0.20827571482016,173.08522539864003,-33.9479468000,150.9072714000
10thAv-Aerotropolis-Casula,"373","0","373",0.20908910233545,226.06269212615422,-33.9485205000,150.9066948000
10thAv-Aerotropolis-Casula,"374","0","374",0.21015895786306,167.63436612572445,-33.9492504000,150.9059126000
10thAv-Aerotropolis-Casula,"375","0","375",0.21255992509521,108.41444808284335,-33.9500038000,150.9081923000
10thAv-Aerotropolis-Casula,"376","0","376",0.21324266201381,108.54131457370926,-33.9502209000,150.9088396000
10thAv-Aerotropolis-Casula,"377","0","377",0.21382066412454,147.63465289269698,-33.9504047000,150.9093876000
10thAv-Aerotropolis-Casula,"378","0","378",0.21395126343537,187.64554499114197,-33.9505344000,150.9093723000
10thAv-Aerotropolis-Casula,"379","0","379",0.21417758650094,193.35286246905838,-33.9507582000,150.9093386000
10thAv-Aerotropolis-Casula,"380","0","380",0.21439436346004,197.86906397152151,-33.9509642000,150.9092711000
10thAv-Aerotropolis-Casula,"381","0","381",0.21471821543239,179.22378887150768,-33.9512729000,150.9091732000
10thAv-Aerotropolis-Casula,"382","0","382",0.21476394550998,148.66431575730778,-33.9513161000,150.9091882000
10thAv-Aerotropolis-Casula,"383","0","383",0.21481607659476,123.52346150412326,-33.9513539000,150.9092241000
10thAv-Aerotropolis-Casula,"384","0","384",0.21486360700609,109.74328433668492,-33.9513706000,150.9092686000
10thAv-Aerotropolis-Casula,"385","0","385",0.21490123943893,102.24828399606720,-33.9513828000,150.9093042000
10thAv-Aerotropolis-Casula,"386","0","386",0.21493620513639,88.66540457173019,-33.9513862000,150.9093390000
10thAv-Aerotropolis-Casula,"387","0","387",0.21496338637995,78.97156840077538,-33.9513823000,150.9093659000
10thAv-Aerotropolis-Casula,"388","0","388",0.21502414203811,76.29596920228575,-33.9513678000,150.9094249000
10thAv-Aerotropolis-Casula,"389","0","389",0.21504327865224,62.68105326778894,-33.9513633000,150.9094435000
10thAv-Aerotropolis-Casula,"390","0","390",0.21508318416564,41.32635834083175,-33.9513371000,150.9094736000
10thAv-Aerotropolis-Casula,"391","0","391",0.21512717189118,26.93422380058100,-33.9513005000,150.9094980000
10thAv-Aerotropolis-Casula,"392","0","392",0.21516978749863,18.07293401101172,-33.9512605000,150.9095127000
10thAv-Aerotropolis-Casula,"393","0","393",0.21524103642848,16.79003291525594,-33.9511920000,150.9095323000
10thAv-Aerotropolis-Casula,"394","0","394",0.21534018404568,25.70987730114823,-33.9510975000,150.9095623000
10thAv-Aerotropolis-Casula,"395","0","395",0.21539446157326,43.19349280036779,-33.9510524000,150.9095925000
10thAv-Aerotropolis-Casula,"396","0","396",0.21544860407044,62.09888237295521,-33.9510195000,150.9096355000
10thAv-Aerotropolis-Casula,"397","0","397",0.21551709903376,77.09617615741841,-33.9509979000,150.9097005000
10thAv-Aerotropolis-Casula,"398","0","398",0.21555965593684,91.99083014794742,-33.9509924000,150.9097427000
10thAv-Aerotropolis-Casula,"399","0","399",0.21562892425573,103.19577774136513,-33.9510061000,150.9098106000
10thAv-Aerotropolis-Casula,"400","0","400",0.21577550860002,107.51535855566432,-33.9510440000,150.9099522000
10thAv-Aerotropolis-Casula,"401","0","401",0.21583735558865,112.93370873366923,-33.9510652000,150.9100103000
10thAv-Aerotropolis-Casula,"402","0","402",0.21589245694977,118.25530405565807,-33.9510892000,150.9100599000
10thAv-Aerotropolis-Casula,"403","0","403",0.21601432523933,121.83294264763840,-33.9511514000,150.9101647000
10thAv-Aerotropolis-Casula,"404","0","404",0.21609001995514,123.85194770601906,-33.9511926000,150.9102282000
10thAv-Aerotropolis-Casula,"405","0","405",0.21616813455045,125.88377028260648,-33.9512371000,150.9102924000
10thAv-Aerotropolis-Casula,"406","0","406",0.21623553484719,121.20300683271692,-33.9512777000,150.9103462000
10thAv-Aerotropolis-Casula,"407","0","407",0.21630392877966,108.57637499045809,-33.9513070000,150.9104080000
10thAv-Aerotropolis-Casula,"408","0","408",0.21636757066838,95.34510726066436,-33.9513200000,150.9104703000
10thAv-Aerotropolis-Casula,"409","0","409",0.21643028215058,79.92292969915464,-33.9513188000,150.9105330000
10thAv-Aerotropolis-Casula,"410","0","410",0.21647101469287,63.95102885153132,-33.9513055000,150.9105715000
10thAv-Aerotropolis-Casula,"411","0","411",0.21650036022063,51.97518664657351,-33.9512895000,150.9105961000
10thAv-Aerotropolis-Casula,"412","0","412",0.21657160886973,36.72860801247165,-33.9512409000,150.9106482000
10thAv-Aerotropolis-Casula,"413","0","413",0.21662366460911,23.66293321417279,-33.9511943000,150.9106714000
10thAv-Aerotropolis-Casula,"414","0","414",0.21667674351261,19.57174447821407,-33.9511447000,150.9106903000
10thAv-Aerotropolis-Casula,"415","0","415",0.21676089201234,16.65732899277812,-33.9510648000,150.9107167000
10thAv-Aerotropolis-Casula,"416","0","416",0.21687271776965,13.41886193384212,-33.9509568000,150.9107457000
10thAv-Aerotropolis-Casula,"417","0","417",0.21701053377015,13.34582240730579,-33.9508219000,150.9107739000
10thAv-Aerotropolis-Casula,"418","0","418",0.21712031742104,24.34833577193127,-33.9507158000,150.9108021000
10thAv-Aerotropolis-Casula,"419","0","419",0.21719830844614,40.18198538085208,-33.9506510000,150.9108455000
10thAv-Aerotropolis-Casula,"420","0","420",0.21726098108771,56.37895190116564,-33.9506079000,150.9108910000
10thAv-Aerotropolis-Casula,"421","0","421",0.21733682777519,74.42134322639237,-33.9505773000,150.9109604000
10thAv-Aerotropolis-Casula,"422","0","422",0.21743513855792,54.25046654815968,-33.9505647000,150.9110579000
10thAv-Aerotropolis-Casula,"423","0","423",0.21751926572355,39.79190901825807,-33.9504890000,150.9110946000
10thAv-Aerotropolis-Casula,"424","0","424",0.21774875785849,42.04733206575893,-33.9503532000,150.9112796000
10thAv-Aerotropolis-Casula,"425","0","425",0.21783893656997,23.43250342542221,-33.9502754000,150.9113252000
10thAv-Aerotropolis-Casula,"426","0","426",0.21822647567763,16.48966100543896,-33.9499038000,150.9114352000
10thAv-Casula-Aerotropolis,"0","0","0",0.00000000000000,196.48966100543896,-33.9499038000,150.9114352000
10thAv-Casula-Aerotropolis,"1","0","1",0.00038753910766,203.43250342542220,-33.9502754000,150.9113252000
10thAv-Casula-Aerotropolis,"2","0","2",0.00047771781914,222.04733206575892,-33.9503532000,150.9112796000
10thAv-Casula-Aerotropolis,"3","0","3",0.00070720995407,219.79190901825805,-33.9504890000,150.9110946000
10thAv-Casula-Aerotropolis,"4","0","4",0.00079133711970,234.25046654815969,-33.9505647000,150.9110579000
10thAv-Casula-Aerotropolis,"5","0","5",0.00088964790244,254.42134322639239,-33.9505773000,150.9109604000
10thAv-Casula-Aerotropolis,"6","0","6",0.00096549458992,236.37895190116564,-33.9506079000,150.9108910000
10thAv-Casula-Aerotropolis,"7","0","7",0.00102816723149,220.18198538085204,-33.9506510000,150.9108455000
10thAv-Casula-Aerotropolis,"8","0","8",0.00110615825659,204.34833577193126,-33.9507158000,150.9108021000
10thAv-Casula-Aerotropolis,"9","0","9",0.00121594190747,193.34582240730580,-33.9508219000,150.9107739000
10thAv-Casula-Aerotropolis,"10","0","10",0.00135375790798,193.41886193384212,-33.9509568000,150.9107457000
10thAv-Casula-Aerotropolis,"11","0","11",0.00146558366529,196.65732899277813,-33.9510648000,150.9107167000
10thAv-Casula-Aerotropolis,"12","0","12",0.00154973216501,199.57174447821407,-33.9511447000,150.9106903000
10thAv-Casula-Aerotropolis,"13","0","13",0.00160281106852,203.66293321417280,-33.9511943000,150.9106714000
10thAv-Casula-Aerotropolis,"14","0","14",0.00165486680790,216.72860801247171,-33.9512409000,150.9106482000
10thAv-Casula-Aerotropolis,"15","0","15",0.00172611545700,231.97518664657355,-33.9512895000,150.9105961000
10thAv-Casula-Aerotropolis,"16","0","16",0.00175546098476,243.95102885153136,-33.9513055000,150.9105715000
10thAv-Casula-Aerotropolis,"17","0","17",0.00179619352705,259.92292969915468,-33.9513188000,150.9105330000
10thAv-Casula-Aerotropolis,"18","0","18",0.00185890500925,275.34510726066435,-33.9513200000,150.9104703000
10thAv-Casula-Aerotropolis,"19","0","19",0.00192254689797,288.57637499045802,-33.9513070000,150.9104080000
10thAv-Casula-Aerotropolis,"20","0","20",0.00199094083044,301.20300683271688,-33.9512777000,150.9103462000
10thAv-Casula-Aerotropolis,"21","0","21",0.00205834112718,305.88377028260646,-33.9512371000,150.9102924000
10thAv-Casula-Aerotropolis,"22","0","22",0.00213645572249,303.85194770601908,-33.9511926000,150.9102282000
10thAv-Casula-Aerotropolis,"23","0","23",0.00221215043830,301.83294264763839,-33.9511514000,150.9101647000
10thAv-Casula-Aerotropolis,"24","0","24",0.00233401872785,298.25530405565809,-33.9510892000,150.9100599000
10thAv-Casula-Aerotropolis,"25","0","25",0.00238912008898,292.93370873366928,-33.9510652000,150.9100103000
10thAv-Casula-Aerotropolis,"26","0","26",0.00245096707761,287.51535855566431,-33.9510440000,150.9099522000
10thAv-Casula-Aerotropolis,"27","0","27",0.00259755142190,283.19577774136513,-33.9510061000,150.9098106000
10thAv-Casula-Aerotropolis,"28","0","28",0.00266681974079,271.99083014794741,-33.9509924000,150.9097427000
10thAv-Casula-Aerotropolis,"29","0","29",0.00270937664387,257.09617615741843,-33.9509979000,150.9097005000
10thAv-Casula-Aerotropolis,"30","0","30",0.00277787160719,242.09888237295522,-33.9510195000,150.9096355000
10thAv-Casula-Aerotropolis,"31","0","31",0.00283201410437,223.19349280036781,-33.9510524000,150.9095925000
10thAv-Casula-Aerotropolis,"32","0","32",0.00288629163195,205.70987730114823,-33.9510975000,150.9095623000
10thAv-Casula-Aerotropolis,"33","0","33",0.00298543924915,196.79003291525595,-33.9511920000,150.9095323000
10thAv-Casula-Aerotropolis,"34","0","34",0.00305668817900,198.07293401101171,-33.9512605000,150.9095127000
10thAv-Casula-Aerotropolis,"35","0","35",0.00309930378644,206.93422380058101,-33.9513005000,150.9094980000
10thAv-Casula-Aerotropolis,"36","0","36",0.00314329151199,221.32635834083172,-33.9513371000,150.9094736000
10thAv-Casula-Aerotropolis,"37","0","37",0.00318319702539,242.60235360380321,-33.9513633000,150.9094435000
10thAv-Casula-Aerotropolis,"38","0","38",0.00326308920273,258.99635692979950,-33.9513823000,150.9093659000
10thAv-Casula-Aerotropolis,"39","0","39",0.00329027044629,268.66540457173016,-33.9513862000,150.9093390000
10thAv-Casula-Aerotropolis,"40","0","40",0.00332523614374,282.70977324544918,-33.9513828000,150.9093042000
10thAv-Casula-Aerotropolis,"41","0","41",0.00341039023939,303.15808105776932,-33.9513539000,150.9092241000
10thAv-Casula-Aerotropolis,"42","0","42",0.00346252132417,328.66431575730775,-33.9513161000,150.9091882000
10thAv-Casula-Aerotropolis,"43","0","43",0.00350825140176,359.22378887150762,-33.9512729000,150.9091732000
10thAv-Casula-Aerotropolis,"44","0","44",0.00383210337411,17.86906397152153,-33.9509642000,150.9092711000
10thAv-Casula-Aerotropolis,"45","0","45",0.00404888033321,13.35286246905836,-33.9507582000,150.9093386000
10thAv-Casula-Aerotropolis,"46","0","46",0.00427520339878,7.64554499114200,-33.9505344000,150.9093723000
10thAv-Casula-Aerotropolis,"47","0","47",0.00440580270961,327.63465289269692,-33.9504047000,150.9093876000
10thAv-Casula-Aerotropolis,"48","0","48",0.00498380482034,288.54131457370931,-33.9502209000,150.9088396000
10thAv-Casula-Aerotropolis,"49","0","49",0.00566654173894,288.41444808284336,-33.9500038000,150.9081923000
10thAv-Casula-Aerotropolis,"50","0","50",0.00806750897109,283.90473784754386,-33.9492504000,150.9059126000
10thAv-Casula-Aerotropolis,"51","0","51",0.00825793242030,343.28792802788900,-33.9492189000,150.9057248000
10thAv-Casula-Aerotropolis,"52","0","52",0.00944550359711,45.39116130743326,-33.9484098000,150.9065941000
10thAv-Casula-Aerotropolis,"53","0","53",0.01021007439175,341.44347619191740,-33.9478573000,150.9071226000
10thAv-Casula-Aerotropolis,"54","0","54",0.01046765833920,278.36635769247744,-33.9478163000,150.9068683000
10thAv-Casula-Aerotropolis,"55","0","55",0.01125290913356,277.57581423965792,-33.9477128000,150.9060899000
10thAv-Casula-Aerotropolis,"56","0","56",0.01170031638654,277.68828144662763,-33.9476538000,150.9056464000
10thAv-Casula-Aerotropolis,"57","0","57",0.01222133551286,277.80005296643685,-33.9475831000,150.9051302000
10thAv-Casula-Aerotropolis,"58","0","58",0.01330799268511,274.64359994295478,-33.9474356000,150.9040536000
10thAv-Casula-Aerotropolis,"59","0","59",0.01346224455706,269.06750192568961,-33.9474316000,150.9038994000
10thAv-Casula-Aerotropolis,"60","0","60",0.01359226686283,263.53352641946299,-33.9474392000,150.9037696000
10thAv-Casula-Aerotropolis,"61","0","61",0.01374966279670,258.86359854471095,-33.9474654000,150.9036144000
10thAv-Casula-Aerotropolis,"62","0","62",0.01388394328674,255.41374258849211,-33.9474949000,150.9034834000
10thAv-Casula-Aerotropolis,"63","0","63",0.01402775236154,247.96245222098401,-33.9475357000,150.9033455000
10thAv-Casula-Aerotropolis,"64","0","64",0.01417477514889,193.65165038857299,-33.9476038000,150.9032152000
10thAv-Casula-Aerotropolis,"65","0","65",0.01419164316597,152.23192167998585,-33.9476176000,150.9032249000
10thAv-Casula-Aerotropolis,"66","0","66",0.01420797044379,167.63900902987729,-33.9476329000,150.9032306000
10thAv-Casula-Aerotropolis,"67","0","67",0.01422401538064,183.61558328845808,-33.9476489000,150.9032318000
10thAv-Casula-Aerotropolis,"68","0","68",0.01424003817692,199.19712011789588,-33.9476646000,150.9032286000
10thAv-Casula-Aerotropolis,"69","0","69",0.01425663004238,213.85713904845423,-33.9476794000,150.9032211000
10thAv-Casula-Aerotropolis,"70","0","70",0.01427222747805,226.91484222057727,-33.9476912000,150.9032109000
10thAv-Casula-Aerotropolis,"71","0","71",0.01428850752719,238.66803383748422,-33.9477010000,150.9031979000
10thAv-Casula-Aerotropolis,"72","0","72",0.01430536961486,249.63297485533124,-33.9477083000,150.9031827000
10thAv-Casula-Aerotropolis,"73","0","73",0.01432266527906,260.01005816781100,-33.9477128000,150.9031660000
10thAv-Casula-Aerotropolis,"74","0","74",0.01434022944714,270.74993210871355,-33.9477143000,150.9031485000
10thAv-Casula-Aerotropolis,"75","0","75",0.01436176360603,282.76105493530474,-33.9477119000,150.9031271000
10thAv-Casula-Aerotropolis,"76","0","76",0.01438282589461,295.81884286705093,-33.9477050000,150.9031072000
10thAv-Casula-Aerotropolis,"77","0","77",0.01440310445472,309.91095278160020,-33.9476941000,150.9030901000
10thAv-Casula-Aerotropolis,"78","0","78",0.01442242413382,325.30179572438095,-33.9476799000,150.9030770000
10thAv-Casula-Aerotropolis,"79","0","79",0.01444089410943,341.99572302313203,-33.9476634000,150.9030687000
10thAv-Casula-Aerotropolis,"80","0","80",0.01445883010675,359.66020539925347,-33.9476457000,150.9030658000
10thAv-Casula-Aerotropolis,"81","0","81",0.01447683371747,348.43749312335643,-33.9476279000,150.9030685000
10thAv-Casula-Aerotropolis,"82","0","82",0.01452681311326,320.56869592119483,-33.9475854000,150.9030422000
10thAv-Casula-Aerotropolis,"83","0","83",0.01459587366637,311.43048855372029,-33.9475384000,150.9029916000
10thAv-Casula-Aerotropolis,"84","0","84",0.01464833060109,309.29925174134632,-33.9475047000,150.9029514000
10thAv-Casula-Aerotropolis,"85","0","85",0.01469991480411,306.39240480626660,-33.9474725000,150.9029111000
10thAv-Casula-Aerotropolis,"86","0","86",0.01475743914678,302.61094865046294,-33.9474402000,150.9028635000
10thAv-Casula-Aerotropolis,"87","0","87",0.01481732654111,300.44089260345902,-33.9474093000,150.9028122000
10thAv-Casula-Aerotropolis,"88","0","88",0.01494100168009,296.43011505820994,-33.9473478000,150.9027049000
10thAv-Casula-Aerotropolis,"89","0","89",0.01514106092133,289.55411361410199,-33.9472695000,150.9025208000
10thAv-Casula-Aerotropolis,"90","0","90",0.01532785797698,282.99653132310402,-33.9472178000,150.9023413000
10thAv-Casula-Aerotropolis,"91","0","91",0.01551292796372,278.20781663810732,-33.9471859000,150.9021590000
10thAv-Casula-Aerotropolis,"92","0","92",0.01584203712494,276.47672250291623,-33.9471487000,150.9018320000
10thAv-Casula-Aerotropolis,"93","0","93",0.01591399447344,276.47318426108200,-33.9471406000,150.9017605000
10thAv-Casula-Aerotropolis,"94","0","94",0.01597599092493,238.28455334766932,-33.9471336000,150.9016989000
10thAv-Casula-Aerotropolis,"95","0","95",0.01599025872086,206.93178748674728,-33.9471470000,150.9016940000
10thAv-Casula-Aerotropolis,"96","0","96",0.01600842517344,220.84798831155786,-33.9471621000,150.9016839000
10thAv-Casula-Aerotropolis,"97","0","97",0.01602647981275,235.32240730772065,-33.9471742000,150.9016705000
10thAv-Casula-Aerotropolis,"98","0","98",0.01605179403799,250.40160663724103,-33.9471858000,150.9016480000
10thAv-Casula-Aerotropolis,"99","0","99",0.01607744749779,264.44188138836921,-33.9471911000,150.9016229000
10thAv-Casula-Aerotropolis,"100","0","100",0.01609874961037,278.53356708360820,-33.9471908000,150.9016016000
10thAv-Casula-Aerotropolis,"101","0","101",0.01613124961037,295.32027473356777,-33.9471817000,150.9015704000
10thAv-Casula-Aerotropolis,"102","0","102",0.01615657351214,312.36476108948267,-33.9471674000,150.9015495000
10thAv-Casula-Aerotropolis,"103","0","103",0.01617553584321,328.33354487758555,-33.9471528000,150.9015374000
10thAv-Casula-Aerotropolis,"104","0","104",0.01619420828278,308.47447957627895,-33.9471357000,150.9015299000
10thAv-Casula-Aerotropolis,"105","0","105",0.01628689927481,279.50265292739675,-33.9471186000,150.9014388000
10thAv-Casula-Aerotropolis,"106","0","106",0.01644619773681,278.17056298659116,-33.9470954000,150.9012812000
10thAv-Casula-Aerotropolis,"107","0","107",0.01669439322427,277.95997447140110,-33.9470610000,150.9010354000
10thAv-Casula-Aerotropolis,"108","0","108",0.01676305362042,277.59565531187701,-33.9470515000,150.9009674000
10thAv-Casula-Aerotropolis,"109","0","109",0.01690115416353,282.08287085182354,-33.9470341000,150.9008304000
10thAv-Casula-Aerotropolis,"110","0","110",0.01715118712135,281.45158790552233,-33.9469613000,150.9005912000
10thAv-Casula-Aerotropolis,"111","0","111",0.01734906233452,276.83503206993788,-33.9469407000,150.9003944000
10thAv-Casula-Aerotropolis,"112","0","112",0.01753503679516,278.03824508448008,-33.9469158000,150.9002101000
10thAv-Casula-Aerotropolis,"113","0","113",0.01835823018678,278.39247484546820,-33.9467958000,150.8993957000
10thAv-Casula-Aerotropolis,"114","0","114",0.01861074087962,278.03372250937451,-33.9467589000,150.8991459000
10thAv-Casula-Aerotropolis,"115","0","115",0.02033222087370,278.86788838022176,-33.9465293000,150.8974398000
10thAv-Casula-Aerotropolis,"116","0","116",0.02085203050232,279.95215298911160,-33.9464384000,150.8969280000
10thAv-Casula-Aerotropolis,"117","0","117",0.02152014553732,280.10815153236251,-33.9463243000,150.8962697000
10thAv-Casula-Aerotropolis,"118","0","118",0.02226585701637,279.91922916321801,-33.9461899000,150.8955362000
10thAv-Casula-Aerotropolis,"119","0","119",0.02333417096369,279.20732074230892,-33.9460144000,150.8944824000
10thAv-Casula-Aerotropolis,"120","0","120",0.02403087139429,280.41895378565061,-33.9459059000,150.8937942000
10thAv-Casula-Aerotropolis,"121","0","121",0.02438066174575,281.38203087022913,-33.9458339000,150.8934519000
10thAv-Casula-Aerotropolis,"122","0","122",0.02445744331911,240.48577999755005,-33.9458194000,150.8933765000
10thAv-Casula-Aerotropolis,"123","0","123",0.02447171111503,207.15086750232382,-33.9458328000,150.8933716000
10thAv-Casula-Aerotropolis,"124","0","124",0.02448985057478,221.18527247923151,-33.9458478000,150.8933614000
10thAv-Casula-Aerotropolis,"125","0","125",0.02450783834841,235.38857002314316,-33.9458598000,150.8933480000
10thAv-Casula-Aerotropolis,"126","0","126",0.02453306373246,250.24039042883666,-33.9458714000,150.8933256000
10thAv-Casula-Aerotropolis,"127","0","127",0.02455873803867,264.67966986621559,-33.9458768000,150.8933005000
10thAv-Casula-Aerotropolis,"128","0","128",0.02458164589758,279.02896372145403,-33.9458762000,150.8932776000
10thAv-Casula-Aerotropolis,"129","0","129",0.02461252631210,295.46870805497366,-33.9458674000,150.8932480000
10thAv-Casula-Aerotropolis,"130","0","130",0.02463785021386,312.26796451897377,-33.9458531000,150.8932271000
10thAv-Casula-Aerotropolis,"131","0","131",0.02465673565798,328.09654764604795,-33.9458386000,150.8932150000
10thAv-Casula-Aerotropolis,"132","0","132",0.02467544848777,345.99291358736730,-33.9458215000,150.8932074000
10thAv-Casula-Aerotropolis,"133","0","133",0.02469950862079,6.46190783285922,-33.9457975000,150.8932057000
10thAv-Casula-Aerotropolis,"134","0","134",0.02471937416885,323.65070526028211,-33.9457785000,150.8932115000
10thAv-Casula-Aerotropolis,"135","0","135",0.02480727559092,270.27081604630450,-33.9457780000,150.8931236000
10thAv-Casula-Aerotropolis,"136","0","136",0.02494007653217,274.47732854306429,-33.9457775000,150.8929908000
10thAv-Casula-Aerotropolis,"137","0","137",0.02596487353644,278.73698996855569,-33.9456218000,150.8919779000
10thAv-Casula-Aerotropolis,"138","0","138",0.02659174449607,278.72126233163783,-33.9455266000,150.8913583000
10thAv-Casula-Aerotropolis,"139","0","139",0.02705346624130,278.23607039791358,-33.9454567000,150.8909019000
10thAv-Casula-Aerotropolis,"140","0","140",0.02960334515997,280.39969794614842,-33.9451122000,150.8883754000
10thAv-Casula-Aerotropolis,"141","0","141",0.02975320656259,248.62521901810069,-33.9450784000,150.8882294000
10thAv-Casula-Aerotropolis,"142","0","142",0.02977134602236,221.06706845131970,-33.9450934000,150.8882192000
10thAv-Casula-Aerotropolis,"143","0","143",0.02978940066164,235.27036600827284,-33.9451055000,150.8882058000
10thAv-Casula-Aerotropolis,"144","0","144",0.02981462604568,250.21683205242277,-33.9451171000,150.8881834000
10thAv-Casula-Aerotropolis,"145","0","145",0.02984020259743,264.65285015744644,-33.9451225000,150.8881584000
10thAv-Casula-Aerotropolis,"146","0","146",0.02986321042216,279.02570241278931,-33.9451219000,150.8881354000
10thAv-Casula-Aerotropolis,"147","0","147",0.02989409083669,295.31162727643414,-33.9451131000,150.8881058000
10thAv-Casula-Aerotropolis,"148","0","148",0.02991944118186,312.09174905633682,-33.9450989000,150.8880848000
10thAv-Casula-Aerotropolis,"149","0","149",0.02993846747949,328.13928738486362,-33.9450843000,150.8880726000
10thAv-Casula-Aerotropolis,"150","0","150",0.02995727173431,346.17359249536031,-33.9450671000,150.8880650000
10thAv-Casula-Aerotropolis,"151","0","151",0.02998132500851,314.14955708196021,-33.9450431000,150.8880634000
10thAv-Casula-Aerotropolis,"152","0","152",0.03022268915249,274.86940201704783,-33.9450342000,150.8878222000
10thAv-Casula-Aerotropolis,"153","0","153",0.03044273517039,277.61280222581848,-33.9450050000,150.8876041000
10thAv-Casula-Aerotropolis,"154","0","154",0.03065520156774,277.60936958033665,-33.9449769000,150.8873935000
10thAv-Casula-Aerotropolis,"155","0","155",0.03118921573424,277.77253550494055,-33.9449061000,150.8868642000
10thAv-Casula-Aerotropolis,"156","0","156",0.03569829449156,235.10611872811225,-33.9442843000,150.8823982000
10thAv-Casula-Aerotropolis,"157","0","157",0.03572132186656,198.87987549969813,-33.9443068000,150.8823933000
10thAv-Casula-Aerotropolis,"158","0","158",0.03574480483912,211.90144110509283,-33.9443280000,150.8823832000
10thAv-Casula-Aerotropolis,"159","0","159",0.03576915273431,224.30514399368977,-33.9443471000,150.8823681000
10thAv-Casula-Aerotropolis,"160","0","160",0.03579450406565,235.73042160350161,-33.9443633000,150.8823486000
10thAv-Casula-Aerotropolis,"161","0","161",0.03582064158657,246.37232685235006,-33.9443759000,150.8823257000
10thAv-Casula-Aerotropolis,"162","0","162",0.03584752094668,256.37767524832554,-33.9443844000,150.8823002000
10thAv-Casula-Aerotropolis,"163","0","163",0.03587494447673,266.32421127053260,-33.9443886000,150.8822731000
10thAv-Casula-Aerotropolis,"164","0","164",0.03590245338437,276.11629832643138,-33.9443879000,150.8822456000
10thAv-Casula-Aerotropolis,"165","0","165",0.03592973433010,285.75271443888255,-33.9443828000,150.8822188000
10thAv-Casula-Aerotropolis,"166","0","166",0.03595657199021,296.01753946785016,-33.9443733000,150.8821937000
10thAv-Casula-Aerotropolis,"167","0","167",0.03598255448431,306.85812252384602,-33.9443598000,150.8821715000
10thAv-Casula-Aerotropolis,"168","0","168",0.03600761161905,318.50611999834359,-33.9443429000,150.8821530000
10thAv-Casula-Aerotropolis,"169","0","169",0.03603177957306,331.10332168786016,-33.9443232000,150.8821390000
10thAv-Casula-Aerotropolis,"170","0","170",0.03605514129382,344.40160956928656,-33.9443016000,150.8821301000
10thAv-Casula-Aerotropolis,"171","0","171",0.03607801070573,0.66977896693574,-33.9442790000,150.8821266000
10thAv-Casula-Aerotropolis,"172","0","172",0.03610015681145,323.95649796755845,-33.9442572000,150.8821305000
10thAv-Casula-Aerotropolis,"173","0","173",0.03672368173476,276.63351237668581,-33.9441729000,150.8815127000
10thAv-Casula-Aerotropolis,"174","0","174",0.03746800458139,276.15604504200212,-33.9441016000,150.8807718000
10thAv-Casula-Aerotropolis,"175","0","175",0.03810339420202,277.58758571927200,-33.9440262000,150.8801409000
10thAv-Casula-Aerotropolis,"176","0","176",0.03954157611680,278.17665644027051,-33.9438171000,150.8787180000
10thAv-Casula-Aerotropolis,"177","0","177",0.04033630359820,277.99333902279494,-33.9437065868,150.8779309939
10thAv-Casula-Aerotropolis,"178","0","178",0.04112940305949,277.94522963090043,-33.9435963000,150.8771456000
10thAv-Casula-Aerotropolis,"179","0","179",0.04229101939892,277.89532277939333,-33.9434367000,150.8759950000
10thAv-Casula-Aerotropolis,"180","0","180",0.04266092425155,278.07962828323787,-33.9433859000,150.8756286000
10thAv-Casula-Aerotropolis,"181","0","181",0.04373629525729,278.12555349701552,-33.9432313000,150.8745644000
10thAv-Casula-Aerotropolis,"182","0","182",0.04378668384727,278.00417532386973,-33.9432243000,150.8745145000
10thAv-Casula-Aerotropolis,"183","0","183",0.04591966103890,275.81986066863766,-33.9429266000,150.8724024000
10thAv-Casula-Aerotropolis,"184","0","184",0.04608769570793,229.05555205201722,-33.9429160000,150.8722347000
10thAv-Casula-Aerotropolis,"185","0","185",0.04611066634137,192.61479579410562,-33.9429389000,150.8722329000
10thAv-Casula-Aerotropolis,"186","0","186",0.04612563597731,207.03076178908350,-33.9429529000,150.8722276000
10thAv-Casula-Aerotropolis,"187","0","187",0.04614310938569,221.04928664940562,-33.9429675000,150.8722180000
10thAv-Casula-Aerotropolis,"188","0","188",0.04616890395877,235.76258604621376,-33.9429845000,150.8721986000
10thAv-Casula-Aerotropolis,"189","0","189",0.04618768826073,248.00001079359538,-33.9429931000,150.8721819000
10thAv-Casula-Aerotropolis,"190","0","190",0.04620815701738,259.74037257405621,-33.9429990000,150.8721623000
10thAv-Casula-Aerotropolis,"191","0","191",0.04624012606492,273.96566363135668,-33.9430011000,150.8721304000
10thAv-Casula-Aerotropolis,"192","0","192",0.04626330752305,287.61675806121104,-33.9429964000,150.8721077000
10thAv-Casula-Aerotropolis,"193","0","193",0.04628784912037,299.57714542324464,-33.9429866000,150.8720852000
10thAv-Casula-Aerotropolis,"194","0","194",0.04630433305197,312.44563536959737,-33.9429770000,150.8720718000
10thAv-Casula-Aerotropolis,"195","0","195",0.04632900895111,328.73568567635931,-33.9429583000,150.8720557000
10thAv-Casula-Aerotropolis,"196","0","196",0.04635324219276,346.92556677528108,-33.9429358000,150.8720467000
10thAv-Casula-Aerotropolis,"197","0","197",0.04637039153674,4.57413814810845,-33.9429187000,150.8720454000
10thAv-Casula-Aerotropolis,"198","0","198",0.04639353046498,328.60789964821288,-33.9428962000,150.8720508000
10thAv-Casula-Aerotropolis,"199","0","199",0.04653856897713,280.80408851506860,-33.9428618000,150.8719099000
10thAv-Casula-Aerotropolis,"200","0","200",0.04998073892064,278.13440001229128,-33.9423894000,150.8685003000
10thAv-Casula-Aerotropolis,"201","0","201",0.05098314308063,278.38680707614060,-33.9422433000,150.8675086000
10thAv-Casula-Aerotropolis,"202","0","202",0.05110646380071,277.95612882347660,-33.9422253000,150.8673866000
10thAv-Casula-Aerotropolis,"203","0","203",0.05129750662315,277.52996730753989,-33.9422003000,150.8671972000
10thAv-Casula-Aerotropolis,"204","0","204",0.05793934446517,277.63988450168085,-33.9413287000,150.8606128000
10thAv-Casula-Aerotropolis,"205","0","205",0.06019236639362,277.50871565660037,-33.9410253000,150.8583803000
10thAv-Casula-Aerotropolis,"206","0","206",0.06074885022088,277.28138997556795,-33.9409548000,150.8578283000
10thAv-Casula-Aerotropolis,"207","0","207",0.06127015782680,278.17542817989482,-33.9408887000,150.8573112000
10thAv-Casula-Aerotropolis,"208","0","208",0.06238579599843,286.16585483040183,-33.9407129000,150.8562095000
10thAv-Casula-Aerotropolis,"209","0","209",0.06270124678700,294.40850081714530,-33.9405883000,150.8559197000
10thAv-Casula-Aerotropolis,"210","0","210",0.06286307397878,297.39081699093856,-33.9405185000,150.8557737000
10thAv-Casula-Aerotropolis,"211","0","211",0.06310738265649,302.57406459744567,-33.9403992000,150.8555605000
10thAv-Casula-Aerotropolis,"212","0","212",0.06341200468456,305.84751554095101,-33.9402205000,150.8553138000
10thAv-Casula-Aerotropolis,"213","0","213",0.06374332496767,305.35088558249851,-33.9400268000,150.8550450000
10thAv-Casula-Aerotropolis,"214","0","214",0.06414873854665,306.74427131778117,-33.9397947000,150.8547126000
10thAv-Casula-Aerotropolis,"215","0","215",0.06453036528835,308.57141291095974,-33.9395568000,150.8544142000
10thAv-Casula-Aerotropolis,"216","0","216",0.06465239958684,308.87237206157033,-33.9394807000,150.8543188000
10thAv-Casula-Aerotropolis,"217","0","217",0.06534591619801,306.21971052670983,-33.9390427000,150.8537811000
10thAv-Casula-Aerotropolis,"218","0","218",0.06591094872803,306.46285975278653,-33.9387327000,150.8533087000
10thAv-Casula-Aerotropolis,"219","0","219",0.06664607511855,312.91228026968616,-33.9382636000,150.8527427000
10thAv-Casula-Aerotropolis,"220","0","220",0.06748912297006,310.27413870048002,-33.9376554000,150.8521589000
10thAv-Casula-Aerotropolis,"221","0","221",0.06780438165753,284.84485411901483,-33.9374774000,150.8518987000
10thAv-Casula-Aerotropolis,"222","0","222",0.06785334531753,270.79452481987340,-33.9374814000,150.8518499000
10thAv-Casula-Aerotropolis,"223","0","223",0.06790183583205,281.93648385525074,-33.9374761000,150.8518017000
10thAv-Casula-Aerotropolis,"224","0","224",0.06794946481483,293.47111812600673,-33.9374617000,150.8517563000
10thAv-Casula-Aerotropolis,"225","0","225",0.06799558205672,305.75685860920811,-33.9374391000,150.8517161000
10thAv-Casula-Aerotropolis,"226","0","226",0.06803997180779,319.10864797351525,-33.9374093000,150.8516832000
10thAv-Casula-Aerotropolis,"227","0","227",0.06808240681692,333.46674158413492,-33.9373741000,150.8516595000
10thAv-Casula-Aerotropolis,"228","0","228",0.06812241244153,349.02283264473789,-33.9373363000,150.8516464000
10thAv-Casula-Aerotropolis,"229","0","229",0.06816075954050,342.40453573598671,-33.9372980000,150.8516445000
10thAv-Casula-Aerotropolis,"230","0","230",0.06853339797114,318.31472562869760,-33.9369832000,150.8514451000
10thAv-Casula-Aerotropolis,"231","0","231",0.06867297264652,303.89603271401779,-33.9368954000,150.8513366000
10thAv-Casula-Aerotropolis,"232","0","232",0.06894790729330,296.36392424960616,-33.9367629000,150.8510957000
10thAv-Casula-Aerotropolis,"233","0","233",0.06938722741577,291.48946389562013,-33.9365848000,150.8506941000
10thAv-Casula-Aerotropolis,"234","0","234",0.06965850387992,286.91180169452593,-33.9364962000,150.8504377000
10thAv-Casula-Aerotropolis,"235","0","235",0.06992892847198,282.38384720097770,-33.9364273000,150.8501762000
10thAv-Casula-Aerotropolis,"236","0","236",0.07022990729184,277.09646814161999,-33.9363750000,150.8498798000
10thAv-Casula-Aerotropolis,"237","0","237",0.07059568308382,273.65547786776756,-33.9363483000,150.8495150000
10thAv-Casula-Aerotropolis,"238","0","238",0.07082131858630,273.25513957847232,-33.9363360000,150.8492897000
10thAv-Casula-Aerotropolis,"239","0","239",0.07217267680679,273.40098542190105,-33.9362562000,150.8479407000
10thAv-Casula-Aerotropolis,"240","0","240",0.07246128978294,273.72912406328248,-33.9362390000,150.8476526000
10thAv-Casula-Aerotropolis,"241","0","241",0.07256344383328,267.51871383368416,-33.9362318000,150.8475507000
10thAv-Casula-Aerotropolis,"242","0","242",0.07301581854521,242.25657458433503,-33.9363026000,150.8471039000
10thAv-Casula-Aerotropolis,"243","0","243",0.07304588064763,228.78576456898290,-33.9363244000,150.8470832000
10thAv-Casula-Aerotropolis,"244","0","244",0.07307688467961,238.98427396052006,-33.9363426000,150.8470581000
10thAv-Casula-Aerotropolis,"245","0","245",0.07310895101709,248.62432134976044,-33.9363567000,150.8470293000
10thAv-Casula-Aerotropolis,"246","0","246",0.07314172783818,261.11092143695936,-33.9363661000,150.8469979000
10thAv-Casula-Aerotropolis,"247","0","247",0.07322414337070,280.05239289054435,-33.9363677000,150.8469155000
10thAv-Casula-Aerotropolis,"248","0","248",0.07330427507478,299.95187743332252,-33.9363387000,150.8468408000
10thAv-Casula-Aerotropolis,"249","0","249",0.07333771188083,303.24401412159932,-33.9363178000,150.8468147000
10thAv-Casula-Aerotropolis,"250","0","250",0.07341036453377,297.80145877269644,-33.9362839141,150.8467504337
10thAv-Casula-Aerotropolis,"251","0","251",0.07348071936316,295.82788943838011,-33.9362511000,150.8466882000
10thAv-Casula-Aerotropolis,"252","0","252",0.07350357535643,293.85432010327048,-33.9362418567,150.8466672964
10thAv-Casula-Aerotropolis,"253","0","253",0.07356677010401,285.69969646773581,-33.9362163000,150.8466095000
10thAv-Casula-Aerotropolis,"254","0","254",0.07565959000310,277.89524699834152,-33.9359415000,150.8445348000
10thAv-Casula-Aerotropolis,"255","0","255",0.07575093424212,277.94643103913080,-33.9359284000,150.8444444000
10thAv-Casula-Aerotropolis,"256","0","256",0.07633180064671,277.64333201501591,-33.9358511000,150.8438687000
10thAv-Casula-Aerotropolis,"257","0","257",0.07685837410786,277.59632782615290,-33.9357811000,150.8433468000
10thAv-Casula-Aerotropolis,"258","0","258",0.07697781049263,278.52881442924212,-33.9357654000,150.8432284000
10thAv-Casula-Aerotropolis,"259","0","259",0.07713527188471,285.71786614033448,-33.9357394000,150.8430731000
10thAv-Casula-Aerotropolis,"260","0","260",0.07724156417042,284.49325429374477,-33.9356997000,150.8429745000
10thAv-Casula-Aerotropolis,"261","0","261",0.07737346280572,277.73123912378702,-33.9356835000,150.8428436000
10thAv-Casula-Aerotropolis,"262","0","262",0.07751366958160,274.23288624571421,-33.9356630000,150.8427049000
10thAv-Casula-Aerotropolis,"263","0","263",0.07780866973411,265.53890190392696,-33.9356627000,150.8424099000
10thAv-Casula-Aerotropolis,"264","0","264",0.07815076324476,256.36511802470051,-33.9357161000,150.8420720000
10thAv-Casula-Aerotropolis,"265","0","265",0.07847420204886,246.62023738710417,-33.9358176000,150.8417649000
10thAv-Casula-Aerotropolis,"266","0","266",0.07888179422247,245.46489338944860,-33.9360119000,150.8414066000
10thAv-Casula-Aerotropolis,"267","0","267",0.07927856382817,256.20714365947612,-33.9361515000,150.8410352000
10thAv-Casula-Aerotropolis,"268","0","268",0.07967651804664,266.69548442697368,-33.9361999000,150.8406402000
10thAv-Casula-Aerotropolis,"269","0","269",0.07998072462118,265.18566700865591,-33.9361979000,150.8403360000
10thAv-Casula-Aerotropolis,"270","0","270",0.08010735040845,249.02954846684261,-33.9362199000,150.8402113000
10thAv-Casula-Aerotropolis,"271","0","271",0.08015083155380,242.44230376362449,-33.9362429000,150.8401744000
10thAv-Casula-Aerotropolis,"272","0","272",0.08019097193247,253.80456271276711,-33.9362587000,150.8401375000
10thAv-Casula-Aerotropolis,"273","0","273",0.08023220359503,267.69981139897192,-33.9362653000,150.8400968000
10thAv-Casula-Aerotropolis,"274","0","274",0.08026952436677,281.45258380603104,-33.9362623000,150.8400596000
10thAv-Casula-Aerotropolis,"275","0","275",0.08032113289319,297.69614064805899,-33.9362461000,150.8400106000
10thAv-Casula-Aerotropolis,"276","0","276",0.08036639325111,317.00303153058417,-33.9362188000,150.8399745000
10thAv-Casula-Aerotropolis,"277","0","277",0.08040888560333,337.93704551168071,-33.9361832000,150.8399513000
10thAv-Casula-Aerotropolis,"278","0","278",0.08044963900810,359.44786149846340,-33.9361432000,150.8399435000
10thAv-Casula-Aerotropolis,"279","0","279",0.08048791236699,323.74657423478061,-33.9361055000,150.8399501000
10thAv-Casula-Aerotropolis,"280","0","280",0.08099391446186,272.66505518238483,-33.9360389000,150.8394485000
10thAv-Casula-Aerotropolis,"281","0","281",0.08157135298672,265.01721178450930,-33.9360614000,150.8388715000
10thAv-Casula-Aerotropolis,"282","0","282",0.08206857416488,260.95628025948480,-33.9361283000,150.8383788000
10thAv-Casula-Aerotropolis,"283","0","283",0.08252866768798,267.90883836355022,-33.9362110000,150.8379262000
10thAv-Casula-Aerotropolis,"284","0","284",0.08265329019799,277.02282958581566,-33.9361976000,150.8378023000
10thAv-Casula-Aerotropolis,"285","0","285",0.08311029791125,284.64003468435448,-33.9361350000,150.8373496000
10thAv-Casula-Aerotropolis,"286","0","286",0.08326947972555,295.32354136948078,-33.9360769000,150.8372014000
10thAv-Casula-Aerotropolis,"287","0","287",0.08374668468153,300.87170468419191,-33.9358438000,150.8367850000
10thAv-Casula-Aerotropolis,"288","0","288",0.08416987302022,294.38211264777232,-33.9356164000,150.8364281000
10thAv-Casula-Aerotropolis,"289","0","289",0.08452914502025,283.82702689037200,-33.9355158000,150.8360832000
10thAv-Casula-Aerotropolis,"290","0","290",0.08487995793334,236.13678380272194,-33.9354465000,150.8357393000
10thAv-Casula-Aerotropolis,"291","0","291",0.08492181029291,203.01451453994224,-33.9354876000,150.8357314000
10thAv-Casula-Aerotropolis,"292","0","292",0.08496975192407,227.02501170838551,-33.9355268000,150.8357038000
10thAv-Casula-Aerotropolis,"293","0","293",0.08502802730480,248.68938757745332,-33.9355569000,150.8356539000
10thAv-Casula-Aerotropolis,"294","0","294",0.08507558579512,266.61560393679133,-33.9355664000,150.8356073000
10thAv-Casula-Aerotropolis,"295","0","295",0.08512385182871,282.78028726800466,-33.9355624000,150.8355592000
10thAv-Casula-Aerotropolis,"296","0","296",0.08516664248192,299.06817145165786,-33.9355472000,150.8355192000
10thAv-Casula-Aerotropolis,"297","0","297",0.08520902384571,316.56204696172449,-33.9355215000,150.8354855000
10thAv-Casula-Aerotropolis,"298","0","298",0.08524602384574,337.42772544579037,-33.9354909000,150.8354647000
10thAv-Casula-Aerotropolis,"299","0","299",0.08529450476985,0.34153840262729,-33.9354433000,150.8354555000
10thAv-Casula-Aerotropolis,"300","0","300",0.08532329504594,21.20951044808510,-33.9354151000,150.8354613000
10thAv-Casula-Aerotropolis,"301","0","301",0.08536450633082,40.78664623756180,-33.9353797000,150.8354824000
10thAv-Casula-Aerotropolis,"302","0","302",0.08540736248557,60.54771605639915,-33.9353526000,150.8355156000
10thAv-Casula-Aerotropolis,"303","0","303",0.08546407553520,79.77827309355645,-33.9353335000,150.8355690000
10thAv-Casula-Aerotropolis,"304","0","304",0.08551668019279,96.13169716101166,-33.9353328000,150.8356216000
10thAv-Casula-Aerotropolis,"305","0","305",0.08554418800987,71.80644929550080,-33.9353390000,150.8356484000
10thAv-Casula-Aerotropolis,"306","0","306",0.08571879534075,37.72854911032591,-33.9352064000,150.8357620000
10thAv-Casula-Aerotropolis,"307","0","307",0.08593428659348,34.83445997113726,-33.9350296000,150.8358852000
10thAv-Casula-Aerotropolis,"308","0","308",0.08599018310501,23.85544785334254,-33.9349837000,150.8359171000
10thAv-Casula-Aerotropolis,"309","0","309",0.08616695284224,12.98215042944203,-33.9348114000,150.8359566000
10thAv-Casula-Aerotropolis,"310","0","310",0.08641270192160,10.64368353051739,-33.9345720000,150.8360121000
10thAv-Casula-Aerotropolis,"311","0","311",0.08669056706872,20.18398906159025,-33.9342970000,150.8360519000
10thAv-Casula-Aerotropolis,"312","0","312",0.08674772229596,39.54112140800282,-33.9342486000,150.8360823000
10thAv-Casula-Aerotropolis,"313","0","313",0.08679137604724,346.95668056919783,-33.9342188000,150.8361142000
10thAv-Casula-Aerotropolis,"314","0","314",0.08692195789897,286.40863503149615,-33.9341807000,150.8359893000
10thAv-Casula-Aerotropolis,"315","0","315",0.08697320719162,281.17409807036762,-33.9341667000,150.8359400000
10thAv-Casula-Aerotropolis,"316","0","316",0.08703862706631,268.54001432499143,-33.9341593000,150.8358750000
10thAv-Casula-Aerotropolis,"317","0","317",0.08707836231512,265.80203796449587,-33.9341658000,150.8358358000
10thAv-Casula-Aerotropolis,"318","0","318",0.08712897031845,266.91736005771145,-33.9341649000,150.8357852000
10thAv-Casula-Aerotropolis,"319","0","319",0.08728489446667,261.59893245235185,-33.9341844000,150.8356305000
10thAv-Casula-Aerotropolis,"320","0","320",0.08749078851710,257.90491584356886,-33.9342188000,150.8354275000
10thAv-Casula-Aerotropolis,"321","0","321",0.08766447587990,256.25653367978748,-33.9342625000,150.8352594000
10thAv-Casula-Aerotropolis,"322","0","322",0.08777722804175,254.56402296798049,-33.9342877000,150.8351495000
10thAv-Casula-Aerotropolis,"323","0","323",0.08786447831396,250.79952482277756,-33.9343146000,150.8350665000
10thAv-Casula-Aerotropolis,"324","0","324",0.08826415119271,250.01732071127066,-33.9344542000,150.8346920000
10thAv-Casula-Aerotropolis,"325","0","325",0.08832250571268,260.72833018838770,-33.9344737000,150.8346370000
10thAv-Casula-Aerotropolis,"326","0","326",0.08837521339712,275.94432901150981,-33.9344728000,150.8345843000
10thAv-Casula-Aerotropolis,"327","0","327",0.08845393632894,249.48327064008353,-33.9344579000,150.8345070000
10thAv-Casula-Aerotropolis,"328","0","328",0.08851768999550,221.72903048846018,-33.9345081000,150.8344677000
10thAv-Casula-Aerotropolis,"329","0","329",0.08856810794866,230.69670646382991,-33.9345435000,150.8344318000
10thAv-Casula-Aerotropolis,"330","0","330",0.08863300887319,241.85168794806162,-33.9345798000,150.8343780000
10thAv-Casula-Aerotropolis,"331","0","331",0.08915533300626,248.37831815529540,-33.9347779000,150.8338947000
10thAv-Casula-Aerotropolis,"332","0","332",0.08918536295204,250.73259072404156,-33.9347886398,150.8338666562
10thAv-Casula-Aerotropolis,"333","0","333",0.08925476016890,256.30646289791071,-33.9348096000,150.8338005000
10thAv-Casula-Aerotropolis,"334","0","334",0.08930935806259,270.55671238286675,-33.9348189000,150.8337467000
10thAv-Casula-Aerotropolis,"335","0","335",0.08935844706344,289.17349510648899,-33.9348096000,150.8336985000
10thAv-Casula-Aerotropolis,"336","0","336",0.08940903263449,260.03791144276965,-33.9347863000,150.8336536000
10thAv-Casula-Aerotropolis,"337","0","337",0.08944696546984,227.32763317006169,-33.9348142000,150.8336279000
10thAv-Casula-Aerotropolis,"338","0","338",0.08954378411475,236.69322684489808,-33.9348738000,150.8335516000
10thAv-Casula-Aerotropolis,"339","0","339",0.08959618650020,247.25895533654884,-33.9348989000,150.8335056000
10thAv-Casula-Aerotropolis,"340","0","340",0.08966995858163,257.69717991113856,-33.9349203000,150.8334350000
10thAv-Casula-Aerotropolis,"341","0","341",0.08980801726481,263.17877139838237,-33.9349389000,150.8332982000
10thAv-Casula-Aerotropolis,"342","0","342",0.09020592485459,266.17769238248019,-33.9349798000,150.8329024000
10thAv-Casula-Aerotropolis,"343","0","343",0.09028145987959,279.77546190434470,-33.9349821000,150.8328269000
10thAv-Casula-Aerotropolis,"344","0","344",0.09034038330446,293.53058996604079,-33.9349607000,150.8327720000
10thAv-Casula-Aerotropolis,"345","0","345",0.09038524319747,261.17955223586807,-33.9349412000,150.8327316000
10thAv-Casula-Aerotropolis,"346","0","346",0.09042846414147,236.07489413761959,-33.9349709000,150.8327002000
10thAv-Casula-Aerotropolis,"347","0","347",0.09049371258970,251.48135762888484,-33.9349979000,150.8326408000
10thAv-Casula-Aerotropolis,"348","0","348",0.09057076633720,261.15512825966454,-33.9350147000,150.8325656000
10thAv-Casula-Aerotropolis,"349","0","349",0.09097827738000,266.23899195973542,-33.9350509000,150.8321597000
10thAv-Casula-Aerotropolis,"350","0","350",0.09104443665750,269.12029870630084,-33.9350537000,150.8320936000
10thAv-Casula-Aerotropolis,"351","0","351",0.09112184188989,279.42016001602292,-33.9350528000,150.8320162000
10thAv-Casula-Aerotropolis,"352","0","352",0.09118436076703,298.28380167386553,-33.9350333000,150.8319568000
10thAv-Casula-Aerotropolis,"353","0","353",0.09123475858443,317.10494284201513,-33.9350020000,150.8319173000
10thAv-Casula-Aerotropolis,"354","0","354",0.09127017750595,334.71343103205254,-33.9349727000,150.8318974000
10thAv-Casula-Aerotropolis,"355","0","355",0.09131802162785,348.38492725215502,-33.9349268000,150.8318839000
10thAv-Casula-Aerotropolis,"356","0","356",0.09142296870976,353.94813146474411,-33.9348226000,150.8318714000
10thAv-Casula-Aerotropolis,"357","0","357",0.09162682819566,355.68603344141439,-33.9346196000,150.8318527000
10thAv-Casula-Aerotropolis,"358","0","358",0.09203232724622,355.73738553035156,-33.9342148000,150.8318289000
10thAv-Casula-Aerotropolis,"359","0","359",0.09258155339272,357.94268597522517,-33.9336678000,150.8317795000
10thAv-Casula-Aerotropolis,"360","0","360",0.09280619081169,318.65325786046094,-33.9334432000,150.8317836000
10thAv-Casula-Aerotropolis,"361","0","361",0.10234377334081,268.60022592733753,-33.9324031000,150.8223029000
10thAv-Casula-Aerotropolis,"362","0","362",0.10324106866561,216.74214438537945,-33.9325444000,150.8214168000
10thAv-Casula-Aerotropolis,"363","0","363",0.10351851417372,167.28664474323111,-33.9328195000,150.8214528000
10thAv-Casula-Aerotropolis,"364","0","364",0.10407338558230,175.28811186408129,-33.9333473000,150.8216240000
10thAv-Casula-Aerotropolis,"365","0","365",0.10425975559060,198.17782567010352,-33.9335316000,150.8215963000
10thAv-Casula-Aerotropolis,"366","0","366",0.10450712292879,220.06557855240544,-33.9337504000,150.8214809000
10thAv-Casula-Aerotropolis,"367","0","367",0.10504523631826,234.28483256309633,-33.9340793000,150.8210550000
10thAv-Casula-Aerotropolis,"368","0","368",0.10522107638766,238.11779605263800,-33.9341770000,150.8209088000
10thAv-Casula-Aerotropolis,"369","0","369",0.10540261558455,252.42346223476167,-33.9342678000,150.8207516000
10thAv-Casula-Aerotropolis,"370","0","370",0.10555101278804,270.02333279927342,-33.9342811000,150.8206038000
10thAv-Casula-Aerotropolis,"371","0","371",0.10582081836619,276.59319047999929,-33.9342567000,150.8203351000
10thAv-Casula-Aerotropolis,"372","0","372",0.10629953573277,277.99771987908201,-33.9341900943,150.8198610388
10thAv-Casula-Aerotropolis,"373","0","373",0.10713932783263,277.99600696882715,-33.9340732509,150.8190294149
10thAv-Casula-Aerotropolis,"374","0","374",0.10810163207750,277.99569671054974,-33.9339394189,150.8180764624
10thAv-Casula-Aerotropolis,"375","0","375",0.10929771311447,277.99855744327209,-33.9337730166,150.8168920131
10thAv-Casula-Aerotropolis,"376","0","376",0.11105707006100,277.99886770341175,-33.9335281610,150.8151497782
10thAv-Casula-Aerotropolis,"377","0","377",0.11223253644402,277.99771987893990,-33.9333646140,150.8139857448
10thAv-Casula-Aerotropolis,"378","0","378",0.11419405981099,277.67375459372846,-33.9330917000,150.8120433000
10thAv-Casula-Aerotropolis,"379","0","379",0.11519136841931,277.35005576963539,-33.9329641178,150.8110541856
10thAv-Casula-Aerotropolis,"380","0","380",0.11644798452617,277.35057602631440,-33.9328033517,150.8098078958
10thAv-Casula-Aerotropolis,"381","0","381",0.11733814505727,277.34981774337206,-33.9326894605,150.8089250512
10thAv-Casula-Aerotropolis,"382","0","382",0.11906904772718,277.34877994440825,-33.9324680617,150.8072083665
10thAv-Casula-Aerotropolis,"383","0","383",0.12051196636684,234.22400554979475,-33.9322835000,150.8057773000
10thAv-Casula-Aerotropolis,"384","0","384",0.12923778133165,234.71248422731523,-33.9408461000,150.8040975000
10thAv-Casula-Aerotropolis,"385","0","385",0.13149537430870,324.84286661838951,-33.9405192000,150.8018637000
10thAv-Casula-Aerotropolis,"386","0","386",0.13293110185941,325.22218328918643,-33.9391116000,150.8021465000
10thAv-Casula-Aerotropolis,"387","0","387",0.13375900615279,235.49706484183096,-33.9389808836,150.8013289801
10thAv-Casula-Aerotropolis,"388","0","388",0.13441456511933,234.35541391186985,-33.9396223309,150.8011936916
10thAv-Casula-Aerotropolis,"389","0","389",0.13821504239900,277.05128479212533,-33.9391722706,150.7974199569
10thAv-Casula-Aerotropolis,"390","0","390",0.14075117716169,277.30207530919250,-33.9388499506,150.7949043875
10thAv-Casula-Aerotropolis,"391","0","391",0.14245896693115,277.30262409653062,-33.9386328734,150.7932104503
10thAv-Casula-Aerotropolis,"392","0","392",0.14326609697931,277.30262409511670,-33.9385302790,150.7924098672
10thAv-Casula-Aerotropolis,"393","0","393",0.14442558552946,277.30262409495191,-33.9383828964,150.7912597837
10thAv-Casula-Aerotropolis,"394","0","394",0.14528937572959,287.89240491153720,-33.9382731000,150.7904030000
10thAv-Casula-Aerotropolis,"395","0","395",0.14539631964009,313.24926919898627,-33.9382221000,150.7903090000
10thAv-Casula-Aerotropolis,"396","0","396",0.14550808582463,349.51032365822812,-33.9381273000,150.7902498000
10thAv-Casula-Aerotropolis,"397","0","397",0.14767320048428,11.00392800634975,-33.9360019956,150.7906630827
10thAv-Casula-Aerotropolis,"398","0","398",0.15058774915856,11.00313374724467,-33.9331410299,150.7912193826
10thAv-Casula-Aerotropolis,"399","0","399",0.15359880024807,325.65392019183122,-33.9301853275,150.7917940578
10thAv-Casula-Aerotropolis,"400","0","400",0.15859920144719,278.59242961940924,-33.9292908038,150.7868743180
10thAv-Casula-Aerotropolis,"401","0","401",0.15940771400302,276.87991569716252,-33.9291939557,150.7860716269
10thAv-Casula-Aerotropolis,"402","0","402",0.16021622507972,276.05996635172022,-33.9290971024,150.7852689380
10thAv-Casula-Aerotropolis,"403","0","403",0.16368973901792,281.00751725596149,-33.9287798845,150.7818099393
10thAv-Casula-Aerotropolis,"404","0","404",0.16426879561590,281.82880160356098,-33.9286127586,150.7812555247
10thAv-Casula-Aerotropolis,"405","0","405",0.16507729781447,276.88258569765782,-33.9285158743,150.7804528484
10thAv-Casula-Aerotropolis,"406","0","406",0.16588579853276,276.88296712152913,-33.9284189849,150.7796501743
10thAv-Casula-Aerotropolis,"407","0","407",0.16669429777065,276.88334854523748,-33.9283220903,150.7788475022
10thAv-Casula-Aerotropolis,"408","0","408",0.16750279552792,276.88372996741276,-33.9282251905,150.7780448322
10thAv-Casula-Aerotropolis,"409","0","409",0.16831129180449,323.37017515040827,-33.9281282856,150.7772421644
10thAv-Casula-Aerotropolis,"410","0","410",0.16966952740912,323.37034735660802,-33.9267900978,150.7774746671
10thAv-Casula-Aerotropolis,"411","0","411",0.17047800992681,276.88445579139682,-33.9266931897,150.7766720135
10thAv-Casula-Aerotropolis,"412","0","412",0.17128649096359,276.88483719550271,-33.9265962764,150.7758693620
10thAv-Casula-Aerotropolis,"413","0","413",0.17209497051929,276.88521859957581,-33.9264993580,150.7750667126
10thAv-Casula-Aerotropolis,"414","0","414",0.17290344859378,276.88559999985858,-33.9264024344,150.7742640654
10thAv-Casula-Aerotropolis,"415","0","415",0.17371192518682,276.88598140047992,-33.9263055056,150.7734614202
10thAv-Casula-Aerotropolis,"416","0","416",0.17452040029831,276.88636279857809,-33.9262085717,150.7726587772
10thAv-Casula-Aerotropolis,"417","0","417",0.17532887392809,276.88674419713601,-33.9261116326,150.7718561363
10thAv-Casula-Aerotropolis,"418","0","418",0.17613734607596,276.88712559603312,-33.9260146883,150.7710534975
10thAv-Casula-Aerotropolis,"419","0","419",0.17694581674180,276.88750699014975,-33.9259177389,150.7702508608
10thAv-Casula-Aerotropolis,"420","0","420",0.17775428592540,276.88788838435619,-33.9258207843,150.7694482263
10thAv-Casula-Aerotropolis,"421","0","421",0.17856275362663,276.88826977703195,-33.9257238245,150.7686455939
10thAv-Casula-Aerotropolis,"422","0","422",0.17937121984531,276.88865116805664,-33.9256268596,150.7678429635
10thAv-Casula-Aerotropolis,"423","0","423",0.18017968458134,276.88903255804286,-33.9255298895,150.7670403353
10thAv-Casula-Aerotropolis,"424","0","424",0.18098814783447,276.88941394736992,-33.9254329143,150.7662377092
10thAv-Casula-Aerotropolis,"425","0","425",0.18179660960460,276.88979533604640,-33.9253359338,150.7654350853
10thAv-Casula-Aerotropolis,"426","0","426",0.18260506989155,276.89017672280596,-33.9252389483,150.7646324634
10thAv-Casula-Aerotropolis,"427","0","427",0.18341352869510,262.87400399168592,-33.9251419575,150.7638298437
10thAv-Casula-Aerotropolis,"428","0","428",0.18426230603205,275.21900774232131,-33.9254481000,150.7630382000
10thAv-Casula-Aerotropolis,"429","0","429",0.18521732813779,289.23594324146558,-33.9249479605,150.7622246106
10thAv-Casula-Aerotropolis,"430","0","430",0.18602578249032,276.89170225481382,-33.9248509543,150.7614219972
10thAv-Casula-Aerotropolis,"431","0","431",0.18683423535894,276.89208363580076,-33.9247539429,150.7606193860
10thAv-Casula-Aerotropolis,"432","0","432",0.18764268674331,276.89303707757722,-33.9246569263,150.7598167768
10thAv-Casula-Aerotropolis,"433","0","433",0.19330180486375,276.89456257093633,-33.9239776657,150.7541985722
10thAv-Casula-Aerotropolis,"434","0","434",0.19411024436902,276.89551600148246,-33.9238806078,150.7533959801
10thAv-Casula-Aerotropolis,"435","0","435",0.19491868238878,276.89589737068349,-33.9237835448,150.7525933900
10thAv-Casula-Aerotropolis,"436","0","436",0.19572711892269,276.89627873722179,-33.9236864766,150.7517908021
10thAv-Casula-Aerotropolis,"437","0","437",0.19653555397069,233.38500116139738,-33.9235894032,150.7509882162
10thAv-Casula-Aerotropolis,"438","0","438",0.19789379328787,189.87371288624871,-33.9249275251,150.7507553135
10thAv-Casula-Aerotropolis,"439","0","439",0.19925203307014,189.87407287350857,-33.9262656461,150.7505224022
10thAv-Casula-Aerotropolis,"440","0","440",0.20061027331753,207.34499650059516,-33.9276037660,150.7502894825
10thAv-Casula-Aerotropolis,"441","0","441",0.20171845041766,251.32515299339303,-33.9283898815,150.7495084070
10thAv-Casula-Aerotropolis,"442","0","442",0.20656504948925,277.84026657929593,-33.9277292258,150.7447070472
10thAv-Casula-Aerotropolis,"443","0","443",0.20871804045057,234.55456980371022,-33.9274353202,150.7425742111
10thAv-Casula-Aerotropolis,"444","0","444",0.20969315415366,191.23360257304751,-33.9283916536,150.7423837560
10thAv-Casula-Aerotropolis,"445","0","445",0.21053183857836,191.20415310882953,-33.9292143539,150.7422207968
10thAv-Casula-Aerotropolis,"446","0","446",0.21133778181522,191.20437400987959,-33.9300049364,150.7420641959
10thAv-Casula-Aerotropolis,"447","0","447",0.21190778928873,191.20461371559443,-33.9305640795,150.7419534372
10thAv-Casula-Aerotropolis,"448","0","448",0.21323935516204,191.20495058261403,-33.9318702645,150.7416946931
10thAv-Casula-Aerotropolis,"449","0","449",0.21461192869658,191.20534917765966,-33.9332166736,150.7414279711
10thAv-Casula-Aerotropolis,"450","0","450",0.21598450293130,234.52132822397419,-33.9345630816,150.7411612397
10thAv-Casula-Aerotropolis,"451","0","451",0.21670918871500,277.83710646420781,-33.9344642654,150.7404433226
20thAv-BadgerysCreek-Austral,"0","0","0",0.00000000000000,96.89423419400386,-33.8985530061,150.7586211926
20thAv-BadgerysCreek-Austral,"1","0","1",0.00080820793918,96.89404363676169,-33.8986500209,150.7594235567
20thAv-BadgerysCreek-Austral,"2","0","2",0.00161641736069,96.89366252046783,-33.8987470305,150.7602259229
20thAv-BadgerysCreek-Austral,"3","0","3",0.00242462826449,96.89328140415152,-33.8988440350,150.7610282913
20thAv-BadgerysCreek-Austral,"4","0","4",0.00323284065037,96.89185219139522,-33.8989410344,150.7618306618
20thAv-BadgerysCreek-Austral,"5","0","5",0.01293150482009,96.88937486906653,-33.9001046238,150.7714592726
20thAv-BadgerysCreek-Austral,"6","0","6",0.01373973645804,96.88794563559877,-33.9002015561,150.7722616706
20thAv-BadgerysCreek-Austral,"7","0","7",0.01454796957582,96.88756450325134,-33.9002984832,150.7730640707
20thAv-BadgerysCreek-Austral,"8","0","8",0.01535620417322,96.88718336523948,-33.9003954051,150.7738664729
20thAv-BadgerysCreek-Austral,"9","0","9",0.01616444025010,96.88680222606368,-33.9004923219,150.7746688772
20thAv-BadgerysCreek-Austral,"10","0","10",0.01697267780627,96.88642108748225,-33.9005892335,150.7754712836
20thAv-BadgerysCreek-Austral,"11","0","11",0.01778091684163,105.70412645319954,-33.9006861399,150.7762736922
20thAv-BadgerysCreek-Austral,"12","0","12",0.01871156767547,95.13864425251779,-33.9010724000,150.7771204000
20thAv-BadgerysCreek-Austral,"13","0","13",0.01949373209190,86.32017660111624,-33.9008799373,150.7778785156
20thAv-BadgerysCreek-Austral,"14","0","14",0.02030197556377,96.88489651764660,-33.9009768283,150.7786809305
20thAv-BadgerysCreek-Austral,"15","0","15",0.02111022051408,96.88451537299886,-33.9010737141,150.7794833475
20thAv-BadgerysCreek-Austral,"16","0","16",0.02191846694279,96.88413422355562,-33.9011705948,150.7802857666
20thAv-BadgerysCreek-Austral,"17","0","17",0.02272671484958,96.88375307407587,-33.9012674702,150.7810881878
20thAv-BadgerysCreek-Austral,"18","0","18",0.02353496423447,96.88337192644744,-33.9013643406,150.7818906112
20thAv-BadgerysCreek-Austral,"19","0","19",0.02434321509721,96.88299077689393,-33.9014612057,150.7826930366
20thAv-BadgerysCreek-Austral,"20","0","20",0.02515146743765,96.88260962429423,-33.9015580657,150.7834954642
20thAv-BadgerysCreek-Austral,"21","0","21",0.02595972125558,96.88222847003614,-33.9016549206,150.7842978939
20thAv-BadgerysCreek-Austral,"22","0","22",0.02676797655093,96.88184731586962,-33.9017517702,150.7851003256
20thAv-BadgerysCreek-Austral,"23","0","23",0.02757623332348,96.88146616164798,-33.9018486148,150.7859027595
20thAv-BadgerysCreek-Austral,"24","0","24",0.02838449157303,96.88108500364629,-33.9019454541,150.7867051955
20thAv-BadgerysCreek-Austral,"25","0","25",0.02919275129953,96.88070384510614,-33.9020422883,150.7875076336
20thAv-BadgerysCreek-Austral,"26","0","26",0.03000101250272,91.95751730202856,-33.9021391174,150.7883100739
20thAv-BadgerysCreek-Austral,"27","0","27",0.03037634125305,96.12103396711784,-33.9021197000,150.7886849000
20thAv-BadgerysCreek-Austral,"28","0","28",0.03081947512599,101.04298172984998,-33.9022359412,150.7891125162
20thAv-BadgerysCreek-Austral,"29","0","29",0.03728562969998,143.35979427337864,-33.9030103464,150.7955321308
20thAv-BadgerysCreek-Austral,"30","0","30",0.04136030567241,172.49083385759860,-33.9070250649,150.7948356972
20thAv-BadgerysCreek-Austral,"31","0","31",0.04151273463481,155.14049603589385,-33.9071633700,150.7948997775
20thAv-BadgerysCreek-Austral,"32","0","32",0.04171608138923,155.14049603719073,-33.9073478749,150.7949852633
20thAv-BadgerysCreek-Austral,"33","0","33",0.04190818353596,155.14049603750090,-33.9075221771,150.7950660221
20thAv-BadgerysCreek-Austral,"34","0","34",0.04204081434605,155.14049603974607,-33.9076425186,150.7951217793
20thAv-BadgerysCreek-Austral,"35","0","35",0.04222180274244,155.14049603641601,-33.9078067368,150.7951978659
20thAv-BadgerysCreek-Austral,"36","0","36",0.04244338467475,155.14049603588452,-33.9080077873,150.7952910177
20thAv-BadgerysCreek-Austral,"37","0","37",0.04264298171700,155.14049603448763,-33.9081888899,150.7953749273
20thAv-BadgerysCreek-Austral,"38","0","38",0.04288286901438,155.14049603364828,-33.9084065496,150.7954757746
20thAv-BadgerysCreek-Austral,"39","0","39",0.04352966638515,155.14049603669821,-33.9089934156,150.7957476847
20thAv-BadgerysCreek-Austral,"40","0","40",0.04427876084062,126.45665521140303,-33.9096731000,150.7960626000
20thAv-BadgerysCreek-Austral,"41","0","41",0.04433199897644,97.83667926448283,-33.9096803002,150.7961153490
20thAv-BadgerysCreek-Austral,"42","0","42",0.04439661867358,97.87169542899355,-33.9096891824,150.7961793553
20thAv-BadgerysCreek-Austral,"43","0","43",0.04453159884738,97.84284671487815,-33.9097076014,150.7963130729
20thAv-BadgerysCreek-Austral,"44","0","44",0.04474491744820,97.84284671530501,-33.9097367101,150.7965243961
20thAv-BadgerysCreek-Austral,"45","0","45",0.04580196355781,97.87360196008504,-33.9098809508,150.7975715547
20thAv-BadgerysCreek-Austral,"46","0","46",0.04788943799597,97.75875352031807,-33.9101680200,150.7996391961
20thAv-BadgerysCreek-Austral,"47","0","47",0.04881823286604,97.61288417273384,-33.9102910704,150.8005598038
20thAv-BadgerysCreek-Austral,"48","0","48",0.05013444995527,97.61220487855424,-33.9104654358,150.8018644202
20thAv-BadgerysCreek-Austral,"49","0","49",0.05231368839760,97.61129247729090,-33.9107540986,150.8040244559
20thAv-BadgerysCreek-Austral,"50","0","50",0.05434936052992,97.61050415629171,-33.9110237093,150.8060421950
20thAv-BadgerysCreek-Austral,"51","0","51",0.05476053520173,97.61004441712547,-33.9110781625,150.8064497480
20thAv-BadgerysCreek-Austral,"52","0","52",0.05578758628881,97.60962911270020,-33.9112141720,150.8074677536
20thAv-BadgerysCreek-Austral,"53","0","53",0.05683187558918,97.60913579819189,-33.9113524554,150.8085028467
20thAv-BadgerysCreek-Austral,"54","0","54",0.05788500162284,97.56783258986404,-33.9114919000,150.8095467000
20thAv-BadgerysCreek-Austral,"55","0","55",0.05905821593583,97.52651243222104,-33.9116455788,150.8107098056
20thAv-BadgerysCreek-Austral,"56","0","56",0.06012655620270,97.52606124751462,-33.9117855104,150.8117689421
20thAv-BadgerysCreek-Austral,"57","0","57",0.06063097983638,97.52572618518170,-33.9118515767,150.8122690205
20thAv-BadgerysCreek-Austral,"58","0","58",0.06138640661760,97.52524614497567,-33.9119505140,150.8130179404
20thAv-BadgerysCreek-Austral,"59","0","59",0.06342937035554,97.52455328574830,-33.9122180551,150.8150433102
20thAv-BadgerysCreek-Austral,"60","0","60",0.06444540861175,97.52419144154338,-33.9123511000,150.8160506000
20thAv-Austral-BadgerysCreek,"0","0","0",0.00000000000000,277.52419144154334,-33.9123511000,150.8160506000
20thAv-Austral-BadgerysCreek,"1","0","1",0.00101603825621,277.52455328574831,-33.9122180551,150.8150433102
20thAv-Austral-BadgerysCreek,"2","0","2",0.00305900199416,277.52524614497565,-33.9119505140,150.8130179404
20thAv-Austral-BadgerysCreek,"3","0","3",0.00381442877538,277.52572618518167,-33.9118515767,150.8122690205
20thAv-Austral-BadgerysCreek,"4","0","4",0.00431885240905,277.52606124751458,-33.9117855104,150.8117689421
20thAv-Austral-BadgerysCreek,"5","0","5",0.00538719267592,277.52651243222101,-33.9116455788,150.8107098056
20thAv-Austral-BadgerysCreek,"6","0","6",0.00656040698892,277.56783258986400,-33.9114919000,150.8095467000
20thAv-Austral-BadgerysCreek,"7","0","7",0.00761353302258,277.60913579819186,-33.9113524554,150.8085028467
20thAv-Austral-BadgerysCreek,"8","0","8",0.00865782232294,277.60962911270019,-33.9112141720,150.8074677536
20thAv-Austral-BadgerysCreek,"9","0","9",0.00968487341002,277.61004441712544,-33.9110781625,150.8064497480
20thAv-Austral-BadgerysCreek,"10","0","10",0.01009604808183,277.61050415629171,-33.9110237093,150.8060421950
20thAv-Austral-BadgerysCreek,"11","0","11",0.01213172021415,277.61129247729087,-33.9107540986,150.8040244559
20thAv-Austral-BadgerysCreek,"12","0","12",0.01431095865649,277.61220487855422,-33.9104654358,150.8018644202
20thAv-Austral-BadgerysCreek,"13","0","13",0.01562717574571,277.61288417273380,-33.9102910704,150.8005598038
20thAv-Austral-BadgerysCreek,"14","0","14",0.01655597061579,277.75253902877608,-33.9101680200,150.7996391961
20thAv-Austral-BadgerysCreek,"15","0","15",0.01887983803844,277.87613118725528,-33.9098489414,150.7973373384
20thAv-Austral-BadgerysCreek,"16","0","16",0.01970000680812,277.80700065722698,-33.9097367761,150.7965248757
20thAv-Austral-BadgerysCreek,"17","0","17",0.01996151958841,277.90275248632923,-33.9097014943,150.7962657538
20thAv-Austral-BadgerysCreek,"18","0","18",0.02007311111516,277.94734225733458,-33.9096858638,150.7961552624
20thAv-Austral-BadgerysCreek,"19","0","19",0.02011693903697,277.84284671235827,-33.9096798832,150.7961118444
20thAv-Austral-BadgerysCreek,"20","0","20",0.02016664844564,306.49167137917885,-33.9096731000,150.7960626000
20thAv-Austral-BadgerysCreek,"21","0","21",0.02091574290111,335.14049603669827,-33.9089934156,150.7957476847
20thAv-Austral-BadgerysCreek,"22","0","22",0.02156254027188,335.14049603364828,-33.9084065496,150.7954757746
20thAv-Austral-BadgerysCreek,"23","0","23",0.02180242756926,335.14049603448757,-33.9081888899,150.7953749273
20thAv-Austral-BadgerysCreek,"24","0","24",0.02200202461151,335.14049603588450,-33.9080077873,150.7952910177
20thAv-Austral-BadgerysCreek,"25","0","25",0.02222360654382,335.14049603641598,-33.9078067368,150.7951978659
20thAv-Austral-BadgerysCreek,"26","0","26",0.02240459494021,335.14049603974604,-33.9076425186,150.7951217793
20thAv-Austral-BadgerysCreek,"27","0","27",0.02253722575030,335.14049603750084,-33.9075221771,150.7950660221
20thAv-Austral-BadgerysCreek,"28","0","28",0.02272932789703,335.14049603719070,-33.9073478749,150.7949852633
20thAv-Austral-BadgerysCreek,"29","0","29",0.02293267465145,335.14049603589382,-33.9071633700,150.7948997775
20thAv-Austral-BadgerysCreek,"30","0","30",0.02308510361385,352.49083385759860,-33.9070250649,150.7948356972
20thAv-Austral-BadgerysCreek,"31","0","31",0.02715977958628,323.35979427337855,-33.9030103464,150.7955321308
20thAv-Austral-BadgerysCreek,"32","0","32",0.03362593416027,281.04298172984994,-33.9022359412,150.7891125162
20thAv-Austral-BadgerysCreek,"33","0","33",0.03406906803322,276.12103396711785,-33.9021197000,150.7886849000
20thAv-Austral-BadgerysCreek,"34","0","34",0.03444439678354,271.95751730202852,-33.9021391174,150.7883100739
20thAv-Austral-BadgerysCreek,"35","0","35",0.03525265798673,276.88070384510615,-33.9020422883,150.7875076336
20thAv-Austral-BadgerysCreek,"36","0","36",0.03606091771323,276.88108500364632,-33.9019454541,150.7867051955
20thAv-Austral-BadgerysCreek,"37","0","37",0.03686917596278,276.88146616164801,-33.9018486148,150.7859027595
20thAv-Austral-BadgerysCreek,"38","0","38",0.03767743273533,276.88184731586961,-33.9017517702,150.7851003256
20thAv-Austral-BadgerysCreek,"39","0","39",0.03848568803068,276.88222847003607,-33.9016549206,150.7842978939
20thAv-Austral-BadgerysCreek,"40","0","40",0.03929394184861,276.88260962429422,-33.9015580657,150.7834954642
20thAv-Austral-BadgerysCreek,"41","0","41",0.04010219418905,276.88299077689396,-33.9014612057,150.7826930366
20thAv-Austral-BadgerysCreek,"42","0","42",0.04091044505180,276.88337192644741,-33.9013643406,150.7818906112
20thAv-Austral-BadgerysCreek,"43","0","43",0.04171869443668,276.88375307407591,-33.9012674702,150.7810881878
20thAv-Austral-BadgerysCreek,"44","0","44",0.04252694234347,276.88413422355563,-33.9011705948,150.7802857666
20thAv-Austral-BadgerysCreek,"45","0","45",0.04333518877218,276.88451537299886,-33.9010737141,150.7794833475
20thAv-Austral-BadgerysCreek,"46","0","46",0.04414343372250,276.88489651764661,-33.9009768283,150.7786809305
20thAv-Austral-BadgerysCreek,"47","0","47",0.04495167719436,266.32017660111632,-33.9008799373,150.7778785156
20thAv-Austral-BadgerysCreek,"48","0","48",0.04573384161079,275.13864425251774,-33.9010724000,150.7771204000
20thAv-Austral-BadgerysCreek,"49","0","49",0.04666449244463,285.70412645319954,-33.9006861399,150.7762736922
20thAv-Austral-BadgerysCreek,"50","0","50",0.04747273147999,276.88642108748223,-33.9005892335,150.7754712836
20thAv-Austral-BadgerysCreek,"51","0","51",0.04828096903616,276.88680222606365,-33.9004923219,150.7746688772
20thAv-Austral-BadgerysCreek,"52","0","52",0.04908920511304,276.88718336523948,-33.9003954051,150.7738664729
20thAv-Austral-BadgerysCreek,"53","0","53",0.04989743971044,276.88756450325138,-33.9002984832,150.7730640707
20thAv-Austral-BadgerysCreek,"54","0","54",0.05070567282822,276.88794563559878,-33.9002015561,150.7722616706
20thAv-Austral-BadgerysCreek,"55","0","55",0.05151390446618,276.88937486906650,-33.9001046238,150.7714592726
20thAv-Austral-BadgerysCreek,"56","0","56",0.06121256863589,276.89185219139523,-33.8989410344,150.7618306618
20thAv-Austral-BadgerysCreek,"57","0","57",0.06202078102177,276.89328140415148,-33.8988440350,150.7610282913
20thAv-Austral-BadgerysCreek,"58","0","58",0.06282899192557,276.89366252046779,-33.8987470305,150.7602259229
20thAv-Austral-BadgerysCreek,"59","0","59",0.06363720134708,276.89404363676175,-33.8986500209,150.7594235567
20thAv-Austral-BadgerysCreek,"60","0","60",0.06444540928626,276.89423419400390,-33.8985530061,150.7586211926
25thAv-BusinessPark-ElizabethDrive,"0","0","0",0.00000000000000,59.31888543511776,-33.8846815079,150.7363188260
25thAv-BusinessPark-ElizabethDrive,"1","0","1",0.00633365592877,98.96735082727461,-33.8814497000,150.7417659000
25thAv-BusinessPark-ElizabethDrive,"2","0","2",0.00935308846117,119.73056180488332,-33.8837151609,150.7437620613
25thAv-BusinessPark-ElizabethDrive,"3","0","3",0.02007970287556,98.87112682357612,-33.8857334593,150.7542970851
25thAv-BusinessPark-ElizabethDrive,"4","0","4",0.02088778866612,96.89675576391694,-33.8858304974,150.7550993234
25thAv-BusinessPark-ElizabethDrive,"5","0","5",0.02169587593895,96.89637477955780,-33.8859275304,150.7559015638
25thAv-BusinessPark-ElizabethDrive,"6","0","6",0.02250396469401,96.89599379479705,-33.8860245582,150.7567038063
25thAv-BusinessPark-ElizabethDrive,"7","0","7",0.02331205493104,96.89561280910998,-33.8861215809,150.7575060509
25thAv-BusinessPark-ElizabethDrive,"8","0","8",0.02412014664986,96.89523182052017,-33.8862185983,150.7583082977
25thAv-BusinessPark-ElizabethDrive,"9","0","9",0.02492823985038,96.89485082902728,-33.8863156107,150.7591105465
25thAv-BusinessPark-ElizabethDrive,"10","0","10",0.02573633453239,96.89446984049560,-33.8864126178,150.7599127975
25thAv-BusinessPark-ElizabethDrive,"11","0","11",0.02654443069573,71.78079904322259,-33.8865096199,150.7607150506
25thAv-BusinessPark-ElizabethDrive,"12","0","12",0.02730338515450,40.24941162784253,-33.8859888000,150.7612671000
25thAv-BusinessPark-ElizabethDrive,"13","0","13",0.02817056100608,65.36249229346424,-33.8852684557,150.7617499023
25thAv-BusinessPark-ElizabethDrive,"14","0","14",0.02897864788042,96.89328958007027,-33.8853654454,150.7625521475
25thAv-BusinessPark-ElizabethDrive,"15","0","15",0.02978673623543,96.89290859952015,-33.8854624300,150.7633543948
25thAv-BusinessPark-ElizabethDrive,"16","0","16",0.03059482607101,96.89252761456493,-33.8855594094,150.7641566443
25thAv-BusinessPark-ElizabethDrive,"17","0","17",0.03140291738697,96.89147989323108,-33.8856563836,150.7649588959
25thAv-BusinessPark-ElizabethDrive,"18","0","18",0.03477451123322,106.95706373432982,-33.8860608884,150.7683061366
25thAv-BusinessPark-ElizabethDrive,"19","0","19",0.03690779043752,107.43172317870119,-33.8870301566,150.7702065049
25thAv-BusinessPark-ElizabethDrive,"20","0","20",0.03806563271689,97.83968625775474,-33.8871880935,150.7713535248
25thAv-BusinessPark-ElizabethDrive,"21","0","21",0.03906191828896,97.83919941503038,-33.8873239842,150.7723404993
25thAv-BusinessPark-ElizabethDrive,"22","0","22",0.04001931216549,97.83877415302015,-33.8874545625,150.7732889466
25thAv-BusinessPark-ElizabethDrive,"23","0","23",0.04069643508700,97.83831271645663,-33.8875469104,150.7739597426
25thAv-BusinessPark-ElizabethDrive,"24","0","24",0.04227823188891,97.83766428298797,-33.8877626254,150.7755267615
25thAv-BusinessPark-ElizabethDrive,"25","0","25",0.04390874832546,97.83689707849648,-33.8879849630,150.7771420478
25thAv-BusinessPark-ElizabethDrive,"26","0","26",0.04432866334347,97.83651058780021,-33.8880422171,150.7775580413
25thAv-BusinessPark-ElizabethDrive,"27","0","27",0.04501980327475,97.83651058750553,-33.8881364519,150.7782427268
25thAv-BusinessPark-ElizabethDrive,"28","0","28",0.04553927139824,97.83612986714441,-33.8882072797,150.7787573437
25thAv-BusinessPark-ElizabethDrive,"29","0","29",0.04612752673303,97.83574914697158,-33.8882874788,150.7793401065
25thAv-BusinessPark-ElizabethDrive,"30","0","30",0.04648865013190,97.83574914677878,-33.8883367121,150.7796978580
25thAv-BusinessPark-ElizabethDrive,"31","0","31",0.04680533316891,97.83574914664545,-33.8883798866,150.7800115842
25thAv-BusinessPark-ElizabethDrive,"32","0","32",0.04712108732170,97.83548141944145,-33.8884229346,150.7803243901
25thAv-BusinessPark-ElizabethDrive,"33","0","33",0.04743869883420,97.83521369204252,-33.8884662328,150.7806390365
25thAv-BusinessPark-ElizabethDrive,"34","0","34",0.04779822224669,97.83501996671716,-33.8885152446,150.7809952035
25thAv-BusinessPark-ElizabethDrive,"35","0","35",0.04875563700150,97.83459469109312,-33.8886457573,150.7819436810
25thAv-BusinessPark-ElizabethDrive,"36","0","36",0.04919285555650,97.83436313881455,-33.8887053544,150.7823768186
25thAv-BusinessPark-ElizabethDrive,"37","0","37",0.04975194915858,97.83410782237564,-33.8887815643,150.7829306938
25thAv-BusinessPark-ElizabethDrive,"38","0","38",0.05090982856004,97.83689703174292,-33.8889393843,150.7840777673
25thAv-BusinessPark-ElizabethDrive,"39","0","39",0.05206767083941,97.83968625711928,-33.8890973212,150.7852247872
25thAv-BusinessPark-ElizabethDrive,"40","0","40",0.05306395641148,97.83919941569518,-33.8892332119,150.7862117617
25thAv-BusinessPark-ElizabethDrive,"41","0","41",0.05402135028802,97.83877415449454,-33.8893637903,150.7871602090
25thAv-BusinessPark-ElizabethDrive,"42","0","42",0.05469847320952,97.83831271645663,-33.8894561381,150.7878310050
25thAv-BusinessPark-ElizabethDrive,"43","0","43",0.05628027001144,97.83766428303284,-33.8896718531,150.7893980239
25thAv-BusinessPark-ElizabethDrive,"44","0","44",0.05694003794245,97.83728356915526,-33.8897618193,150.7900516292
25thAv-BusinessPark-ElizabethDrive,"45","0","45",0.05791078644799,53.48563309788189,-33.8898941908,150.7910133102
25thAv-BusinessPark-ElizabethDrive,"46","0","46",0.05859194575811,9.13398262654369,-33.8892216687,150.7911214400
25thAv-BusinessPark-ElizabethDrive,"47","0","47",0.05927924628332,9.85723493550083,-33.8885430832,150.7912305446
25thAv-BusinessPark-ElizabethDrive,"48","0","48",0.05988645873282,10.58048724374886,-33.8879461946,150.7913420389
25thAv-BusinessPark-ElizabethDrive,"49","0","49",0.06060818361607,9.86087335145423,-33.8872367406,150.7914745595
25thAv-BusinessPark-ElizabethDrive,"50","0","50",0.06119068807183,9.89346140230277,-33.8866616341,150.7915671015
25thAv-BusinessPark-ElizabethDrive,"51","0","51",0.06166202163056,10.64566334654714,-33.8861984130,150.7916541731
25thAv-BusinessPark-ElizabethDrive,"52","0","52",0.06197497435731,10.91002796174962,-33.8858908466,150.7917119863
25thAv-BusinessPark-ElizabethDrive,"53","0","53",0.06229030989510,11.17439257572920,-33.8855814893,150.7917730971
25thAv-BusinessPark-ElizabethDrive,"54","0","54",0.06282985101879,9.64808375262551,-33.8850521768,150.7918776579
25thAv-BusinessPark-ElizabethDrive,"55","0","55",0.06309996263911,8.12177493029278,-33.8847847744,150.7919158186
25thAv-BusinessPark-ElizabethDrive,"56","0","56",0.06342847167417,9.88720582385414,-33.8844595603,150.7919622295
25thAv-BusinessPark-ElizabethDrive,"57","0","57",0.06739559395525,11.65263671591681,-33.8805742000,150.7927635000
25thAv-ElizabethDrive-BusinessPark,"0","0","0",0.00000000000000,191.65263671591683,-33.8805742000,150.7927635000
25thAv-ElizabethDrive-BusinessPark,"1","0","1",0.00396712228108,189.88720582317791,-33.8844595603,150.7919622295
25thAv-ElizabethDrive-BusinessPark,"2","0","2",0.00456574293646,189.64808375344796,-33.8850521768,150.7918776579
25thAv-ElizabethDrive-BusinessPark,"3","0","3",0.00510528406015,191.17439257572920,-33.8855814893,150.7917730971
25thAv-ElizabethDrive-BusinessPark,"4","0","4",0.00542061959794,190.91002796174965,-33.8858908466,150.7917119863
25thAv-ElizabethDrive-BusinessPark,"5","0","5",0.00573357232469,190.64566334654717,-33.8861984130,150.7916541731
25thAv-ElizabethDrive-BusinessPark,"6","0","6",0.00620490588342,189.89346140230276,-33.8866616341,150.7915671015
25thAv-ElizabethDrive-BusinessPark,"7","0","7",0.00678741033918,189.86087335145425,-33.8872367406,150.7914745595
25thAv-ElizabethDrive-BusinessPark,"8","0","8",0.00750913522243,190.58048724374888,-33.8879461946,150.7913420389
25thAv-ElizabethDrive-BusinessPark,"9","0","9",0.00811634767193,189.85723493550083,-33.8885430832,150.7912305446
25thAv-ElizabethDrive-BusinessPark,"10","0","10",0.00880364819714,189.13398262654368,-33.8892216687,150.7911214400
25thAv-ElizabethDrive-BusinessPark,"11","0","11",0.00948480750726,233.48563309791243,-33.8898941908,150.7910133102
25thAv-ElizabethDrive-BusinessPark,"12","0","12",0.01111532394381,277.83766428298799,-33.8896718531,150.7893980239
25thAv-ElizabethDrive-BusinessPark,"13","0","13",0.01269712074573,277.83831271645664,-33.8894561381,150.7878310050
25thAv-ElizabethDrive-BusinessPark,"14","0","14",0.01337424366723,277.83877415449450,-33.8893637903,150.7871602090
25thAv-ElizabethDrive-BusinessPark,"15","0","15",0.01433163754377,277.83919941427831,-33.8892332119,150.7862117617
25thAv-ElizabethDrive-BusinessPark,"16","0","16",0.01532792311583,277.83968625612897,-33.8890973212,150.7852247872
25thAv-ElizabethDrive-BusinessPark,"17","0","17",0.01648576539523,277.83689703296221,-33.8889393843,150.7840777673
25thAv-ElizabethDrive-BusinessPark,"18","0","18",0.01711898437006,277.83385251200207,-33.8888530760,150.7834504578
25thAv-ElizabethDrive-BusinessPark,"19","0","19",0.01764364479667,277.83410782353121,-33.8887815643,150.7829306938
25thAv-ElizabethDrive-BusinessPark,"20","0","20",0.01823519400180,277.83436313654448,-33.8887009304,150.7823446660
25thAv-ElizabethDrive-BusinessPark,"21","0","21",0.01863995695375,277.83459469020693,-33.8886457573,150.7819436810
25thAv-ElizabethDrive-BusinessPark,"22","0","22",0.01911531520483,277.83482624472720,-33.8885809575,150.7814727601
25thAv-ElizabethDrive-BusinessPark,"23","0","23",0.01959737170853,277.83501996693212,-33.8885152446,150.7809952035
25thAv-ElizabethDrive-BusinessPark,"24","0","24",0.01996690546961,277.83521369246779,-33.8884648681,150.7806291196
25thAv-ElizabethDrive-BusinessPark,"25","0","25",0.02027450663355,277.83548142048204,-33.8884229346,150.7803243901
25thAv-ElizabethDrive-BusinessPark,"26","0","26",0.02069527862865,277.83574914354051,-33.8883655692,150.7799075469
25thAv-ElizabethDrive-BusinessPark,"27","0","27",0.02133772539223,277.83574914977555,-33.8882779820,150.7792710987
25thAv-ElizabethDrive-BusinessPark,"28","0","28",0.02185632255699,277.83612986719362,-33.8882072797,150.7787573437
25thAv-ElizabethDrive-BusinessPark,"29","0","29",0.02236085622592,277.83651058479171,-33.8881384881,150.7782575218
25thAv-ElizabethDrive-BusinessPark,"30","0","30",0.02294639924984,277.83651058752008,-33.8880586512,150.7776774471
25thAv-ElizabethDrive-BusinessPark,"31","0","31",0.02348684562979,277.83689707819047,-33.8879849630,150.7771420478
25thAv-ElizabethDrive-BusinessPark,"32","0","32",0.02511736206633,277.83766428298799,-33.8877626254,150.7755267615
25thAv-ElizabethDrive-BusinessPark,"33","0","33",0.02669915886825,277.83831271645664,-33.8875469104,150.7739597426
25thAv-ElizabethDrive-BusinessPark,"34","0","34",0.02737628178976,277.83877415386263,-33.8874545625,150.7732889466
25thAv-ElizabethDrive-BusinessPark,"35","0","35",0.02833367566629,277.83919941506326,-33.8873239842,150.7723404993
25thAv-ElizabethDrive-BusinessPark,"36","0","36",0.02932996123836,277.83968625632667,-33.8871880935,150.7713535248
25thAv-ElizabethDrive-BusinessPark,"37","0","37",0.03048780351775,287.43172317851122,-33.8870301566,150.7702065049
25thAv-ElizabethDrive-BusinessPark,"38","0","38",0.03262108272204,286.95706373475826,-33.8860608884,150.7683061366
25thAv-ElizabethDrive-BusinessPark,"39","0","39",0.03599267656829,276.89147989323106,-33.8856563836,150.7649588959
25thAv-ElizabethDrive-BusinessPark,"40","0","40",0.03680076788424,276.89252761456493,-33.8855594094,150.7641566443
25thAv-ElizabethDrive-BusinessPark,"41","0","41",0.03760885771983,276.89290859952013,-33.8854624300,150.7633543948
25thAv-ElizabethDrive-BusinessPark,"42","0","42",0.03841694607484,276.89328958007025,-33.8853654454,150.7625521475
25thAv-ElizabethDrive-BusinessPark,"43","0","43",0.03922503294918,245.36249229346424,-33.8852684557,150.7617499023
25thAv-ElizabethDrive-BusinessPark,"44","0","44",0.04009220880076,220.24941162784253,-33.8859888000,150.7612671000
25thAv-ElizabethDrive-BusinessPark,"45","0","45",0.04085116325953,251.78079904147205,-33.8865096199,150.7607150506
25thAv-ElizabethDrive-BusinessPark,"46","0","46",0.04165925942287,276.89446984049562,-33.8864126178,150.7599127975
25thAv-ElizabethDrive-BusinessPark,"47","0","47",0.04246735410488,276.89485083077778,-33.8863156107,150.7591105465
25thAv-ElizabethDrive-BusinessPark,"48","0","48",0.04327544730539,276.89523182052011,-33.8862185983,150.7583082977
25thAv-ElizabethDrive-BusinessPark,"49","0","49",0.04408353902422,276.89561280910999,-33.8861215809,150.7575060509
25thAv-ElizabethDrive-BusinessPark,"50","0","50",0.04489162926125,276.89599379491807,-33.8860245582,150.7567038063
25thAv-ElizabethDrive-BusinessPark,"51","0","51",0.04569971801628,276.89637478043716,-33.8859275304,150.7559015638
25thAv-ElizabethDrive-BusinessPark,"52","0","52",0.04650780528917,276.89675576379597,-33.8858304974,150.7550993234
25thAv-ElizabethDrive-BusinessPark,"53","0","53",0.04731589107970,278.87112682269674,-33.8857334593,150.7542970851
25thAv-ElizabethDrive-BusinessPark,"54","0","54",0.05804250549408,299.73056180488334,-33.8837151609,150.7437620613
25thAv-ElizabethDrive-BusinessPark,"55","0","55",0.06106193802649,278.96735082727463,-33.8814497000,150.7417659000
25thAv-ElizabethDrive-BusinessPark,"56","0","56",0.06739559395526,239.31888543511778,-33.8846815079,150.7363188260
20thAv-FAST-Austral,"0","0","0",0.00000000000000,277.88232676873702,-33.9207225000,150.8287731000
20thAv-FAST-Austral,"1","0","1",0.00089488508105,277.88067053487032,-33.9205997763,150.8278866700
20thAv-FAST-Austral,"2","0","2",0.00221139729229,277.88005111752869,-33.9204193066,150.8265825860
20thAv-FAST-Austral,"3","0","3",0.00309297251426,277.88124814869343,-33.9202984271,150.8257093374
20thAv-FAST-Austral,"4","0","4",0.00356312639793,277.88627287626883,-33.9202339581,150.8252436246
20thAv-FAST-Austral,"5","0","5",0.00423103154985,277.88445791464130,-33.9201422605,150.8245820440
20thAv-FAST-Austral,"6","0","6",0.00566739527636,277.88780417049793,-33.9199453920,150.8231592357
20thAv-FAST-Austral,"7","0","7",0.00608879152421,277.89007831076037,-33.9198874892,150.8227418366
20thAv-FAST-Austral,"8","0","8",0.00724046393519,277.87796442946535,-33.9197295499,150.8216010454
20thAv-FAST-Austral,"9","0","9",0.00781675619730,277.87861903202071,-33.9196506047,150.8210301860
20thAv-FAST-Austral,"10","0","10",0.00823632436469,277.88379126088853,-33.9195930561,150.8206145833
20thAv-FAST-Austral,"11","0","11",0.00912733660521,277.88415609609291,-33.9194708386,150.8197319930
20thAv-FAST-Austral,"12","0","12",0.01000385857831,277.88453186699832,-33.9193506023,150.8188637568
20thAv-FAST-Austral,"13","0","13",0.01053019126666,277.94473468299753,-33.9192784000,150.8183424000
20thAv-FAST-Austral,"14","0","14",0.01083339934244,278.00496006488100,-33.9192361766,150.8180421462
20thAv-FAST-Austral,"15","0","15",0.01212238867085,278.00575439481565,-33.9190566692,150.8167657174
20thAv-FAST-Austral,"16","0","16",0.01296689986873,278.00594074856156,-33.9189390432,150.8159294380
20thAv-FAST-Austral,"17","0","17",0.01399687530922,324.67200374446975,-33.9187956000,150.8149095000
20thAv-FAST-Austral,"18","0","18",0.01536963639250,11.33828628229459,-33.9174496313,150.8151793914
20thAv-FAST-Austral,"19","0","19",0.01670138418913,11.33794633546296,-33.9161438737,150.8154412103
20thAv-FAST-Austral,"20","0","20",0.01699575814192,11.33780598549288,-33.9158552444,150.8154990822
20thAv-FAST-Austral,"21","0","21",0.01727146953244,11.33770443817948,-33.9155849135,150.8155532852
20thAv-FAST-Austral,"22","0","22",0.01807752286395,9.58318997361770,-33.9147945896,150.8157117469
20thAv-FAST-Austral,"23","0","23",0.01891484385427,8.83426071188451,-33.9139650728,150.8158258011
20thAv-FAST-Austral,"24","0","24",0.02038534837697,0.36052312621735,-33.9125162000,150.8160771000
20thAv-FAST-Austral,"25","0","25",0.02055256159408,350.88130188438453,-33.9123511000,150.8160506000
20thAv-Austral-FAST,"0","0","0",0.00000000000000,170.88130188438458,-33.9123511000,150.8160506000
20thAv-Austral-FAST,"1","0","1",0.00016721321711,180.36052312550709,-33.9125162000,150.8160771000
20thAv-Austral-FAST,"2","0","2",0.00074300378047,189.83974436779698,-33.9130835204,150.8159787014
20thAv-Austral-FAST,"3","0","3",0.00163771773981,188.83426071234160,-33.9139650728,150.8158258011
20thAv-Austral-FAST,"4","0","4",0.00247503873013,189.58318997304730,-33.9147945896,150.8157117469
20thAv-Austral-FAST,"5","0","5",0.00297759201255,191.33760289189064,-33.9152873360,150.8156129501
20thAv-Austral-FAST,"6","0","6",0.00328109206165,191.30649962663173,-33.9155849135,150.8155532852
20thAv-Austral-FAST,"7","0","7",0.00369004384811,191.31128244058712,-33.9159859720,150.8154733248
20thAv-Austral-FAST,"8","0","8",0.00549463685312,191.34716851825146,-33.9177552906,150.8151182651
20thAv-Austral-FAST,"9","0","9",0.00655568656561,144.67634506215978,-33.9187956000,150.8149095000
20thAv-Austral-FAST,"10","0","10",0.00758566200611,98.00594074856151,-33.9189390432,150.8159294380
20thAv-Austral-FAST,"11","0","11",0.00843017320398,98.00575439481563,-33.9190566692,150.8167657174
20thAv-Austral-FAST,"12","0","12",0.00971916253240,98.00496006488098,-33.9192361766,150.8180421462
20thAv-Austral-FAST,"13","0","13",0.01002237060817,97.94473468299756,-33.9192784000,150.8183424000
20thAv-Austral-FAST,"14","0","14",0.01054870329653,97.88453186699837,-33.9193506023,150.8188637568
20thAv-Austral-FAST,"15","0","15",0.01142522526962,97.88415609609295,-33.9194708386,150.8197319930
20thAv-Austral-FAST,"16","0","16",0.01231623751014,97.88379126088853,-33.9195930561,150.8206145833
20thAv-Austral-FAST,"17","0","17",0.01273580567753,97.87861903202071,-33.9196506047,150.8210301860
20thAv-Austral-FAST,"18","0","18",0.01331209793964,97.87796442946535,-33.9197295499,150.8216010454
20thAv-Austral-FAST,"19","0","19",0.01446377035062,97.89007831076040,-33.9198874892,150.8227418366
20thAv-Austral-FAST,"20","0","20",0.01488516659847,97.88780417049797,-33.9199453920,150.8231592357
20thAv-Austral-FAST,"21","0","21",0.01632153032499,97.88445791464130,-33.9201422605,150.8245820440
20thAv-Austral-FAST,"22","0","22",0.01698943547691,97.88627287626881,-33.9202339581,150.8252436246
20thAv-Austral-FAST,"23","0","23",0.01745958936057,97.88124814869344,-33.9202984271,150.8257093374
20thAv-Austral-FAST,"24","0","24",0.01834116458255,97.88005111752875,-33.9204193066,150.8265825860
20thAv-Austral-FAST,"25","0","25",0.01965767679378,97.88067053487038,-33.9205997763,150.8278866700
20thAv-Austral-FAST,"26","0","26",0.02055256187483,97.88232676873703,-33.9207225000,150.8287731000
25thAv-ElizabethDrive-Cabramatta,"0","0","0",0.00000000000000,102.78801060408597,-33.8805742000,150.7927635000
25thAv-ElizabethDrive-Cabramatta,"1","0","1",0.00048431304957,100.83229776843926,-33.8806814000,150.7932358000
25thAv-ElizabethDrive-Cabramatta,"2","0","2",0.00070141325685,98.21025307051143,-33.8807149000,150.7934503000
25thAv-ElizabethDrive-Cabramatta,"3","0","3",0.00088802850276,95.83228125993683,-33.8807394000,150.7936353000
25thAv-ElizabethDrive-Cabramatta,"4","0","4",0.00116775159799,93.21887867154530,-33.8807595000,150.7939143000
25thAv-ElizabethDrive-Cabramatta,"5","0","5",0.00425207345699,91.45409434106611,-33.8808842000,150.7969961000
25thAv-ElizabethDrive-Cabramatta,"6","0","6",0.00467859615276,89.92262628147293,-33.8808886000,150.7974226000
25thAv-ElizabethDrive-Cabramatta,"7","0","7",0.00501662479059,87.85700186431841,-33.8808842000,150.7977606000
25thAv-ElizabethDrive-Cabramatta,"8","0","8",0.00530327178603,86.54409497631850,-33.8808665000,150.7980467000
25thAv-ElizabethDrive-Cabramatta,"9","0","9",0.00556342208875,86.66555272932956,-33.8808512000,150.7983064000
25thAv-ElizabethDrive-Cabramatta,"10","0","10",0.00611283159905,86.62219611638081,-33.8808196000,150.7988549000
25thAv-ElizabethDrive-Cabramatta,"11","0","11",0.00644603839668,87.13507550969055,-33.8807995000,150.7991875000
25thAv-ElizabethDrive-Cabramatta,"12","0","12",0.00678160207173,88.47488423578400,-33.8807862000,150.7995228000
25thAv-ElizabethDrive-Cabramatta,"13","0","13",0.00703912585704,89.86328980203095,-33.8807827000,150.7997803000
25thAv-ElizabethDrive-Cabramatta,"14","0","14",0.01028205197397,89.48992064377407,-33.8808113000,150.8030231000
25thAv-ElizabethDrive-Cabramatta,"15","0","15",0.01339985695346,88.15616726155187,-33.8807283000,150.8061398000
25thAv-ElizabethDrive-Cabramatta,"16","0","16",0.01446271367944,83.22113013368624,-33.8806882000,150.8072019000
25thAv-ElizabethDrive-Cabramatta,"17","0","17",0.01465959488728,75.33972466677427,-33.8806493000,150.8073949000
25thAv-ElizabethDrive-Cabramatta,"18","0","18",0.01476974138064,69.34302514269412,-33.8806154000,150.8074997000
25thAv-ElizabethDrive-Cabramatta,"19","0","19",0.01488435939845,64.99092330331084,-33.8805699000,150.8076049000
25thAv-ElizabethDrive-Cabramatta,"20","0","20",0.01496423179666,53.88904701951751,-33.8805341000,150.8076763000
25thAv-ElizabethDrive-Cabramatta,"21","0","21",0.01500524618439,50.11059185332734,-33.8805048000,150.8077050000
25thAv-ElizabethDrive-Cabramatta,"22","0","22",0.01505650240353,67.67426954795455,-33.8804760000,150.8077474000
25thAv-ElizabethDrive-Cabramatta,"23","0","23",0.01512036475550,83.94904225769008,-33.8804644000,150.8078102000
25thAv-ElizabethDrive-Cabramatta,"24","0","24",0.01518689189283,96.19983321573378,-33.8804625000,150.8078767000
25thAv-ElizabethDrive-Cabramatta,"25","0","25",0.01525286158282,108.73246815252543,-33.8804785000,150.8079407000
25thAv-ElizabethDrive-Cabramatta,"26","0","26",0.01529536581792,124.21434640613364,-33.8804954000,150.8079797000
25thAv-ElizabethDrive-Cabramatta,"27","0","27",0.01531771039220,119.43121968113468,-33.8805112000,150.8079955000
25thAv-ElizabethDrive-Cabramatta,"28","0","28",0.01557356240021,99.84783113918917,-33.8805725000,150.8082439000
25thAv-ElizabethDrive-Cabramatta,"29","0","29",0.01575952532661,92.63014210869214,-33.8805914000,150.8084289000
25thAv-ElizabethDrive-Cabramatta,"30","0","30",0.01586953082648,87.48212141352802,-33.8805903000,150.8085389000
25thAv-ElizabethDrive-Cabramatta,"31","0","31",0.01601346723606,83.58672392949269,-33.8805791000,150.8086824000
25thAv-ElizabethDrive-Cabramatta,"32","0","32",0.01624583859831,80.46878517317070,-33.8805453000,150.8089123000
25thAv-ElizabethDrive-Cabramatta,"33","0","33",0.01644622185609,79.28946493742932,-33.8805081000,150.8091092000
25thAv-ElizabethDrive-Cabramatta,"34","0","34",0.01669292931444,79.35155681161342,-33.8804622000,150.8093516000
25thAv-ElizabethDrive-Cabramatta,"35","0","35",0.01874345319383,79.46700536865271,-33.8800859000,150.8113673000
25thAv-ElizabethDrive-Cabramatta,"36","0","36",0.01998460272551,79.52010564589182,-33.8798599000,150.8125877000
25thAv-ElizabethDrive-Cabramatta,"37","0","37",0.02119159241063,80.12748842221617,-33.8796406000,150.8137746000
25thAv-ElizabethDrive-Cabramatta,"38","0","38",0.02161280126621,83.51595127684361,-33.8795727000,150.8141903000
25thAv-ElizabethDrive-Cabramatta,"39","0","39",0.02194208442702,85.72761369294412,-33.8795515000,150.8145189000
25thAv-ElizabethDrive-Cabramatta,"40","0","40",0.02212764977938,86.07784359191092,-33.8795358000,150.8147038000
25thAv-ElizabethDrive-Cabramatta,"41","0","41",0.02234805000625,88.33337903075646,-33.8795243000,150.8149239000
25thAv-ElizabethDrive-Cabramatta,"42","0","42",0.02248195239608,89.63640884467623,-33.8795235000,150.8150578000
25thAv-ElizabethDrive-Cabramatta,"43","0","43",0.02282436012087,91.80698608538795,-33.8795212000,150.8154002000
25thAv-ElizabethDrive-Cabramatta,"44","0","44",0.02321009921664,95.59452137538794,-33.8795481000,150.8157850000
25thAv-ElizabethDrive-Cabramatta,"45","0","45",0.02354805687670,98.68813322675494,-33.8795904000,150.8161203000
25thAv-ElizabethDrive-Cabramatta,"46","0","46",0.02401400077890,102.23538413377348,-33.8796728000,150.8165789000
25thAv-ElizabethDrive-Cabramatta,"47","0","47",0.02429364698395,105.44672568318134,-33.8797418000,150.8168499000
25thAv-ElizabethDrive-Cabramatta,"48","0","48",0.02462110904284,108.93981718305548,-33.8798354000,150.8171637000
25thAv-ElizabethDrive-Cabramatta,"49","0","49",0.02513051176170,112.35761911510825,-33.8800202000,150.8176384000
25thAv-ElizabethDrive-Cabramatta,"50","0","50",0.02584684746513,113.04314325603676,-33.8803052000,150.8182956000
25thAv-ElizabethDrive-Cabramatta,"51","0","51",0.02646585520337,110.20404698612666,-33.8805435000,150.8188669000
25thAv-ElizabethDrive-Cabramatta,"52","0","52",0.02675032145794,105.20359953214874,-33.8806303000,150.8191378000
25thAv-ElizabethDrive-Cabramatta,"53","0","53",0.02712684837600,99.25936538789928,-33.8807127000,150.8195052000
25thAv-ElizabethDrive-Cabramatta,"54","0","54",0.02741003716460,94.07840627492560,-33.8807417000,150.8197869000
25thAv-ElizabethDrive-Cabramatta,"55","0","55",0.02768915796284,90.85983116639486,-33.8807528000,150.8200658000
25thAv-ElizabethDrive-Cabramatta,"56","0","56",0.02791446870380,86.41978056628116,-33.8807506000,150.8202911000
25thAv-ElizabethDrive-Cabramatta,"57","0","57",0.02822502745832,80.94786501656090,-33.8807149000,150.8205996000
25thAv-ElizabethDrive-Cabramatta,"58","0","58",0.02864924868598,74.32449550501595,-33.8806303000,150.8210153000
25thAv-ElizabethDrive-Cabramatta,"59","0","59",0.02910842449108,68.00582457236023,-33.8804744000,150.8214472000
25thAv-ElizabethDrive-Cabramatta,"60","0","60",0.02940232801266,62.16094470544788,-33.8803542000,150.8217154000
25thAv-ElizabethDrive-Cabramatta,"61","0","61",0.02969178068584,57.59035062761945,-33.8802028000,150.8219621000
25thAv-ElizabethDrive-Cabramatta,"62","0","62",0.03016667157858,55.55988540578501,-33.8799422000,150.8223591000
25thAv-ElizabethDrive-Cabramatta,"63","0","63",0.03114279192462,54.40227570289529,-33.8793740000,150.8231528000
25thAv-ElizabethDrive-Cabramatta,"64","0","64",0.03128864791525,54.57525926189404,-33.8792891000,150.8232714000
25thAv-ElizabethDrive-Cabramatta,"65","0","65",0.03217364053103,54.74723026915099,-33.8787783000,150.8239941000
25thAv-ElizabethDrive-Cabramatta,"66","0","66",0.03410454925234,54.69788401510463,-33.8776638000,150.8255709000
25thAv-ElizabethDrive-Cabramatta,"67","0","67",0.03590048016696,54.64923124855472,-33.8766247000,150.8270357000
25thAv-ElizabethDrive-Cabramatta,"68","0","68",0.03631304524061,54.91724776312976,-33.8763860000,150.8273722000
25thAv-ElizabethDrive-Cabramatta,"69","0","69",0.03683570131300,56.63571423790238,-33.8760876000,150.8278013000
25thAv-ElizabethDrive-Cabramatta,"70","0","70",0.03712644850557,59.55930177557826,-33.8759339000,150.8280481000
25thAv-ElizabethDrive-Cabramatta,"71","0","71",0.03746671947111,64.10405478633773,-33.8757691000,150.8283458000
25thAv-ElizabethDrive-Cabramatta,"72","0","72",0.03766754382224,69.00908411319632,-33.8756912000,150.8285309000
25thAv-ElizabethDrive-Cabramatta,"73","0","73",0.03794575153242,72.04450915009390,-33.8755999000,150.8287937000
25thAv-ElizabethDrive-Cabramatta,"74","0","74",0.03816986382569,76.25476586745998,-33.8755353000,150.8290083000
25thAv-ElizabethDrive-Cabramatta,"75","0","75",0.03842106191487,80.47249956592952,-33.8754885000,150.8292551000
25thAv-ElizabethDrive-Cabramatta,"76","0","76",0.03869757043191,83.65981101401212,-33.8754485000,150.8295287000
25thAv-ElizabethDrive-Cabramatta,"77","0","77",0.03899071984774,87.81863563903866,-33.8754262000,150.8298210000
25thAv-ElizabethDrive-Cabramatta,"78","0","78",0.03920801984775,91.60030602358901,-33.8754262000,150.8300383000
25thAv-ElizabethDrive-Cabramatta,"79","0","79",0.03940682995814,95.80647866786103,-33.8754373000,150.8302368000
25thAv-ElizabethDrive-Cabramatta,"80","0","80",0.03965085546909,99.74732083097996,-33.8754730000,150.8304782000
25thAv-ElizabethDrive-Cabramatta,"81","0","81",0.04028762997395,101.00048860568278,-33.8755954000,150.8311031000
25thAv-ElizabethDrive-Cabramatta,"82","0","82",0.04079022851154,100.85996466489024,-33.8756906000,150.8315966000
25thAv-ElizabethDrive-Cabramatta,"83","0","83",0.04109065104731,99.78739225865927,-33.8757469000,150.8318917000
25thAv-ElizabethDrive-Cabramatta,"84","0","84",0.04144074754830,97.21974407702255,-33.8758003000,150.8322377000
25thAv-ElizabethDrive-Cabramatta,"85","0","85",0.04173448261599,94.04606677522730,-33.8758293000,150.8325300000
25thAv-ElizabethDrive-Cabramatta,"86","0","86",0.04204866425136,90.35414371755056,-33.8758426000,150.8328439000
25thAv-ElizabethDrive-Cabramatta,"87","0","87",0.04241893066896,86.66031028414440,-33.8758315000,150.8332140000
25thAv-ElizabethDrive-Cabramatta,"88","0","88",0.04277968238414,83.69743568467308,-33.8758003000,150.8335734000
25thAv-ElizabethDrive-Cabramatta,"89","0","89",0.04305785407572,80.83421991002373,-33.8757633000,150.8338491000
25thAv-ElizabethDrive-Cabramatta,"90","0","90",0.04330534761102,78.20570819978168,-33.8757174000,150.8340923000
25thAv-ElizabethDrive-Cabramatta,"91","0","91",0.04568686033403,77.16226829371863,-33.8751857000,150.8364137000
25thAv-ElizabethDrive-Cabramatta,"92","0","92",0.04646245894802,77.25127578780885,-33.8750142000,150.8371701000
25thAv-ElizabethDrive-Cabramatta,"93","0","93",0.04688564930706,77.64498179999806,-33.8749210000,150.8375829000
25thAv-ElizabethDrive-Cabramatta,"94","0","94",0.04718753236390,78.59097248811349,-33.8748583000,150.8378782000
25thAv-ElizabethDrive-Cabramatta,"95","0","95",0.04743605942480,79.02162247277784,-33.8748116000,150.8381223000
25thAv-ElizabethDrive-Cabramatta,"96","0","96",0.04764386515138,81.01687383219934,-33.8747715000,150.8383262000
25thAv-ElizabethDrive-Cabramatta,"97","0","97",0.04790582974822,84.24648705542387,-33.8747403000,150.8385863000
25thAv-ElizabethDrive-Cabramatta,"98","0","98",0.04815164471929,86.94697356110537,-33.8747203000,150.8388313000
25thAv-ElizabethDrive-Cabramatta,"99","0","99",0.04845424017531,90.63674218554191,-33.8747127000,150.8391338000
25thAv-ElizabethDrive-Cabramatta,"100","0","100",0.04871413140255,95.01454529577663,-33.8747250000,150.8393934000
25thAv-ElizabethDrive-Cabramatta,"101","0","101",0.04897404763904,98.90608374858046,-33.8747581000,150.8396512000
25thAv-ElizabethDrive-Cabramatta,"102","0","102",0.04926664323026,101.98074603438485,-33.8748114000,150.8399389000
25thAv-ElizabethDrive-Cabramatta,"103","0","103",0.04956381260958,105.96775768154448,-33.8748806000,150.8402279000
25thAv-ElizabethDrive-Cabramatta,"104","0","104",0.04982390999518,110.01567612095701,-33.8749630000,150.8404746000
25thAv-ElizabethDrive-Cabramatta,"105","0","105",0.05011669840001,113.98732324801976,-33.8750706000,150.8407469000
25thAv-ElizabethDrive-Cabramatta,"106","0","106",0.05038645858982,115.33487602730693,-33.8751906000,150.8409885000
25thAv-ElizabethDrive-Cabramatta,"107","0","107",0.05086500769909,119.72333061025100,-33.8753872000,150.8414248000
25thAv-ElizabethDrive-Cabramatta,"108","0","108",0.05154313916128,125.30518016664118,-33.8757780000,150.8419790000
25thAv-ElizabethDrive-Cabramatta,"109","0","109",0.05198035907162,125.15478709826101,-33.8760314000,150.8423353000
25thAv-ElizabethDrive-Cabramatta,"110","0","110",0.05210361271255,127.66182413037590,-33.8761019000,150.8424364000
25thAv-ElizabethDrive-Cabramatta,"111","0","111",0.05360844398547,129.63529310665953,-33.8770779000,150.8435818000
25thAv-ElizabethDrive-Cabramatta,"112","0","112",0.05550640146656,122.79472103838900,-33.8782681000,150.8450602000
25thAv-ElizabethDrive-Cabramatta,"113","0","113",0.05671777547154,116.70261118140122,-33.8788134000,150.8461419000
25thAv-ElizabethDrive-Cabramatta,"114","0","114",0.05754373521032,118.19444019371295,-33.8791839000,150.8468801000
25thAv-ElizabethDrive-Cabramatta,"115","0","115",0.05862111332870,125.22921480294394,-33.8797183000,150.8478156000
25thAv-ElizabethDrive-Cabramatta,"116","0","116",0.05939167370270,131.78187684466866,-33.8802210000,150.8483996000
25thAv-ElizabethDrive-Cabramatta,"117","0","117",0.06066126485735,134.49803845155236,-33.8810843000,150.8493305000
25thAv-ElizabethDrive-Cabramatta,"118","0","118",0.06146894455871,133.19805654485796,-33.8816668000,150.8498900000
25thAv-ElizabethDrive-Cabramatta,"119","0","119",0.06276565012671,127.44582481833962,-33.8825045000,150.8508798000
25thAv-ElizabethDrive-Cabramatta,"120","0","120",0.06380935387777,120.14229084279587,-33.8830979000,150.8517384000
25thAv-ElizabethDrive-Cabramatta,"121","0","121",0.06463613707183,109.18009231677870,-33.8834556000,150.8524838000
25thAv-ElizabethDrive-Cabramatta,"122","0","122",0.06558360808988,99.25434715702220,-33.8836643000,150.8534080000
25thAv-ElizabethDrive-Cabramatta,"123","0","123",0.06637051399275,91.73405957054639,-33.8837436000,150.8541909000
25thAv-ElizabethDrive-Cabramatta,"124","0","124",0.06775154174412,87.25719361101628,-33.8836878000,150.8555708000
25thAv-ElizabethDrive-Cabramatta,"125","0","125",0.06965214988364,86.82600182414019,-33.8835827000,150.8574685000
25thAv-ElizabethDrive-Cabramatta,"126","0","126",0.06982892174227,86.79282631950886,-33.8835729000,150.8576450000
25thAv-ElizabethDrive-Cabramatta,"127","0","127",0.06992457429057,86.65352117670322,-33.8835675000,150.8577405000
25thAv-ElizabethDrive-Cabramatta,"128","0","128",0.07156986755621,86.60885352547247,-33.8834683000,150.8593828000
25thAv-ElizabethDrive-Cabramatta,"129","0","129",0.07270758353133,86.56078072546774,-33.8834023000,150.8605186000
25thAv-ElizabethDrive-Cabramatta,"130","0","130",0.07424062984830,86.71893061598739,-33.8833073000,150.8620487000
25thAv-ElizabethDrive-Cabramatta,"131","0","131",0.07432825067917,86.81084295348464,-33.8833027000,150.8621362000
25thAv-ElizabethDrive-Cabramatta,"132","0","132",0.07540370927900,88.48942717946132,-33.8832395000,150.8632098000
25thAv-ElizabethDrive-Cabramatta,"133","0","133",0.07576611595664,91.63376125428722,-33.8832417000,150.8635722000
25thAv-ElizabethDrive-Cabramatta,"134","0","134",0.07599581412816,92.93138177981099,-33.8832534000,150.8638016000
25thAv-ElizabethDrive-Cabramatta,"135","0","135",0.07609514514046,94.68245361046550,-33.8832585000,150.8639008000
25thAv-ElizabethDrive-Cabramatta,"136","0","136",0.07621137443969,96.41789782175283,-33.8832715000,150.8640163000
25thAv-ElizabethDrive-Cabramatta,"137","0","137",0.07652020750138,98.36855414555370,-33.8833060000,150.8643232000
25thAv-ElizabethDrive-Cabramatta,"138","0","138",0.07671607812196,99.90673325936046,-33.8833411000,150.8645159000
25thAv-ElizabethDrive-Cabramatta,"139","0","139",0.07685072090861,101.18804581919763,-33.8833633000,150.8646487000
25thAv-ElizabethDrive-Cabramatta,"140","0","140",0.07702829278137,104.60667469154838,-33.8834029000,150.8648218000
25thAv-ElizabethDrive-Cabramatta,"141","0","141",0.07710654883545,106.32360682061164,-33.8834249000,150.8648969000
25thAv-ElizabethDrive-Cabramatta,"142","0","142",0.07729160493508,106.33161505861260,-33.8834769000,150.8650745000
25thAv-ElizabethDrive-Cabramatta,"143","0","143",0.07770667737451,109.74785500454379,-33.8835937000,150.8654728000
25thAv-ElizabethDrive-Cabramatta,"144","0","144",0.07843536266326,112.81243520298247,-33.8838802000,150.8661428000
25thAv-ElizabethDrive-Cabramatta,"145","0","145",0.07922621911673,112.31385872240463,-33.8841825000,150.8668736000
25thAv-ElizabethDrive-Cabramatta,"146","0","146",0.08240696227831,110.58019536119666,-33.8853820000,150.8698195000
25thAv-ElizabethDrive-Cabramatta,"147","0","147",0.08451592653594,110.13666511094893,-33.8860688000,150.8718135000
25thAv-ElizabethDrive-Cabramatta,"148","0","148",0.08686726569694,110.73463782125185,-33.8869217000,150.8740047000
25thAv-ElizabethDrive-Cabramatta,"149","0","149",0.08778235773604,107.57397358531816,-33.8872377000,150.8748635000
25thAv-ElizabethDrive-Cabramatta,"150","0","150",0.08892574222953,103.81795939121645,-33.8875326000,150.8759682000
25thAv-ElizabethDrive-Cabramatta,"151","0","151",0.09028463249002,101.08728951050637,-33.8878311000,150.8772939000
25thAv-ElizabethDrive-Cabramatta,"152","0","152",0.09098308164350,96.74983947571275,-33.8879462000,150.8779828000
25thAv-ElizabethDrive-Cabramatta,"153","0","153",0.09216438001816,93.33406919210812,-33.8880289000,150.8791612000
25thAv-ElizabethDrive-Cabramatta,"154","0","154",0.09325294738859,95.38020219344983,-33.8880793000,150.8802486000
25thAv-ElizabethDrive-Cabramatta,"155","0","155",0.09363375270632,100.24896420742802,-33.8881330000,150.8806256000
25thAv-ElizabethDrive-Cabramatta,"156","0","156",0.09397254482547,104.24128951183840,-33.8882057000,150.8809565000
25thAv-ElizabethDrive-Cabramatta,"157","0","157",0.09417206169193,107.65240965192457,-33.8882610000,150.8811482000
25thAv-ElizabethDrive-Cabramatta,"158","0","158",0.09427446569576,110.67638661226546,-33.8882947000,150.8812449000
25thAv-ElizabethDrive-Cabramatta,"159","0","159",0.09446339541814,112.14420791349606,-33.8883659000,150.8814199000
25thAv-ElizabethDrive-Cabramatta,"160","0","160",0.09471431157945,115.13439239256549,-33.8884605000,150.8816523000
25thAv-ElizabethDrive-Cabramatta,"161","0","161",0.09507861170297,120.63761816482170,-33.8886322000,150.8819736000
25thAv-ElizabethDrive-Cabramatta,"162","0","162",0.09529564759861,123.16493867600019,-33.8887509000,150.8821553000
25thAv-ElizabethDrive-Cabramatta,"163","0","163",0.09547127279611,124.52075829846817,-33.8888470000,150.8823023000
25thAv-ElizabethDrive-Cabramatta,"164","0","164",0.09568956622248,125.87311398847663,-33.8889749000,150.8824792000
25thAv-ElizabethDrive-Cabramatta,"165","0","165",0.09607006312135,124.31855217209419,-33.8891979000,150.8827875000
25thAv-ElizabethDrive-Cabramatta,"166","0","166",0.09625080835637,122.48224211038496,-33.8892957000,150.8829395000
25thAv-ElizabethDrive-Cabramatta,"167","0","167",0.09636863844592,121.70975051964039,-33.8893585000,150.8830392000
25thAv-ElizabethDrive-Cabramatta,"168","0","168",0.09852427602449,121.12394338519555,-33.8904756000,150.8848828000
25thAv-ElizabethDrive-Cabramatta,"169","0","169",0.09956179181226,117.64346063346159,-33.8910105000,150.8857718000
25thAv-ElizabethDrive-Cabramatta,"170","0","170",0.09978674462956,117.94999566229262,-33.8911029000,150.8859769000
25thAv-ElizabethDrive-Cabramatta,"171","0","171",0.10205624427485,121.51563679301630,-33.8922937000,150.8879089000
25thAv-ElizabethDrive-Cabramatta,"172","0","172",0.10227400186944,121.89196048047252,-33.8924071000,150.8880948000
25thAv-ElizabethDrive-Cabramatta,"173","0","173",0.10255375256200,128.32670719604823,-33.8925570000,150.8883310000
25thAv-ElizabethDrive-Cabramatta,"174","0","174",0.10272729131850,128.48490185134960,-33.8926781000,150.8884553000
25thAv-ElizabethDrive-Cabramatta,"175","0","175",0.10276484993936,114.19140054907106,-33.8926984000,150.8884869000
25thAv-ElizabethDrive-Cabramatta,"176","0","176",0.10321258202441,102.89186077345641,-33.8928193000,150.8889180000
25thAv-ElizabethDrive-Cabramatta,"177","0","177",0.10374140597433,101.93201984177148,-33.8929122000,150.8894386000
25thAv-ElizabethDrive-Cabramatta,"178","0","178",0.10407681278701,101.22999441781580,-33.8929919000,150.8897644000
25thAv-ElizabethDrive-Cabramatta,"179","0","179",0.10505834206830,98.45474870855664,-33.8931406000,150.8907346000
25thAv-ElizabethDrive-Cabramatta,"180","0","180",0.10555218576827,97.61249317420396,-33.8932110000,150.8912234000
25thAv-ElizabethDrive-Cabramatta,"181","0","181",0.10627945204688,97.83444473931223,-33.8933000000,150.8919452000
25thAv-ElizabethDrive-Cabramatta,"182","0","182",0.10639395130451,98.22009284446042,-33.8933172000,150.8920584000
25thAv-ElizabethDrive-Cabramatta,"183","0","183",0.10682423289837,97.80201830811768,-33.8933756000,150.8924847000
25thAv-ElizabethDrive-Cabramatta,"184","0","184",0.10757841696076,97.80264030897473,-33.8934780000,150.8932319000
25thAv-ElizabethDrive-Cabramatta,"185","0","185",0.10874087716654,97.80130230342166,-33.8936358000,150.8943836000
25thAv-ElizabethDrive-Cabramatta,"186","0","186",0.11036248364470,97.87783044506807,-33.8938559000,150.8959902000
25thAv-ElizabethDrive-Cabramatta,"187","0","187",0.11170793029543,98.36608532199800,-33.8940421000,150.8973227000
25thAv-ElizabethDrive-Cabramatta,"188","0","188",0.11179181265356,98.61201811193750,-33.8940549000,150.8974056000
25thAv-ElizabethDrive-Cabramatta,"189","0","189",0.11193001171287,98.01830918939199,-33.8940752000,150.8975423000
25thAv-ElizabethDrive-Cabramatta,"190","0","190",0.11384700683023,97.66864759874116,-33.8943284000,150.8994425000
25thAv-ElizabethDrive-Cabramatta,"191","0","191",0.11526979398227,97.71523639020553,-33.8945202000,150.9008523000
25thAv-ElizabethDrive-Cabramatta,"192","0","192",0.11747034897590,97.74618652453071,-33.8948144000,150.9030331000
25thAv-ElizabethDrive-Cabramatta,"193","0","193",0.11876858909237,97.82574933168354,-33.8949908000,150.9043193000
25thAv-ElizabethDrive-Cabramatta,"194","0","194",0.11917387953145,97.84239476118374,-33.8950461000,150.9047208000
25thAv-ElizabethDrive-Cabramatta,"195","0","195",0.12048716306517,97.76222856504057,-33.8952253000,150.9060218000
25thAv-ElizabethDrive-Cabramatta,"196","0","196",0.12307407924665,97.81357818562957,-33.8955711000,150.9085855000
25thAv-ElizabethDrive-Cabramatta,"197","0","197",0.12424027410173,97.57868576063437,-33.8957323000,150.9097405000
25thAv-ElizabethDrive-Cabramatta,"198","0","198",0.12539924359659,99.40925212159361,-33.8958778000,150.9108903000
25thAv-ElizabethDrive-Cabramatta,"199","0","199",0.12561148331954,104.77671631967500,-33.8959205000,150.9110982000
25thAv-ElizabethDrive-Cabramatta,"200","0","200",0.12580457899533,112.97655093306534,-33.8959800000,150.9112819000
25thAv-ElizabethDrive-Cabramatta,"201","0","201",0.12604820857067,122.46732400630555,-33.8960944000,150.9114970000
25thAv-ElizabethDrive-Cabramatta,"202","0","202",0.12659512885740,126.70636904304541,-33.8964230000,150.9119342000
25thAv-ElizabethDrive-Cabramatta,"203","0","203",0.12709126010012,125.06276604460430,-33.8967180000,150.9123331000
25thAv-ElizabethDrive-Cabramatta,"204","0","204",0.12758061679008,118.26181192363083,-33.8969891000,150.9127405000
25thAv-ElizabethDrive-Cabramatta,"205","0","205",0.12787791221554,114.40563365964269,-33.8971047000,150.9130144000
25thAv-ElizabethDrive-Cabramatta,"206","0","206",0.12793028415457,114.90672071958306,-33.8971276000,150.9130615000
25thAv-ElizabethDrive-Cabramatta,"207","0","207",0.12822097803134,113.88099136420303,-33.8972453000,150.9133273000
25thAv-ElizabethDrive-Cabramatta,"208","0","208",0.12905648700198,114.21950411364702,-33.8975835000,150.9140913000
25thAv-ElizabethDrive-Cabramatta,"209","0","209",0.13023073808674,114.52651515115579,-33.8980716000,150.9151593000
25thAv-ElizabethDrive-Cabramatta,"210","0","210",0.13143587336957,115.90183880114145,-33.8985712000,150.9162560000
25thAv-ElizabethDrive-Cabramatta,"211","0","211",0.13186805260325,113.55881578131748,-33.8987695000,150.9166400000
25thAv-ElizabethDrive-Cabramatta,"212","0","212",0.13216023578208,110.73887085381877,-33.8988685000,150.9169149000
25thAv-ElizabethDrive-Cabramatta,"213","0","213",0.13249790504336,109.77103566096837,-33.8989932000,150.9172287000
25thAv-ElizabethDrive-Cabramatta,"214","0","214",0.13279609070696,107.08683008100837,-33.8990847000,150.9175125000
25thAv-ElizabethDrive-Cabramatta,"215","0","215",0.13311668279984,104.99022373538685,-33.8991747000,150.9178202000
25thAv-ElizabethDrive-Cabramatta,"216","0","216",0.13348379195253,101.98151890682806,-33.8992615000,150.9181769000
25thAv-ElizabethDrive-Cabramatta,"217","0","217",0.13384499744809,97.97617726405994,-33.8993260000,150.9185323000
25thAv-ElizabethDrive-Cabramatta,"218","0","218",0.13413873251577,95.26927053729437,-33.8993550000,150.9188246000
25thAv-ElizabethDrive-Cabramatta,"219","0","219",0.13427412180635,94.87177481188418,-33.8993665000,150.9189595000
25thAv-ElizabethDrive-Cabramatta,"220","0","220",0.13442486622582,94.64845827965972,-33.8993793000,150.9191097000
25thAv-ElizabethDrive-Cabramatta,"221","0","221",0.13456999902706,93.90934115384331,-33.8993905000,150.9192544000
25thAv-ElizabethDrive-Cabramatta,"222","0","222",0.13496709499783,92.92657047993890,-33.8994140000,150.9196508000
25thAv-ElizabethDrive-Cabramatta,"223","0","223",0.13501834224166,92.48300434859992,-33.8994162000,150.9197020000
25thAv-ElizabethDrive-Cabramatta,"224","0","224",0.13537518339681,91.97224654679026,-33.8994318000,150.9200585000
25thAv-ElizabethDrive-Cabramatta,"225","0","225",0.13566987632172,91.45890370018921,-33.8994392000,150.9203531000
25thAv-ElizabethDrive-Cabramatta,"226","0","226",0.13572799568165,89.36826511297224,-33.8994407000,150.9204112000
25thAv-ElizabethDrive-Cabramatta,"227","0","227",0.13616900073831,86.61224388560552,-33.8994196000,150.9208517000
25thAv-ElizabethDrive-Cabramatta,"228","0","228",0.13656568310496,87.89658388016372,-33.8993917000,150.9212474000
25thAv-ElizabethDrive-Cabramatta,"229","0","229",0.13679658416601,82.28020203108561,-33.8993910000,150.9214783000
25thAv-ElizabethDrive-Cabramatta,"230","0","230",0.13698306424537,73.89953847003038,-33.8993419000,150.9216582000
25thAv-ElizabethDrive-Cabramatta,"231","0","231",0.13783960765351,73.22179465803649,-33.8990924000,150.9224776000
25thAv-ElizabethDrive-Cabramatta,"232","0","232",0.13836120201697,73.08099223707494,-33.8989432000,150.9229774000
25thAv-ElizabethDrive-Cabramatta,"233","0","233",0.13960754765921,69.34056764229911,-33.8985743000,150.9241679000
25thAv-ElizabethDrive-Cabramatta,"234","0","234",0.13995723391861,62.91350342939283,-33.8984315000,150.9244871000
25thAv-ElizabethDrive-Cabramatta,"235","0","235",0.14019712097538,59.99971593080823,-33.8983113000,150.9246947000
25thAv-ElizabethDrive-Cabramatta,"236","0","236",0.14046228381215,57.82530421043295,-33.8981790000,150.9249245000
25thAv-ElizabethDrive-Cabramatta,"237","0","237",0.14089359817545,57.06801501695674,-33.8979352000,150.9252803000
25thAv-ElizabethDrive-Cabramatta,"238","0","238",0.14138835470147,59.26940351178187,-33.8976771000,150.9257024000
25thAv-ElizabethDrive-Cabramatta,"239","0","239",0.14188230378788,63.61381328245299,-33.8974300000,150.9261301000
25thAv-ElizabethDrive-Cabramatta,"240","0","240",0.14214212759357,68.73707934877633,-33.8973295000,150.9263697000
25thAv-ElizabethDrive-Cabramatta,"241","0","241",0.14241352471955,70.42615526297010,-33.8972377000,150.9266251000
25thAv-ElizabethDrive-Cabramatta,"242","0","242",0.14266730021088,72.14406189954815,-33.8971535000,150.9268645000
25thAv-ElizabethDrive-Cabramatta,"243","0","243",0.14326606871373,74.98358083395003,-33.8969851000,150.9274391000
25thAv-ElizabethDrive-Cabramatta,"244","0","244",0.14367736777768,76.77781719614094,-33.8968877000,150.9278387000
25thAv-ElizabethDrive-Cabramatta,"245","0","245",0.14453582199894,77.25254926015599,-33.8966983000,150.9286760000
25thAv-ElizabethDrive-Cabramatta,"246","0","246",0.14482946123336,77.90631989313778,-33.8966335000,150.9289624000
25thAv-ElizabethDrive-Cabramatta,"247","0","247",0.14573004840294,77.28232730561855,-33.8964549000,150.9298451000
25thAv-ElizabethDrive-Cabramatta,"248","0","248",0.14597728927742,76.83004714589894,-33.8963951000,150.9300850000
25thAv-ElizabethDrive-Cabramatta,"249","0","249",0.14727170927880,77.41460361127062,-33.8961184000,150.9313495000
25thAv-ElizabethDrive-Cabramatta,"250","0","250",0.14804911185147,78.80527432045132,-33.8959458000,150.9321075000
25thAv-ElizabethDrive-Cabramatta,"251","0","251",0.14839045398188,83.06552516978469,-33.8958891000,150.9324441000
25thAv-ElizabethDrive-Cabramatta,"252","0","252",0.14867405498682,86.57501333769834,-33.8958678000,150.9327269000
25thAv-ElizabethDrive-Cabramatta,"253","0","253",0.14903471007134,89.70635105639346,-33.8958518000,150.9330872000
25thAv-ElizabethDrive-Cabramatta,"254","0","254",0.14941863363145,92.96274214841742,-33.8958649000,150.9334709000
25thAv-ElizabethDrive-Cabramatta,"255","0","255",0.14998048188499,94.21642759630576,-33.8959038000,150.9340314000
25thAv-ElizabethDrive-Cabramatta,"256","0","256",0.15046755864485,93.43204026099535,-33.8959417000,150.9345170000
25thAv-ElizabethDrive-Cabramatta,"257","0","257",0.15068474936748,89.87452935516437,-33.8959508000,150.9347340000
25thAv-ElizabethDrive-Cabramatta,"258","0","258",0.15129199986768,87.16667211711747,-33.8959227000,150.9353406000
25thAv-ElizabethDrive-Cabramatta,"259","0","259",0.15166661820681,86.85018929064171,-33.8959030000,150.9357147000
25thAv-ElizabethDrive-Cabramatta,"260","0","260",0.15201038314103,83.29070241140560,-33.8958833000,150.9360579000
25thAv-ElizabethDrive-Cabramatta,"261","0","261",0.15312212534137,79.89699050317638,-33.8956877000,150.9371523000
25thAv-ElizabethDrive-Cabramatta,"262","0","262",0.15376879256646,79.92509500131261,-33.8955746000,150.9377890000
25thAv-ElizabethDrive-Cabramatta,"263","0","263",0.15395110510031,80.61902190497618,-33.8955427000,150.9379685000
25thAv-ElizabethDrive-Cabramatta,"264","0","264",0.15440541421314,46.06862191501286,-33.8954741000,150.9384176000
25thAv-ElizabethDrive-Cabramatta,"265","0","265",0.15449062976335,10.93866314112206,-33.8953904000,150.9384336000
25thAv-ElizabethDrive-Cabramatta,"266","0","266",0.15494954605200,11.05528624259481,-33.8949400000,150.9385216000
25thAv-Cabramatta-ElizabethDrive,"0","0","0",0.00000000000000,191.31465322340406,-33.8949400000,150.9385216000
25thAv-Cabramatta-ElizabethDrive,"1","0","1",0.00023802615402,191.04522890000467,-33.8951734000,150.9384749000
25thAv-Cabramatta-ElizabethDrive,"2","0","2",0.00045892135541,230.33410350453823,-33.8953904000,150.9384336000
25thAv-Cabramatta-ElizabethDrive,"3","0","3",0.00056542154317,272.97139460344516,-33.8953906000,150.9383271000
25thAv-Cabramatta-ElizabethDrive,"4","0","4",0.00108722822195,276.49000222726841,-33.8953356000,150.9378082000
25thAv-Cabramatta-ElizabethDrive,"5","0","5",0.00133090827861,277.55903631222060,-33.8953062000,150.9375663000
25thAv-Cabramatta-ElizabethDrive,"6","0","6",0.00208075298249,278.18827879561047,-33.8951994000,150.9368241000
25thAv-Cabramatta-ElizabethDrive,"7","0","7",0.00303073728762,278.18539520405187,-33.8950641000,150.9358838000
25thAv-Cabramatta-ElizabethDrive,"8","0","8",0.00528044088589,234.80687189837246,-33.8947439000,150.9336570000
25thAv-Cabramatta-ElizabethDrive,"9","0","9",0.00580923000262,191.42756169298315,-33.8952622000,150.9335522000
25thAv-Cabramatta-ElizabethDrive,"10","0","10",0.00588799039877,191.43366620050497,-33.8953394000,150.9335366000
25thAv-Cabramatta-ElizabethDrive,"11","0","11",0.00609867853323,187.86397660271902,-33.8955459000,150.9334948000
25thAv-Cabramatta-ElizabethDrive,"12","0","12",0.00641857259381,228.12003926160028,-33.8958649000,150.9334709000
25thAv-Cabramatta-ElizabethDrive,"13","0","13",0.00680249615392,269.70635105639343,-33.8958518000,150.9330872000
25thAv-Cabramatta-ElizabethDrive,"14","0","14",0.00716315123844,266.57501333769841,-33.8958678000,150.9327269000
25thAv-Cabramatta-ElizabethDrive,"15","0","15",0.00744675224338,263.06552516978468,-33.8958891000,150.9324441000
25thAv-Cabramatta-ElizabethDrive,"16","0","16",0.00778809437380,258.80527432045130,-33.8959458000,150.9321075000
25thAv-Cabramatta-ElizabethDrive,"17","0","17",0.00856549694646,257.41460361127065,-33.8961184000,150.9313495000
25thAv-Cabramatta-ElizabethDrive,"18","0","18",0.00985991694784,256.83004714589902,-33.8963951000,150.9300850000
25thAv-Cabramatta-ElizabethDrive,"19","0","19",0.01010715782232,257.43921089984320,-33.8964549000,150.9298451000
25thAv-Cabramatta-ElizabethDrive,"20","0","20",0.01088354643634,257.73820848215775,-33.8966047000,150.9290833000
25thAv-Cabramatta-ElizabethDrive,"21","0","21",0.01100782937968,256.92609047137785,-33.8966335000,150.9289624000
25thAv-Cabramatta-ElizabethDrive,"22","0","22",0.01130146861410,257.25254926015600,-33.8966983000,150.9286760000
25thAv-Cabramatta-ElizabethDrive,"23","0","23",0.01215992283536,256.77781719614097,-33.8968877000,150.9278387000
25thAv-Cabramatta-ElizabethDrive,"24","0","24",0.01257122189931,254.98358083395001,-33.8969851000,150.9274391000
25thAv-Cabramatta-ElizabethDrive,"25","0","25",0.01316999040216,252.14406189954812,-33.8971535000,150.9268645000
25thAv-Cabramatta-ElizabethDrive,"26","0","26",0.01342376589350,250.42615526297007,-33.8972377000,150.9266251000
25thAv-Cabramatta-ElizabethDrive,"27","0","27",0.01369516301947,248.73707934877632,-33.8973295000,150.9263697000
25thAv-Cabramatta-ElizabethDrive,"28","0","28",0.01395498682516,243.61381328245301,-33.8974300000,150.9261301000
25thAv-Cabramatta-ElizabethDrive,"29","0","29",0.01444893591157,239.26940351178186,-33.8976771000,150.9257024000
25thAv-Cabramatta-ElizabethDrive,"30","0","30",0.01494369243759,237.06801501695676,-33.8979352000,150.9252803000
25thAv-Cabramatta-ElizabethDrive,"31","0","31",0.01537500680089,237.82530421043296,-33.8981790000,150.9249245000
25thAv-Cabramatta-ElizabethDrive,"32","0","32",0.01564016963767,239.99971593080826,-33.8983113000,150.9246947000
25thAv-Cabramatta-ElizabethDrive,"33","0","33",0.01588005669443,242.91350342939282,-33.8984315000,150.9244871000
25thAv-Cabramatta-ElizabethDrive,"34","0","34",0.01622974295383,249.34056764229913,-33.8985743000,150.9241679000
25thAv-Cabramatta-ElizabethDrive,"35","0","35",0.01747608859607,252.76025934753923,-33.8989432000,150.9229774000
25thAv-Cabramatta-ElizabethDrive,"36","0","36",0.01777599851590,253.49171222892997,-33.8990322000,150.9226910000
25thAv-Cabramatta-ElizabethDrive,"37","0","37",0.01799772717888,253.65562509281000,-33.8990924000,150.9224776000
25thAv-Cabramatta-ElizabethDrive,"38","0","38",0.01885427058702,253.89953847003039,-33.8993419000,150.9216582000
25thAv-Cabramatta-ElizabethDrive,"39","0","39",0.01904075066638,249.95952359651955,-33.8993910000,150.9214783000
25thAv-Cabramatta-ElizabethDrive,"40","0","40",0.01917108477552,253.59305082320412,-33.8994457000,150.9213600000
25thAv-Cabramatta-ElizabethDrive,"41","0","41",0.01954764840892,263.00477107352361,-33.8994981000,150.9209871000
25thAv-Cabramatta-ElizabethDrive,"42","0","42",0.01975457883201,265.26763646377447,-33.8995197000,150.9207813000
25thAv-Cabramatta-ElizabethDrive,"43","0","43",0.02003850030003,268.04810599118389,-33.8995369000,150.9204979000
25thAv-Cabramatta-ElizabethDrive,"44","0","44",0.02042431119928,271.19075879393165,-33.8995398000,150.9201121000
25thAv-Cabramatta-ElizabethDrive,"45","0","45",0.02095424939380,273.63492237371042,-33.8995138000,150.9195828000
25thAv-Cabramatta-ElizabethDrive,"46","0","46",0.02120771611746,274.47574748203613,-33.8994941000,150.9193301000
25thAv-Cabramatta-ElizabethDrive,"47","0","47",0.02130471431332,273.53401404909346,-33.8994865000,150.9192334000
25thAv-Cabramatta-ElizabethDrive,"48","0","48",0.02146057158776,273.65195132414402,-33.8994795000,150.9190777000
25thAv-Cabramatta-ElizabethDrive,"49","0","49",0.02178317011536,276.28166883706729,-33.8994529000,150.9187562000
25thAv-Cabramatta-ElizabethDrive,"50","0","50",0.02189249028733,277.85798694057752,-33.8994380000,150.9186479000
25thAv-Cabramatta-ElizabethDrive,"51","0","51",0.02211489159128,279.28785165227151,-33.8994075000,150.9184276000
25thAv-Cabramatta-ElizabethDrive,"52","0","52",0.02239190206040,281.71659282272844,-33.8993561000,150.9181554000
25thAv-Cabramatta-ElizabethDrive,"53","0","53",0.02264810951540,284.85661054534694,-33.8992996000,150.9179055000
25thAv-Cabramatta-ElizabethDrive,"54","0","54",0.02286631441911,287.44956202684961,-33.8992359000,150.9176968000
25thAv-Cabramatta-ElizabethDrive,"55","0","55",0.02308692362109,288.83705898805579,-33.8991680000,150.9174869000
25thAv-Cabramatta-ElizabethDrive,"56","0","56",0.02326627188565,291.78838413452854,-33.8991074000,150.9173181000
25thAv-Cabramatta-ElizabethDrive,"57","0","57",0.02359597599544,296.18047847744089,-33.8989742000,150.9170165000
25thAv-Cabramatta-ElizabethDrive,"58","0","58",0.02402452510577,297.92234015922492,-33.8987695000,150.9166400000
25thAv-Cabramatta-ElizabethDrive,"59","0","59",0.02445670433945,295.90183880114142,-33.8985712000,150.9162560000
25thAv-Cabramatta-ElizabethDrive,"60","0","60",0.02566183962227,294.49177038382282,-33.8980716000,150.9151593000
25thAv-Cabramatta-ElizabethDrive,"61","0","61",0.02643204303699,294.59295192844769,-33.8977523000,150.9144584000
25thAv-Cabramatta-ElizabethDrive,"62","0","62",0.02683609235329,294.28573502814692,-33.8975835000,150.9140913000
25thAv-Cabramatta-ElizabethDrive,"63","0","63",0.02767160132392,293.88099136420306,-33.8972453000,150.9133273000
25thAv-Cabramatta-ElizabethDrive,"64","0","64",0.02796229520070,294.90672071958301,-33.8971276000,150.9130615000
25thAv-Cabramatta-ElizabethDrive,"65","0","65",0.02801466713972,294.40563365964266,-33.8971047000,150.9130144000
25thAv-Cabramatta-ElizabethDrive,"66","0","66",0.02831196256518,298.26181192363077,-33.8969891000,150.9127405000
25thAv-Cabramatta-ElizabethDrive,"67","0","67",0.02880131925515,305.06276604460430,-33.8967180000,150.9123331000
25thAv-Cabramatta-ElizabethDrive,"68","0","68",0.02929745049787,306.70636904304547,-33.8964230000,150.9119342000
25thAv-Cabramatta-ElizabethDrive,"69","0","69",0.02984437078460,302.46732400630560,-33.8960944000,150.9114970000
25thAv-Cabramatta-ElizabethDrive,"70","0","70",0.03008800035994,292.97655093306537,-33.8959800000,150.9112819000
25thAv-Cabramatta-ElizabethDrive,"71","0","71",0.03028109603573,284.77671631967502,-33.8959205000,150.9110982000
25thAv-Cabramatta-ElizabethDrive,"72","0","72",0.03049333575868,279.40925212159357,-33.8958778000,150.9108903000
25thAv-Cabramatta-ElizabethDrive,"73","0","73",0.03165230525354,277.57868576063436,-33.8957323000,150.9097405000
25thAv-Cabramatta-ElizabethDrive,"74","0","74",0.03281850010862,277.81357818562952,-33.8955711000,150.9085855000
25thAv-Cabramatta-ElizabethDrive,"75","0","75",0.03540541629010,277.76222856504052,-33.8952253000,150.9060218000
25thAv-Cabramatta-ElizabethDrive,"76","0","76",0.03671869982382,277.84239476118375,-33.8950461000,150.9047208000
25thAv-Cabramatta-ElizabethDrive,"77","0","77",0.03712399026290,277.84090435038547,-33.8949908000,150.9043193000
25thAv-Cabramatta-ElizabethDrive,"78","0","78",0.03833733038420,277.60786537717968,-33.8948253000,150.9031173000
25thAv-Cabramatta-ElizabethDrive,"79","0","79",0.03842223297547,277.52960460090679,-33.8948144000,150.9030331000
25thAv-Cabramatta-ElizabethDrive,"80","0","80",0.04062278796909,277.71523639020552,-33.8945202000,150.9008523000
25thAv-Cabramatta-ElizabethDrive,"81","0","81",0.04204557512114,277.66864759874113,-33.8943284000,150.8994425000
25thAv-Cabramatta-ElizabethDrive,"82","0","82",0.04396257023849,278.01830918939197,-33.8940752000,150.8975423000
25thAv-Cabramatta-ElizabethDrive,"83","0","83",0.04410076929781,278.61201811193746,-33.8940549000,150.8974056000
25thAv-Cabramatta-ElizabethDrive,"84","0","84",0.04418465165593,278.36608532199801,-33.8940421000,150.8973227000
25thAv-Cabramatta-ElizabethDrive,"85","0","85",0.04553009830667,277.87783044506807,-33.8938559000,150.8959902000
25thAv-Cabramatta-ElizabethDrive,"86","0","86",0.04715170478482,277.80130230342166,-33.8936358000,150.8943836000
25thAv-Cabramatta-ElizabethDrive,"87","0","87",0.04831416499061,277.80264030897473,-33.8934780000,150.8932319000
25thAv-Cabramatta-ElizabethDrive,"88","0","88",0.04906834905300,277.80201830811768,-33.8933756000,150.8924847000
25thAv-Cabramatta-ElizabethDrive,"89","0","89",0.04949863064686,278.22009284446045,-33.8933172000,150.8920584000
25thAv-Cabramatta-ElizabethDrive,"90","0","90",0.04961312990448,277.83444473931223,-33.8933000000,150.8919452000
25thAv-Cabramatta-ElizabethDrive,"91","0","91",0.05034039618310,277.61249317420396,-33.8932110000,150.8912234000
25thAv-Cabramatta-ElizabethDrive,"92","0","92",0.05083423988306,278.45474870855662,-33.8931406000,150.8907346000
25thAv-Cabramatta-ElizabethDrive,"93","0","93",0.05181576916435,277.78724410453043,-33.8929919000,150.8897644000
25thAv-Cabramatta-ElizabethDrive,"94","0","94",0.05199323995068,270.20923997273081,-33.8929707000,150.8895882000
25thAv-Cabramatta-ElizabethDrive,"95","0","95",0.05213584040650,260.73298048619574,-33.8929867000,150.8894465000
25thAv-Cabramatta-ElizabethDrive,"96","0","96",0.05227093777878,250.46309853441559,-33.8930150000,150.8893144000
25thAv-Cabramatta-ElizabethDrive,"97","0","97",0.05237540964102,237.31815821274378,-33.8930624000,150.8892213000
25thAv-Cabramatta-ElizabethDrive,"98","0","98",0.05250731555447,268.89010763616847,-33.8931443000,150.8891179000
25thAv-Cabramatta-ElizabethDrive,"99","0","99",0.05279541755031,306.89529454184157,-33.8929743000,150.8888853000
25thAv-Cabramatta-ElizabethDrive,"100","0","100",0.05298721436990,305.20955230521798,-33.8928572000,150.8887334000
25thAv-Cabramatta-ElizabethDrive,"101","0","101",0.05328043730554,302.75365049106773,-33.8926984000,150.8884869000
25thAv-Cabramatta-ElizabethDrive,"102","0","102",0.05331799592640,297.78442121848957,-33.8926781000,150.8884553000
25thAv-Cabramatta-ElizabethDrive,"103","0","103",0.05350030511432,297.03882613744679,-33.8926073000,150.8882873000
25thAv-Cabramatta-ElizabethDrive,"104","0","104",0.05388667831472,301.10795580514559,-33.8924070000,150.8879569000
25thAv-Cabramatta-ElizabethDrive,"105","0","105",0.05630136150100,312.03623419012854,-33.8911637000,150.8858869000
25thAv-Cabramatta-ElizabethDrive,"106","0","106",0.05649298156781,312.09457675109957,-33.8910105000,150.8857718000
25thAv-Cabramatta-ElizabethDrive,"107","0","107",0.05741974566399,300.76917020566316,-33.8905317000,150.8849783000
25thAv-Cabramatta-ElizabethDrive,"108","0","108",0.05753050423021,300.82227351528792,-33.8904756000,150.8848828000
25thAv-Cabramatta-ElizabethDrive,"109","0","109",0.05968614180878,301.70975051964041,-33.8893585000,150.8830392000
25thAv-Cabramatta-ElizabethDrive,"110","0","110",0.05980397189833,302.48224211038496,-33.8892957000,150.8829395000
25thAv-Cabramatta-ElizabethDrive,"111","0","111",0.05998471713335,299.80027042779972,-33.8891979000,150.8827875000
25thAv-Cabramatta-ElizabethDrive,"112","0","112",0.06058510842248,298.01789663624965,-33.8889268000,150.8822518000
25thAv-Cabramatta-ElizabethDrive,"113","0","113",0.06101031919375,297.98748076030711,-33.8887194000,150.8818806000
25thAv-Cabramatta-ElizabethDrive,"114","0","114",0.06135342391534,292.88172346219943,-33.8885648000,150.8815743000
25thAv-Cabramatta-ElizabethDrive,"115","0","115",0.06169468084202,288.97000166707943,-33.8884538000,150.8812516000
25thAv-Cabramatta-ElizabethDrive,"116","0","116",0.06179164031810,288.96181677333129,-33.8884223000,150.8811599000
25thAv-Cabramatta-ElizabethDrive,"117","0","117",0.06189410250624,288.96232971241625,-33.8883890000,150.8810630000
25thAv-Cabramatta-ElizabethDrive,"118","0","118",0.06201506469040,285.84659674342544,-33.8883497000,150.8809486000
25thAv-Cabramatta-ElizabethDrive,"119","0","119",0.06222103063420,282.72324851286288,-33.8883043000,150.8807477000
25thAv-Cabramatta-ElizabethDrive,"120","0","120",0.06252549409670,278.65895932727830,-33.8882373000,150.8804507000
25thAv-Cabramatta-ElizabethDrive,"121","0","121",0.06285927176222,274.26474122648602,-33.8882105000,150.8801180000
25thAv-Cabramatta-ElizabethDrive,"122","0","122",0.06341016326696,271.96203831248948,-33.8881728000,150.8795684000
25thAv-Cabramatta-ElizabethDrive,"123","0","123",0.06385206326696,270.47384980871271,-33.8881728000,150.8791265000
25thAv-Cabramatta-ElizabethDrive,"124","0","124",0.06480129311266,272.88892597112152,-33.8881571000,150.8781774000
25thAv-Cabramatta-ElizabethDrive,"125","0","125",0.06510176016578,278.30910021805829,-33.8881318000,150.8778780000
25thAv-Cabramatta-ElizabethDrive,"126","0","126",0.06582327693622,282.19920779470743,-33.8879844000,150.8771717000
25thAv-Cabramatta-ElizabethDrive,"127","0","127",0.06711862424484,283.86903784428608,-33.8877016000,150.8759076000
25thAv-Cabramatta-ElizabethDrive,"128","0","128",0.06829001706111,288.19610014889884,-33.8873959000,150.8747768000
25thAv-Cabramatta-ElizabethDrive,"129","0","129",0.06886270805982,291.27350850309949,-33.8871882000,150.8742431000
25thAv-Cabramatta-ElizabethDrive,"130","0","130",0.06911286850833,291.20776426874039,-33.8870974000,150.8740100000
25thAv-Cabramatta-ElizabethDrive,"131","0","131",0.07154675722602,291.18938926498845,-33.8862199000,150.8717398000
25thAv-Cabramatta-ElizabethDrive,"132","0","132",0.07204845534241,291.24891774300153,-33.8860381000,150.8712722000
25thAv-Cabramatta-ElizabethDrive,"133","0","133",0.07243000252168,290.86451435540175,-33.8858998000,150.8709166000
25thAv-Cabramatta-ElizabethDrive,"134","0","134",0.07365116419810,291.11289298071074,-33.8854726000,150.8697726000
25thAv-Cabramatta-ElizabethDrive,"135","0","135",0.07682735430890,293.00085312595331,-33.8842957000,150.8668225000
25thAv-Cabramatta-ElizabethDrive,"136","0","136",0.07760663234659,293.08022019814808,-33.8839756000,150.8661120000
25thAv-Cabramatta-ElizabethDrive,"137","0","137",0.07835842121321,288.30673570314809,-33.8836951000,150.8654145000
25thAv-Cabramatta-ElizabethDrive,"138","0","138",0.07893945499020,282.86364567973283,-33.8835476000,150.8648525000
25thAv-Cabramatta-ElizabethDrive,"139","0","139",0.07897450138802,282.73797628136759,-33.8835409000,150.8648181000
25thAv-Cabramatta-ElizabethDrive,"140","0","140",0.07905422497301,282.34289108805893,-33.8835210000,150.8647409000
25thAv-Cabramatta-ElizabethDrive,"141","0","141",0.07922819120534,279.35218254260150,-33.8834901000,150.8645697000
25thAv-Cabramatta-ElizabethDrive,"142","0","142",0.07964625437044,276.83379623301028,-33.8834285000,150.8641562000
25thAv-Cabramatta-ElizabethDrive,"143","0","143",0.07970589931993,275.20745451228117,-33.8834231000,150.8640968000
25thAv-Cabramatta-ElizabethDrive,"144","0","144",0.08004440345579,273.61444911302050,-33.8833923000,150.8637597000
25thAv-Cabramatta-ElizabethDrive,"145","0","145",0.08057512948681,269.83315554230978,-33.8833737000,150.8632293000
25thAv-Cabramatta-ElizabethDrive,"146","0","146",0.08145116129556,267.24373962992655,-33.8834095000,150.8623540000
25thAv-Cabramatta-ElizabethDrive,"147","0","147",0.08195743617152,266.43559774998488,-33.8834375000,150.8618485000
25thAv-Cabramatta-ElizabethDrive,"148","0","148",0.08264407418387,266.38924613828550,-33.8834849000,150.8611635000
25thAv-Cabramatta-ElizabethDrive,"149","0","149",0.08475048938749,266.57582899103704,-33.8836048000,150.8590605000
25thAv-Cabramatta-ElizabethDrive,"150","0","150",0.08591627095364,266.62841505422176,-33.8836777000,150.8578970000
25thAv-Cabramatta-ElizabethDrive,"151","0","151",0.08606149147561,266.42420965123688,-33.8836857000,150.8577520000
25thAv-Cabramatta-ElizabethDrive,"152","0","152",0.08615912855874,266.29998607423477,-33.8836925000,150.8576546000
25thAv-Cabramatta-ElizabethDrive,"153","0","153",0.08747355087290,266.68115178115960,-33.8837706000,150.8563425000
25thAv-Cabramatta-ElizabethDrive,"154","0","154",0.08919618966848,268.09228083665056,-33.8838677000,150.8546226000
25thAv-Cabramatta-ElizabethDrive,"155","0","155",0.08990242637100,274.30735861459459,-33.8838749000,150.8539164000
25thAv-Cabramatta-ElizabethDrive,"156","0","156",0.09044226903326,281.16768900246092,-33.8837886000,150.8533835000
25thAv-Cabramatta-ElizabethDrive,"157","0","157",0.09140763133312,287.46112624782461,-33.8835692000,150.8524434000
25thAv-Cabramatta-ElizabethDrive,"158","0","158",0.09228951709670,298.34123104017010,-33.8832419000,150.8516245000
25thAv-Cabramatta-ElizabethDrive,"159","0","159",0.09331416464588,308.81786211775488,-33.8826557000,150.8507841000
25thAv-Cabramatta-ElizabethDrive,"160","0","160",0.09467095677806,313.02874147493333,-33.8817349000,150.8497876000
25thAv-Cabramatta-ElizabethDrive,"161","0","161",0.09673129249103,312.13511798878176,-33.8803214000,150.8482886000
25thAv-Cabramatta-ElizabethDrive,"162","0","162",0.09748851326462,306.38951375085037,-33.8798251000,150.8477167000
25thAv-Cabramatta-ElizabethDrive,"163","0","163",0.09853883843809,299.10839324720706,-33.8792712000,150.8468243000
25thAv-Cabramatta-ElizabethDrive,"164","0","164",0.09935621456326,297.33047553512478,-33.8789079000,150.8460921000
25thAv-Cabramatta-ElizabethDrive,"165","0","165",0.10087907080400,300.54189202880383,-33.8781866000,150.8447509000
25thAv-Cabramatta-ElizabethDrive,"166","0","166",0.10173182827244,306.95806808816735,-33.8777245000,150.8440342000
25thAv-Cabramatta-ElizabethDrive,"167","0","167",0.10248005019806,310.71566421390952,-33.8772326000,150.8434704000
25thAv-Cabramatta-ElizabethDrive,"168","0","168",0.10308160522468,310.29554015761050,-33.8768433000,150.8430118000
25thAv-Cabramatta-ElizabethDrive,"169","0","169",0.10388571532285,310.25947861570671,-33.8763236000,150.8423982000
25thAv-Cabramatta-ElizabethDrive,"170","0","170",0.10409772532263,310.23133556434215,-33.8761866000,150.8422364000
25thAv-Cabramatta-ElizabethDrive,"171","0","171",0.10479170226747,308.87252448318259,-33.8757386000,150.8417064000
25thAv-Cabramatta-ElizabethDrive,"172","0","172",0.10536992155112,307.28494900990648,-33.8753863000,150.8412479000
25thAv-Cabramatta-ElizabethDrive,"173","0","173",0.10569486285351,301.72259581285766,-33.8751906000,150.8409885000
25thAv-Cabramatta-ElizabethDrive,"174","0","174",0.10596462304332,293.98732324801978,-33.8750706000,150.8407469000
25thAv-Cabramatta-ElizabethDrive,"175","0","175",0.10625741144815,290.01567612095698,-33.8749630000,150.8404746000
25thAv-Cabramatta-ElizabethDrive,"176","0","176",0.10651750883375,285.96775768154447,-33.8748806000,150.8402279000
25thAv-Cabramatta-ElizabethDrive,"177","0","177",0.10681467821307,281.98074603438482,-33.8748114000,150.8399389000
25thAv-Cabramatta-ElizabethDrive,"178","0","178",0.10710727380429,278.90608374858044,-33.8747581000,150.8396512000
25thAv-Cabramatta-ElizabethDrive,"179","0","179",0.10736719004078,275.01454529577660,-33.8747250000,150.8393934000
25thAv-Cabramatta-ElizabethDrive,"180","0","180",0.10762708126802,270.99695538420872,-33.8747127000,150.8391338000
25thAv-Cabramatta-ElizabethDrive,"181","0","181",0.10787420071285,267.31871888794171,-33.8747158000,150.8388867000
25thAv-Cabramatta-ElizabethDrive,"182","0","182",0.10792978317409,265.34467376198569,-33.8747203000,150.8388313000
25thAv-Cabramatta-ElizabethDrive,"183","0","183",0.10817559814516,264.24648705542387,-33.8747403000,150.8385863000
25thAv-Cabramatta-ElizabethDrive,"184","0","184",0.10843756274200,261.01687383219934,-33.8747715000,150.8383262000
25thAv-Cabramatta-ElizabethDrive,"185","0","185",0.10864536846858,259.02162247277784,-33.8748116000,150.8381223000
25thAv-Cabramatta-ElizabethDrive,"186","0","186",0.10889389552949,258.59097248811349,-33.8748583000,150.8378782000
25thAv-Cabramatta-ElizabethDrive,"187","0","187",0.10919577858632,257.64498179999805,-33.8749210000,150.8375829000
25thAv-Cabramatta-ElizabethDrive,"188","0","188",0.10961896894537,257.25127578780882,-33.8750142000,150.8371701000
25thAv-Cabramatta-ElizabethDrive,"189","0","189",0.11039456755935,257.16226829371868,-33.8751857000,150.8364137000
25thAv-Cabramatta-ElizabethDrive,"190","0","190",0.11277608028236,258.20570819978167,-33.8757174000,150.8340923000
25thAv-Cabramatta-ElizabethDrive,"191","0","191",0.11302357381766,260.83421991002376,-33.8757633000,150.8338491000
25thAv-Cabramatta-ElizabethDrive,"192","0","192",0.11330174550925,263.69743568467311,-33.8758003000,150.8335734000
25thAv-Cabramatta-ElizabethDrive,"193","0","193",0.11366249722443,266.66031028414443,-33.8758315000,150.8332140000
25thAv-Cabramatta-ElizabethDrive,"194","0","194",0.11403276364202,270.35414371755058,-33.8758426000,150.8328439000
25thAv-Cabramatta-ElizabethDrive,"195","0","195",0.11434694527739,274.04606677522730,-33.8758293000,150.8325300000
25thAv-Cabramatta-ElizabethDrive,"196","0","196",0.11464068034508,277.21974407702254,-33.8758003000,150.8322377000
25thAv-Cabramatta-ElizabethDrive,"197","0","197",0.11499077684607,279.78739225865928,-33.8757469000,150.8318917000
25thAv-Cabramatta-ElizabethDrive,"198","0","198",0.11529119938184,280.85996466489019,-33.8756906000,150.8315966000
25thAv-Cabramatta-ElizabethDrive,"199","0","199",0.11579379791944,281.00048860568279,-33.8755954000,150.8311031000
25thAv-Cabramatta-ElizabethDrive,"200","0","200",0.11643057242429,279.74732083097996,-33.8754730000,150.8304782000
25thAv-Cabramatta-ElizabethDrive,"201","0","201",0.11667459793525,275.80647866786103,-33.8754373000,150.8302368000
25thAv-Cabramatta-ElizabethDrive,"202","0","202",0.11687340804563,271.60030602358904,-33.8754262000,150.8300383000
25thAv-Cabramatta-ElizabethDrive,"203","0","203",0.11709070804564,267.81863563903863,-33.8754262000,150.8298210000
25thAv-Cabramatta-ElizabethDrive,"204","0","204",0.11738385746147,263.65981101401212,-33.8754485000,150.8295287000
25thAv-Cabramatta-ElizabethDrive,"205","0","205",0.11766036597851,260.47249956592958,-33.8754885000,150.8292551000
25thAv-Cabramatta-ElizabethDrive,"206","0","206",0.11791156406769,256.25476586745998,-33.8755353000,150.8290083000
25thAv-Cabramatta-ElizabethDrive,"207","0","207",0.11813567636096,252.04450915009386,-33.8755999000,150.8287937000
25thAv-Cabramatta-ElizabethDrive,"208","0","208",0.11841388407115,249.00908411319631,-33.8756912000,150.8285309000
25thAv-Cabramatta-ElizabethDrive,"209","0","209",0.11861470842227,244.10405478633774,-33.8757691000,150.8283458000
25thAv-Cabramatta-ElizabethDrive,"210","0","210",0.11895497938781,239.55930177557826,-33.8759339000,150.8280481000
25thAv-Cabramatta-ElizabethDrive,"211","0","211",0.11924572658038,236.63571423790239,-33.8760876000,150.8278013000
25thAv-Cabramatta-ElizabethDrive,"212","0","212",0.11976838265277,234.91724776312972,-33.8763860000,150.8273722000
25thAv-Cabramatta-ElizabethDrive,"213","0","213",0.12018094772642,234.64923124855474,-33.8766247000,150.8270357000
25thAv-Cabramatta-ElizabethDrive,"214","0","214",0.12197687864104,234.69788401510468,-33.8776638000,150.8255709000
25thAv-Cabramatta-ElizabethDrive,"215","0","215",0.12390778736235,234.74723026915100,-33.8787783000,150.8239941000
25thAv-Cabramatta-ElizabethDrive,"216","0","216",0.12479277997813,234.57525926189408,-33.8792891000,150.8232714000
25thAv-Cabramatta-ElizabethDrive,"217","0","217",0.12493863596876,234.40227570289531,-33.8793740000,150.8231528000
25thAv-Cabramatta-ElizabethDrive,"218","0","218",0.12591475631480,235.55988540578500,-33.8799422000,150.8223591000
25thAv-Cabramatta-ElizabethDrive,"219","0","219",0.12638964720754,237.59035062761947,-33.8802028000,150.8219621000
25thAv-Cabramatta-ElizabethDrive,"220","0","220",0.12667909988072,242.16094470544792,-33.8803542000,150.8217154000
25thAv-Cabramatta-ElizabethDrive,"221","0","221",0.12697300340230,248.00582457236030,-33.8804744000,150.8214472000
25thAv-Cabramatta-ElizabethDrive,"222","0","222",0.12743217920740,254.32449550501593,-33.8806303000,150.8210153000
25thAv-Cabramatta-ElizabethDrive,"223","0","223",0.12785640043506,260.94786501656091,-33.8807149000,150.8205996000
25thAv-Cabramatta-ElizabethDrive,"224","0","224",0.12816695918958,266.41978056628119,-33.8807506000,150.8202911000
25thAv-Cabramatta-ElizabethDrive,"225","0","225",0.12839226993054,270.85983116639488,-33.8807528000,150.8200658000
25thAv-Cabramatta-ElizabethDrive,"226","0","226",0.12867139072878,274.07840627492561,-33.8807417000,150.8197869000
25thAv-Cabramatta-ElizabethDrive,"227","0","227",0.12895457951738,279.25936538789927,-33.8807127000,150.8195052000
25thAv-Cabramatta-ElizabethDrive,"228","0","228",0.12933110643544,285.20359953214870,-33.8806303000,150.8191378000
25thAv-Cabramatta-ElizabethDrive,"229","0","229",0.12961557269001,290.20404698612668,-33.8805435000,150.8188669000
25thAv-Cabramatta-ElizabethDrive,"230","0","230",0.13023458042825,293.04314325603679,-33.8803052000,150.8182956000
25thAv-Cabramatta-ElizabethDrive,"231","0","231",0.13095091613168,292.35761911510826,-33.8800202000,150.8176384000
25thAv-Cabramatta-ElizabethDrive,"232","0","232",0.13146031885055,288.93981718305548,-33.8798354000,150.8171637000
25thAv-Cabramatta-ElizabethDrive,"233","0","233",0.13178778090943,285.44672568318128,-33.8797418000,150.8168499000
25thAv-Cabramatta-ElizabethDrive,"234","0","234",0.13206742711449,282.23538413377344,-33.8796728000,150.8165789000
25thAv-Cabramatta-ElizabethDrive,"235","0","235",0.13253337101669,278.68813322675499,-33.8795904000,150.8161203000
25thAv-Cabramatta-ElizabethDrive,"236","0","236",0.13287132867675,275.59452137538790,-33.8795481000,150.8157850000
25thAv-Cabramatta-ElizabethDrive,"237","0","237",0.13325706777252,271.80698608538796,-33.8795212000,150.8154002000
25thAv-Cabramatta-ElizabethDrive,"238","0","238",0.13359947549731,269.63640884467623,-33.8795235000,150.8150578000
25thAv-Cabramatta-ElizabethDrive,"239","0","239",0.13373337788714,268.33337903075648,-33.8795243000,150.8149239000
25thAv-Cabramatta-ElizabethDrive,"240","0","240",0.13395377811400,266.07784359191095,-33.8795358000,150.8147038000
25thAv-Cabramatta-ElizabethDrive,"241","0","241",0.13413934346637,261.24893390529928,-33.8795515000,150.8145189000
25thAv-Cabramatta-ElizabethDrive,"242","0","242",0.13440878253183,259.17016542087532,-33.8796105000,150.8142560000
25thAv-Cabramatta-ElizabethDrive,"243","0","243",0.13457989430816,260.71564078584566,-33.8796373000,150.8140870000
25thAv-Cabramatta-ElizabethDrive,"244","0","244",0.13512252679890,259.95418718618629,-33.8797274000,150.8135519000
25thAv-Cabramatta-ElizabethDrive,"245","0","245",0.13737397007155,259.37833485185240,-33.8801390000,150.8113384000
25thAv-Cabramatta-ElizabethDrive,"246","0","246",0.13871767471916,258.86286579274548,-33.8803887000,150.8100181000
25thAv-Cabramatta-ElizabethDrive,"247","0","247",0.13929530128537,258.97749586933395,-33.8805045000,150.8094522000
25thAv-Cabramatta-ElizabethDrive,"248","0","248",0.13987090365683,259.89609105278618,-33.8806092000,150.8088862000
25thAv-Cabramatta-ElizabethDrive,"249","0","249",0.14006621174677,263.00389012524829,-33.8806422000,150.8086937000
25thAv-Cabramatta-ElizabethDrive,"250","0","250",0.14017110216577,266.98391322530108,-33.8806500000,150.8085891000
25thAv-Cabramatta-ElizabethDrive,"251","0","251",0.14029105924144,269.59049330641432,-33.8806537000,150.8084692000
25thAv-Cabramatta-ElizabethDrive,"252","0","252",0.14038167165780,268.43361925289628,-33.8806522000,150.8083786000
25thAv-Cabramatta-ElizabethDrive,"253","0","253",0.14047581038522,261.98047360097939,-33.8806589000,150.8082847000
25thAv-Cabramatta-ElizabethDrive,"254","0","254",0.14053131479944,254.99252385192494,-33.8806704000,150.8082304000
25thAv-Cabramatta-ElizabethDrive,"255","0","255",0.14060325817997,252.47363691538732,-33.8806927000,150.8081620000
25thAv-Cabramatta-ElizabethDrive,"256","0","256",0.14076439545061,244.23743233160124,-33.8807398000,150.8080079000
25thAv-Cabramatta-ElizabethDrive,"257","0","257",0.14083443386866,244.05819311293365,-33.8807795000,150.8079502000
25thAv-Cabramatta-ElizabethDrive,"258","0","258",0.14089478086527,260.87187707279298,-33.8807975000,150.8078926000
25thAv-Cabramatta-ElizabethDrive,"259","0","259",0.14097099031350,275.63362635394498,-33.8807987000,150.8078164000
25thAv-Cabramatta-ElizabethDrive,"260","0","260",0.14113702130459,284.67208153773714,-33.8807637000,150.8076541000
25thAv-Cabramatta-ElizabethDrive,"261","0","261",0.14121897574316,284.56837029029640,-33.8807395000,150.8075758000
25thAv-Cabramatta-ElizabethDrive,"262","0","262",0.14132753305522,280.14974793047924,-33.8807170000,150.8074696000
25thAv-Cabramatta-ElizabethDrive,"263","0","263",0.14146821994156,276.03876408006028,-33.8806966000,150.8073304000
25thAv-Cabramatta-ElizabethDrive,"264","0","264",0.14159699420145,270.78894309403643,-33.8806882000,150.8072019000
25thAv-Cabramatta-ElizabethDrive,"265","0","265",0.14265985092743,268.15616726155190,-33.8807283000,150.8061398000
25thAv-Cabramatta-ElizabethDrive,"266","0","266",0.14577765590692,269.48992064377410,-33.8808113000,150.8030231000
25thAv-Cabramatta-ElizabethDrive,"267","0","267",0.14902058202385,269.86328980203098,-33.8807827000,150.7997803000
25thAv-Cabramatta-ElizabethDrive,"268","0","268",0.14927810580916,268.47488423578403,-33.8807862000,150.7995228000
25thAv-Cabramatta-ElizabethDrive,"269","0","269",0.14961366948421,267.13507550969052,-33.8807995000,150.7991875000
25thAv-Cabramatta-ElizabethDrive,"270","0","270",0.14994687628184,266.62219611638074,-33.8808196000,150.7988549000
25thAv-Cabramatta-ElizabethDrive,"271","0","271",0.15049628579214,266.66555272932959,-33.8808512000,150.7983064000
25thAv-Cabramatta-ElizabethDrive,"272","0","272",0.15075643609486,266.54409497631849,-33.8808665000,150.7980467000
25thAv-Cabramatta-ElizabethDrive,"273","0","273",0.15104308309030,267.85700186431842,-33.8808842000,150.7977606000
25thAv-Cabramatta-ElizabethDrive,"274","0","274",0.15138111172814,269.92262628147296,-33.8808886000,150.7974226000
25thAv-Cabramatta-ElizabethDrive,"275","0","275",0.15180763442390,271.45409434106614,-33.8808842000,150.7969961000
25thAv-Cabramatta-ElizabethDrive,"276","0","276",0.15489195628291,273.21887867154527,-33.8807595000,150.7939143000
25thAv-Cabramatta-ElizabethDrive,"277","0","277",0.15517167937813,275.83228125993685,-33.8807394000,150.7936353000
25thAv-Cabramatta-ElizabethDrive,"278","0","278",0.15535829462404,278.21025307051144,-33.8807149000,150.7934503000
25thAv-Cabramatta-ElizabethDrive,"279","0","279",0.15557539483132,280.83229776843928,-33.8806814000,150.7932358000
25thAv-Cabramatta-ElizabethDrive,"280","0","280",0.15605970788089,282.78801060408597,-33.8805742000,150.7927635000
20thAv-BadgerysCreek-Aerotropolis,"0","0","0",0.00000000000000,189.86462915864843,-33.8985530061,150.7586211926
20thAv-BadgerysCreek-Aerotropolis,"1","0","1",0.00014135137837,189.86462915936266,-33.8986922676,150.7585969761
20thAv-BadgerysCreek-Aerotropolis,"2","0","2",0.00033290009804,189.86462916462492,-33.8988809844,150.7585641598
20thAv-BadgerysCreek-Aerotropolis,"3","0","3",0.00047481663058,189.86462916236925,-33.8990208027,150.7585398465
20thAv-BadgerysCreek-Aerotropolis,"4","0","4",0.00066062141600,189.86462916037289,-33.8992038604,150.7585080143
20thAv-BadgerysCreek-Aerotropolis,"5","0","5",0.00089810782430,189.86462916066498,-33.8994378356,150.7584673279
20thAv-BadgerysCreek-Aerotropolis,"6","0","6",0.00116594518124,189.86462916008338,-33.8997017131,150.7584214417
20thAv-BadgerysCreek-Aerotropolis,"7","0","7",0.00135823006659,189.86480878235292,-33.8998911551,150.7583884993
20thAv-BadgerysCreek-Aerotropolis,"8","0","8",0.00271646059591,233.38041090351538,-33.9012293031,150.7581557976
20thAv-BadgerysCreek-Aerotropolis,"9","0","9",0.00837404626991,276.89659567591599,-33.9005500271,150.7525391385
20thAv-BadgerysCreek-Aerotropolis,"10","0","10",0.00918226686014,276.89754851038668,-33.9004529670,150.7517367671
20thAv-BadgerysCreek-Aerotropolis,"11","0","11",0.00999048596625,276.89792964097643,-33.9003559018,150.7509343978
20thAv-BadgerysCreek-Aerotropolis,"12","0","12",0.01079870358807,276.89831076990123,-33.9002588314,150.7501320307
20thAv-BadgerysCreek-Aerotropolis,"13","0","13",0.01160691972538,276.89869189654036,-33.9001617559,150.7493296656
20thAv-BadgerysCreek-Aerotropolis,"14","0","14",0.01241513437803,276.89907302316038,-33.9000646752,150.7485273027
20thAv-BadgerysCreek-Aerotropolis,"15","0","15",0.01322334754592,233.38567008744238,-33.8999675893,150.7477249419
20thAv-BadgerysCreek-Aerotropolis,"16","0","16",0.01458157994564,189.87225645319481,-33.9013057104,150.7474920743
20thAv-BadgerysCreek-Aerotropolis,"17","0","17",0.01593981280904,189.87261619915463,-33.9026438304,150.7472591983
20thAv-BadgerysCreek-Aerotropolis,"18","0","18",0.01729804613628,174.25940253718045,-33.9039819495,150.7470263138
20thAv-BadgerysCreek-Aerotropolis,"19","0","19",0.01765158974894,174.92488830977922,-33.9043112218,150.7471550492
20thAv-BadgerysCreek-Aerotropolis,"20","0","20",0.01862627672513,191.20390023105287,-33.9052673335,150.7469656687
20thAv-BadgerysCreek-Aerotropolis,"21","0","21",0.01946496114976,191.20415310900472,-33.9060900339,150.7468027094
20thAv-BadgerysCreek-Aerotropolis,"22","0","22",0.02027090438667,191.20437400974419,-33.9068806164,150.7466461086
20thAv-BadgerysCreek-Aerotropolis,"23","0","23",0.02084091186016,191.20461371589170,-33.9074397595,150.7465353499
20thAv-BadgerysCreek-Aerotropolis,"24","0","24",0.02217247773344,191.20495058273198,-33.9087459444,150.7462766057
20thAv-BadgerysCreek-Aerotropolis,"25","0","25",0.02354505126797,191.20534917745789,-33.9100923536,150.7460098838
20thAv-BadgerysCreek-Aerotropolis,"26","0","26",0.02491762550275,191.20574780941644,-33.9114387615,150.7457431523
20thAv-BadgerysCreek-Aerotropolis,"27","0","27",0.02624919339360,191.20608475357577,-33.9127449430,150.7454843806
20thAv-BadgerysCreek-Aerotropolis,"28","0","28",0.02681920213363,191.20632454672639,-33.9133040840,150.7453736045
20thAv-BadgerysCreek-Aerotropolis,"29","0","29",0.02762514757344,191.20654555681574,-33.9140946628,150.7452169736
20thAv-BadgerysCreek-Aerotropolis,"30","0","30",0.02846383480321,191.20679858296302,-33.9149173584,150.7450539760
20thAv-BadgerysCreek-Aerotropolis,"31","0","31",0.02943852569616,234.52225026371380,-33.9158734636,150.7448645419
20thAv-BadgerysCreek-Aerotropolis,"32","0","32",0.03159281993604,277.83960040133962,-33.9155796928,150.7427303717
20thAv-BadgerysCreek-Aerotropolis,"33","0","33",0.03428591437034,277.83892833534213,-33.9152122594,150.7400624605
20thAv-BadgerysCreek-Aerotropolis,"34","0","34",0.03643993959518,234.51999637357795,-33.9149185754,150.7379285499
20thAv-BadgerysCreek-Aerotropolis,"35","0","35",0.03741462657135,191.20390023098599,-33.9158746871,150.7377391693
20thAv-BadgerysCreek-Aerotropolis,"36","0","36",0.03825331099601,191.20415310915962,-33.9166973875,150.7375762101
20thAv-BadgerysCreek-Aerotropolis,"37","0","37",0.03905925423287,191.20437400987959,-33.9174879700,150.7374196093
20thAv-BadgerysCreek-Aerotropolis,"38","0","38",0.03962926170638,191.20461371559443,-33.9180471131,150.7373088506
20thAv-BadgerysCreek-Aerotropolis,"39","0","39",0.04096082757968,191.20495058261403,-33.9193532980,150.7370501064
20thAv-BadgerysCreek-Aerotropolis,"40","0","40",0.04233340111422,191.20514837157876,-33.9206997072,150.7367833845
20thAv-Aerotropolis-BadgerysCreek,"0","0","0",0.00000000000000,11.20514837157875,-33.9206997072,150.7367833845
20thAv-Aerotropolis-BadgerysCreek,"1","0","1",0.00137257353454,11.20495058261403,-33.9193532980,150.7370501064
20thAv-Aerotropolis-BadgerysCreek,"2","0","2",0.00270413940784,11.20461371559441,-33.9180471131,150.7373088506
20thAv-Aerotropolis-BadgerysCreek,"3","0","3",0.00327414688135,11.20437400987959,-33.9174879700,150.7374196093
20thAv-Aerotropolis-BadgerysCreek,"4","0","4",0.00408009011821,11.20415310915959,-33.9166973875,150.7375762101
20thAv-Aerotropolis-BadgerysCreek,"5","0","5",0.00491877454287,11.20390023098599,-33.9158746871,150.7377391693
20thAv-Aerotropolis-BadgerysCreek,"6","0","6",0.00589346151904,54.51999637357795,-33.9149185754,150.7379285499
20thAv-Aerotropolis-BadgerysCreek,"7","0","7",0.00804748674388,97.83892833534217,-33.9152122594,150.7400624605
20thAv-Aerotropolis-BadgerysCreek,"8","0","8",0.01074058117818,97.83960040133960,-33.9155796928,150.7427303717
20thAv-Aerotropolis-BadgerysCreek,"9","0","9",0.01289487541806,54.52225026371379,-33.9158734636,150.7448645419
20thAv-Aerotropolis-BadgerysCreek,"10","0","10",0.01386956631101,11.20679858296302,-33.9149173584,150.7450539760
20thAv-Aerotropolis-BadgerysCreek,"11","0","11",0.01470825354078,11.20654555681572,-33.9140946628,150.7452169736
20thAv-Aerotropolis-BadgerysCreek,"12","0","12",0.01551419898059,11.20632454672636,-33.9133040840,150.7453736045
20thAv-Aerotropolis-BadgerysCreek,"13","0","13",0.01608420772062,11.20608475357574,-33.9127449430,150.7454843806
20thAv-Aerotropolis-BadgerysCreek,"14","0","14",0.01741577561147,11.20574780941641,-33.9114387615,150.7457431523
20thAv-Aerotropolis-BadgerysCreek,"15","0","15",0.01878834984625,11.20534917745790,-33.9100923536,150.7460098838
20thAv-Aerotropolis-BadgerysCreek,"16","0","16",0.02016092338078,11.20495058273196,-33.9087459444,150.7462766057
20thAv-Aerotropolis-BadgerysCreek,"17","0","17",0.02149248925407,11.20461371589173,-33.9074397595,150.7465353499
20thAv-Aerotropolis-BadgerysCreek,"18","0","18",0.02206249672755,11.20437400974418,-33.9068806164,150.7466461086
20thAv-Aerotropolis-BadgerysCreek,"19","0","19",0.02286843996446,11.20415310900472,-33.9060900339,150.7468027094
20thAv-Aerotropolis-BadgerysCreek,"20","0","20",0.02370712438909,11.20390023105290,-33.9052673335,150.7469656687
20thAv-Aerotropolis-BadgerysCreek,"21","0","21",0.02468181136528,354.92488830977925,-33.9043112218,150.7471550492
20thAv-Aerotropolis-BadgerysCreek,"22","0","22",0.02503535497794,354.25940253718045,-33.9039819495,150.7470263138
20thAv-Aerotropolis-BadgerysCreek,"23","0","23",0.02639358830518,9.87261619915463,-33.9026438304,150.7472591983
20thAv-Aerotropolis-BadgerysCreek,"24","0","24",0.02775182116858,9.87225645319484,-33.9013057104,150.7474920743
20thAv-Aerotropolis-BadgerysCreek,"25","0","25",0.02911005356830,53.38567008744234,-33.8999675893,150.7477249419
20thAv-Aerotropolis-BadgerysCreek,"26","0","26",0.02991826673619,96.89907302316041,-33.9000646752,150.7485273027
20thAv-Aerotropolis-BadgerysCreek,"27","0","27",0.03072648138884,96.89869189654037,-33.9001617559,150.7493296656
20thAv-Aerotropolis-BadgerysCreek,"28","0","28",0.03153469752615,96.89831076990122,-33.9002588314,150.7501320307
20thAv-Aerotropolis-BadgerysCreek,"29","0","29",0.03234291514797,96.89792964097641,-33.9003559018,150.7509343978
20thAv-Aerotropolis-BadgerysCreek,"30","0","30",0.03315113425408,96.89754851038668,-33.9004529670,150.7517367671
20thAv-Aerotropolis-BadgerysCreek,"31","0","31",0.03395935484432,96.89659567591600,-33.9005500271,150.7525391385
20thAv-Aerotropolis-BadgerysCreek,"32","0","32",0.03961694051831,53.38041090351535,-33.9012293031,150.7581557976
20thAv-Aerotropolis-BadgerysCreek,"33","0","33",0.04097517104763,9.86480878235293,-33.8998911551,150.7583884993
20thAv-Aerotropolis-BadgerysCreek,"34","0","34",0.04116745593298,9.86462916008337,-33.8997017131,150.7584214417
20thAv-Aerotropolis-BadgerysCreek,"35","0","35",0.04143529328992,9.86462916066501,-33.8994378356,150.7584673279
20thAv-Aerotropolis-BadgerysCreek,"36","0","36",0.04167277969823,9.86462916037290,-33.8992038604,150.7585080143
20thAv-Aerotropolis-BadgerysCreek,"37","0","37",0.04185858448365,9.86462916236924,-33.8990208027,150.7585398465
20thAv-Aerotropolis-BadgerysCreek,"38","0","38",0.04200050101618,9.86462916462492,-33.8988809844,150.7585641598
20thAv-Aerotropolis-BadgerysCreek,"39","0","39",0.04219204973585,9.86462915936266,-33.8986922676,150.7585969761
20thAv-Aerotropolis-BadgerysCreek,"40","0","40",0.04233340111422,9.86462915864841,-33.8985530061,150.7586211926
E-Tway-BadgerysCreek-BusinessPark,"0","0","0",0.00000000000000,9.86426994934141,-33.8985530061,150.7586211926
E-Tway-BadgerysCreek-BusinessPark,"1","0","1",0.00135822960402,9.86409036108808,-33.8972148561,150.7588538773
E-Tway-BadgerysCreek-BusinessPark,"2","0","2",0.00271645874552,9.86373119786344,-33.8958767051,150.7590865536
E-Tway-BadgerysCreek-BusinessPark,"3","0","3",0.00407468742470,9.86337206577363,-33.8945385530,150.7593192214
E-Tway-BadgerysCreek-BusinessPark,"4","0","4",0.00543291564155,9.86301296656485,-33.8932004000,150.7595518808
E-Tway-BadgerysCreek-BusinessPark,"5","0","5",0.00679114339628,9.86265389728435,-33.8918622460,150.7597845317
E-Tway-BadgerysCreek-BusinessPark,"6","0","6",0.00814937068901,9.86229486042287,-33.8905240910,150.7600171741
E-Tway-BadgerysCreek-BusinessPark,"7","0","7",0.00950759751979,9.86193585536421,-33.8891859349,150.7602498081
E-Tway-BadgerysCreek-BusinessPark,"8","0","8",0.01086582388873,9.86157687992594,-33.8878477779,150.7604824336
E-Tway-BadgerysCreek-BusinessPark,"9","0","9",0.01222404979598,323.37783837356380,-33.8865096199,150.7607150506
E-Tway-BadgerysCreek-BusinessPark,"10","0","10",0.01303214595933,276.89446984049562,-33.8864126178,150.7599127975
E-Tway-BadgerysCreek-BusinessPark,"11","0","11",0.01384024064134,276.89485082902729,-33.8863156107,150.7591105465
E-Tway-BadgerysCreek-BusinessPark,"12","0","12",0.01464833384185,276.89523182052011,-33.8862185983,150.7583082977
E-Tway-BadgerysCreek-BusinessPark,"13","0","13",0.01545642556067,276.89561280910999,-33.8861215809,150.7575060509
E-Tway-BadgerysCreek-BusinessPark,"14","0","14",0.01626451579771,276.89599379479705,-33.8860245582,150.7567038063
E-Tway-BadgerysCreek-BusinessPark,"15","0","15",0.01707260455277,276.89637477955779,-33.8859275304,150.7559015638
E-Tway-BadgerysCreek-BusinessPark,"16","0","16",0.01788069182559,276.89675576391693,-33.8858304974,150.7550993234
E-Tway-BadgerysCreek-BusinessPark,"17","0","17",0.01868877761616,278.87112682357611,-33.8857334593,150.7542970851
E-Tway-BadgerysCreek-BusinessPark,"18","0","18",0.02941539203054,299.73056180488334,-33.8837151609,150.7437620613
E-Tway-BadgerysCreek-BusinessPark,"19","0","19",0.03243482456295,278.96735082727463,-33.8814497000,150.7417659000
E-Tway-BadgerysCreek-BusinessPark,"20","0","20",0.03876848049171,239.31888543511778,-33.8846815079,150.7363188260
E-Tway-BusinessPark-BadgerysCreek,"0","0","0",0.00000000000000,59.31888543511776,-33.8846815079,150.7363188260
E-Tway-BusinessPark-BadgerysCreek,"1","0","1",0.00633365592877,98.96735082727461,-33.8814497000,150.7417659000
E-Tway-BusinessPark-BadgerysCreek,"2","0","2",0.00935308846117,119.73056180488332,-33.8837151609,150.7437620613
E-Tway-BusinessPark-BadgerysCreek,"3","0","3",0.02007970287556,98.87112682357612,-33.8857334593,150.7542970851
E-Tway-BusinessPark-BadgerysCreek,"4","0","4",0.02088778866612,96.89675576391694,-33.8858304974,150.7550993234
E-Tway-BusinessPark-BadgerysCreek,"5","0","5",0.02169587593895,96.89637477955780,-33.8859275304,150.7559015638
E-Tway-BusinessPark-BadgerysCreek,"6","0","6",0.02250396469401,96.89599379479705,-33.8860245582,150.7567038063
E-Tway-BusinessPark-BadgerysCreek,"7","0","7",0.02331205493104,96.89561280910998,-33.8861215809,150.7575060509
E-Tway-BusinessPark-BadgerysCreek,"8","0","8",0.02412014664986,96.89523182052017,-33.8862185983,150.7583082977
E-Tway-BusinessPark-BadgerysCreek,"9","0","9",0.02492823985038,96.89485082902728,-33.8863156107,150.7591105465
E-Tway-BusinessPark-BadgerysCreek,"10","0","10",0.02573633453239,96.89446984049560,-33.8864126178,150.7599127975
E-Tway-BusinessPark-BadgerysCreek,"11","0","11",0.02654443069573,143.37783837356378,-33.8865096199,150.7607150506
E-Tway-BusinessPark-BadgerysCreek,"12","0","12",0.02790265660298,189.86157687992599,-33.8878477779,150.7604824336
E-Tway-BusinessPark-BadgerysCreek,"13","0","13",0.02926088297192,189.86193585536424,-33.8891859349,150.7602498081
E-Tway-BusinessPark-BadgerysCreek,"14","0","14",0.03061910980270,189.86229486042291,-33.8905240910,150.7600171741
E-Tway-BusinessPark-BadgerysCreek,"15","0","15",0.03197733709543,189.86265389728436,-33.8918622460,150.7597845317
E-Tway-BusinessPark-BadgerysCreek,"16","0","16",0.03333556485016,189.86301296656487,-33.8932004000,150.7595518808
E-Tway-BusinessPark-BadgerysCreek,"17","0","17",0.03469379306701,189.86337206577360,-33.8945385530,150.7593192214
E-Tway-BusinessPark-BadgerysCreek,"18","0","18",0.03605202174620,189.86373119786344,-33.8958767051,150.7590865536
E-Tway-BusinessPark-BadgerysCreek,"19","0","19",0.03741025088769,189.86409036108807,-33.8972148561,150.7588538773
E-Tway-BusinessPark-BadgerysCreek,"20","0","20",0.03876848049171,189.86426994934143,-33.8985530061,150.7586211926
Connection-ToCasula,"0","0","0",0.00000000000000,80.93973580750276,-33.9325444000,150.8214168000
Connection-ToCasula,"1","0","1",0.00089729532480,88.60022592733756,-33.9324031000,150.8223029000
Connection-ToCasula,"2","0","2",0.01043487785392,138.65325786046097,-33.9334432000,150.8317836000
Connection-ToCasula,"3","0","3",0.01065951527290,177.94268597522517,-33.9336678000,150.8317795000
Connection-ToCasula,"4","0","4",0.01120874141939,175.73738553035156,-33.9342148000,150.8318289000
Connection-ToCasula,"5","0","5",0.01161424046995,175.68603344141442,-33.9346196000,150.8318527000
Connection-ToCasula,"6","0","6",0.01181809995586,173.94813146474408,-33.9348226000,150.8318714000
Connection-ToCasula,"7","0","7",0.01192304703776,168.38492725215502,-33.9349268000,150.8318839000
Connection-ToCasula,"8","0","8",0.01197089115966,154.71343103205251,-33.9349727000,150.8318974000
Connection-ToCasula,"9","0","9",0.01200631008118,137.10494284201511,-33.9350020000,150.8319173000
Connection-ToCasula,"10","0","10",0.01205670789858,118.28380167386555,-33.9350333000,150.8319568000
Connection-ToCasula,"11","0","11",0.01211922677572,99.42016001602299,-33.9350528000,150.8320162000
Connection-ToCasula,"12","0","12",0.01219663200811,89.12029870630089,-33.9350537000,150.8320936000
Connection-ToCasula,"13","0","13",0.01226279128562,86.23899195973543,-33.9350509000,150.8321597000
Connection-ToCasula,"14","0","14",0.01267030232841,81.15512825966448,-33.9350147000,150.8325656000
Connection-ToCasula,"15","0","15",0.01274735607592,71.48135762888484,-33.9349979000,150.8326408000
Connection-ToCasula,"16","0","16",0.01281260452414,56.07489413761956,-33.9349709000,150.8327002000
Connection-ToCasula,"17","0","17",0.01285582546814,81.17955223586810,-33.9349412000,150.8327316000
Connection-ToCasula,"18","0","18",0.01290068536116,113.53058996604079,-33.9349607000,150.8327720000
Connection-ToCasula,"19","0","19",0.01295960878602,99.77546190434468,-33.9349821000,150.8328269000
Connection-ToCasula,"20","0","20",0.01303514381102,86.17769238248017,-33.9349798000,150.8329024000
Connection-ToCasula,"21","0","21",0.01343305140080,83.17877139838230,-33.9349389000,150.8332982000
Connection-ToCasula,"22","0","22",0.01357111008398,77.69717991113852,-33.9349203000,150.8334350000
Connection-ToCasula,"23","0","23",0.01364488216541,67.25895533654882,-33.9348989000,150.8335056000
Connection-ToCasula,"24","0","24",0.01369728455086,56.69322684489806,-33.9348738000,150.8335516000
Connection-ToCasula,"25","0","25",0.01379410319577,47.32763317006167,-33.9348142000,150.8336279000
Connection-ToCasula,"26","0","26",0.01383203603113,80.03791144276968,-33.9347863000,150.8336536000
Connection-ToCasula,"27","0","27",0.01388262160218,109.17349510648906,-33.9348096000,150.8336985000
Connection-ToCasula,"28","0","28",0.01393171060302,90.55671238286671,-33.9348189000,150.8337467000
Connection-ToCasula,"29","0","29",0.01398630849672,76.30646289791066,-33.9348096000,150.8338005000
Connection-ToCasula,"30","0","30",0.01405570571357,70.73259072404154,-33.9347886398,150.8338666562
Connection-ToCasula,"31","0","31",0.01408573565936,68.37831815529532,-33.9347779000,150.8338947000
Connection-ToCasula,"32","0","32",0.01460805979242,61.85168794806157,-33.9345798000,150.8343780000
Connection-ToCasula,"33","0","33",0.01467296071695,50.69670646382990,-33.9345435000,150.8344318000
Connection-ToCasula,"34","0","34",0.01472337867012,41.72903048846017,-33.9345081000,150.8344677000
Connection-ToCasula,"35","0","35",0.01478713233667,69.48327064008352,-33.9344579000,150.8345070000
Connection-ToCasula,"36","0","36",0.01486585526849,95.94432901150981,-33.9344728000,150.8345843000
Connection-ToCasula,"37","0","37",0.01491856295294,80.72833018838772,-33.9344737000,150.8346370000
Connection-ToCasula,"38","0","38",0.01497691747290,70.01732071127067,-33.9344542000,150.8346920000
Connection-ToCasula,"39","0","39",0.01537659035165,70.79952482277757,-33.9343146000,150.8350665000
Connection-ToCasula,"40","0","40",0.01546384062386,74.56402296798055,-33.9342877000,150.8351495000
Connection-ToCasula,"41","0","41",0.01557659278571,76.25653367978754,-33.9342625000,150.8352594000
Connection-ToCasula,"42","0","42",0.01575028014852,77.90491584356890,-33.9342188000,150.8354275000
Connection-ToCasula,"43","0","43",0.01595617419894,81.59893245235183,-33.9341844000,150.8356305000
Connection-ToCasula,"44","0","44",0.01611209834716,86.91736005771142,-33.9341649000,150.8357852000
Connection-ToCasula,"45","0","45",0.01616270635049,85.80203796449585,-33.9341658000,150.8358358000
Connection-ToCasula,"46","0","46",0.01620244159931,88.54001432499136,-33.9341593000,150.8358750000
Connection-ToCasula,"47","0","47",0.01626786147399,101.17409807036768,-33.9341667000,150.8359400000
Connection-ToCasula,"48","0","48",0.01631911076665,106.40863503149617,-33.9341807000,150.8359893000
Connection-ToCasula,"49","0","49",0.01644969261837,166.95668056919786,-33.9342188000,150.8361142000
Connection-ToCasula,"50","0","50",0.01649334636965,219.54112140800282,-33.9342486000,150.8360823000
Connection-ToCasula,"51","0","51",0.01655050159690,200.18398906159027,-33.9342970000,150.8360519000
Connection-ToCasula,"52","0","52",0.01682836674401,190.61434133873462,-33.9345720000,150.8360121000
Connection-ToCasula,"53","0","53",0.01725088525249,203.89624000423058,-33.9349837000,150.8359171000
Connection-ToCasula,"54","0","54",0.01730678176403,214.83445997113725,-33.9350296000,150.8358852000
Connection-ToCasula,"55","0","55",0.01752227301675,217.72854911032590,-33.9352064000,150.8357620000
Connection-ToCasula,"56","0","56",0.01769688034764,166.64395881174477,-33.9353390000,150.8356484000
Connection-ToCasula,"57","0","57",0.01772408806714,119.39006573898200,-33.9353495000,150.8356735000
Connection-ToCasula,"58","0","58",0.01776467193092,133.40305951401209,-33.9353734000,150.8357063000
Connection-ToCasula,"59","0","59",0.01778947374539,147.22389796988776,-33.9353926000,150.8357220000
Connection-ToCasula,"60","0","60",0.01781635161733,161.72497247343935,-33.9354167000,150.8357339000
Connection-ToCasula,"61","0","61",0.01784663692727,135.56110372479824,-33.9354465000,150.8357393000
Connection-ToCasula,"62","0","62",0.01819744984036,103.82702689037198,-33.9355158000,150.8360832000
Connection-ToCasula,"63","0","63",0.01855672184039,114.38211264777239,-33.9356164000,150.8364281000
Connection-ToCasula,"64","0","64",0.01897991017908,120.87170468419190,-33.9358438000,150.8367850000
Connection-ToCasula,"65","0","65",0.01945711513506,115.32354136948085,-33.9360769000,150.8372014000
Connection-ToCasula,"66","0","66",0.01961629694935,104.45788279052194,-33.9361350000,150.8373496000
Connection-ToCasula,"67","0","67",0.02019788405374,88.57687019999754,-33.9362110000,150.8379262000
Connection-ToCasula,"68","0","68",0.02065797757683,80.95628025948476,-33.9361283000,150.8383788000
Connection-ToCasula,"69","0","69",0.02115519875500,85.01721178450927,-33.9360614000,150.8388715000
Connection-ToCasula,"70","0","70",0.02173263727986,92.66505518238482,-33.9360389000,150.8394485000
Connection-ToCasula,"71","0","71",0.02223863937472,65.89588114079334,-33.9361055000,150.8399501000
Connection-ToCasula,"72","0","72",0.02228290640535,43.60090853643258,-33.9360689000,150.8399750000
Connection-ToCasula,"73","0","73",0.02232674656957,61.46322186938986,-33.9360425000,150.8400100000
Connection-ToCasula,"74","0","74",0.02237283919371,77.85615319595590,-33.9360267000,150.8400533000
Connection-ToCasula,"75","0","75",0.02242016878277,93.53453316028866,-33.9360232000,150.8401005000
Connection-ToCasula,"76","0","76",0.02244158466473,101.28798004848120,-33.9360274000,150.8401215000
Connection-ToCasula,"77","0","77",0.02246717782786,109.48275025036486,-33.9360324000,150.8401466000
Connection-ToCasula,"78","0","78",0.02251235525588,123.71530726245777,-33.9360534000,150.8401866000
Connection-ToCasula,"79","0","79",0.02256163669254,112.32734480055838,-33.9360849000,150.8402245000
Connection-ToCasula,"80","0","80",0.02294846404420,89.35868403874171,-33.9361181000,150.8406099000
Connection-ToCasula,"81","0","81",0.02340172043963,76.21390030630623,-33.9360691000,150.8410605000
Connection-ToCasula,"82","0","82",0.02380493236900,63.91190841673517,-33.9359222000,150.8414360000
Connection-ToCasula,"83","0","83",0.02416319420062,59.94715432629962,-33.9357387000,150.8417437000
Connection-ToCasula,"84","0","84",0.02433874595940,67.72327885434204,-33.9356528000,150.8418968000
Connection-ToCasula,"85","0","85",0.02451848145949,78.15959001874424,-33.9356055000,150.8420702000
Connection-ToCasula,"86","0","86",0.02467345300526,82.38854386136546,-33.9355828000,150.8422235000
Connection-ToCasula,"87","0","87",0.02483307587330,89.05397647388044,-33.9355639000,150.8423820000
Connection-ToCasula,"88","0","88",0.02518255727483,96.97702518712148,-33.9355938000,150.8427302000
Connection-ToCasula,"89","0","89",0.02547448825982,99.00935858081603,-33.9356397000,150.8430185000
Connection-ToCasula,"90","0","90",0.02557643579533,99.02587200071127,-33.9356556000,150.8431192000
Connection-ToCasula,"91","0","91",0.02573866834448,98.93395155801454,-33.9356812000,150.8432794000
Connection-ToCasula,"92","0","92",0.02587152834598,98.36031123323021,-33.9357015000,150.8434107000
Connection-ToCasula,"93","0","93",0.02688098588844,98.08434235646820,-33.9358408000,150.8444105000
Connection-ToCasula,"94","0","94",0.02700243875995,97.22361230251025,-33.9358582000,150.8445307000
Connection-ToCasula,"95","0","95",0.02705605340347,97.06823982494916,-33.9358640000,150.8445840000
Connection-ToCasula,"96","0","96",0.02906191592372,97.94593877902525,-33.9361406000,150.8465707000
Connection-ToCasula,"97","0","97",0.02909150139309,89.70530443214838,-33.9361447000,150.8466000000
Connection-ToCasula,"98","0","98",0.02921922253465,78.24364307695809,-33.9361257000,150.8467263000
Connection-ToCasula,"99","0","99",0.02937458668754,74.76690683149840,-33.9360856000,150.8468764000
Connection-ToCasula,"100","0","100",0.02941423009806,79.82247847665062,-33.9360750000,150.8469146000
Connection-ToCasula,"101","0","101",0.02945447397959,91.14654554828041,-33.9360716000,150.8469547000
Connection-ToCasula,"102","0","102",0.02950355452564,103.80588774489253,-33.9360777000,150.8470034000
Connection-ToCasula,"103","0","103",0.02955158826379,117.63502140796099,-33.9360945000,150.8470484000
Connection-ToCasula,"104","0","104",0.02959749828448,132.68048605382248,-33.9361207000,150.8470861000
Connection-ToCasula,"105","0","105",0.02964126219654,120.29943657488084,-33.9361545000,150.8471139000
Connection-ToCasula,"106","0","106",0.03008484931312,96.80782861109920,-33.9362318000,150.8475507000
Connection-ToCasula,"107","0","107",0.03047561184972,93.48268776490779,-33.9362562000,150.8479407000
Connection-ToCasula,"108","0","108",0.03182697007020,93.25513957847234,-33.9363360000,150.8492897000
Connection-ToCasula,"109","0","109",0.03205260557269,93.65547786776754,-33.9363483000,150.8495150000
Connection-ToCasula,"110","0","110",0.03241838136467,97.09646814162005,-33.9363750000,150.8498798000
Connection-ToCasula,"111","0","111",0.03271936018452,102.38384720097771,-33.9364273000,150.8501762000
Connection-ToCasula,"112","0","112",0.03298978477659,106.91180169452596,-33.9364962000,150.8504377000
Connection-ToCasula,"113","0","113",0.03326106124074,111.48946389562016,-33.9365848000,150.8506941000
Connection-ToCasula,"114","0","114",0.03370038136321,116.36392424960616,-33.9367629000,150.8510957000
Connection-ToCasula,"115","0","115",0.03397531600998,123.89603271401779,-33.9368954000,150.8513366000
Connection-ToCasula,"116","0","116",0.03411489068536,120.49707428817725,-33.9369832000,150.8514451000
Connection-ToCasula,"117","0","117",0.03452067492605,100.40765410444808,-33.9371353000,150.8518213000
Connection-ToCasula,"118","0","118",0.03456848538513,93.36339715458060,-33.9371343000,150.8518691000
Connection-ToCasula,"119","0","119",0.03461200101452,103.41063178753296,-33.9371403000,150.8519122000
Connection-ToCasula,"120","0","120",0.03465523074967,114.28660168233087,-33.9371543000,150.8519531000
Connection-ToCasula,"121","0","121",0.03469724134356,125.48485643908239,-33.9371751000,150.8519896000
Connection-ToCasula,"122","0","122",0.03473770181814,137.49157392718774,-33.9372018000,150.8520200000
Connection-ToCasula,"123","0","123",0.03477654367697,149.77012807343760,-33.9372331000,150.8520430000
Connection-ToCasula,"124","0","124",0.03481369539295,164.24861301295977,-33.9372670000,150.8520582000
Connection-ToCasula,"125","0","125",0.03485120379202,179.37324792494144,-33.9373042000,150.8520630000
Connection-ToCasula,"126","0","126",0.03488791155685,193.67469033740031,-33.9373407000,150.8520591000
Connection-ToCasula,"127","0","127",0.03492846929348,179.39254206715685,-33.9373785000,150.8520444000
Connection-ToCasula,"128","0","128",0.03522810884360,146.85362398367829,-33.9376554000,150.8521589000
Connection-ToCasula,"129","0","129",0.03607115669511,132.91228026968619,-33.9382636000,150.8527427000
Connection-ToCasula,"130","0","130",0.03680628308563,126.46285975278649,-33.9387327000,150.8533087000
Connection-ToCasula,"131","0","131",0.03737131561565,126.21971052670983,-33.9390427000,150.8537811000
Connection-ToCasula,"132","0","132",0.03806483222682,128.87237206157027,-33.9394807000,150.8543188000
Connection-ToCasula,"133","0","133",0.03818686652531,128.57141291095974,-33.9395568000,150.8544142000
Connection-ToCasula,"134","0","134",0.03856849326701,126.74427131778111,-33.9397947000,150.8547126000
Connection-ToCasula,"135","0","135",0.03897390684599,125.35088558249846,-33.9400268000,150.8550450000
Connection-ToCasula,"136","0","136",0.03930522712910,125.84751554095101,-33.9402205000,150.8553138000
Connection-ToCasula,"137","0","137",0.03960984915717,122.57406459744570,-33.9403992000,150.8555605000
Connection-ToCasula,"138","0","138",0.03985415783488,117.39081699093857,-33.9405185000,150.8557737000
Connection-ToCasula,"139","0","139",0.04001598502666,114.40850081714531,-33.9405883000,150.8559197000
Connection-ToCasula,"140","0","140",0.04033143581523,106.16585483040186,-33.9407129000,150.8562095000
Connection-ToCasula,"141","0","141",0.04144707398686,98.17542817989489,-33.9408887000,150.8573112000
Connection-ToCasula,"142","0","142",0.04196838159278,97.28138997556799,-33.9409548000,150.8578283000
Connection-ToCasula,"143","0","143",0.04252486542004,97.50871565660040,-33.9410253000,150.8583803000
Connection-ToCasula,"144","0","144",0.04477788734849,97.63988450168083,-33.9413287000,150.8606128000
Connection-ToCasula,"145","0","145",0.05141972519051,97.52996730753991,-33.9422003000,150.8671972000
Connection-ToCasula,"146","0","146",0.05161076801295,97.95612882347662,-33.9422253000,150.8673866000
Connection-ToCasula,"147","0","147",0.05173408873303,98.38680707614058,-33.9422433000,150.8675086000
Connection-ToCasula,"148","0","148",0.05273649289302,98.13440001229129,-33.9423894000,150.8685003000
Connection-ToCasula,"149","0","149",0.05617866283653,100.80408851506859,-33.9428618000,150.8719099000
Connection-ToCasula,"150","0","150",0.05632370134868,66.01041082470449,-33.9428962000,150.8720508000
Connection-ToCasula,"151","0","151",0.05633698968946,35.02029750029900,-33.9428845000,150.8720571000
Connection-ToCasula,"152","0","152",0.05635937048481,49.70826403073615,-33.9428678000,150.8720720000
Connection-ToCasula,"153","0","153",0.05638611464302,65.95171280114650,-33.9428535000,150.8720946000
Connection-ToCasula,"154","0","154",0.05641811979887,81.24174516483339,-33.9428448000,150.8721254000
Connection-ToCasula,"155","0","155",0.05644113044855,94.80344675677335,-33.9428441000,150.8721484000
Connection-ToCasula,"156","0","156",0.05646907700471,107.94129118450846,-33.9428496000,150.8721758000
Connection-ToCasula,"157","0","157",0.05649051202275,122.21880741226481,-33.9428585000,150.8721953000
Connection-ToCasula,"158","0","158",0.05651997335336,138.40819396935504,-33.9428774000,150.8722179000
Connection-ToCasula,"159","0","159",0.05653847362363,155.36838426174660,-33.9428929000,150.8722280000
Connection-ToCasula,"160","0","160",0.05656252565056,128.72114975759010,-33.9429160000,150.8722347000
Connection-ToCasula,"161","0","161",0.05673056031959,95.81986066863769,-33.9429266000,150.8724024000
Connection-ToCasula,"162","0","162",0.05886353751122,98.13807879036671,-33.9432243000,150.8745145000
Connection-ToCasula,"163","0","163",0.05998929653072,98.07335399992633,-33.9433859000,150.8756286000
Connection-ToCasula,"164","0","164",0.06035920138335,97.90071857501124,-33.9434367000,150.8759950000
Connection-ToCasula,"165","0","165",0.06166755879202,97.95062542648353,-33.9436167055,150.8772909156
Connection-ToCasula,"166","0","166",0.06231391700037,97.99333902276014,-33.9437065868,150.8779309939
Connection-ToCasula,"167","0","167",0.06310864448177,98.17665644027052,-33.9438171000,150.8787180000
Connection-ToCasula,"168","0","168",0.06454682639654,97.58758571927204,-33.9440262000,150.8801409000
Connection-ToCasula,"169","0","169",0.06518221601717,96.15604504200209,-33.9441016000,150.8807718000
Connection-ToCasula,"170","0","170",0.06592653886380,96.63351237668589,-33.9441729000,150.8815127000
Connection-ToCasula,"171","0","171",0.06655006378711,55.87374501419920,-33.9442572000,150.8821305000
Connection-ToCasula,"172","0","172",0.06657366251593,23.00405217740348,-33.9442343000,150.8821362000
Connection-ToCasula,"173","0","173",0.06659760787039,38.18798310114078,-33.9442140000,150.8821489000
Connection-ToCasula,"174","0","174",0.06662235822395,50.05004864425591,-33.9441963000,150.8821662000
Connection-ToCasula,"175","0","175",0.06664812525711,61.13674348751675,-33.9441818000,150.8821875000
Connection-ToCasula,"176","0","176",0.06667472826446,71.54838714001286,-33.9441712000,150.8822119000
Connection-ToCasula,"177","0","177",0.06670186956143,81.52037275491854,-33.9441649000,150.8822383000
Connection-ToCasula,"178","0","178",0.06672942205677,91.15929707558951,-33.9441632000,150.8822658000
Connection-ToCasula,"179","0","179",0.06675686527086,100.87159105256171,-33.9441660000,150.8822931000
Connection-ToCasula,"180","0","180",0.06678389784380,110.83834482784141,-33.9441734000,150.8823191000
Connection-ToCasula,"181","0","181",0.06681033058865,121.32970940283550,-33.9441849000,150.8823429000
Connection-ToCasula,"182","0","182",0.06683583058867,132.66657080043504,-33.9442002000,150.8823633000
Connection-ToCasula,"183","0","183",0.06686041208576,144.59878173574955,-33.9442186000,150.8823796000
Connection-ToCasula,"184","0","184",0.06688414076040,157.56518617812196,-33.9442393000,150.8823912000
Connection-ToCasula,"185","0","185",0.06690719027231,171.19324950242427,-33.9442615000,150.8823974000
Connection-ToCasula,"186","0","186",0.06693000430310,137.95838373809897,-33.9442843000,150.8823982000
Connection-ToCasula,"187","0","187",0.07143908306043,97.76986569670461,-33.9449061000,150.8868642000
Connection-ToCasula,"188","0","188",0.07218556361612,97.61951253600687,-33.9450050000,150.8876041000
Connection-ToCasula,"189","0","189",0.07240560963402,94.86940201704783,-33.9450342000,150.8878222000
Connection-ToCasula,"190","0","190",0.07264697377801,54.54434425088919,-33.9450431000,150.8880634000
Connection-ToCasula,"191","0","191",0.07266683932607,26.68979403560357,-33.9450241000,150.8880692000
Connection-ToCasula,"192","0","192",0.07269144013906,44.70916252339740,-33.9450043000,150.8880838000
Connection-ToCasula,"193","0","193",0.07271122017951,60.35401566231536,-33.9449924000,150.8880996000
Connection-ToCasula,"194","0","194",0.07273651286621,74.33936875293634,-33.9449828000,150.8881230000
Connection-ToCasula,"195","0","195",0.07275757301814,86.76892034983892,-33.9449795000,150.8881438000
Connection-ToCasula,"196","0","196",0.07278900421285,103.64199095911376,-33.9449809000,150.8881752000
Connection-ToCasula,"197","0","197",0.07280717039019,118.00199364900195,-33.9449885000,150.8881917000
Connection-ToCasula,"198","0","198",0.07282624131047,127.58770870759108,-33.9449984000,150.8882080000
Connection-ToCasula,"199","0","199",0.07284470018369,141.85324701700600,-33.9450112000,150.8882213000
Connection-ToCasula,"200","0","200",0.07286517895316,159.05730545231447,-33.9450289000,150.8882316000
Connection-ToCasula,"201","0","201",0.07288590888324,177.04651160634052,-33.9450492000,150.8882358000
Connection-ToCasula,"202","0","202",0.07290178968926,192.74518555243336,-33.9450650000,150.8882342000
Connection-ToCasula,"203","0","203",0.07291602345194,151.37135729304737,-33.9450784000,150.8882294000
Connection-ToCasula,"204","0","204",0.07306588485455,100.39969794614844,-33.9451122000,150.8883754000
Connection-ToCasula,"205","0","205",0.07561576377323,98.23607039791358,-33.9454567000,150.8909019000
Connection-ToCasula,"206","0","206",0.07607748551846,98.72126233163783,-33.9455266000,150.8913583000
Connection-ToCasula,"207","0","207",0.07670435647809,98.73698996855568,-33.9456218000,150.8919779000
Connection-ToCasula,"208","0","208",0.07772915348236,94.47732854306429,-33.9457775000,150.8929908000
Connection-ToCasula,"209","0","209",0.07786195442361,90.27081604630447,-33.9457780000,150.8931236000
Connection-ToCasula,"210","0","210",0.07794985584568,63.29611439127387,-33.9457785000,150.8932115000
Connection-ToCasula,"211","0","211",0.07797453721517,43.77258812777509,-33.9457586000,150.8932261000
Connection-ToCasula,"212","0","212",0.07799103244419,59.05590677485456,-33.9457482817,150.8932389696
Connection-ToCasula,"213","0","213",0.07801945480081,73.93016418481361,-33.9457371000,150.8932651000
Connection-ToCasula,"214","0","214",0.07804061372326,86.48442984733531,-33.9457338000,150.8932860000
Connection-ToCasula,"215","0","215",0.07805832388984,95.82093915957587,-33.9457344000,150.8933037000
Connection-ToCasula,"216","0","216",0.07807019359920,104.39162306651029,-33.9457364000,150.8933154000
Connection-ToCasula,"217","0","217",0.07808976934949,114.97187289908229,-33.9457428000,150.8933339000
Connection-ToCasula,"218","0","218",0.07810887432268,127.49310745991389,-33.9457526000,150.8933503000
Connection-ToCasula,"219","0","219",0.07812740267932,142.03471526132725,-33.9457655000,150.8933636000
Connection-ToCasula,"220","0","220",0.07814796794130,159.12736902360604,-33.9457833000,150.8933739000
Connection-ToCasula,"221","0","221",0.07816869787135,177.04651160354820,-33.9458036000,150.8933781000
Connection-ToCasula,"222","0","222",0.07818457867734,143.33395974076043,-33.9458194000,150.8933765000
Connection-ToCasula,"223","0","223",0.07826136025070,101.38203087022914,-33.9458339000,150.8934519000
Connection-ToCasula,"224","0","224",0.07861115060216,100.41895378565064,-33.9459059000,150.8937942000
Connection-ToCasula,"225","0","225",0.07930785103275,99.20732074230894,-33.9460144000,150.8944824000
Connection-ToCasula,"226","0","226",0.08037616498008,99.91922916321799,-33.9461899000,150.8955362000
Connection-ToCasula,"227","0","227",0.08112187645912,100.10815153236247,-33.9463243000,150.8962697000
Connection-ToCasula,"228","0","228",0.08178999149413,99.95215298911161,-33.9464384000,150.8969280000
Connection-ToCasula,"229","0","229",0.08230980112274,98.86788838022171,-33.9465293000,150.8974398000
Connection-ToCasula,"230","0","230",0.08403128111683,98.03372250937454,-33.9467589000,150.8991459000
Connection-ToCasula,"231","0","231",0.08428379180967,98.39247484546826,-33.9467958000,150.8993957000
Connection-ToCasula,"232","0","232",0.08510698520128,98.03824508448011,-33.9469158000,150.9002101000
Connection-ToCasula,"233","0","233",0.08529295966193,96.83503206993791,-33.9469407000,150.9003944000
Connection-ToCasula,"234","0","234",0.08549083487510,94.16218424039253,-33.9469613000,150.9005912000
Connection-ToCasula,"235","0","235",0.08574705011662,95.24730400643836,-33.9469718000,150.9008472000
Connection-ToCasula,"236","0","236",0.08620860701454,99.91057548811492,-33.9470372000,150.9013041000
Connection-ToCasula,"237","0","237",0.08635932532795,97.43081083562932,-33.9470677000,150.9014517000
Connection-ToCasula,"238","0","238",0.08645647552096,73.12906470092713,-33.9470731000,150.9015487000
Connection-ToCasula,"239","0","239",0.08647611553114,60.29616101553397,-33.9470613000,150.9015644000
Connection-ToCasula,"240","0","240",0.08650122329885,74.25275398988138,-33.9470517000,150.9015876000
Connection-ToCasula,"241","0","241",0.08652228345079,86.30151844536613,-33.9470484000,150.9016084000
Connection-ToCasula,"242","0","242",0.08653999051153,95.70025084979686,-33.9470489000,150.9016261000
Connection-ToCasula,"243","0","243",0.08655176166273,104.43263066639251,-33.9470509000,150.9016377000
Connection-ToCasula,"244","0","244",0.08657133741302,114.91969678324419,-33.9470573000,150.9016562000
Connection-ToCasula,"245","0","245",0.08659030528059,127.44093129176282,-33.9470670000,150.9016725000
Connection-ToCasula,"246","0","246",0.08660883363722,141.77304817245258,-33.9470799000,150.9016858000
Connection-ToCasula,"247","0","247",0.08662927672901,158.73050548163454,-33.9470975000,150.9016962000
Connection-ToCasula,"248","0","248",0.08665002715069,176.91131503730153,-33.9471178000,150.9017005000
Connection-ToCasula,"249","0","249",0.08666590795668,141.13273298627362,-33.9471336000,150.9016989000
Connection-ToCasula,"250","0","250",0.08672790440817,96.48420279165235,-33.9471406000,150.9017605000
Connection-ToCasula,"251","0","251",0.08712897091140,98.20540751578861,-33.9471859000,150.9021590000
Connection-ToCasula,"252","0","252",0.08731404089814,102.99653132310401,-33.9472178000,150.9023413000
Connection-ToCasula,"253","0","253",0.08750083795380,109.55411361410205,-33.9472695000,150.9025208000
Connection-ToCasula,"254","0","254",0.08770089719503,112.38999920750099,-33.9473478000,150.9027049000
Connection-ToCasula,"255","0","255",0.08776947452365,113.25455012673466,-33.9473732000,150.9027686000
Connection-ToCasula,"256","0","256",0.08784370369581,116.69010460625519,-33.9474043000,150.9028360000
Connection-ToCasula,"257","0","257",0.08792389546596,118.43805028799881,-33.9474427000,150.9029064000
Connection-ToCasula,"258","0","258",0.08799020172511,120.31217415876304,-33.9474741000,150.9029648000
Connection-ToCasula,"259","0","259",0.08811912111851,120.92971602740921,-33.9475431000,150.9030737000
Connection-ToCasula,"260","0","260",0.08818897811531,103.16921343800450,-33.9475775000,150.9031345000
Connection-ToCasula,"261","0","261",0.08820710571858,92.21617275406669,-33.9475765000,150.9031526000
Connection-ToCasula,"262","0","262",0.08822526501372,102.76128154722178,-33.9475789000,150.9031706000
Connection-ToCasula,"263","0","263",0.08824313258210,113.65184259872419,-33.9475844000,150.9031876000
Connection-ToCasula,"264","0","264",0.08826046059411,125.23209677576206,-33.9475929000,150.9032027000
Connection-ToCasula,"265","0","265",0.08827704552702,96.74752847000357,-33.9476038000,150.9032152000
Connection-ToCasula,"266","0","266",0.08842406831437,67.96245222098402,-33.9475357000,150.9033455000
Connection-ToCasula,"267","0","267",0.08856787738918,75.41374258849214,-33.9474949000,150.9034834000
Connection-ToCasula,"268","0","268",0.08870215787921,78.86359854471091,-33.9474654000,150.9036144000
Connection-ToCasula,"269","0","269",0.08885955381308,83.53352641946299,-33.9474392000,150.9037696000
Connection-ToCasula,"270","0","270",0.08898957611886,89.06750192568954,-33.9474316000,150.9038994000
Connection-ToCasula,"271","0","271",0.08914382799080,94.64359994295479,-33.9474356000,150.9040536000
Connection-ToCasula,"272","0","272",0.09023048516306,97.80005296643687,-33.9475831000,150.9051302000
Connection-ToCasula,"273","0","273",0.09075150428938,97.68828144662761,-33.9476538000,150.9056464000
Connection-ToCasula,"274","0","274",0.09119891154235,97.57581423965796,-33.9477128000,150.9060899000
Connection-ToCasula,"275","0","275",0.09198416233672,98.36635769247739,-33.9478163000,150.9068683000
Connection-ToCasula,"276","0","276",0.09224174628416,110.09240446303947,-33.9478573000,150.9071226000
Connection-ToCasula,"277","0","277",0.09241538870410,173.08522539864003,-33.9479468000,150.9072714000
Connection-ToCasula,"278","0","278",0.09322877621940,226.06269212615422,-33.9485205000,150.9066948000
Connection-ToCasula,"279","0","279",0.09429863174700,167.63436612572445,-33.9492504000,150.9059126000
Connection-ToCasula,"280","0","280",0.09669959897915,108.41444808284335,-33.9500038000,150.9081923000
Connection-ToCasula,"281","0","281",0.09738233589775,108.54131457370926,-33.9502209000,150.9088396000
Connection-ToCasula,"282","0","282",0.09796033800848,148.21661521472947,-33.9504047000,150.9093876000
Connection-ToCasula,"283","0","283",0.09831721789021,193.01705758293369,-33.9507582000,150.9093386000
Connection-ToCasula,"284","0","284",0.09853399484932,197.86906397152151,-33.9509642000,150.9092711000
Connection-ToCasula,"285","0","285",0.09885784682167,179.22378887150768,-33.9512729000,150.9091732000
Connection-ToCasula,"286","0","286",0.09890357689926,148.66431575730778,-33.9513161000,150.9091882000
Connection-ToCasula,"287","0","287",0.09895570798404,123.15808105776938,-33.9513539000,150.9092241000
Connection-ToCasula,"288","0","288",0.09904086207968,102.70977324544926,-33.9513828000,150.9093042000
Connection-ToCasula,"289","0","289",0.09907582777714,86.74497576096398,-33.9513862000,150.9093390000
Connection-ToCasula,"290","0","290",0.09916367634003,77.15462778301908,-33.9513678000,150.9094249000
Connection-ToCasula,"291","0","291",0.09918281295416,62.68105326778894,-33.9513633000,150.9094435000
Connection-ToCasula,"292","0","292",0.09922271846757,41.32635834083175,-33.9513371000,150.9094736000
Connection-ToCasula,"293","0","293",0.09926670619311,26.93422380058100,-33.9513005000,150.9094980000
Connection-ToCasula,"294","0","294",0.09930932180055,18.07293401101172,-33.9512605000,150.9095127000
Connection-ToCasula,"295","0","295",0.09938057073040,16.79003291525594,-33.9511920000,150.9095323000
Connection-ToCasula,"296","0","296",0.09947971834761,25.70987730114823,-33.9510975000,150.9095623000
Connection-ToCasula,"297","0","297",0.09953399587519,43.19349280036779,-33.9510524000,150.9095925000
Connection-ToCasula,"298","0","298",0.09958813837237,62.09888237295521,-33.9510195000,150.9096355000
Connection-ToCasula,"299","0","299",0.09965663333568,77.09617615741841,-33.9509979000,150.9097005000
Connection-ToCasula,"300","0","300",0.09969919023876,91.99083014794742,-33.9509924000,150.9097427000
Connection-ToCasula,"301","0","301",0.09976845855765,103.19577774136513,-33.9510061000,150.9098106000
Connection-ToCasula,"302","0","302",0.09991504290195,107.51535855566432,-33.9510440000,150.9099522000
Connection-ToCasula,"303","0","303",0.09997688989057,112.93370873366923,-33.9510652000,150.9100103000
Connection-ToCasula,"304","0","304",0.10003199125170,118.25530405565807,-33.9510892000,150.9100599000
Connection-ToCasula,"305","0","305",0.10015385954125,121.83294264763840,-33.9511514000,150.9101647000
Connection-ToCasula,"306","0","306",0.10022955425706,123.85194770601906,-33.9511926000,150.9102282000
Connection-ToCasula,"307","0","307",0.10030766885238,125.88377028260648,-33.9512371000,150.9102924000
Connection-ToCasula,"308","0","308",0.10037506914911,121.20300683271692,-33.9512777000,150.9103462000
Connection-ToCasula,"309","0","309",0.10044346308158,108.57637499045809,-33.9513070000,150.9104080000
Connection-ToCasula,"310","0","310",0.10050710497031,95.34510726066436,-33.9513200000,150.9104703000
Connection-ToCasula,"311","0","311",0.10056981645251,79.92292969915464,-33.9513188000,150.9105330000
Connection-ToCasula,"312","0","312",0.10061054899479,63.95102885153132,-33.9513055000,150.9105715000
Connection-ToCasula,"313","0","313",0.10063989452256,51.97518664657351,-33.9512895000,150.9105961000
Connection-ToCasula,"314","0","314",0.10071114317166,36.72860801247165,-33.9512409000,150.9106482000
Connection-ToCasula,"315","0","315",0.10076319891103,23.66293321417279,-33.9511943000,150.9106714000
Connection-ToCasula,"316","0","316",0.10081627781454,19.57174447821407,-33.9511447000,150.9106903000
Connection-ToCasula,"317","0","317",0.10090042631427,16.65732899277812,-33.9510648000,150.9107167000
Connection-ToCasula,"318","0","318",0.10101225207158,13.41886193384212,-33.9509568000,150.9107457000
Connection-ToCasula,"319","0","319",0.10115006807208,13.34582240730579,-33.9508219000,150.9107739000
Connection-ToCasula,"320","0","320",0.10125985172297,24.34833577193127,-33.9507158000,150.9108021000
Connection-ToCasula,"321","0","321",0.10133784274807,40.18198538085208,-33.9506510000,150.9108455000
Connection-ToCasula,"322","0","322",0.10140051538964,56.37895190116564,-33.9506079000,150.9108910000
Connection-ToCasula,"323","0","323",0.10147636207712,74.42134322639237,-33.9505773000,150.9109604000
Connection-ToCasula,"324","0","324",0.10157467285985,54.25046654815968,-33.9505647000,150.9110579000
Connection-ToCasula,"325","0","325",0.10165880002548,39.79190901825807,-33.9504890000,150.9110946000
Connection-ToCasula,"326","0","326",0.10188829216042,42.04733206575893,-33.9503532000,150.9112796000
Connection-ToCasula,"327","0","327",0.10197847087190,23.43250342542221,-33.9502754000,150.9113252000
Connection-ToCasula,"328","0","328",0.10236600997955,16.48966100543896,-33.9499038000,150.9114352000
Connection-FromCasula,"0","0","0",0.00000000000000,196.48966100543896,-33.9499038000,150.9114352000
Connection-FromCasula,"1","0","1",0.00038753910766,203.43250342542220,-33.9502754000,150.9113252000
Connection-FromCasula,"2","0","2",0.00047771781914,222.04733206575892,-33.9503532000,150.9112796000
Connection-FromCasula,"3","0","3",0.00070720995407,219.79190901825805,-33.9504890000,150.9110946000
Connection-FromCasula,"4","0","4",0.00079133711970,234.25046654815969,-33.9505647000,150.9110579000
Connection-FromCasula,"5","0","5",0.00088964790244,254.42134322639239,-33.9505773000,150.9109604000
Connection-FromCasula,"6","0","6",0.00096549458992,236.37895190116564,-33.9506079000,150.9108910000
Connection-FromCasula,"7","0","7",0.00102816723149,220.18198538085204,-33.9506510000,150.9108455000
Connection-FromCasula,"8","0","8",0.00110615825659,204.34833577193126,-33.9507158000,150.9108021000
Connection-FromCasula,"9","0","9",0.00121594190747,193.34582240730580,-33.9508219000,150.9107739000
Connection-FromCasula,"10","0","10",0.00135375790798,193.41886193384212,-33.9509568000,150.9107457000
Connection-FromCasula,"11","0","11",0.00146558366529,196.65732899277813,-33.9510648000,150.9107167000
Connection-FromCasula,"12","0","12",0.00154973216501,199.57174447821407,-33.9511447000,150.9106903000
Connection-FromCasula,"13","0","13",0.00160281106852,203.66293321417280,-33.9511943000,150.9106714000
Connection-FromCasula,"14","0","14",0.00165486680790,216.72860801247171,-33.9512409000,150.9106482000
Connection-FromCasula,"15","0","15",0.00172611545700,231.97518664657355,-33.9512895000,150.9105961000
Connection-FromCasula,"16","0","16",0.00175546098476,243.95102885153136,-33.9513055000,150.9105715000
Connection-FromCasula,"17","0","17",0.00179619352705,259.92292969915468,-33.9513188000,150.9105330000
Connection-FromCasula,"18","0","18",0.00185890500925,275.34510726066435,-33.9513200000,150.9104703000
Connection-FromCasula,"19","0","19",0.00192254689797,288.57637499045802,-33.9513070000,150.9104080000
Connection-FromCasula,"20","0","20",0.00199094083044,301.20300683271688,-33.9512777000,150.9103462000
Connection-FromCasula,"21","0","21",0.00205834112718,305.88377028260646,-33.9512371000,150.9102924000
Connection-FromCasula,"22","0","22",0.00213645572249,303.85194770601908,-33.9511926000,150.9102282000
Connection-FromCasula,"23","0","23",0.00221215043830,301.83294264763839,-33.9511514000,150.9101647000
Connection-FromCasula,"24","0","24",0.00233401872785,298.25530405565809,-33.9510892000,150.9100599000
Connection-FromCasula,"25","0","25",0.00238912008898,292.93370873366928,-33.9510652000,150.9100103000
Connection-FromCasula,"26","0","26",0.00245096707761,287.51535855566431,-33.9510440000,150.9099522000
Connection-FromCasula,"27","0","27",0.00259755142190,283.19577774136513,-33.9510061000,150.9098106000
Connection-FromCasula,"28","0","28",0.00266681974079,271.99083014794741,-33.9509924000,150.9097427000
Connection-FromCasula,"29","0","29",0.00270937664387,257.09617615741843,-33.9509979000,150.9097005000
Connection-FromCasula,"30","0","30",0.00277787160719,242.09888237295522,-33.9510195000,150.9096355000
Connection-FromCasula,"31","0","31",0.00283201410437,223.19349280036781,-33.9510524000,150.9095925000
Connection-FromCasula,"32","0","32",0.00288629163195,205.70987730114823,-33.9510975000,150.9095623000
Connection-FromCasula,"33","0","33",0.00298543924915,196.79003291525595,-33.9511920000,150.9095323000
Connection-FromCasula,"34","0","34",0.00305668817900,198.07293401101171,-33.9512605000,150.9095127000
Connection-FromCasula,"35","0","35",0.00309930378644,206.93422380058101,-33.9513005000,150.9094980000
Connection-FromCasula,"36","0","36",0.00314329151199,221.32635834083172,-33.9513371000,150.9094736000
Connection-FromCasula,"37","0","37",0.00318319702539,242.60235360380321,-33.9513633000,150.9094435000
Connection-FromCasula,"38","0","38",0.00326308920273,258.99635692979950,-33.9513823000,150.9093659000
Connection-FromCasula,"39","0","39",0.00329027044629,268.66540457173016,-33.9513862000,150.9093390000
Connection-FromCasula,"40","0","40",0.00332523614374,282.24828399606719,-33.9513828000,150.9093042000
Connection-FromCasula,"41","0","41",0.00336286857658,289.74328433668489,-33.9513706000,150.9092686000
Connection-FromCasula,"42","0","42",0.00341039898791,303.52346150412325,-33.9513539000,150.9092241000
Connection-FromCasula,"43","0","43",0.00346253007269,328.66431575730775,-33.9513161000,150.9091882000
Connection-FromCasula,"44","0","44",0.00350826015028,359.22378887150762,-33.9512729000,150.9091732000
Connection-FromCasula,"45","0","45",0.00383211212263,17.86906397152153,-33.9509642000,150.9092711000
Connection-FromCasula,"46","0","46",0.00404888908174,13.35286246905836,-33.9507582000,150.9093386000
Connection-FromCasula,"47","0","47",0.00427521214731,7.64554499114200,-33.9505344000,150.9093723000
Connection-FromCasula,"48","0","48",0.00440581145814,327.63465289269692,-33.9504047000,150.9093876000
Connection-FromCasula,"49","0","49",0.00498381356887,288.54131457370931,-33.9502209000,150.9088396000
Connection-FromCasula,"50","0","50",0.00566655048746,288.41444808284336,-33.9500038000,150.9081923000
Connection-FromCasula,"51","0","51",0.00806751771962,283.90473784754386,-33.9492504000,150.9059126000
Connection-FromCasula,"52","0","52",0.00825794116882,343.28792802788900,-33.9492189000,150.9057248000
Connection-FromCasula,"53","0","53",0.00944551234564,45.39116130743326,-33.9484098000,150.9065941000
Connection-FromCasula,"54","0","54",0.01021008314027,341.44347619191740,-33.9478573000,150.9071226000
Connection-FromCasula,"55","0","55",0.01046766708772,278.36635769247744,-33.9478163000,150.9068683000
Connection-FromCasula,"56","0","56",0.01125291788208,277.57581423965792,-33.9477128000,150.9060899000
Connection-FromCasula,"57","0","57",0.01170032513506,277.68828144662763,-33.9476538000,150.9056464000
Connection-FromCasula,"58","0","58",0.01222134426138,277.80005296643685,-33.9475831000,150.9051302000
Connection-FromCasula,"59","0","59",0.01330800143363,274.64359994295478,-33.9474356000,150.9040536000
Connection-FromCasula,"60","0","60",0.01346225330558,269.06750192568961,-33.9474316000,150.9038994000
Connection-FromCasula,"61","0","61",0.01359227561136,263.53352641946299,-33.9474392000,150.9037696000
Connection-FromCasula,"62","0","62",0.01374967154523,258.86359854471095,-33.9474654000,150.9036144000
Connection-FromCasula,"63","0","63",0.01388395203526,255.41374258849211,-33.9474949000,150.9034834000
Connection-FromCasula,"64","0","64",0.01402776111007,247.96245222098401,-33.9475357000,150.9033455000
Connection-FromCasula,"65","0","65",0.01417478389741,193.65165038857299,-33.9476038000,150.9032152000
Connection-FromCasula,"66","0","66",0.01419165191449,152.23192167998585,-33.9476176000,150.9032249000
Connection-FromCasula,"67","0","67",0.01420797919231,167.63900902987729,-33.9476329000,150.9032306000
Connection-FromCasula,"68","0","68",0.01422402412917,183.61558328845808,-33.9476489000,150.9032318000
Connection-FromCasula,"69","0","69",0.01424004692544,199.19712011789588,-33.9476646000,150.9032286000
Connection-FromCasula,"70","0","70",0.01425663879091,213.85713904845423,-33.9476794000,150.9032211000
Connection-FromCasula,"71","0","71",0.01427223622657,226.91484222057727,-33.9476912000,150.9032109000
Connection-FromCasula,"72","0","72",0.01428851627572,238.66803383748422,-33.9477010000,150.9031979000
Connection-FromCasula,"73","0","73",0.01430537836339,249.63297485533124,-33.9477083000,150.9031827000
Connection-FromCasula,"74","0","74",0.01432267402758,260.01005816781100,-33.9477128000,150.9031660000
Connection-FromCasula,"75","0","75",0.01434023819566,270.74993210871355,-33.9477143000,150.9031485000
Connection-FromCasula,"76","0","76",0.01436177235455,282.76105493530474,-33.9477119000,150.9031271000
Connection-FromCasula,"77","0","77",0.01438283464313,295.81884286705093,-33.9477050000,150.9031072000
Connection-FromCasula,"78","0","78",0.01440311320325,309.91095278160020,-33.9476941000,150.9030901000
Connection-FromCasula,"79","0","79",0.01442243288234,325.30179572438095,-33.9476799000,150.9030770000
Connection-FromCasula,"80","0","80",0.01444090285795,341.99572302313203,-33.9476634000,150.9030687000
Connection-FromCasula,"81","0","81",0.01445883885527,359.66020539925347,-33.9476457000,150.9030658000
Connection-FromCasula,"82","0","82",0.01447684246599,348.43749312335643,-33.9476279000,150.9030685000
Connection-FromCasula,"83","0","83",0.01452682186178,320.56869592119483,-33.9475854000,150.9030422000
Connection-FromCasula,"84","0","84",0.01459588241489,311.43048855372029,-33.9475384000,150.9029916000
Connection-FromCasula,"85","0","85",0.01464833934962,309.29925174134632,-33.9475047000,150.9029514000
Connection-FromCasula,"86","0","86",0.01469992355263,306.39240480626660,-33.9474725000,150.9029111000
Connection-FromCasula,"87","0","87",0.01475744789530,302.61094865046294,-33.9474402000,150.9028635000
Connection-FromCasula,"88","0","88",0.01481733528963,300.44089260345902,-33.9474093000,150.9028122000
Connection-FromCasula,"89","0","89",0.01494101042861,296.43011505820994,-33.9473478000,150.9027049000
Connection-FromCasula,"90","0","90",0.01514106966985,289.55411361410199,-33.9472695000,150.9025208000
Connection-FromCasula,"91","0","91",0.01532786672551,282.99653132310402,-33.9472178000,150.9023413000
Connection-FromCasula,"92","0","92",0.01551293671225,278.20781663810732,-33.9471859000,150.9021590000
Connection-FromCasula,"93","0","93",0.01584204587347,276.47672250291623,-33.9471487000,150.9018320000
Connection-FromCasula,"94","0","94",0.01591400322196,276.47318426108200,-33.9471406000,150.9017605000
Connection-FromCasula,"95","0","95",0.01597599967345,238.28455334766932,-33.9471336000,150.9016989000
Connection-FromCasula,"96","0","96",0.01599026746938,206.93178748674728,-33.9471470000,150.9016940000
Connection-FromCasula,"97","0","97",0.01600843392196,220.84798831155786,-33.9471621000,150.9016839000
Connection-FromCasula,"98","0","98",0.01602648856127,235.32240730772065,-33.9471742000,150.9016705000
Connection-FromCasula,"99","0","99",0.01605180278651,250.40160663724103,-33.9471858000,150.9016480000
Connection-FromCasula,"100","0","100",0.01607745624631,264.44188138836921,-33.9471911000,150.9016229000
Connection-FromCasula,"101","0","101",0.01609875835889,278.53356708360820,-33.9471908000,150.9016016000
Connection-FromCasula,"102","0","102",0.01613125835889,295.32027473356777,-33.9471817000,150.9015704000
Connection-FromCasula,"103","0","103",0.01615658226066,312.36476108948267,-33.9471674000,150.9015495000
Connection-FromCasula,"104","0","104",0.01617554459173,328.33354487758555,-33.9471528000,150.9015374000
Connection-FromCasula,"105","0","105",0.01619421703130,308.47447957627895,-33.9471357000,150.9015299000
Connection-FromCasula,"106","0","106",0.01628690802333,279.50265292739675,-33.9471186000,150.9014388000
Connection-FromCasula,"107","0","107",0.01644620648534,278.17056298659116,-33.9470954000,150.9012812000
Connection-FromCasula,"108","0","108",0.01669440197279,277.95997447140110,-33.9470610000,150.9010354000
Connection-FromCasula,"109","0","109",0.01676306236895,277.59565531187701,-33.9470515000,150.9009674000
Connection-FromCasula,"110","0","110",0.01690116291205,282.08287085182354,-33.9470341000,150.9008304000
Connection-FromCasula,"111","0","111",0.01715119586987,281.45158790552233,-33.9469613000,150.9005912000
Connection-FromCasula,"112","0","112",0.01734907108305,276.83503206993788,-33.9469407000,150.9003944000
Connection-FromCasula,"113","0","113",0.01753504554369,278.03824508448008,-33.9469158000,150.9002101000
Connection-FromCasula,"114","0","114",0.01835823893530,278.39247484546820,-33.9467958000,150.8993957000
Connection-FromCasula,"115","0","115",0.01861074962815,278.03372250937451,-33.9467589000,150.8991459000
Connection-FromCasula,"116","0","116",0.02033222962223,278.86788838022176,-33.9465293000,150.8974398000
Connection-FromCasula,"117","0","117",0.02085203925084,279.95215298911160,-33.9464384000,150.8969280000
Connection-FromCasula,"118","0","118",0.02152015428585,280.10815153236251,-33.9463243000,150.8962697000
Connection-FromCasula,"119","0","119",0.02226586576489,279.91922916321801,-33.9461899000,150.8955362000
Connection-FromCasula,"120","0","120",0.02333417971222,279.20732074230892,-33.9460144000,150.8944824000
Connection-FromCasula,"121","0","121",0.02403088014281,280.41895378565061,-33.9459059000,150.8937942000
Connection-FromCasula,"122","0","122",0.02438067049427,281.38203087022913,-33.9458339000,150.8934519000
Connection-FromCasula,"123","0","123",0.02445745206763,240.48577999755005,-33.9458194000,150.8933765000
Connection-FromCasula,"124","0","124",0.02447171986355,207.15086750232382,-33.9458328000,150.8933716000
Connection-FromCasula,"125","0","125",0.02448985932330,221.18527247923151,-33.9458478000,150.8933614000
Connection-FromCasula,"126","0","126",0.02450784709693,235.38857002314316,-33.9458598000,150.8933480000
Connection-FromCasula,"127","0","127",0.02453307248099,250.24039042883666,-33.9458714000,150.8933256000
Connection-FromCasula,"128","0","128",0.02455874678719,264.67966986621559,-33.9458768000,150.8933005000
Connection-FromCasula,"129","0","129",0.02458165464611,279.02896372145403,-33.9458762000,150.8932776000
Connection-FromCasula,"130","0","130",0.02461253506062,295.46870805497366,-33.9458674000,150.8932480000
Connection-FromCasula,"131","0","131",0.02463785896238,312.26796451897377,-33.9458531000,150.8932271000
Connection-FromCasula,"132","0","132",0.02465674440650,328.09654764604795,-33.9458386000,150.8932150000
Connection-FromCasula,"133","0","133",0.02467545723630,345.99291358736730,-33.9458215000,150.8932074000
Connection-FromCasula,"134","0","134",0.02469951736931,6.46190783285922,-33.9457975000,150.8932057000
Connection-FromCasula,"135","0","135",0.02471938291737,323.65070526028211,-33.9457785000,150.8932115000
Connection-FromCasula,"136","0","136",0.02480728433944,270.27081604630450,-33.9457780000,150.8931236000
Connection-FromCasula,"137","0","137",0.02494008528069,274.47732854306429,-33.9457775000,150.8929908000
Connection-FromCasula,"138","0","138",0.02596488228496,278.73698996855569,-33.9456218000,150.8919779000
Connection-FromCasula,"139","0","139",0.02659175324459,278.72126233163783,-33.9455266000,150.8913583000
Connection-FromCasula,"140","0","140",0.02705347498982,278.23607039791358,-33.9454567000,150.8909019000
Connection-FromCasula,"141","0","141",0.02960335390850,280.39969794614842,-33.9451122000,150.8883754000
Connection-FromCasula,"142","0","142",0.02975321531111,248.62521901810069,-33.9450784000,150.8882294000
Connection-FromCasula,"143","0","143",0.02977135477088,221.06706845131970,-33.9450934000,150.8882192000
Connection-FromCasula,"144","0","144",0.02978940941017,235.27036600827284,-33.9451055000,150.8882058000
Connection-FromCasula,"145","0","145",0.02981463479420,250.21683205242277,-33.9451171000,150.8881834000
Connection-FromCasula,"146","0","146",0.02984021134596,264.65285015744644,-33.9451225000,150.8881584000
Connection-FromCasula,"147","0","147",0.02986321917068,279.02570241278931,-33.9451219000,150.8881354000
Connection-FromCasula,"148","0","148",0.02989409958522,295.31162727643414,-33.9451131000,150.8881058000
Connection-FromCasula,"149","0","149",0.02991944993039,312.09174905633682,-33.9450989000,150.8880848000
Connection-FromCasula,"150","0","150",0.02993847622802,328.13928738486362,-33.9450843000,150.8880726000
Connection-FromCasula,"151","0","151",0.02995728048283,346.17359249536031,-33.9450671000,150.8880650000
Connection-FromCasula,"152","0","152",0.02998133375703,314.14955708196021,-33.9450431000,150.8880634000
Connection-FromCasula,"153","0","153",0.03022269790102,274.86940201704783,-33.9450342000,150.8878222000
Connection-FromCasula,"154","0","154",0.03044274391892,277.61280222581848,-33.9450050000,150.8876041000
Connection-FromCasula,"155","0","155",0.03065521031627,277.60936958033665,-33.9449769000,150.8873935000
Connection-FromCasula,"156","0","156",0.03118922448276,277.77253550494055,-33.9449061000,150.8868642000
Connection-FromCasula,"157","0","157",0.03569830324008,235.10611872811225,-33.9442843000,150.8823982000
Connection-FromCasula,"158","0","158",0.03572133061508,198.87987549969813,-33.9443068000,150.8823933000
Connection-FromCasula,"159","0","159",0.03574481358765,211.90144110509283,-33.9443280000,150.8823832000
Connection-FromCasula,"160","0","160",0.03576916148284,224.30514399368977,-33.9443471000,150.8823681000
Connection-FromCasula,"161","0","161",0.03579451281417,235.73042160350161,-33.9443633000,150.8823486000
Connection-FromCasula,"162","0","162",0.03582065033509,246.37232685235006,-33.9443759000,150.8823257000
Connection-FromCasula,"163","0","163",0.03584752969520,256.37767524832554,-33.9443844000,150.8823002000
Connection-FromCasula,"164","0","164",0.03587495322525,266.32421127053260,-33.9443886000,150.8822731000
Connection-FromCasula,"165","0","165",0.03590246213289,276.11629832643138,-33.9443879000,150.8822456000
Connection-FromCasula,"166","0","166",0.03592974307862,285.75271443888255,-33.9443828000,150.8822188000
Connection-FromCasula,"167","0","167",0.03595658073873,296.01753946785016,-33.9443733000,150.8821937000
Connection-FromCasula,"168","0","168",0.03598256323284,306.85812252384602,-33.9443598000,150.8821715000
Connection-FromCasula,"169","0","169",0.03600762036757,318.50611999834359,-33.9443429000,150.8821530000
Connection-FromCasula,"170","0","170",0.03603178832158,331.10332168786016,-33.9443232000,150.8821390000
Connection-FromCasula,"171","0","171",0.03605515004234,344.40160956928656,-33.9443016000,150.8821301000
Connection-FromCasula,"172","0","172",0.03607801945426,0.66977896693574,-33.9442790000,150.8821266000
Connection-FromCasula,"173","0","173",0.03610016555997,323.95649796755845,-33.9442572000,150.8821305000
Connection-FromCasula,"174","0","174",0.03672369048328,276.63351237668581,-33.9441729000,150.8815127000
Connection-FromCasula,"175","0","175",0.03746801332991,276.15604504200212,-33.9441016000,150.8807718000
Connection-FromCasula,"176","0","176",0.03810340295054,277.58758571927200,-33.9440262000,150.8801409000
Connection-FromCasula,"177","0","177",0.03954158486532,278.17665644027051,-33.9438171000,150.8787180000
Connection-FromCasula,"178","0","178",0.04033631234672,277.99333902279494,-33.9437065868,150.8779309939
Connection-FromCasula,"179","0","179",0.04112941180802,277.94522963090043,-33.9435963000,150.8771456000
Connection-FromCasula,"180","0","180",0.04229102814745,277.89532277939333,-33.9434367000,150.8759950000
Connection-FromCasula,"181","0","181",0.04266093300007,278.07962828323787,-33.9433859000,150.8756286000
Connection-FromCasula,"182","0","182",0.04373630400582,278.12555349701552,-33.9432313000,150.8745644000
Connection-FromCasula,"183","0","183",0.04378669259579,278.00417532386973,-33.9432243000,150.8745145000
Connection-FromCasula,"184","0","184",0.04591966978742,275.81986066863766,-33.9429266000,150.8724024000
Connection-FromCasula,"185","0","185",0.04608770445646,229.05555205201722,-33.9429160000,150.8722347000
Connection-FromCasula,"186","0","186",0.04611067508989,192.61479579410562,-33.9429389000,150.8722329000
Connection-FromCasula,"187","0","187",0.04612564472584,207.03076178908350,-33.9429529000,150.8722276000
Connection-FromCasula,"188","0","188",0.04614311813421,221.04928664940562,-33.9429675000,150.8722180000
Connection-FromCasula,"189","0","189",0.04616891270729,235.76258604621376,-33.9429845000,150.8721986000
Connection-FromCasula,"190","0","190",0.04618769700925,248.00001079359538,-33.9429931000,150.8721819000
Connection-FromCasula,"191","0","191",0.04620816576590,259.74037257405621,-33.9429990000,150.8721623000
Connection-FromCasula,"192","0","192",0.04624013481344,273.96566363135668,-33.9430011000,150.8721304000
Connection-FromCasula,"193","0","193",0.04626331627157,287.61675806121104,-33.9429964000,150.8721077000
Connection-FromCasula,"194","0","194",0.04628785786890,299.57714542324464,-33.9429866000,150.8720852000
Connection-FromCasula,"195","0","195",0.04630434180049,312.44563536959737,-33.9429770000,150.8720718000
Connection-FromCasula,"196","0","196",0.04632901769964,328.73568567635931,-33.9429583000,150.8720557000
Connection-FromCasula,"197","0","197",0.04635325094129,346.92556677528108,-33.9429358000,150.8720467000
Connection-FromCasula,"198","0","198",0.04637040028527,4.57413814810845,-33.9429187000,150.8720454000
Connection-FromCasula,"199","0","199",0.04639353921350,328.60789964821288,-33.9428962000,150.8720508000
Connection-FromCasula,"200","0","200",0.04653857772565,280.80408851506860,-33.9428618000,150.8719099000
Connection-FromCasula,"201","0","201",0.04998074766916,278.13440001229128,-33.9423894000,150.8685003000
Connection-FromCasula,"202","0","202",0.05098315182915,278.38680707614060,-33.9422433000,150.8675086000
Connection-FromCasula,"203","0","203",0.05110647254924,277.95612882347660,-33.9422253000,150.8673866000
Connection-FromCasula,"204","0","204",0.05129751537167,277.52996730753989,-33.9422003000,150.8671972000
Connection-FromCasula,"205","0","205",0.05793935321369,277.63988450168085,-33.9413287000,150.8606128000
Connection-FromCasula,"206","0","206",0.06019237514215,277.50871565660037,-33.9410253000,150.8583803000
Connection-FromCasula,"207","0","207",0.06074885896940,277.88859075021855,-33.9409548000,150.8578283000
Connection-FromCasula,"208","0","208",0.06238563294584,285.88214290274379,-33.9407129000,150.8562095000
Connection-FromCasula,"209","0","209",0.06270108373441,294.40850081714530,-33.9405883000,150.8559197000
Connection-FromCasula,"210","0","210",0.06286291092620,297.39081699093856,-33.9405185000,150.8557737000
Connection-FromCasula,"211","0","211",0.06310721960390,302.57406459744567,-33.9403992000,150.8555605000
Connection-FromCasula,"212","0","212",0.06341184163198,305.84751554095101,-33.9402205000,150.8553138000
Connection-FromCasula,"213","0","213",0.06374316191509,305.35088558249851,-33.9400268000,150.8550450000
Connection-FromCasula,"214","0","214",0.06414857549407,306.74427131778117,-33.9397947000,150.8547126000
Connection-FromCasula,"215","0","215",0.06453020223577,308.82075824589140,-33.9395568000,150.8544142000
Connection-FromCasula,"216","0","216",0.06534574770968,306.17583513822808,-33.9390427000,150.8537811000
Connection-FromCasula,"217","0","217",0.06591078023970,306.46285975278653,-33.9387327000,150.8533087000
Connection-FromCasula,"218","0","218",0.06664590663022,312.91228026968616,-33.9382636000,150.8527427000
Connection-FromCasula,"219","0","219",0.06748895448173,310.27413870048002,-33.9376554000,150.8521589000
Connection-FromCasula,"220","0","220",0.06780421316920,284.84485411901483,-33.9374774000,150.8518987000
Connection-FromCasula,"221","0","221",0.06785317682920,270.79452481987340,-33.9374814000,150.8518499000
Connection-FromCasula,"222","0","222",0.06790166734372,281.93648385525074,-33.9374761000,150.8518017000
Connection-FromCasula,"223","0","223",0.06794929632650,293.47111812600673,-33.9374617000,150.8517563000
Connection-FromCasula,"224","0","224",0.06799541356839,305.75685860920811,-33.9374391000,150.8517161000
Connection-FromCasula,"225","0","225",0.06803980331946,319.10864797351525,-33.9374093000,150.8516832000
Connection-FromCasula,"226","0","226",0.06808223832859,333.46674158413492,-33.9373741000,150.8516595000
Connection-FromCasula,"227","0","227",0.06812224395320,349.02283264473789,-33.9373363000,150.8516464000
Connection-FromCasula,"228","0","228",0.06816059105217,342.40453573598671,-33.9372980000,150.8516445000
Connection-FromCasula,"229","0","229",0.06853322948281,318.31472562869760,-33.9369832000,150.8514451000
Connection-FromCasula,"230","0","230",0.06867280415819,303.89603271401779,-33.9368954000,150.8513366000
Connection-FromCasula,"231","0","231",0.06894773880496,296.36392424960616,-33.9367629000,150.8510957000
Connection-FromCasula,"232","0","232",0.06938705892744,291.48946389562013,-33.9365848000,150.8506941000
Connection-FromCasula,"233","0","233",0.06965833539159,286.91180169452593,-33.9364962000,150.8504377000
Connection-FromCasula,"234","0","234",0.06992875998365,282.38384720097770,-33.9364273000,150.8501762000
Connection-FromCasula,"235","0","235",0.07022973880351,277.09646814161999,-33.9363750000,150.8498798000
Connection-FromCasula,"236","0","236",0.07059551459549,273.76708586164716,-33.9363483000,150.8495150000
Connection-FromCasula,"237","0","237",0.07217250632025,273.38235034537468,-33.9362562000,150.8479407000
Connection-FromCasula,"238","0","238",0.07246111929640,273.72912406328248,-33.9362390000,150.8476526000
Connection-FromCasula,"239","0","239",0.07256327334674,267.51871383368416,-33.9362318000,150.8475507000
Connection-FromCasula,"240","0","240",0.07301564805867,242.25657458433503,-33.9363026000,150.8471039000
Connection-FromCasula,"241","0","241",0.07304571016108,228.78576456898290,-33.9363244000,150.8470832000
Connection-FromCasula,"242","0","242",0.07307671419306,238.98427396052006,-33.9363426000,150.8470581000
Connection-FromCasula,"243","0","243",0.07310878053055,248.62432134976044,-33.9363567000,150.8470293000
Connection-FromCasula,"244","0","244",0.07314155735164,261.11092143695936,-33.9363661000,150.8469979000
Connection-FromCasula,"245","0","245",0.07322397288415,280.05239289054435,-33.9363677000,150.8469155000
Connection-FromCasula,"246","0","246",0.07330410458823,299.95187743332252,-33.9363387000,150.8468408000
Connection-FromCasula,"247","0","247",0.07333754139428,303.24401412159932,-33.9363178000,150.8468147000
Connection-FromCasula,"248","0","248",0.07341019404723,297.80145877269644,-33.9362839141,150.8467504337
Connection-FromCasula,"249","0","249",0.07348054887662,295.82788944181419,-33.9362511000,150.8466882000
Connection-FromCasula,"250","0","250",0.07356659961747,284.50240313927793,-33.9362163000,150.8466095000
Connection-FromCasula,"251","0","251",0.07366837515530,276.40896049728678,-33.9362071634,150.8465081354
Connection-FromCasula,"252","0","252",0.07565951292944,277.95642799531907,-33.9359415000,150.8445348000
Connection-FromCasula,"253","0","253",0.07575085716846,277.94643103913080,-33.9359284000,150.8444444000
Connection-FromCasula,"254","0","254",0.07633172357305,277.64333201501591,-33.9358511000,150.8438687000
Connection-FromCasula,"255","0","255",0.07685829703420,277.59632782615290,-33.9357811000,150.8433468000
Connection-FromCasula,"256","0","256",0.07697773341897,278.52881442924212,-33.9357654000,150.8432284000
Connection-FromCasula,"257","0","257",0.07713519481105,285.71786614033448,-33.9357394000,150.8430731000
Connection-FromCasula,"258","0","258",0.07724148709676,284.49325429374477,-33.9356997000,150.8429745000
Connection-FromCasula,"259","0","259",0.07737338573206,277.73123912378702,-33.9356835000,150.8428436000
Connection-FromCasula,"260","0","260",0.07751359250794,274.23288624571421,-33.9356630000,150.8427049000
Connection-FromCasula,"261","0","261",0.07780859266045,265.53890190392696,-33.9356627000,150.8424099000
Connection-FromCasula,"262","0","262",0.07815068617110,256.36511802470051,-33.9357161000,150.8420720000
Connection-FromCasula,"263","0","263",0.07847412497520,246.62023738710417,-33.9358176000,150.8417649000
Connection-FromCasula,"264","0","264",0.07888171714881,245.46489338944860,-33.9360119000,150.8414066000
Connection-FromCasula,"265","0","265",0.07927848675451,256.20714365947612,-33.9361515000,150.8410352000
Connection-FromCasula,"266","0","266",0.07967644097298,266.69548442697368,-33.9361999000,150.8406402000
Connection-FromCasula,"267","0","267",0.07998064754752,265.18566700865591,-33.9361979000,150.8403360000
Connection-FromCasula,"268","0","268",0.08010727333479,249.02954846684261,-33.9362199000,150.8402113000
Connection-FromCasula,"269","0","269",0.08015075448014,242.44230376362449,-33.9362429000,150.8401744000
Connection-FromCasula,"270","0","270",0.08019089485881,253.80456271276711,-33.9362587000,150.8401375000
Connection-FromCasula,"271","0","271",0.08023212652137,267.69981139897192,-33.9362653000,150.8400968000
Connection-FromCasula,"272","0","272",0.08026944729311,281.45258380603104,-33.9362623000,150.8400596000
Connection-FromCasula,"273","0","273",0.08032105581953,297.69614064805899,-33.9362461000,150.8400106000
Connection-FromCasula,"274","0","274",0.08036631617745,317.00303153058417,-33.9362188000,150.8399745000
Connection-FromCasula,"275","0","275",0.08040880852967,337.93704551168071,-33.9361832000,150.8399513000
Connection-FromCasula,"276","0","276",0.08044956193444,359.44786149846340,-33.9361432000,150.8399435000
Connection-FromCasula,"277","0","277",0.08048783529333,323.74657423478061,-33.9361055000,150.8399501000
Connection-FromCasula,"278","0","278",0.08099383738820,272.66505518238483,-33.9360389000,150.8394485000
Connection-FromCasula,"279","0","279",0.08157127591306,265.01721178450930,-33.9360614000,150.8388715000
Connection-FromCasula,"280","0","280",0.08206849709122,260.95628025948480,-33.9361283000,150.8383788000
Connection-FromCasula,"281","0","281",0.08252859061432,268.57687019999753,-33.9362110000,150.8379262000
Connection-FromCasula,"282","0","282",0.08311017771870,284.45788279052192,-33.9361350000,150.8373496000
Connection-FromCasula,"283","0","283",0.08326935953300,295.32354136948078,-33.9360769000,150.8372014000
Connection-FromCasula,"284","0","284",0.08374656448897,300.87170468419191,-33.9358438000,150.8367850000
Connection-FromCasula,"285","0","285",0.08416975282766,294.38211264777232,-33.9356164000,150.8364281000
Connection-FromCasula,"286","0","286",0.08452902482769,283.82702689037200,-33.9355158000,150.8360832000
Connection-FromCasula,"287","0","287",0.08487983774079,236.13678380272194,-33.9354465000,150.8357393000
Connection-FromCasula,"288","0","288",0.08492169010036,203.01451453994224,-33.9354876000,150.8357314000
Connection-FromCasula,"289","0","289",0.08496963173152,227.02501170838551,-33.9355268000,150.8357038000
Connection-FromCasula,"290","0","290",0.08502790711225,247.03743540483825,-33.9355569000,150.8356539000
Connection-FromCasula,"291","0","291",0.08505604392088,261.50116149376424,-33.9355641000,150.8356267000
Connection-FromCasula,"292","0","292",0.08508013527469,270.63592026992950,-33.9355650127,150.8356026259
Connection-FromCasula,"293","0","293",0.08512363974199,282.12491431457465,-33.9355624000,150.8355592000
Connection-FromCasula,"294","0","294",0.08516643039519,299.06817145165786,-33.9355472000,150.8355192000
Connection-FromCasula,"295","0","295",0.08520881175899,316.56204696172449,-33.9355215000,150.8354855000
Connection-FromCasula,"296","0","296",0.08524581175902,337.42772544579037,-33.9354909000,150.8354647000
Connection-FromCasula,"297","0","297",0.08529429268312,0.34153840262729,-33.9354433000,150.8354555000
Connection-FromCasula,"298","0","298",0.08532308295921,21.20951044808510,-33.9354151000,150.8354613000
Connection-FromCasula,"299","0","299",0.08536429424410,40.78664623756180,-33.9353797000,150.8354824000
Connection-FromCasula,"300","0","300",0.08540715039885,60.54771605639915,-33.9353526000,150.8355156000
Connection-FromCasula,"301","0","301",0.08546386344848,79.77827309355645,-33.9353335000,150.8355690000
Connection-FromCasula,"302","0","302",0.08551646810607,96.13169716101166,-33.9353328000,150.8356216000
Connection-FromCasula,"303","0","303",0.08554397592315,71.80644929550080,-33.9353390000,150.8356484000
Connection-FromCasula,"304","0","304",0.08571858325403,37.72122078703456,-33.9352064000,150.8357620000
Connection-FromCasula,"305","0","305",0.08598997098406,23.92449203216259,-33.9349837000,150.8359171000
Connection-FromCasula,"306","0","306",0.08641248949254,10.61434133873460,-33.9345720000,150.8360121000
Connection-FromCasula,"307","0","307",0.08669035463965,20.18398906159025,-33.9342970000,150.8360519000
Connection-FromCasula,"308","0","308",0.08674750986690,39.54112140800282,-33.9342486000,150.8360823000
Connection-FromCasula,"309","0","309",0.08679116361818,346.95668056919783,-33.9342188000,150.8361142000
Connection-FromCasula,"310","0","310",0.08692174546991,286.40863503149615,-33.9341807000,150.8359893000
Connection-FromCasula,"311","0","311",0.08697299476256,281.17409807036762,-33.9341667000,150.8359400000
Connection-FromCasula,"312","0","312",0.08703841463724,268.54001432499143,-33.9341593000,150.8358750000
Connection-FromCasula,"313","0","313",0.08707814988606,265.80203796449587,-33.9341658000,150.8358358000
Connection-FromCasula,"314","0","314",0.08712875788939,266.91736005771145,-33.9341649000,150.8357852000
Connection-FromCasula,"315","0","315",0.08728468203761,261.59893245235185,-33.9341844000,150.8356305000
Connection-FromCasula,"316","0","316",0.08749057608803,258.23116682740283,-33.9342188000,150.8354275000
Connection-FromCasula,"317","0","317",0.08777698699914,254.06143965648323,-33.9342877000,150.8351495000
Connection-FromCasula,"318","0","318",0.08786423727135,250.79952482277756,-33.9343146000,150.8350665000
Connection-FromCasula,"319","0","319",0.08826391015010,250.01732071127066,-33.9344542000,150.8346920000
Connection-FromCasula,"320","0","320",0.08832226467007,260.72833018838770,-33.9344737000,150.8346370000
Connection-FromCasula,"321","0","321",0.08837497235451,275.94432901150981,-33.9344728000,150.8345843000
Connection-FromCasula,"322","0","322",0.08845369528633,249.48327064008353,-33.9344579000,150.8345070000
Connection-FromCasula,"323","0","323",0.08851744895289,221.72903048846018,-33.9345081000,150.8344677000
Connection-FromCasula,"324","0","324",0.08856786690605,230.69670646382991,-33.9345435000,150.8344318000
Connection-FromCasula,"325","0","325",0.08863276783058,241.85168794806162,-33.9345798000,150.8343780000
Connection-FromCasula,"326","0","326",0.08915509196365,248.37831815529540,-33.9347779000,150.8338947000
Connection-FromCasula,"327","0","327",0.08918512190943,250.73259072404156,-33.9347886398,150.8338666562
Connection-FromCasula,"328","0","328",0.08925451912629,256.30646289791071,-33.9348096000,150.8338005000
Connection-FromCasula,"329","0","329",0.08930911701998,270.55671238286675,-33.9348189000,150.8337467000
Connection-FromCasula,"330","0","330",0.08935820602083,289.17349510648899,-33.9348096000,150.8336985000
Connection-FromCasula,"331","0","331",0.08940879159188,260.03791144276965,-33.9347863000,150.8336536000
Connection-FromCasula,"332","0","332",0.08944672442723,227.32763317006169,-33.9348142000,150.8336279000
Connection-FromCasula,"333","0","333",0.08954354307214,236.69322684489808,-33.9348738000,150.8335516000
Connection-FromCasula,"334","0","334",0.08959594545759,247.25895533654884,-33.9348989000,150.8335056000
Connection-FromCasula,"335","0","335",0.08966971753902,257.69717991113856,-33.9349203000,150.8334350000
Connection-FromCasula,"336","0","336",0.08980777622220,263.17877139838237,-33.9349389000,150.8332982000
Connection-FromCasula,"337","0","337",0.09020568381198,266.17769238248019,-33.9349798000,150.8329024000
Connection-FromCasula,"338","0","338",0.09028121883698,279.77546190434470,-33.9349821000,150.8328269000
Connection-FromCasula,"339","0","339",0.09034014226185,293.53058996604079,-33.9349607000,150.8327720000
Connection-FromCasula,"340","0","340",0.09038500215486,261.17955223586807,-33.9349412000,150.8327316000
Connection-FromCasula,"341","0","341",0.09042822309886,236.07489413761959,-33.9349709000,150.8327002000
Connection-FromCasula,"342","0","342",0.09049347154709,251.48135762888484,-33.9349979000,150.8326408000
Connection-FromCasula,"343","0","343",0.09057052529459,261.15512825966454,-33.9350147000,150.8325656000
Connection-FromCasula,"344","0","344",0.09097803633739,266.23899195973542,-33.9350509000,150.8321597000
Connection-FromCasula,"345","0","345",0.09104419561489,269.12029870630084,-33.9350537000,150.8320936000
Connection-FromCasula,"346","0","346",0.09112160084728,279.42016001602292,-33.9350528000,150.8320162000
Connection-FromCasula,"347","0","347",0.09118411972442,298.28380167386553,-33.9350333000,150.8319568000
Connection-FromCasula,"348","0","348",0.09123451754182,317.10494284201513,-33.9350020000,150.8319173000
Connection-FromCasula,"349","0","349",0.09126993646334,334.71343103205254,-33.9349727000,150.8318974000
Connection-FromCasula,"350","0","350",0.09131778058524,348.38492725215502,-33.9349268000,150.8318839000
Connection-FromCasula,"351","0","351",0.09142272766715,353.94813146474411,-33.9348226000,150.8318714000
Connection-FromCasula,"352","0","352",0.09162658715305,355.68603344141439,-33.9346196000,150.8318527000
Connection-FromCasula,"353","0","353",0.09203208620361,355.73738553035156,-33.9342148000,150.8318289000
Connection-FromCasula,"354","0","354",0.09258131235011,357.94268597522517,-33.9336678000,150.8317795000
Connection-FromCasula,"355","0","355",0.09280594976908,318.65325786046094,-33.9334432000,150.8317836000
Connection-FromCasula,"356","0","356",0.10234353229820,268.60022592733753,-33.9324031000,150.8223029000
Connection-FromCasula,"357","0","357",0.10324082762300,260.93973580750281,-33.9325444000,150.8214168000
Connection-ToMtDruitt,"0","0","0",0.00000000000000,7.55667073606356,-33.8804351000,150.7921182000
Connection-ToMtDruitt,"1","0","1",0.00105508308030,8.69785300783307,-33.8793891800,150.7922569506
Connection-ToMtDruitt,"2","0","2",0.00241330072121,9.83885656206511,-33.8780509394,150.7924890439
Connection-ToMtDruitt,"3","0","3",0.00377151790373,9.83849914343371,-33.8767126979,150.7927211288
Connection-ToMtDruitt,"4","0","4",0.00512973462803,9.83814175689223,-33.8753744553,150.7929532053
Connection-ToMtDruitt,"5","0","5",0.00648795089419,9.69071750328511,-33.8740362117,150.7931852733
Connection-ToMtDruitt,"6","0","6",0.00768285162467,10.76594528511397,-33.8728578483,150.7933833830
Connection-ToMtDruitt,"7","0","7",0.00784629759461,10.91283352880569,-33.8726979672,150.7934173330
Connection-ToMtDruitt,"8","0","8",0.00920451294482,9.83706978390022,-33.8713597216,150.7936493842
Connection-ToMtDruitt,"9","0","9",0.01056272783727,9.83671252263649,-33.8700214751,150.7938814270
Connection-ToMtDruitt,"10","0","10",0.01192094227196,9.83635529300065,-33.8686832275,150.7941134613
Connection-ToMtDruitt,"11","0","11",0.01327915624911,9.83599809345292,-33.8673449790,150.7943454873
Connection-ToMtDruitt,"12","0","12",0.01463736976878,9.83564091887668,-33.8660067294,150.7945775048
Connection-ToMtDruitt,"13","0","13",0.01496792005938,9.83546234664860,-33.8656810374,150.7946339692
Connection-ToMtDruitt,"14","0","14",0.01599558283109,9.83528379249455,-33.8646684789,150.7948095139
Connection-ToMtDruitt,"15","0","15",0.01735379543613,9.83492668372997,-33.8633302274,150.7950415146
Connection-ToMtDruitt,"16","0","16",0.01871200758402,9.83456961072067,-33.8619919748,150.7952735068
Connection-ToMtDruitt,"17","0","17",0.02007021927488,9.83421256872356,-33.8606537213,150.7955054907
Connection-ToMtDruitt,"18","0","18",0.02142843050880,9.83385555717364,-33.8593154668,150.7957374661
Connection-ToMtDruitt,"19","0","19",0.02278664128589,9.83349857822894,-33.8579772113,150.7959694331
Connection-ToMtDruitt,"20","0","20",0.02414485160631,9.83314163029677,-33.8566389548,150.7962013917
Connection-ToMtDruitt,"21","0","21",0.02550306147011,9.83278471214463,-33.8553006973,150.7964333419
Connection-ToMtDruitt,"22","0","22",0.02686127087745,9.83242782569826,-33.8539624388,150.7966652836
Connection-ToMtDruitt,"23","0","23",0.02821947982837,9.83207097103452,-33.8526241793,150.7968972170
Connection-ToMtDruitt,"24","0","24",0.02957768832299,9.83171414815556,-33.8512859188,150.7971291419
Connection-ToMtDruitt,"25","0","25",0.03093589636152,9.83135735585241,-33.8499476573,150.7973610585
Connection-ToMtDruitt,"26","0","26",0.03229410394392,53.35472976523867,-33.8486093948,150.7975929666
Connection-ToMtDruitt,"27","0","27",0.03471742657186,53.35217270949479,-33.8488996131,150.7999988481
Connection-ToMtDruitt,"28","0","28",0.06052327769663,18.96767719688822,-33.8234723244,150.8044028169
Connection-ToMtDruitt,"29","0","29",0.06675537495274,337.98848598298935,-33.8179753000,150.8073391000
Connection-ToMtDruitt,"30","0","30",0.06699492922638,279.04258426191797,-33.8179018000,150.8071111000
Connection-ToMtDruitt,"31","0","31",0.06818043776704,271.71770124180711,-33.8178973000,150.8059256000
Connection-ToMtDruitt,"32","0","32",0.06833898775914,274.84831607534710,-33.8178884000,150.8057673000
Connection-ToMtDruitt,"33","0","33",0.06845774616938,278.27527227587933,-33.8178750000,150.8056493000
Connection-ToMtDruitt,"34","0","34",0.06857210857579,283.06284225626945,-33.8178550000,150.8055367000
Connection-ToMtDruitt,"35","0","35",0.06878979798753,286.44931728762396,-33.8177948000,150.8053275000
Connection-ToMtDruitt,"36","0","36",0.06899719678217,284.87873607614978,-33.8177347000,150.8051290000
Connection-ToMtDruitt,"37","0","37",0.06910728061386,282.30495371949388,-33.8177101000,150.8050217000
Connection-ToMtDruitt,"38","0","38",0.06920592928339,280.79304392868482,-33.8176901000,150.8049251000
Connection-ToMtDruitt,"39","0","39",0.06932296816583,277.57160876527723,-33.8176700000,150.8048098000
Connection-ToMtDruitt,"40","0","40",0.06944417748890,273.92452701765035,-33.8176589000,150.8046891000
Connection-ToMtDruitt,"41","0","41",0.06954357940034,271.28893032465459,-33.8176544000,150.8045898000
Connection-ToMtDruitt,"42","0","42",0.07430417960619,269.98277732122335,-33.8176558000,150.7998292000
Connection-ToMtDruitt,"43","0","43",0.07723477974440,277.28940101138500,-33.8176567000,150.7968986000
Connection-ToMtDruitt,"44","0","44",0.07788475777480,333.18812357955147,-33.8174929000,150.7962696000
Connection-ToMtDruitt,"45","0","45",0.07980934153498,332.71252813490804,-33.8157057000,150.7969837000
Connection-ToMtDruitt,"46","0","46",0.08006876368131,284.27953169448944,-33.8156445000,150.7967316000
Connection-ToMtDruitt,"47","0","47",0.08053113932944,286.75729295285294,-33.8155255000,150.7962848000
Connection-ToMtDruitt,"48","0","48",0.08092459156289,289.47463576728813,-33.8154000000,150.7959119000
Connection-ToMtDruitt,"49","0","49",0.08138673156333,289.33475493394218,-33.8152393000,150.7954786000
Connection-ToMtDruitt,"50","0","50",0.08187951026619,287.37609399769997,-33.8150844000,150.7950108000
Connection-ToMtDruitt,"51","0","51",0.08243030471970,285.34256278063287,-33.8149286000,150.7944825000
Connection-ToMtDruitt,"52","0","52",0.08295382164395,284.25126734596438,-33.8147997000,150.7939751000
Connection-ToMtDruitt,"53","0","53",0.08326788318252,284.24716807218221,-33.8147224000,150.7936707000
Connection-ToMtDruitt,"54","0","54",0.08440897241652,282.98479241270218,-33.8144416000,150.7925647000
Connection-ToMtDruitt,"55","0","55",0.08526676755525,279.91723606546310,-33.8142673000,150.7917248000
Connection-ToMtDruitt,"56","0","56",0.08734354029199,278.00713959577524,-33.8139743000,150.7896688000
Connection-ToMtDruitt,"57","0","57",0.08815949131992,277.98103421354983,-33.8138621000,150.7888606000
Connection-ToMtDruitt,"58","0","58",0.08857751903430,280.56787749565052,-33.8138035000,150.7884467000
Connection-ToMtDruitt,"59","0","59",0.08889926334272,286.46362543752622,-33.8137307000,150.7881333000
Connection-ToMtDruitt,"60","0","60",0.08920790088094,292.82987525008400,-33.8136259000,150.7878430000
Connection-ToMtDruitt,"61","0","61",0.08953703395434,296.82647610474407,-33.8134826000,150.7875467000
Connection-ToMtDruitt,"62","0","62",0.08985584239211,298.89709758660933,-33.8133337000,150.7872648000
Connection-ToMtDruitt,"63","0","63",0.09130658685276,351.19295060107578,-33.8126094000,150.7860078000
Connection-ToMtDruitt,"64","0","64",0.09139032149312,41.52469458448495,-33.8125476000,150.7860643000
Connection-ToMtDruitt,"65","0","65",0.09148372090426,38.18678418222888,-33.8124767000,150.7861251000
Connection-ToMtDruitt,"66","0","66",0.09170344220498,33.66469487422979,-33.8122984000,150.7862535000
Connection-ToMtDruitt,"67","0","67",0.09194640071997,29.03046782274489,-33.8120914000,150.7863807000
Connection-ToMtDruitt,"68","0","68",0.09225578334717,25.82201573178328,-33.8118145000,150.7865187000
Connection-ToMtDruitt,"69","0","69",0.09270420632828,24.15537187346114,-33.8114086000,150.7867093000
Connection-ToMtDruitt,"70","0","70",0.09312250934044,25.13280496981104,-33.8110240000,150.7868738000
Connection-ToMtDruitt,"71","0","71",0.09335359499554,27.83063427013673,-33.8108183000,150.7869791000
Connection-ToMtDruitt,"72","0","72",0.09355214315094,28.97079131999919,-33.8106439000,150.7870740000
Connection-ToMtDruitt,"73","0","73",0.09428839035128,29.44361868292307,-33.8100024000,150.7874353000
Connection-ToMtDruitt,"74","0","74",0.09518846912558,31.36645130729656,-33.8092190000,150.7878785000
Connection-ToMtDruitt,"75","0","75",0.09562436632679,34.78648606892592,-33.8088544000,150.7881174000
Connection-ToMtDruitt,"76","0","76",0.09602770366697,39.16023754040297,-33.8085295000,150.7883564000
Connection-ToMtDruitt,"77","0","77",0.09626675449842,43.63742756605361,-33.8083518000,150.7885163000
Connection-ToMtDruitt,"78","0","78",0.09651565933967,47.28288399701000,-33.8081767000,150.7886932000
Connection-ToMtDruitt,"79","0","79",0.09695982552477,48.75014479015753,-33.8078869000,150.7890298000
Connection-ToMtDruitt,"80","0","80",0.09736047131597,49.20229581171639,-33.8076200000,150.7893286000
Connection-ToMtDruitt,"81","0","81",0.09871380839519,51.14735416914869,-33.8067533000,150.7903680000
Connection-ToMtDruitt,"82","0","82",0.09966569701261,53.66044962712257,-33.8061688000,150.7911193000
Connection-ToMtDruitt,"83","0","83",0.10137457557180,56.08853087567508,-33.8051936000,150.7925226000
Connection-ToMtDruitt,"84","0","84",0.10188684785292,57.70782231878644,-33.8049144000,150.7929521000
Connection-ToMtDruitt,"85","0","85",0.10260929021740,58.68068250094285,-33.8045363000,150.7935677000
Connection-ToMtDruitt,"86","0","86",0.10668335046240,58.04323450093805,-33.8024331000,150.7970569000
Connection-ToMtDruitt,"87","0","87",0.10851351114659,54.46043159013102,-33.8014408000,150.7985947000
Connection-ToMtDruitt,"88","0","88",0.10915805706431,53.43873329102122,-33.8010418000,150.7991009000
Connection-ToMtDruitt,"89","0","89",0.10954385054531,56.28374806867705,-33.8008212000,150.7994174000
Connection-ToMtDruitt,"90","0","90",0.11084856679798,57.14999749590310,-33.8001191000,150.8005171000
Connection-ToMtDruitt,"91","0","91",0.11097659741933,57.35527203043242,-33.8000491000,150.8006243000
Connection-ToMtDruitt,"92","0","92",0.11330823933006,58.51674275546352,-33.7988085000,150.8025985000
Connection-ToMtDruitt,"93","0","93",0.11432003267360,58.62027770732943,-33.7982901000,150.8034674000
Connection-ToMtDruitt,"94","0","94",0.11449243084644,57.39939907601080,-33.7981989000,150.8036137000
Connection-ToMtDruitt,"95","0","95",0.11499819281616,56.24073726398397,-33.7979215000,150.8040366000
Connection-ToMtDruitt,"96","0","96",0.11546169515704,56.13128421502201,-33.7976606000,150.8044197000
Connection-ToMtDruitt,"97","0","97",0.11593444152665,53.68357418043867,-33.7973998000,150.8048140000
Connection-ToMtDruitt,"98","0","98",0.11662278707941,47.92440369922083,-33.7969652000,150.8053478000
Connection-ToMtDruitt,"99","0","99",0.11712723705712,41.45632603929507,-33.7966085000,150.8057045000
Connection-ToMtDruitt,"100","0","100",0.11760749659113,35.16762723443589,-33.7962296000,150.8059996000
Connection-ToMtDruitt,"101","0","101",0.11803255641044,30.48067368556545,-33.7958708000,150.8062275000
Connection-ToMtDruitt,"102","0","102",0.11845976467347,27.49955956893013,-33.7954955000,150.8064316000
Connection-ToMtDruitt,"103","0","103",0.11880246502363,24.54631178791091,-33.7951887000,150.8065843000
Connection-ToMtDruitt,"104","0","104",0.11947863427019,22.08764127309887,-33.7945646000,150.8068445000
Connection-ToMtDruitt,"105","0","105",0.12009219647568,20.81304230531395,-33.7939939000,150.8070698000
Connection-ToMtDruitt,"106","0","106",0.12063095523435,18.98774376322321,-33.7934879000,150.8072548000
Connection-ToMtDruitt,"107","0","107",0.12101503107317,14.63852238120944,-33.7931224000,150.8073728000
Connection-ToMtDruitt,"108","0","108",0.12172224606878,22.63757525132189,-33.7924291000,150.8075124000
Connection-ToMtDruitt,"109","0","109",0.12180151321204,17.63599587045571,-33.7923633000,150.8075566000
Connection-ToMtDruitt,"110","0","110",0.12249421454737,0.08176708733087,-33.7916708000,150.8075733000
Connection-ToMtDruitt,"111","0","111",0.12262124324493,357.18854488180688,-33.7915438000,150.8075706000
Connection-ToMtDruitt,"112","0","112",0.12345972005442,351.93914000567264,-33.7907078000,150.8075062000
Connection-ToMtDruitt,"113","0","113",0.12428011413651,347.47368382622591,-33.7899045000,150.8073396000
Connection-ToMtDruitt,"114","0","114",0.12448647886220,342.92872494339372,-33.7897037000,150.8072920000
Connection-ToMtDruitt,"115","0","115",0.12521167274662,338.56983089187594,-33.7890258000,150.8070344000
Connection-ToMtDruitt,"116","0","116",0.12613104070885,337.57536375669252,-33.7881737000,150.8066892000
Connection-ToMtDruitt,"117","0","117",0.12759086295829,340.98079683965767,-33.7868279000,150.8061236000
Connection-ToMtDruitt,"118","0","118",0.12783619363310,350.74715406495756,-33.7865912000,150.8060591000
Connection-ToMtDruitt,"119","0","119",0.12805054110798,1.02305132126469,-33.7863772000,150.8060469000
Connection-ToMtDruitt,"120","0","120",0.12814564909926,357.73770089924977,-33.7862825000,150.8060557000
Connection-ToMtDruitt,"121","0","121",0.12864041823732,326.97753138668190,-33.7857950000,150.8059712000
Connection-ToMtDruitt,"122","0","122",0.12868878816603,313.04493472101871,-33.7857681000,150.8059310000
Connection-ToMtDruitt,"123","0","123",0.12873441293997,332.66220852635541,-33.7857320000,150.8059031000
Connection-ToMtDruitt,"124","0","124",0.12877790834202,354.12089955055171,-33.7856904000,150.8058904000
Connection-ToMtDruitt,"125","0","125",0.12882078607519,16.00735302991871,-33.7856477000,150.8058943000
Connection-ToMtDruitt,"126","0","126",0.12886515002451,36.89408742606168,-33.7856081000,150.8059143000
Connection-ToMtDruitt,"127","0","127",0.12891396989752,56.10461141833310,-33.7855748000,150.8059500000
Connection-ToMtDruitt,"128","0","128",0.12896573755150,73.52077104426958,-33.7855531000,150.8059970000
Connection-ToMtDruitt,"129","0","129",0.12901918069888,89.83337563221011,-33.7855455000,150.8060499000
Connection-ToMtDruitt,"130","0","130",0.12907268107271,87.09927252584258,-33.7855528000,150.8061029000
Connection-ToMtDruitt,"131","0","131",0.12956487016239,73.96566321601583,-33.7854367000,150.8065812000
Connection-ToMtDruitt,"132","0","132",0.13244406077084,71.52029590978597,-33.7845267000,150.8093128000
Connection-ToMtDruitt,"133","0","133",0.13311727907870,71.61217558046482,-33.7843127000,150.8099511000
Connection-ToMtDruitt,"134","0","134",0.13405205370393,71.74840447959650,-33.7840201000,150.8108389000
Connection-ToMtDruitt,"135","0","135",0.13425118323464,69.67016591538223,-33.7839577000,150.8110280000
Connection-ToMtDruitt,"136","0","136",0.13442964611595,66.13612107681432,-33.7838897000,150.8111930000
Connection-ToMtDruitt,"137","0","137",0.13468488547419,63.37453480912450,-33.7837805000,150.8114237000
Connection-ToMtDruitt,"138","0","138",0.13490036858259,60.69277605590908,-33.7836796000,150.8116141000
Connection-ToMtDruitt,"139","0","139",0.13512957898809,58.07351904452334,-33.7835626000,150.8118112000
Connection-ToMtDruitt,"140","0","140",0.13559962436889,52.51588921931017,-33.7833055000,150.8122047000
Connection-ToMtDruitt,"141","0","141",0.13575967867217,49.09214132935200,-33.7831988000,150.8123240000
Connection-ToMtDruitt,"142","0","142",0.13590916265126,48.75818063000228,-33.7831027000,150.8124385000
Connection-ToMtDruitt,"143","0","143",0.13612921548581,46.39025216759111,-33.7829541000,150.8126008000
Connection-ToMtDruitt,"144","0","144",0.13638108946223,41.07168416694155,-33.7827768000,150.8127797000
Connection-ToMtDruitt,"145","0","145",0.13645222946504,33.96422170228222,-33.7827199000,150.8128224000
Connection-ToMtDruitt,"146","0","146",0.13651467215879,25.10802101685448,-33.7826664000,150.8128546000
Connection-ToMtDruitt,"147","0","147",0.13668883326235,358.11321591683162,-33.7825019000,150.8129118000
Connection-ToMtDruitt,"148","0","148",0.13671576447101,340.87992002097172,-33.7824771000,150.8129013000
Connection-ToMtDruitt,"149","0","149",0.13674230425250,348.97955686802868,-33.7824515000,150.8128943000
Connection-ToMtDruitt,"150","0","150",0.13676868701199,357.28199453478089,-33.7824253000,150.8128912000
Connection-ToMtDruitt,"151","0","151",0.13679489388131,5.45854595364460,-33.7823991000,150.8128918000
Connection-ToMtDruitt,"152","0","152",0.13682126356088,13.64628184426255,-33.7823731000,150.8128962000
Connection-ToMtDruitt,"153","0","153",0.13684792383096,21.65272960567016,-33.7823477000,150.8129043000
Connection-ToMtDruitt,"154","0","154",0.13687498394919,29.36087084231198,-33.7823233000,150.8129160000
Connection-ToMtDruitt,"155","0","155",0.13690208247313,36.77364174437976,-33.7823006000,150.8129308000
Connection-ToMtDruitt,"156","0","156",0.13692967613183,43.86712580424476,-33.7822796000,150.8129487000
Connection-ToMtDruitt,"157","0","157",0.13695798302145,50.64618258604785,-33.7822604000,150.8129695000
Connection-ToMtDruitt,"158","0","158",0.13698690636844,57.23713410355306,-33.7822434000,150.8129929000
Connection-ToMtDruitt,"159","0","159",0.13701632761925,63.44890346384664,-33.7822289000,150.8130185000
Connection-ToMtDruitt,"160","0","160",0.13704633178564,69.38349339985862,-33.7822169000,150.8130460000
Connection-ToMtDruitt,"161","0","161",0.13707666081463,75.26010233412383,-33.7822077000,150.8130749000
Connection-ToMtDruitt,"162","0","162",0.13710741305032,72.06605566346863,-33.7822014000,150.8131050000
Connection-ToMtDruitt,"163","0","163",0.13721833973780,63.00866014503535,-33.7821562000,150.8132063000
Connection-ToMtDruitt,"164","0","164",0.13728146136646,56.16215397834932,-33.7821247000,150.8132610000
Connection-ToMtDruitt,"165","0","165",0.13734076819574,45.53380816988543,-33.7820884000,150.8133079000
Connection-ToMtDruitt,"166","0","166",0.13740762640391,36.21865830644695,-33.7820363000,150.8133498000
Connection-ToMtDruitt,"167","0","167",0.13764686872873,31.23414452957544,-33.7818371000,150.8134823000
Connection-ToMtDruitt,"168","0","168",0.13805281084285,27.29637103179983,-33.7814815000,150.8136781000
Connection-ToMtDruitt,"169","0","169",0.13830895568468,24.69271341578219,-33.7812508000,150.8137894000
Connection-ToMtDruitt,"170","0","170",0.13855967931739,22.32379204883353,-33.7810211000,150.8138899000
Connection-ToMtDruitt,"171","0","171",0.13897875870130,19.23510859440110,-33.7806299000,150.8140402000
Connection-ToMtDruitt,"172","0","172",0.13923348592795,16.10143490734746,-33.7803869000,150.8141166000
Connection-ToMtDruitt,"173","0","173",0.13962312535100,13.45875736166062,-33.7800101000,150.8142158000
Connection-ToMtDruitt,"174","0","174",0.14012602351168,12.18056721426150,-33.7795185000,150.8143218000
Connection-ToMtDruitt,"175","0","175",0.14033340174099,7.89023324080094,-33.7793158000,150.8143656000
Connection-ToMtDruitt,"176","0","176",0.14049642115699,9.28544281909472,-33.7791531000,150.8143758000
Connection-ToMtDruitt,"177","0","177",0.14125335703936,12.20318497762677,-33.7784219000,150.8145715000
Connection-ToMtDruitt,"178","0","178",0.14161067832337,11.24813850483248,-33.7780694000,150.8146300000
Connection-ToMtDruitt,"179","0","179",0.14211156084450,12.31353776030440,-33.7775815000,150.8147433000
Connection-ToMtDruitt,"180","0","180",0.14228681180743,11.28390466687129,-33.7774098000,150.8147784000
Connection-ToMtDruitt,"181","0","181",0.14241576891887,11.01423021064739,-33.7772832183,150.8148030376
Connection-ToMtDruitt,"182","0","182",0.14266681149165,11.54601448726201,-33.7770368000,150.8148510000
Connection-ToMtDruitt,"183","0","183",0.14304436895750,11.05976365114627,-33.7766676000,150.8149300000
Connection-ToMtDruitt,"184","0","184",0.14384097210209,13.81908674335556,-33.7758832000,150.8150689000
Connection-ToMtDruitt,"185","0","185",0.14403977416444,14.31885572010187,-33.7756937000,150.8151290000
Connection-ToMtDruitt,"186","0","186",0.14488043521983,11.03920665502177,-33.7748686000,150.8152900000
Connection-ToMtDruitt,"187","0","187",0.14585669279341,11.05448417480665,-33.7739104000,150.8154769000
Connection-ToMtDruitt,"188","0","188",0.14593219815745,11.05738873800242,-33.7738363000,150.8154914000
Connection-ToMtDruitt,"189","0","189",0.14674871693861,11.04108544714837,-33.7730349000,150.8156478000
Connection-ToMtDruitt,"190","0","190",0.14778224089577,11.84469854116876,-33.7720205000,150.8158457000
Connection-ToMtDruitt,"191","0","191",0.14840690439716,1.82134408964831,-33.7714110000,150.8159825000
Connection-ToMtDruitt,"192","0","192",0.14854359002190,0.11191847265190,-33.7712760000,150.8159611000
Connection-ToMtDruitt,"193","0","193",0.14922866260930,8.88104825478145,-33.7705998000,150.8160710000
Connection-ToMtDruitt,"194","0","194",0.14956033208332,8.18694251086175,-33.7702718000,150.8161202000
Connection-ToMtDruitt,"195","0","195",0.14994432416654,9.49919229548901,-33.7698914000,150.8161726000
Connection-ToMtDruitt,"196","0","196",0.15033663631267,7.13212888676541,-33.7695065000,150.8162485000
Connection-ToMtDruitt,"197","0","197",0.15047123441816,356.30033235756093,-33.7693721000,150.8162558000
Connection-ToMtDruitt,"198","0","198",0.15061982654448,33.53286464068785,-33.7692260000,150.8162287000
Connection-ToMtDruitt,"199","0","199",0.15069836634332,82.13374585261300,-33.7692091000,150.8163054000
Connection-ToMtDruitt,"200","0","200",0.15083880013553,91.66297457606761,-33.7692010000,150.8164456000
Connection-ToMtDruitt,"201","0","201",0.15100330107776,98.35509393518666,-33.7692200000,150.8166090000
Connection-ToMtDruitt,"202","0","202",0.15104616236566,100.06921298110724,-33.7692275000,150.8166512000
Connection-ToMtDruitt,"203","0","203",0.15393924914624,74.47106437591920,-33.7697329000,150.8194998000
Connection-ToMtDruitt,"204","0","204",0.15396327517379,61.10170775761647,-33.7697171000,150.8195179000
Connection-ToMtDruitt,"205","0","205",0.15398905985918,84.39672431113731,-33.7697097000,150.8195426000
Connection-ToMtDruitt,"206","0","206",0.15401527931759,107.19628028745363,-33.7697122000,150.8195687000
Connection-ToMtDruitt,"207","0","207",0.15404029970928,132.09724103889633,-33.7697243000,150.8195906000
Connection-ToMtDruitt,"208","0","208",0.15406329579590,160.66858224060687,-33.7697432000,150.8196037000
Connection-ToMtDruitt,"209","0","209",0.15408514734044,137.13596246993160,-33.7697650000,150.8196052000
Connection-ToMtDruitt,"210","0","210",0.15439684029832,98.21508046997374,-33.7698095000,150.8199137000
Connection-ToMtDruitt,"211","0","211",0.15457305153519,98.22206981765105,-33.7698347000,150.8200881000
Connection-FromMtDruitt,"0","0","0",0.00000000000000,278.22206981765100,-33.7698347000,150.8200881000
Connection-FromMtDruitt,"1","0","1",0.00017621123686,278.21508046997371,-33.7698095000,150.8199137000
Connection-FromMtDruitt,"2","0","2",0.00048790419475,244.17775615456611,-33.7697650000,150.8196052000
Connection-FromMtDruitt,"3","0","3",0.00051438626412,225.82342181025555,-33.7697879000,150.8195919000
Connection-FromMtDruitt,"4","0","4",0.00054351648902,254.90460884924394,-33.7698018000,150.8195663000
Connection-FromMtDruitt,"5","0","5",0.00057402976480,279.43292025614022,-33.7698027000,150.8195358000
Connection-FromMtDruitt,"6","0","6",0.00059453537382,300.37015039235342,-33.7697955000,150.8195166000
Connection-FromMtDruitt,"7","0","7",0.00061390777686,321.45594246149994,-33.7697830000,150.8195018000
Connection-FromMtDruitt,"8","0","8",0.00063202130771,345.21850969478743,-33.7697669000,150.8194935000
Connection-FromMtDruitt,"9","0","9",0.00064953530214,10.34905338964101,-33.7697494000,150.8194928000
Connection-FromMtDruitt,"10","0","10",0.00066745875044,331.52473473679316,-33.7697329000,150.8194998000
Connection-FromMtDruitt,"11","0","11",0.00356054553102,236.33687478591003,-33.7692275000,150.8166512000
Connection-FromMtDruitt,"12","0","12",0.00480067321799,193.03530956998475,-33.7704377000,150.8163804000
Connection-FromMtDruitt,"13","0","13",0.00560763039154,200.85729873628551,-33.7712225000,150.8161926000
Connection-FromMtDruitt,"14","0","14",0.00584694927925,199.41626410586758,-33.7714333000,150.8160793000
Connection-FromMtDruitt,"15","0","15",0.00625396291536,190.39439484537129,-33.7718334000,150.8160046000
Connection-FromMtDruitt,"16","0","16",0.00646094257622,190.11003494513230,-33.7720371000,150.8159679000
Connection-FromMtDruitt,"17","0","17",0.00732935368280,190.33369202550557,-33.7728923000,150.8158170000
Connection-FromMtDruitt,"18","0","18",0.00831048766447,191.30570098015210,-33.7738565000,150.8156355000
Connection-FromMtDruitt,"19","0","19",0.00906964188461,191.94917881357736,-33.7745992000,150.8154783000
Connection-FromMtDruitt,"20","0","20",0.01020289068787,184.67080614349697,-33.7757079000,150.8152437000
Connection-FromMtDruitt,"21","0","21",0.01035905217480,185.03004692970487,-33.7758639000,150.8152508000
Connection-FromMtDruitt,"22","0","22",0.01042700583546,192.63133481566643,-33.7759302000,150.8152359000
Connection-FromMtDruitt,"23","0","23",0.01158067535920,192.82024947861964,-33.7770561000,150.8149843000
Connection-FromMtDruitt,"24","0","24",0.01184253184662,192.02456558113889,-33.7773112000,150.8149252000
Connection-FromMtDruitt,"25","0","25",0.01263561709423,190.99784517533254,-33.7780897000,150.8147738000
Connection-FromMtDruitt,"26","0","26",0.01282549968953,191.93830452828001,-33.7782761000,150.8147376000
Connection-FromMtDruitt,"27","0","27",0.01364965622807,192.89886764406577,-33.7790795000,150.8145538000
Connection-FromMtDruitt,"28","0","28",0.01376333032366,190.93747886186219,-33.7791903000,150.8145284000
Connection-FromMtDruitt,"29","0","29",0.01392571335843,190.07327523284258,-33.7793507000,150.8145031000
Connection-FromMtDruitt,"30","0","30",0.01412061405115,191.63463146489448,-33.7795419000,150.8144653000
Connection-FromMtDruitt,"31","0","31",0.01463307331779,193.15317607360703,-33.7800430000,150.8143580000
Connection-FromMtDruitt,"32","0","32",0.01495792720803,195.59400205404830,-33.7803579000,150.8142782000
Connection-FromMtDruitt,"33","0","33",0.01523582440123,198.58019517587590,-33.7806237000,150.8141971000
Connection-FromMtDruitt,"34","0","34",0.01530593345915,200.41837668296137,-33.7806895000,150.8141729000
Connection-FromMtDruitt,"35","0","35",0.01561027591430,202.07327597037130,-33.7809743000,150.8140656000
Connection-FromMtDruitt,"36","0","36",0.01609073290506,205.72994675653791,-33.7814149000,150.8138740000
Connection-FromMtDruitt,"37","0","37",0.01634285694202,208.47532693455295,-33.7816376000,150.8137558000
Connection-FromMtDruitt,"38","0","38",0.01664159550661,210.16422959228220,-33.7818989000,150.8136110000
Connection-FromMtDruitt,"39","0","39",0.01689811133461,210.36410813741924,-33.7821180000,150.8134776000
Connection-FromMtDruitt,"40","0","40",0.01694252901127,208.98782710738288,-33.7821567000,150.8134558000
Connection-FromMtDruitt,"41","0","41",0.01697555385042,202.01064176213146,-33.7821857000,150.8134400000
Connection-FromMtDruitt,"42","0","42",0.01702213464043,193.08148245042162,-33.7822306000,150.8134276000
Connection-FromMtDruitt,"43","0","43",0.01714304655053,177.13623593392805,-33.7823494000,150.8134051000
Connection-FromMtDruitt,"44","0","44",0.01717411872457,168.32678611854092,-33.7823792000,150.8134139000
Connection-FromMtDruitt,"45","0","45",0.01720494160566,177.95595957388397,-33.7824098000,150.8134176000
Connection-FromMtDruitt,"46","0","46",0.01723557834833,187.56707048008585,-33.7824404000,150.8134161000
Connection-FromMtDruitt,"47","0","47",0.01726649112887,196.99686471963136,-33.7824706000,150.8134095000
Connection-FromMtDruitt,"48","0","48",0.01729791086787,206.31485765407038,-33.7824998000,150.8133979000
Connection-FromMtDruitt,"49","0","49",0.01732998110327,214.89284582350203,-33.7825273000,150.8133814000
Connection-FromMtDruitt,"50","0","50",0.01735757711750,222.34065363676021,-33.7825488000,150.8133641000
Connection-FromMtDruitt,"51","0","51",0.01738586457054,229.21776357066130,-33.7825685000,150.8133438000
Connection-FromMtDruitt,"52","0","52",0.01741482592409,235.87289959512987,-33.7825861000,150.8133208000
Connection-FromMtDruitt,"53","0","53",0.01744428946087,242.19725188486049,-33.7826012000,150.8132955000
Connection-FromMtDruitt,"54","0","54",0.01747435688509,248.24652200937237,-33.7826138000,150.8132682000
Connection-FromMtDruitt,"55","0","55",0.01750487327417,254.17850404991805,-33.7826236000,150.8132393000
Connection-FromMtDruitt,"56","0","56",0.01753575401251,259.93612195655339,-33.7826305000,150.8132092000
Connection-FromMtDruitt,"57","0","57",0.01756679994622,247.91941079029417,-33.7826344000,150.8131784000
Connection-FromMtDruitt,"58","0","58",0.01772020007658,230.61601461505808,-33.7827266000,150.8130558000
Connection-FromMtDruitt,"59","0","59",0.01779038219681,225.39534197188951,-33.7827734000,150.8130035000
Connection-FromMtDruitt,"60","0","60",0.01803497034044,222.76712758565037,-33.7829534000,150.8128379000
Connection-FromMtDruitt,"61","0","61",0.01811485532023,225.79168482759181,-33.7830119000,150.8127835000
Connection-FromMtDruitt,"62","0","62",0.01819343400694,232.45757519267246,-33.7830638000,150.8127245000
Connection-FromMtDruitt,"63","0","63",0.01827569608811,239.06071059917977,-33.7831095000,150.8126561000
Connection-FromMtDruitt,"64","0","64",0.01833953729738,243.17834658723905,-33.7831396000,150.8125998000
Connection-FromMtDruitt,"65","0","65",0.01844424765979,245.70773425135275,-33.7831847000,150.8125053000
Connection-FromMtDruitt,"66","0","66",0.01858663670434,247.97932528706710,-33.7832405000,150.8123743000
Connection-FromMtDruitt,"67","0","67",0.01876826588700,242.93557474179329,-33.7833055000,150.8122047000
Connection-FromMtDruitt,"68","0","68",0.01923831126780,238.07351904452332,-33.7835626000,150.8118112000
Connection-FromMtDruitt,"69","0","69",0.01946752167330,240.69277605590909,-33.7836796000,150.8116141000
Connection-FromMtDruitt,"70","0","70",0.01968300478170,243.37453480912450,-33.7837805000,150.8114237000
Connection-FromMtDruitt,"71","0","71",0.01993824413994,246.13612107681431,-33.7838897000,150.8111930000
Connection-FromMtDruitt,"72","0","72",0.02011670702125,249.67016591538223,-33.7839577000,150.8110280000
Connection-FromMtDruitt,"73","0","73",0.02031583655196,251.74840447959650,-33.7840201000,150.8108389000
Connection-FromMtDruitt,"74","0","74",0.02125061117719,251.61217558046479,-33.7843127000,150.8099511000
Connection-FromMtDruitt,"75","0","75",0.02192382948505,251.52029590978600,-33.7845267000,150.8093128000
Connection-FromMtDruitt,"76","0","76",0.02480302009351,243.46366805361239,-33.7854367000,150.8065812000
Connection-FromMtDruitt,"77","0","77",0.02525435948910,217.05317914835103,-33.7856933000,150.8062099000
Connection-FromMtDruitt,"78","0","78",0.02529977050099,209.54794398717024,-33.7857363000,150.8061953000
Connection-FromMtDruitt,"79","0","79",0.02534765839087,206.18484894768343,-33.7857728000,150.8061643000
Connection-FromMtDruitt,"80","0","80",0.02586879949464,188.66845886253321,-33.7862825000,150.8060557000
Connection-FromMtDruitt,"81","0","81",0.02596390748592,181.02305132126469,-33.7863772000,150.8060469000
Connection-FromMtDruitt,"82","0","82",0.02617825496080,170.74715406495753,-33.7865912000,150.8060591000
Connection-FromMtDruitt,"83","0","83",0.02642358563561,160.98079683965767,-33.7868279000,150.8061236000
Connection-FromMtDruitt,"84","0","84",0.02788340788505,157.85031525541046,-33.7881737000,150.8066892000
Connection-FromMtDruitt,"85","0","85",0.02952787370712,162.58015063645163,-33.7897037000,150.8072920000
Connection-FromMtDruitt,"86","0","86",0.02973423843281,167.47368382622594,-33.7899045000,150.8073396000
Connection-FromMtDruitt,"87","0","87",0.03055463251490,171.93914000567270,-33.7907078000,150.8075062000
Connection-FromMtDruitt,"88","0","88",0.03139310932439,177.18854488180685,-33.7915438000,150.8075706000
Connection-FromMtDruitt,"89","0","89",0.03152013802194,180.08176708733086,-33.7916708000,150.8075733000
Connection-FromMtDruitt,"90","0","90",0.03221283935728,169.47137637163615,-33.7923633000,150.8075566000
Connection-FromMtDruitt,"91","0","91",0.03229798593679,171.63414246045741,-33.7924420000,150.8075891000
Connection-FromMtDruitt,"92","0","92",0.03245586848808,189.26279183904344,-33.7925991000,150.8075734000
Connection-FromMtDruitt,"93","0","93",0.03327077817633,195.44029846808775,-33.7933937000,150.8073926000
Connection-FromMtDruitt,"94","0","94",0.03428127378739,200.39465735260481,-33.7943544000,150.8070793000
Connection-FromMtDruitt,"95","0","95",0.03537640648256,202.73154392908722,-33.7953645000,150.8066562000
Connection-FromMtDruitt,"96","0","96",0.03558935307209,205.26637699610481,-33.7955609000,150.8065739000
Connection-FromMtDruitt,"97","0","97",0.03622794280737,213.32994532898635,-33.7961258000,150.8062761000
Connection-FromMtDruitt,"98","0","98",0.03703421053586,222.65656075357847,-33.7967536000,150.8057702000
Connection-FromMtDruitt,"99","0","99",0.03743654174272,226.51999923849309,-33.7970308000,150.8054786000
Connection-FromMtDruitt,"100","0","100",0.03776787809746,229.63011513976736,-33.7972585000,150.8052379000
Connection-FromMtDruitt,"101","0","101",0.03810692900808,234.08879252135409,-33.7974641000,150.8049683000
Connection-FromMtDruitt,"102","0","102",0.03908679214650,237.30845388811744,-33.7980190000,150.8041607000
Connection-FromMtDruitt,"103","0","103",0.03963471342737,238.45895683774242,-33.7983003000,150.8036905000
Connection-FromMtDruitt,"104","0","104",0.04005160220150,237.48119682447279,-33.7985224000,150.8033377000
Connection-FromMtDruitt,"105","0","105",0.04313837244399,238.64144219271839,-33.8001966000,150.8007444000
Connection-FromMtDruitt,"106","0","106",0.04485204051277,238.79484207595380,-33.8010501000,150.7992584000
Connection-FromMtDruitt,"107","0","107",0.04540979318200,241.17348715615168,-33.8013501000,150.7987882000
Connection-FromMtDruitt,"108","0","108",0.04562349563870,241.02644217889099,-33.8014408000,150.7985947000
Connection-FromMtDruitt,"109","0","109",0.04745365632290,238.04323450093804,-33.8024331000,150.7970569000
Connection-FromMtDruitt,"110","0","110",0.05152771656790,238.68068250094288,-33.8045363000,150.7935677000
Connection-FromMtDruitt,"111","0","111",0.05225015893238,237.70782231878644,-33.8049144000,150.7929521000
Connection-FromMtDruitt,"112","0","112",0.05276243121349,236.08853087567510,-33.8051936000,150.7925226000
Connection-FromMtDruitt,"113","0","113",0.05447130977269,233.66044962712257,-33.8061688000,150.7911193000
Connection-FromMtDruitt,"114","0","114",0.05542319839011,231.14735416914868,-33.8067533000,150.7903680000
Connection-FromMtDruitt,"115","0","115",0.05677653546932,229.20229581171637,-33.8076200000,150.7893286000
Connection-FromMtDruitt,"116","0","116",0.05717718126053,228.75014479015752,-33.8078869000,150.7890298000
Connection-FromMtDruitt,"117","0","117",0.05762134744562,227.28288399701000,-33.8081767000,150.7886932000
Connection-FromMtDruitt,"118","0","118",0.05787025228687,223.63742756605362,-33.8083518000,150.7885163000
Connection-FromMtDruitt,"119","0","119",0.05810930311832,219.16023754040296,-33.8085295000,150.7883564000
Connection-FromMtDruitt,"120","0","120",0.05851264045851,214.78648606892591,-33.8088544000,150.7881174000
Connection-FromMtDruitt,"121","0","121",0.05894853765972,211.36645130729656,-33.8092190000,150.7878785000
Connection-FromMtDruitt,"122","0","122",0.05984861643402,209.44361868292307,-33.8100024000,150.7874353000
Connection-FromMtDruitt,"123","0","123",0.06058486363435,208.97079131999919,-33.8106439000,150.7870740000
Connection-FromMtDruitt,"124","0","124",0.06078341178976,207.83063427013673,-33.8108183000,150.7869791000
Connection-FromMtDruitt,"125","0","125",0.06101449744486,205.13280496981105,-33.8110240000,150.7868738000
Connection-FromMtDruitt,"126","0","126",0.06143280045701,204.15537187346118,-33.8114086000,150.7867093000
Connection-FromMtDruitt,"127","0","127",0.06188122343812,205.82201573178327,-33.8118145000,150.7865187000
Connection-FromMtDruitt,"128","0","128",0.06219060606533,209.03046782274490,-33.8120914000,150.7863807000
Connection-FromMtDruitt,"129","0","129",0.06243356458031,213.66469487422978,-33.8122984000,150.7862535000
Connection-FromMtDruitt,"130","0","130",0.06265328588104,218.18678418222888,-33.8124767000,150.7861251000
Connection-FromMtDruitt,"131","0","131",0.06274668529218,169.40792917741575,-33.8125476000,150.7860643000
Connection-FromMtDruitt,"132","0","132",0.06412341229854,117.67869988097813,-33.8131982000,150.7872776000
Connection-FromMtDruitt,"133","0","133",0.06448755298562,116.22486698695940,-33.8133644000,150.7876016000
Connection-FromMtDruitt,"134","0","134",0.06481405457827,112.87869977033783,-33.8135039000,150.7878968000
Connection-FromMtDruitt,"135","0","135",0.06512668359164,106.77599691322277,-33.8136132000,150.7881897000
Connection-FromMtDruitt,"136","0","136",0.06540665653678,100.72137132880715,-33.8136766000,150.7884624000
Connection-FromMtDruitt,"137","0","137",0.06578931737876,97.89370013201956,-33.8137322000,150.7888410000
Connection-FromMtDruitt,"138","0","138",0.06665045335525,97.78947542618656,-33.8138436000,150.7896949000
Connection-FromMtDruitt,"139","0","139",0.06872599568680,100.10616081159445,-33.8141377000,150.7917495000
Connection-FromMtDruitt,"140","0","140",0.06959519928204,103.13446056131268,-33.8143194000,150.7925995000
Connection-FromMtDruitt,"141","0","141",0.07051346728759,104.19977175269311,-33.8145447000,150.7934897000
Connection-FromMtDruitt,"142","0","142",0.07105861675333,104.20180075509857,-33.8146784000,150.7940182000
Connection-FromMtDruitt,"143","0","143",0.07143348147560,104.19996126123074,-33.8147704000,150.7943816000
Connection-FromMtDruitt,"144","0","144",0.07155746615207,105.44806362532087,-33.8148008000,150.7945018000
Connection-FromMtDruitt,"145","0","145",0.07214651974045,107.42320316975777,-33.8149701000,150.7950660000
Connection-FromMtDruitt,"146","0","146",0.07263753294802,108.99195740354817,-33.8151230000,150.7955326000
Connection-FromMtDruitt,"147","0","147",0.07314548432364,109.55891031548866,-33.8152954000,150.7960104000
Connection-FromMtDruitt,"148","0","148",0.07354985684991,107.18900555609353,-33.8154289000,150.7963921000
Connection-FromMtDruitt,"149","0","149",0.07395981279876,104.88267022379442,-33.8155357000,150.7967879000
Connection-FromMtDruitt,"150","0","150",0.07420748082255,153.43500870853245,-33.8155984000,150.7970275000
Connection-FromMtDruitt,"151","0","151",0.07432337616328,201.99259805976300,-33.8157057000,150.7969837000
Connection-FromMtDruitt,"152","0","152",0.07624795992347,153.18812357955150,-33.8174929000,150.7962696000
Connection-FromMtDruitt,"153","0","153",0.07689793795387,97.28940101138505,-33.8176567000,150.7968986000
Connection-FromMtDruitt,"154","0","154",0.07982853809208,89.98277732122340,-33.8176558000,150.7998292000
Connection-FromMtDruitt,"155","0","155",0.08458913829793,91.28893032465456,-33.8176544000,150.8045898000
Connection-FromMtDruitt,"156","0","156",0.08468854020937,93.92452701765035,-33.8176589000,150.8046891000
Connection-FromMtDruitt,"157","0","157",0.08480974953244,97.57160876527720,-33.8176700000,150.8048098000
Connection-FromMtDruitt,"158","0","158",0.08492678841487,100.79304392868480,-33.8176901000,150.8049251000
Connection-FromMtDruitt,"159","0","159",0.08502543708441,102.30495371949385,-33.8177101000,150.8050217000
Connection-FromMtDruitt,"160","0","160",0.08513552091610,104.40080020754395,-33.8177347000,150.8051290000
Connection-FromMtDruitt,"161","0","161",0.08523304696390,106.79096883812075,-33.8177614000,150.8052228000
Connection-FromMtDruitt,"162","0","162",0.08534294532608,107.35835183043693,-33.8177948000,150.8053275000
Connection-FromMtDruitt,"163","0","163",0.08544951478697,106.07384019956582,-33.8178260000,150.8054294000
Connection-FromMtDruitt,"164","0","164",0.08556066464076,102.59791804450097,-33.8178550000,150.8055367000
Connection-FromMtDruitt,"165","0","165",0.08567502704717,98.27527227587939,-33.8178750000,150.8056493000
Connection-FromMtDruitt,"166","0","166",0.08579378545741,94.84831607534711,-33.8178884000,150.8057673000
Connection-FromMtDruitt,"167","0","167",0.08595233544951,91.71770124180715,-33.8178973000,150.8059256000
Connection-FromMtDruitt,"168","0","168",0.08713784399017,99.04258426191804,-33.8179018000,150.8071111000
Connection-FromMtDruitt,"169","0","169",0.08737739826381,157.98848598298935,-33.8179753000,150.8073391000
Connection-FromMtDruitt,"170","0","170",0.09360949551992,198.96767719688825,-33.8234723244,150.8044028169
Connection-FromMtDruitt,"171","0","171",0.11941534664469,233.35217270949482,-33.8488996131,150.7999988481
Connection-FromMtDruitt,"172","0","172",0.12183866927263,233.35624677640405,-33.8486093948,150.7975929666
Connection-FromMtDruitt,"173","0","173",0.14628647560916,189.83626673158466,-33.8726979672,150.7934173330
Connection-FromMtDruitt,"174","0","174",0.15307755923095,188.69749560506150,-33.8793891800,150.7922569506
Connection-FromMtDruitt,"175","0","175",0.15413264231125,187.55667073606355,-33.8804351000,150.7921182000
Connection-ToStMarys,"0","0","0",0.00000000000000,9.84729013442381,-33.8764047516,150.7788515514
Connection-ToStMarys,"1","0","1",0.00271643774291,9.84702168072436,-33.8737283350,150.7793161240
Connection-ToStMarys,"2","0","2",0.00407465592555,323.36696012956776,-33.8723901251,150.7795483977
Connection-ToStMarys,"3","0","3",0.00892250633852,323.36779506565568,-33.8718087977,150.7747355283
Connection-ToStMarys,"4","0","4",0.01843002541258,17.83866095963707,-33.8624413843,150.7763617158
Connection-ToStMarys,"5","0","5",0.01962065613507,48.80839537083417,-33.8613696986,150.7768804559
Connection-ToStMarys,"6","0","6",0.02016342721919,40.81584200501202,-33.8612000633,150.7773960374
Connection-ToStMarys,"7","0","7",0.03917839003665,72.16702534528824,-33.8424650479,150.7806468851
Connection-ToStMarys,"8","0","8",0.03988281431771,65.09151234188030,-33.8429587000,150.7811494000
Connection-ToStMarys,"9","0","9",0.04023831838237,357.84638304080664,-33.8426042000,150.7811227000
Connection-ToStMarys,"10","0","10",0.04075521838235,358.98390185807091,-33.8420873000,150.7811227000
Connection-ToStMarys,"11","0","11",0.04347933169135,358.09831817137513,-33.8393649000,150.7810261000
Connection-ToStMarys,"12","0","12",0.04738449742149,357.71961543301688,-33.8354616000,150.7809054000
Connection-ToStMarys,"13","0","13",0.04787968422463,359.57148462644756,-33.8349670000,150.7808813000
Connection-ToStMarys,"14","0","14",0.04946908826704,1.99704281422082,-33.8333785000,150.7809349000
Connection-ToStMarys,"15","0","15",0.05125934695507,0.59526550560965,-33.8315894000,150.7809993000
Connection-ToStMarys,"16","0","16",0.05161458799998,357.55020072918529,-33.8312342000,150.7809939000
Connection-ToStMarys,"17","0","17",0.05184375424967,352.32288257223126,-33.8310056000,150.7809778000
Connection-ToStMarys,"18","0","18",0.05205863870699,345.68389487318899,-33.8307949000,150.7809356000
Connection-ToStMarys,"19","0","19",0.05233966157081,339.47401784175634,-33.8305266000,150.7808520000
Connection-ToStMarys,"20","0","20",0.05254330085977,334.60283464992341,-33.8303402000,150.7807700000
Connection-ToStMarys,"21","0","21",0.05280806075097,331.23899622965473,-33.8301044000,150.7806496000
Connection-ToStMarys,"22","0","22",0.05505283660842,329.38338432027342,-33.8281697000,150.7795112000
Connection-ToStMarys,"23","0","23",0.05611472825072,329.28668486016898,-33.8272572000,150.7789681000
Connection-ToStMarys,"24","0","24",0.05646176030974,326.45652380028770,-33.8269587000,150.7787911000
Connection-ToStMarys,"25","0","25",0.05734148736967,325.20206491450932,-33.8262508000,150.7782688000
Connection-ToStMarys,"26","0","26",0.05769345884582,327.23788713501665,-33.8259562000,150.7780762000
Connection-ToStMarys,"27","0","27",0.05814965833067,328.99688971397620,-33.8255708000,150.7778321000
Connection-ToStMarys,"28","0","28",0.05846634418450,330.34960347397180,-33.8252956000,150.7776754000
Connection-ToStMarys,"29","0","29",0.05858543011985,330.69403463815638,-33.8251921000,150.7776165000
Connection-ToStMarys,"30","0","30",0.05901199992655,331.25127188321511,-33.8248189000,150.7774099000
Connection-ToStMarys,"31","0","31",0.05978063020182,333.14373131752495,-33.8241436000,150.7770428000
Connection-ToStMarys,"32","0","32",0.06038906226043,336.82500777423172,-33.8235930000,150.7767839000
Connection-ToStMarys,"33","0","33",0.06092523476999,336.99927305987217,-33.8230930000,150.7765903000
Connection-ToStMarys,"34","0","34",0.06129260930639,336.08367963098499,-33.8227596000,150.7764360000
Connection-ToStMarys,"35","0","35",0.06158081556934,338.49044963862156,-33.8224943000,150.7763234000
Connection-ToStMarys,"36","0","36",0.06189947396012,342.54809338327141,-33.8221949000,150.7762143000
Connection-ToStMarys,"37","0","37",0.06220005687712,349.03036353168989,-33.8219044000,150.7761371000
Connection-ToStMarys,"38","0","38",0.06294157425384,353.26478292704189,-33.8211685000,150.7760460000
Connection-ToStMarys,"39","0","39",0.06335606828275,353.59306632988506,-33.8207566000,150.7759997000
Connection-ToStMarys,"40","0","40",0.06357674372318,353.59101215363813,-33.8205373000,150.7759751000
Connection-ToStMarys,"41","0","41",0.06392834697965,355.45624034812886,-33.8201879000,150.7759358000
Connection-ToStMarys,"42","0","42",0.06444570860370,358.54252276800571,-33.8196711000,150.7759117000
Connection-ToStMarys,"43","0","43",0.06507711437659,359.50932135360324,-33.8190397000,150.7759090000
Connection-ToStMarys,"44","0","44",0.06632211719183,359.24601820600719,-33.8177948000,150.7758930000
Connection-ToStMarys,"45","0","45",0.06670825220707,359.23447136794164,-33.8174087000,150.7758878000
Connection-ToStMarys,"46","0","46",0.06859441789439,359.36363562169151,-33.8155227000,150.7758628000
Connection-ToStMarys,"47","0","47",0.06977766537483,359.12006989744043,-33.8143395000,150.7758522000
Connection-ToStMarys,"48","0","48",0.07060046010623,357.54152005981859,-33.8135169000,150.7758343000
Connection-ToStMarys,"49","0","49",0.07099567074626,354.65815583089335,-33.8131225000,150.7758090000
Connection-ToStMarys,"50","0","50",0.07126921746987,349.77510245151541,-33.8128510000,150.7757756000
Connection-ToStMarys,"51","0","51",0.07158896970208,343.84373717960574,-33.8125400000,150.7757013000
Connection-ToStMarys,"52","0","52",0.07190115900364,337.38927899475186,-33.8122446000,150.7756003000
Connection-ToStMarys,"53","0","53",0.07230946801651,330.47798745580593,-33.8118787000,150.7754191000
Connection-ToStMarys,"54","0","54",0.07273262894334,325.67814488155835,-33.8115226000,150.7751905000
Connection-ToStMarys,"55","0","55",0.08047355728625,324.02762499455491,-33.8052557000,150.7706465000
Connection-ToStMarys,"56","0","56",0.08229736765195,324.27412483288401,-33.8037802000,150.7695745000
Connection-ToStMarys,"57","0","57",0.08263201010292,324.55819054189055,-33.8035076000,150.7693804000
Connection-ToStMarys,"58","0","58",0.08283279336917,324.64871333961923,-33.8033440000,150.7692640000
Connection-ToStMarys,"59","0","59",0.08349727206708,326.47438753007776,-33.8028015000,150.7688803000
Connection-ToStMarys,"60","0","60",0.08385594632045,331.87564787165945,-33.8024966000,150.7686914000
Connection-ToStMarys,"61","0","61",0.08412611001153,337.56917217310502,-33.8022507000,150.7685795000
Connection-ToStMarys,"62","0","62",0.08440189518156,340.85767603618365,-33.8019922000,150.7684834000
Connection-ToStMarys,"63","0","63",0.08488201377108,346.32307917457354,-33.8015353000,150.7683359000
Connection-ToStMarys,"64","0","64",0.08543250378005,355.61707549806044,-33.8009923000,150.7682454000
Connection-ToStMarys,"65","0","65",0.08596724328671,4.49407524972269,-33.8004576000,150.7682519000
Connection-ToStMarys,"66","0","66",0.08624807893263,9.01702176597578,-33.8001797000,150.7682924000
Connection-ToStMarys,"67","0","67",0.08669543036050,9.91102311675821,-33.7997388000,150.7683681000
Connection-ToStMarys,"68","0","68",0.08751477671580,9.95884759676633,-33.7989321000,150.7685115000
Connection-ToStMarys,"69","0","69",0.08830956426599,10.03529467034763,-33.7981490000,150.7686473000
Connection-ToStMarys,"70","0","70",0.08989081441070,10.04147353736981,-33.7965929000,150.7689282000
Connection-ToStMarys,"71","0","71",0.09144918815278,9.96978168840717,-33.7950575000,150.7691948000
Connection-ToStMarys,"72","0","72",0.09511111528753,9.61265662690759,-33.7914522000,150.7698363000
Connection-ToStMarys,"73","0","73",0.09641920990947,9.40619695245751,-33.7901607000,150.7700440000
Connection-ToStMarys,"74","0","74",0.09677142075540,9.67219942513682,-33.7898135000,150.7701032000
Connection-ToStMarys,"75","0","75",0.09831839232595,8.16583195575261,-33.7882885000,150.7703630000
Connection-ToStMarys,"76","0","76",0.09883890856970,0.31136251940274,-33.7877715000,150.7704234000
Connection-ToStMarys,"77","0","77",0.09908406990431,356.22957560842877,-33.7875277000,150.7703976000
Connection-ToStMarys,"78","0","78",0.09926743274131,0.01510346327583,-33.7873444000,150.7703928000
Connection-ToStMarys,"79","0","79",0.09949211286951,3.10035327226970,-33.7871198000,150.7703988000
Connection-ToStMarys,"80","0","80",0.09968615719437,7.04277183594474,-33.7869264000,150.7704146000
Connection-ToStMarys,"81","0","81",0.10036408952871,9.86855358323158,-33.7862576000,150.7705255000
Connection-ToStMarys,"82","0","82",0.10128885573158,10.22257210452661,-33.7853478000,150.7706912000
Connection-ToStMarys,"83","0","83",0.10154829458759,10.13399090474950,-33.7850924000,150.7707368000
Connection-ToStMarys,"84","0","84",0.10285522774963,10.13352948487256,-33.7838059000,150.7709670000
Connection-ToStMarys,"85","0","85",0.10301796065962,11.85402928380843,-33.7836457000,150.7709956000
Connection-ToStMarys,"86","0","86",0.10337896183690,13.57518504834551,-33.7832948000,150.7710804000
Connection-ToStMarys,"87","0","87",0.10347617341026,13.55258116570018,-33.7832003000,150.7711032000
Connection-ToStMarys,"88","0","88",0.10354066604553,13.56798959858454,-33.7831376000,150.7711183000
Connection-ToStMarys,"89","0","89",0.10376443603905,14.63061998837858,-33.7829201000,150.7711709000
Connection-ToStMarys,"90","0","90",0.10418402260938,15.46990582875807,-33.7825161000,150.7712842000
Connection-ToStMarys,"91","0","91",0.10450516619099,13.49997438536917,-33.7822063000,150.7713688000
Connection-ToStMarys,"92","0","92",0.10484271057325,10.99448346598048,-33.7818758000,150.7714374000
Connection-ToStMarys,"93","0","93",0.10560043371530,9.12667992163894,-33.7811302000,150.7715724000
Connection-ToStMarys,"94","0","94",0.10613421606797,9.02953525255952,-33.7806016000,150.7716466000
Connection-ToStMarys,"95","0","95",0.10685664210568,11.58575263358888,-33.7798903000,150.7717729000
Connection-ToStMarys,"96","0","96",0.10738818094713,11.45956382015862,-33.7793726000,150.7718934000
Connection-ToStMarys,"97","0","97",0.10916600907441,9.95821748289819,-33.7776208000,150.7721965000
Connection-ToStMarys,"98","0","98",0.10945397174558,10.22929939681602,-33.7773373000,150.7722470000
Connection-ToStMarys,"99","0","99",0.11172142616410,10.15135263805721,-33.7751068000,150.7726547000
Connection-ToStMarys,"100","0","100",0.11183087044215,9.69880718402894,-33.7749990000,150.7726736000
Connection-ToStMarys,"101","0","101",0.11256331725933,9.73940453205571,-33.7742765000,150.7727939000
Connection-ToStMarys,"102","0","102",0.11364381603771,9.25393677592161,-33.7732125000,150.7729820000
Connection-ToStMarys,"103","0","103",0.11492038003920,8.77472852240188,-33.7719499000,150.7731703000
Connection-ToStMarys,"104","0","104",0.11618822231647,8.81738451618500,-33.7706979000,150.7733701000
Connection-ToStMarys,"105","0","105",0.11683261337786,9.04732055027952,-33.7700607000,150.7734661000
Connection-ToStMarys,"106","0","106",0.11694922165372,9.91732026288570,-33.7699457000,150.7734854000
Connection-ToStMarys,"107","0","107",0.11784843403130,10.31618286063661,-33.7690610000,150.7736463000
Connection-ToStMarys,"108","0","108",0.11792598981768,9.68581111948065,-33.7689847000,150.7736602000
Connection-ToStMarys,"109","0","109",0.11961317876086,8.94352233062865,-33.7673185000,150.7739255000
Connection-ToStMarys,"110","0","110",0.12019752009948,9.52326719532649,-33.7667411000,150.7740153000
Connection-ToStMarys,"111","0","111",0.12120262519350,10.16976824690405,-33.7657519000,150.7741934000
Connection-ToStMarys,"112","0","112",0.12273330109973,7.89950790501023,-33.7642451000,150.7744627000
Connection-ToStMarys,"113","0","113",0.12279711285418,7.55202761356953,-33.7641816000,150.7744690000
Connection-ToStMarys,"114","0","114",0.12334229282443,9.38010451641671,-33.7636438000,150.7745584000
Connection-ToStMarys,"115","0","115",0.12412138195924,9.79681270460430,-33.7628750000,150.7746846000
Connection-ToStMarys,"116","0","116",0.12439842188418,29.65498371896680,-33.7626024000,150.7747340000
Connection-ToStMarys,"117","0","117",0.12446569334913,66.06655550414249,-33.7625583000,150.7747848000
Connection-ToStMarys,"118","0","118",0.12449480451540,90.11244942377016,-33.7625548000,150.7748137000
Connection-ToStMarys,"119","0","119",0.12463176366990,98.36173559824883,-33.7625718000,150.7749496000
Connection-ToStMarys,"120","0","120",0.12523601372574,78.88417787058546,-33.7626725000,150.7755454000
Connection-ToStMarys,"121","0","121",0.12543456291358,62.05748678121803,-33.7625678000,150.7757141000
Connection-ToStMarys,"122","0","122",0.12553586414755,82.26732523952234,-33.7625265000,150.7758066000
Connection-ToStMarys,"123","0","123",0.12634151153940,98.59476671084390,-33.7626469000,150.7766032000
Connection-FromStMarys,"0","0","0",0.00000000000000,279.59967874000898,-33.7628314441,150.7764851661
Connection-FromStMarys,"1","0","1",0.00095311253501,279.59647234347233,-33.7626725000,150.7755454000
Connection-FromStMarys,"2","0","2",0.00155736259086,278.36173559824886,-33.7625718000,150.7749496000
Connection-FromStMarys,"3","0","3",0.00169432174536,270.11244942377010,-33.7625548000,150.7748137000
Connection-FromStMarys,"4","0","4",0.00172343291162,246.06655550414251,-33.7625583000,150.7747848000
Connection-FromStMarys,"5","0","5",0.00179070437658,209.65498371896683,-33.7626024000,150.7747340000
Connection-FromStMarys,"6","0","6",0.00206774430151,189.79681270460432,-33.7628750000,150.7746846000
Connection-FromStMarys,"7","0","7",0.00284683343633,189.38010451641674,-33.7636438000,150.7745584000
Connection-FromStMarys,"8","0","8",0.00339201340658,189.69630528295275,-33.7641816000,150.7744690000
Connection-FromStMarys,"9","0","9",0.00498631496214,190.08045958716440,-33.7657519000,150.7741934000
Connection-FromStMarys,"10","0","10",0.00599142005616,189.52326719532650,-33.7667411000,150.7740153000
Connection-FromStMarys,"11","0","11",0.00657576139477,188.53156547581020,-33.7673185000,150.7739255000
Connection-FromStMarys,"12","0","12",0.00759584912134,189.26471054092559,-33.7683281000,150.7737796000
Connection-FromStMarys,"13","0","13",0.00826321702592,190.31552598494540,-33.7689847000,150.7736602000
Connection-FromStMarys,"14","0","14",0.00834077281230,190.31618286063662,-33.7690610000,150.7736463000
Connection-FromStMarys,"15","0","15",0.00923998518988,189.91732026288574,-33.7699457000,150.7734854000
Connection-FromStMarys,"16","0","16",0.00935659346574,189.04732055027955,-33.7700607000,150.7734661000
Connection-FromStMarys,"17","0","17",0.01000098452713,188.81738451618503,-33.7706979000,150.7733701000
Connection-FromStMarys,"18","0","18",0.01126882680440,188.77472852240189,-33.7719499000,150.7731703000
Connection-FromStMarys,"19","0","19",0.01254539080589,189.25393677592160,-33.7732125000,150.7729820000
Connection-FromStMarys,"20","0","20",0.01362588958427,189.73940453205574,-33.7742765000,150.7727939000
Connection-FromStMarys,"21","0","21",0.01435833640145,189.69880718402896,-33.7749990000,150.7726736000
Connection-FromStMarys,"22","0","22",0.01446778067951,190.15135263805723,-33.7751068000,150.7726547000
Connection-FromStMarys,"23","0","23",0.01673523509802,190.22929939681603,-33.7773373000,150.7722470000
Connection-FromStMarys,"24","0","24",0.01702319776919,189.95821748289819,-33.7776208000,150.7721965000
Connection-FromStMarys,"25","0","25",0.01880102589647,187.91706334907610,-33.7793726000,150.7718934000
Connection-FromStMarys,"26","0","26",0.02005151706791,186.40843856660496,-33.7806162000,150.7717623000
Connection-FromStMarys,"27","0","27",0.02099757011081,189.24246679778784,-33.7815556000,150.7716503000
Connection-FromStMarys,"28","0","28",0.02178652308789,192.59796643625691,-33.7823282000,150.7714905000
Connection-FromStMarys,"29","0","29",0.02253647487302,193.50903273679253,-33.7830574000,150.7713153000
Connection-FromStMarys,"30","0","30",0.02280747144127,193.51117753200748,-33.7833209000,150.7712520000
Connection-FromStMarys,"31","0","31",0.02332397248677,192.12692377086111,-33.7838231000,150.7711313000
Connection-FromStMarys,"32","0","32",0.02405487470320,189.76744827310372,-33.7845412000,150.7709951000
Connection-FromStMarys,"33","0","33",0.02415232058563,188.98507042918322,-33.7846375000,150.7709802000
Connection-FromStMarys,"34","0","34",0.02465029138796,189.19119348787606,-33.7851291000,150.7709008000
Connection-FromStMarys,"35","0","35",0.02473903483842,189.73998633260535,-33.7852167000,150.7708866000
Connection-FromStMarys,"36","0","36",0.02503904365500,190.27467139419926,-33.7855119000,150.7708331000
Connection-FromStMarys,"37","0","37",0.02598117252641,190.27695173945520,-33.7864389142,150.7706650182
Connection-FromStMarys,"38","0","38",0.02733548573999,188.47024394865684,-33.7877715000,150.7704234000
Connection-FromStMarys,"39","0","39",0.02785600198374,188.16583195575262,-33.7882885000,150.7703630000
Connection-FromStMarys,"40","0","40",0.02940297355429,189.45941739080257,-33.7898135000,150.7701032000
Connection-FromStMarys,"41","0","41",0.03106326669103,189.66994873707367,-33.7914522000,150.7698363000
Connection-FromStMarys,"42","0","42",0.03472519382577,189.96978168840718,-33.7950575000,150.7691948000
Connection-FromStMarys,"43","0","43",0.03628356756785,190.04147353736982,-33.7965929000,150.7689282000
Connection-FromStMarys,"44","0","44",0.03786481771256,190.03529467034761,-33.7981490000,150.7686473000
Connection-FromStMarys,"45","0","45",0.03865960526276,189.95884759676636,-33.7989321000,150.7685115000
Connection-FromStMarys,"46","0","46",0.03947895161805,189.91102311675823,-33.7997388000,150.7683681000
Connection-FromStMarys,"47","0","47",0.03992630304592,189.01702176597581,-33.8001797000,150.7682924000
Connection-FromStMarys,"48","0","48",0.04020713869184,185.92648028486479,-33.8004576000,150.7682519000
Connection-FromStMarys,"49","0","49",0.04049208895063,180.49960895776587,-33.8007420000,150.7682342000
Connection-FromStMarys,"50","0","50",0.04074263940465,173.98780621629459,-33.8009923000,150.7682454000
Connection-FromStMarys,"51","0","51",0.04129312941362,166.32307917457351,-33.8015353000,150.7683359000
Connection-FromStMarys,"52","0","52",0.04177324800314,160.85767603618368,-33.8019922000,150.7684834000
Connection-FromStMarys,"53","0","53",0.04204903317317,157.56917217310499,-33.8022507000,150.7685795000
Connection-FromStMarys,"54","0","54",0.04231919686425,151.87564787165948,-33.8024966000,150.7686914000
Connection-FromStMarys,"55","0","55",0.04267787111761,146.47438753007771,-33.8028015000,150.7688803000
Connection-FromStMarys,"56","0","56",0.04334234981553,144.64871333961926,-33.8033440000,150.7692640000
Connection-FromStMarys,"57","0","57",0.04354313308178,144.55819054189058,-33.8035076000,150.7693804000
Connection-FromStMarys,"58","0","58",0.04387777553275,144.27412483288396,-33.8037802000,150.7695745000
Connection-FromStMarys,"59","0","59",0.04570158589845,144.02762499455494,-33.8052557000,150.7706465000
Connection-FromStMarys,"60","0","60",0.05344251424136,145.67814488155835,-33.8115226000,150.7751905000
Connection-FromStMarys,"61","0","61",0.05386567516819,150.47798745580593,-33.8118787000,150.7754191000
Connection-FromStMarys,"62","0","62",0.05427398418106,157.38927899475189,-33.8122446000,150.7756003000
Connection-FromStMarys,"63","0","63",0.05458617348262,163.84373717960577,-33.8125400000,150.7757013000
Connection-FromStMarys,"64","0","64",0.05490592571482,169.77510245151547,-33.8128510000,150.7757756000
Connection-FromStMarys,"65","0","65",0.05517947243844,174.65815583089332,-33.8131225000,150.7758090000
Connection-FromStMarys,"66","0","66",0.05557468307847,177.54152005981857,-33.8135169000,150.7758343000
Connection-FromStMarys,"67","0","67",0.05639747780987,179.12006989744037,-33.8143395000,150.7758522000
Connection-FromStMarys,"68","0","68",0.05758072529031,177.22429579083567,-33.8155227000,150.7758628000
Connection-FromStMarys,"69","0","69",0.05820132297802,174.39504342211819,-33.8161409000,150.7759173000
Connection-FromStMarys,"70","0","70",0.05896404369364,175.18037296276918,-33.8168992000,150.7759993000
Connection-FromStMarys,"71","0","71",0.05919055837307,177.45211254769768,-33.8171253000,150.7760130000
Connection-FromStMarys,"72","0","72",0.05950728626890,178.36755610750845,-33.8174419000,150.7760220000
Connection-FromStMarys,"73","0","73",0.05966835196978,179.21060495417163,-33.8176029000,150.7760266000
Connection-FromStMarys,"74","0","74",0.05986665207065,180.19472601017830,-33.8178012000,150.7760264000
Connection-FromStMarys,"75","0","75",0.05993575322837,180.32298698552833,-33.8178703000,150.7760260000
Connection-FromStMarys,"76","0","76",0.06062846365130,179.88429940825722,-33.8185630000,150.7760222000
Connection-FromStMarys,"77","0","77",0.06166791079760,179.44706452256619,-33.8196024000,150.7760321000
Connection-FromStMarys,"78","0","78",0.06199522644038,177.92722187456110,-33.8199297000,150.7760353000
Connection-FromStMarys,"79","0","79",0.06223188966103,175.01133837441824,-33.8201659000,150.7760501000
Connection-FromStMarys,"80","0","80",0.06254986632684,173.63394019216105,-33.8204819000,150.7760855000
Connection-FromStMarys,"81","0","81",0.06273097402958,173.65781063150072,-33.8206619000,150.7761055000
Connection-FromStMarys,"82","0","82",0.06304771373344,173.61233729526307,-33.8209767000,150.7761405000
Connection-FromStMarys,"83","0","83",0.06398692400275,172.99706532205079,-33.8219100000,150.7762457000
Connection-FromStMarys,"84","0","84",0.06457636762178,164.71383945691386,-33.8224943000,150.7763234000
Connection-FromStMarys,"85","0","85",0.06486457388473,156.08367963098502,-33.8227596000,150.7764360000
Connection-FromStMarys,"86","0","86",0.06523194842112,153.41219494238294,-33.8230930000,150.7765903000
Connection-FromStMarys,"87","0","87",0.06578765450351,150.84525723733537,-33.8235821000,150.7768541000
Connection-FromStMarys,"88","0","88",0.06668850086110,150.57892964158967,-33.8243625000,150.7773041000
Connection-FromStMarys,"89","0","89",0.06740028213370,150.74944394567578,-33.8249858000,150.7776478000
Connection-FromStMarys,"90","0","90",0.06777692679381,150.34333262764656,-33.8253132000,150.7778340000
Connection-FromStMarys,"91","0","91",0.06847033094725,149.64810636252187,-33.8259156000,150.7781774000
Connection-FromStMarys,"92","0","92",0.06883030664087,149.37182220889505,-33.8262241000,150.7783629000
Connection-FromStMarys,"93","0","93",0.06968059623860,149.54777229766526,-33.8269587000,150.7787911000
Connection-FromStMarys,"94","0","94",0.07002762829762,149.28668486016898,-33.8272572000,150.7789681000
Connection-FromStMarys,"95","0","95",0.07108951993992,149.38338432027339,-33.8281697000,150.7795112000
Connection-FromStMarys,"96","0","96",0.07333429579737,151.23899622965473,-33.8301044000,150.7806496000
Connection-FromStMarys,"97","0","97",0.07359905568857,154.60283464992341,-33.8303402000,150.7807700000
Connection-FromStMarys,"98","0","98",0.07380269497753,159.47401784175636,-33.8305266000,150.7808520000
Connection-FromStMarys,"99","0","99",0.07408371784135,165.68389487318902,-33.8307949000,150.7809356000
Connection-FromStMarys,"100","0","100",0.07429860229868,172.32288257223126,-33.8310056000,150.7809778000
Connection-FromStMarys,"101","0","101",0.07452776854837,176.68441142880269,-33.8312342000,150.7809939000
Connection-FromStMarys,"102","0","102",0.07475680479003,179.83135187125535,-33.8314630000,150.7810043000
Connection-FromStMarys,"103","0","103",0.07488330364377,182.16339028099995,-33.8315894000,150.7809993000
Connection-FromStMarys,"104","0","104",0.07667356233180,181.99704281422086,-33.8333785000,150.7809349000
Connection-FromStMarys,"105","0","105",0.07826296637421,180.02339993333138,-33.8349670000,150.7808813000
Connection-FromStMarys,"106","0","106",0.08266324948441,178.04101628466725,-33.8393649000,150.7810261000
Connection-FromStMarys,"107","0","107",0.08538736279340,178.98390185807088,-33.8420873000,150.7811227000
Connection-FromStMarys,"108","0","108",0.08590426279338,177.84638304080661,-33.8426042000,150.7811227000
Connection-FromStMarys,"109","0","109",0.08625976685805,245.09151234188025,-33.8429587000,150.7811494000
Connection-FromStMarys,"110","0","110",0.08696419113910,252.16595273208654,-33.8424650479,150.7806468851
Connection-FromStMarys,"111","0","111",0.08968060890924,189.84289824367283,-33.8451414907,150.7801825795
Connection-FromStMarys,"112","0","112",0.10597915395879,220.81602077345744,-33.8612000633,150.7773960374
Connection-FromStMarys,"113","0","113",0.10652192504290,228.80839537083418,-33.8613696986,150.7768804559
Connection-FromStMarys,"114","0","114",0.10771255576540,197.83866095963708,-33.8624413843,150.7763617158
Connection-FromStMarys,"115","0","115",0.11722007483945,143.36779506565566,-33.8718087977,150.7747355283
Connection-FromStMarys,"116","0","116",0.12206792525243,143.36704961129684,-33.8723901251,150.7795483977
Connection-FromStMarys,"117","0","117",0.12478436207685,189.84720065269468,-33.8750665438,150.7790838419
Connection-FromStMarys,"118","0","118",0.12614258117798,189.84746911490618,-33.8764047516,150.7788515514
D-Tway-Rossmore-ElizabethDrive,"0","0","0",0.00000000000000,96.88088736171036,-33.9504113986,150.7807468044
D-Tway-Rossmore-ElizabethDrive,"1","0","1",0.00161741383246,53.36858757041190,-33.9506051739,150.7823525686
D-Tway-Rossmore-ElizabethDrive,"2","0","2",0.00433389684331,53.36816904002685,-33.9479287856,150.7828175693
D-Tway-Rossmore-ElizabethDrive,"3","0","3",0.00595126743411,72.78528255463398,-33.9481225323,150.7844232934
D-Tway-Rossmore-ElizabethDrive,"4","0","4",0.00606523404841,343.66065829004060,-33.9480473000,150.7845089000
D-Tway-Rossmore-ElizabethDrive,"5","0","5",0.00625781486258,325.41932252101799,-33.9480184000,150.7843185000
D-Tway-Rossmore-ElizabethDrive,"6","0","6",0.00687353824207,11.80988085796344,-33.9474166000,150.7844487000
D-Tway-Rossmore-ElizabethDrive,"7","0","7",0.00709389468059,11.41148824457599,-33.9472006000,150.7844923000
D-Tway-Rossmore-ElizabethDrive,"8","0","8",0.00741919316961,28.45317689654509,-33.9468817317,150.7845566592
D-Tway-Rossmore-ElizabethDrive,"9","0","9",0.00755814245162,27.67455506827110,-33.9467843327,150.7846557568
D-Tway-Rossmore-ElizabethDrive,"10","0","10",0.01299110010893,323.36693554988858,-33.9414315242,150.7855855258
D-Tway-Rossmore-ElizabethDrive,"11","0","11",0.01541696943593,323.36690641783321,-33.9411409262,150.7831771249
D-Tway-Rossmore-ElizabethDrive,"12","0","12",0.02220815785018,9.85294905484036,-33.9344499230,150.7843393278
D-Tway-Rossmore-ElizabethDrive,"13","0","13",0.02764110024974,9.85160411413636,-33.9290971024,150.7852689380
D-Tway-Rossmore-ElizabethDrive,"14","0","14",0.03035756867464,9.85070774383008,-33.9264206861,150.7857336923
D-Tway-Rossmore-ElizabethDrive,"15","0","15",0.03307403525080,323.36534481053326,-33.9237442659,150.7861984128
D-Tway-Rossmore-ElizabethDrive,"16","0","16",0.03388249573498,279.25580885340736,-33.9236474154,150.7853957745
D-Tway-Rossmore-ElizabethDrive,"17","0","17",0.03479174124755,325.35803379571399,-33.9234641000,150.7845052000
D-Tway-Rossmore-ElizabethDrive,"18","0","18",0.03767061390891,10.02755313179376,-33.9206213406,150.7849597623
D-Tway-Rossmore-ElizabethDrive,"19","0","19",0.03864505583392,10.97018550559003,-33.9196647057,150.7851451990
D-Tway-Rossmore-ElizabethDrive,"20","0","20",0.03948352885302,10.96993665669030,-33.9188415543,150.7853047570
D-Tway-Rossmore-ElizabethDrive,"21","0","21",0.04028926846009,10.96971929288910,-33.9180505375,150.7854580827
D-Tway-Rossmore-ElizabethDrive,"22","0","22",0.04085913163302,10.96948345249970,-33.9174910868,150.7855665211
D-Tway-Rossmore-ElizabethDrive,"23","0","23",0.04219035950120,10.96915206473833,-33.9161841816,150.7858198322
D-Tway-Rossmore-ElizabethDrive,"24","0","24",0.04356258328487,10.96876000787607,-33.9148370278,150.7860809350
D-Tway-Rossmore-ElizabethDrive,"25","0","25",0.04366199872726,10.96856251422816,-33.9147394285,150.7860998508
D-Tway-Rossmore-ElizabethDrive,"26","0","26",0.04379878583180,10.96856251326731,-33.9146051403,150.7861258773
D-Tway-Rossmore-ElizabethDrive,"27","0","27",0.04407705608280,10.96856251230576,-33.9143319535,150.7861788239
D-Tway-Rossmore-ElizabethDrive,"28","0","28",0.04425615198513,10.96856251425730,-33.9141561294,150.7862129006
D-Tway-Rossmore-ElizabethDrive,"29","0","29",0.04448791067619,10.96856251439725,-33.9139286045,150.7862569974
D-Tway-Rossmore-ElizabethDrive,"30","0","30",0.04493480641199,10.96836798793952,-33.9134898728,150.7863420284
D-Tway-Rossmore-ElizabethDrive,"31","0","31",0.04626603238831,10.96803667706131,-33.9121829643,150.7865953124
D-Tway-Rossmore-ElizabethDrive,"32","0","32",0.04683589437351,10.96780092432559,-33.9116235115,150.7867037337
D-Tway-Rossmore-ElizabethDrive,"33","0","33",0.04764163191489,10.96758366854877,-33.9108324910,150.7868570298
D-Tway-Rossmore-ElizabethDrive,"34","0","34",0.04848010230359,10.96733496129999,-33.9100093350,150.7870165501
D-Tway-Rossmore-ElizabethDrive,"35","0","35",0.04904111916926,10.96720453964256,-33.9094585644,150.7871232820
D-Tway-Rossmore-ElizabethDrive,"36","0","36",0.04945454055572,29.86870081673834,-33.9090526937,150.7872019342
D-Tway-Rossmore-ElizabethDrive,"37","0","37",0.04968652071508,29.83308055718543,-33.9088998000,150.7873764000
D-Tway-Rossmore-ElizabethDrive,"38","0","38",0.05215390260080,10.91722401221674,-33.9064769000,150.7878428000
D-Tway-Rossmore-ElizabethDrive,"39","0","39",0.05659173137734,10.62052413683471,-33.9021197000,150.7886849000
D-Tway-Rossmore-ElizabethDrive,"40","0","40",0.06108273974967,10.64167862224028,-33.8977011000,150.7894881000
D-Tway-Rossmore-ElizabethDrive,"41","0","41",0.06343154378611,10.60074008304324,-33.8953953000,150.7899355000
D-Tway-Rossmore-ElizabethDrive,"42","0","42",0.06411854986556,10.71367653998604,-33.8947191956,150.7900574024
D-Tway-Rossmore-ElizabethDrive,"43","0","43",0.06495723709533,11.20654555685443,-33.8938965000,150.7902204000
D-Tway-Rossmore-ElizabethDrive,"44","0","44",0.06576318253514,11.20632454939619,-33.8931059212,150.7903770309
D-Tway-Rossmore-ElizabethDrive,"45","0","45",0.06633319127515,11.20608475441708,-33.8925467802,150.7904878070
D-Tway-Rossmore-ElizabethDrive,"46","0","46",0.06766475916605,11.20574780878067,-33.8912405987,150.7907465787
D-Tway-Rossmore-ElizabethDrive,"47","0","47",0.06903733340078,10.16976630511297,-33.8898941908,150.7910133102
D-Tway-Rossmore-ElizabethDrive,"48","0","48",0.07040579323612,9.85723493510936,-33.8885430832,150.7912305446
D-Tway-Rossmore-ElizabethDrive,"49","0","49",0.07173473056887,9.86087335184235,-33.8872367406,150.7914745595
D-Tway-Rossmore-ElizabethDrive,"50","0","50",0.07231723502462,9.89346140308112,-33.8866616341,150.7915671015
D-Tway-Rossmore-ElizabethDrive,"51","0","51",0.07310152131011,10.91002796103664,-33.8858908466,150.7917119863
D-Tway-Rossmore-ElizabethDrive,"52","0","52",0.07395639797159,9.64808375317953,-33.8850521768,150.7918776579
D-Tway-Rossmore-ElizabethDrive,"53","0","53",0.07455501862697,9.88720582317790,-33.8844595603,150.7919622295
D-Tway-Rossmore-ElizabethDrive,"54","0","54",0.07852214090805,326.90855385706232,-33.8805742000,150.7927635000
D-Tway-Rossmore-ElizabethDrive,"55","0","55",0.07918226279073,282.16447099820789,-33.8804351000,150.7921182000
D-Tway-ElizabethDrive-Rossmore,"0","0","0",0.00000000000000,102.16447099820790,-33.8804351000,150.7921182000
D-Tway-ElizabethDrive-Rossmore,"1","0","1",0.00066012188268,146.90855385706234,-33.8805742000,150.7927635000
D-Tway-ElizabethDrive-Rossmore,"2","0","2",0.00462724416377,189.88720582317791,-33.8844595603,150.7919622295
D-Tway-ElizabethDrive-Rossmore,"3","0","3",0.00522586481914,189.64808375317952,-33.8850521768,150.7918776579
D-Tway-ElizabethDrive-Rossmore,"4","0","4",0.00608074148062,190.91002796103663,-33.8858908466,150.7917119863
D-Tway-ElizabethDrive-Rossmore,"5","0","5",0.00686502776611,189.89346140308112,-33.8866616341,150.7915671015
D-Tway-ElizabethDrive-Rossmore,"6","0","6",0.00744753222187,189.86087335049234,-33.8872367406,150.7914745595
D-Tway-ElizabethDrive-Rossmore,"7","0","7",0.00877646955495,189.85723493489277,-33.8885430832,150.7912305446
D-Tway-ElizabethDrive-Rossmore,"8","0","8",0.01014492938995,190.16976630624637,-33.8898941908,150.7910133102
D-Tway-ElizabethDrive-Rossmore,"9","0","9",0.01151750362468,191.20584847599238,-33.8912405987,150.7907465787
D-Tway-ElizabethDrive-Rossmore,"10","0","10",0.01422502569574,190.98441832434199,-33.8938965000,150.7902204000
D-Tway-ElizabethDrive-Rossmore,"11","0","11",0.01575066308714,190.87174132907575,-33.8953953000,150.7899355000
D-Tway-ElizabethDrive-Rossmore,"12","0","12",0.01809946712320,190.64167862313170,-33.8977011000,150.7894881000
D-Tway-ElizabethDrive-Rossmore,"13","0","13",0.02259047549552,190.62052413683475,-33.9021197000,150.7886849000
D-Tway-ElizabethDrive-Rossmore,"14","0","14",0.02702830427207,190.91722401221676,-33.9064769000,150.7878428000
D-Tway-ElizabethDrive-Rossmore,"15","0","15",0.02949568615779,209.83308055718544,-33.9088998000,150.7873764000
D-Tway-ElizabethDrive-Rossmore,"16","0","16",0.02972766631715,209.86870081759025,-33.9090526937,150.7872019342
D-Tway-ElizabethDrive-Rossmore,"17","0","17",0.03031588264990,190.62972427472903,-33.9096301669,150.7870900277
D-Tway-ElizabethDrive-Rossmore,"18","0","18",0.03070670432330,190.78801653726026,-33.9100147000,150.7870202000
D-Tway-ElizabethDrive-Rossmore,"19","0","19",0.03154061480563,191.12574551027453,-33.9108324910,150.7868570298
D-Tway-ElizabethDrive-Rossmore,"20","0","20",0.03234635234701,190.96780092432559,-33.9116235115,150.7867037337
D-Tway-ElizabethDrive-Rossmore,"21","0","21",0.03291621433222,190.96803667706129,-33.9121829643,150.7865953124
D-Tway-ElizabethDrive-Rossmore,"22","0","22",0.03424744030854,190.96836798727296,-33.9134898728,150.7863420284
D-Tway-ElizabethDrive-Rossmore,"23","0","23",0.03561966343565,190.96876000879172,-33.9148370278,150.7860809350
D-Tway-ElizabethDrive-Rossmore,"24","0","24",0.03699188721933,190.96915206533879,-33.9161841816,150.7858198322
D-Tway-ElizabethDrive-Rossmore,"25","0","25",0.03832311508751,190.96948345450284,-33.9174910868,150.7855665211
D-Tway-ElizabethDrive-Rossmore,"26","0","26",0.03889297826045,190.96971929032352,-33.9180505375,150.7854580827
D-Tway-ElizabethDrive-Rossmore,"27","0","27",0.03969871786749,190.96993665413481,-33.9188415543,150.7853047570
D-Tway-ElizabethDrive-Rossmore,"28","0","28",0.03989219515923,190.97005500841081,-33.9190314962,150.7852679391
D-Tway-ElizabethDrive-Rossmore,"29","0","29",0.04007048566034,190.97005500716037,-33.9192065287,150.7852340111
D-Tway-ElizabethDrive-Rossmore,"30","0","30",0.04024877616144,190.97005500327887,-33.9193815613,150.7852000832
D-Tway-ElizabethDrive-Rossmore,"31","0","31",0.04039346372989,190.97005500504451,-33.9195236049,150.7851725497
D-Tway-ElizabethDrive-Rossmore,"32","0","32",0.04053719088660,190.97018551161949,-33.9196647057,150.7851451990
D-Tway-ElizabethDrive-Rossmore,"33","0","33",0.04151163281163,190.02755313505747,-33.9206213406,150.7849597623
D-Tway-ElizabethDrive-Rossmore,"34","0","34",0.04439050547297,145.35803379487612,-33.9234641000,150.7845052000
D-Tway-ElizabethDrive-Rossmore,"35","0","35",0.04529975098555,99.25580885340736,-33.9236474154,150.7853957745
D-Tway-ElizabethDrive-Rossmore,"36","0","36",0.04610821146973,143.36534481053326,-33.9237442659,150.7861984128
D-Tway-ElizabethDrive-Rossmore,"37","0","37",0.04882467804589,189.85070774383007,-33.9264206861,150.7857336923
D-Tway-ElizabethDrive-Rossmore,"38","0","38",0.05154114647079,189.85160411413639,-33.9290971024,150.7852689380
D-Tway-ElizabethDrive-Rossmore,"39","0","39",0.05697408887035,189.85294905484039,-33.9344499230,150.7843393278
D-Tway-ElizabethDrive-Rossmore,"40","0","40",0.06376527728460,143.36690641783321,-33.9411409262,150.7831771249
D-Tway-ElizabethDrive-Rossmore,"41","0","41",0.06619114661159,143.36693554988861,-33.9414315242,150.7855855258
D-Tway-ElizabethDrive-Rossmore,"42","0","42",0.07162410426891,166.86080394137485,-33.9467843327,150.7846557568
D-Tway-ElizabethDrive-Rossmore,"43","0","43",0.07180370445014,167.76721119589692,-33.9469293883,150.7847616581
D-Tway-ElizabethDrive-Rossmore,"44","0","44",0.07210861534657,191.86614536044061,-33.9472280000,150.7847000000
D-Tway-ElizabethDrive-Rossmore,"45","0","45",0.07232867679299,192.78069755108507,-33.9474432000,150.7846540000
D-Tway-ElizabethDrive-Rossmore,"46","0","46",0.07260891492387,193.50520830210229,-33.9477157000,150.7845886000
D-Tway-ElizabethDrive-Rossmore,"47","0","47",0.07294995839612,211.10259906761988,-33.9480473000,150.7845089000
D-Tway-ElizabethDrive-Rossmore,"48","0","48",0.07306392501042,252.78528255463402,-33.9481225323,150.7844232934
D-Tway-ElizabethDrive-Rossmore,"49","0","49",0.07468129560121,233.36816904002680,-33.9479287856,150.7828175693
D-Tway-ElizabethDrive-Rossmore,"50","0","50",0.07739777861206,233.36858757041190,-33.9506051739,150.7823525686
D-Tway-ElizabethDrive-Rossmore,"51","0","51",0.07901519244453,276.88088736171034,-33.9504113986,150.7807468044
C-Tway-SouthCreek-ElizabethDrive,"0","0","0",0.00000000000000,96.89100057232201,-33.9475022868,150.7566613585
C-Tway-SouthCreek-ElizabethDrive,"1","0","1",0.00727800833515,53.37961137564078,-33.9483755088,150.7638867919
C-Tway-SouthCreek-ElizabethDrive,"2","0","2",0.00999449668822,10.95485479380103,-33.9456992122,150.7643523510
C-Tway-SouthCreek-ElizabethDrive,"3","0","3",0.01080776394704,9.33645372160165,-33.9449038394,150.7645220148
C-Tway-SouthCreek-ElizabethDrive,"4","0","4",0.01135419685650,8.24937146022950,-33.9443610624,150.7645851179
C-Tway-SouthCreek-ElizabethDrive,"5","0","5",0.01271243986982,9.86714305702155,-33.9430229116,150.7648178762
C-Tway-SouthCreek-ElizabethDrive,"6","0","6",0.01407068241805,9.86669351410338,-33.9416847597,150.7650506261
C-Tway-SouthCreek-ElizabethDrive,"7","0","7",0.01678716611958,53.37753259238982,-33.9390084531,150.7655161004
C-Tway-SouthCreek-ElizabethDrive,"8","0","8",0.01840434563680,53.37620517704882,-33.9392024176,150.7671216058
C-Tway-SouthCreek-ElizabethDrive,"9","0","9",0.02791202236436,9.86287066525544,-33.9298352848,150.7687503291
C-Tway-SouthCreek-ElizabethDrive,"10","0","10",0.03198673400207,9.86143358370991,-33.9258207843,150.7694482263
C-Tway-SouthCreek-ElizabethDrive,"11","0","11",0.03606144146796,9.86044592928226,-33.9218062748,150.7701460473
C-Tway-SouthCreek-ElizabethDrive,"12","0","12",0.03877791079576,357.34485711203615,-33.9191299301,150.7706112189
C-Tway-SouthCreek-ElizabethDrive,"13","0","13",0.03925380227389,357.90465088892370,-33.9186706223,150.7704866836
C-Tway-SouthCreek-ElizabethDrive,"14","0","14",0.04022824639226,10.97945391201363,-33.9177140153,150.7706722754
C-Tway-SouthCreek-ElizabethDrive,"15","0","15",0.04106672129819,10.97920469242738,-33.9168908878,150.7708319669
C-Tway-SouthCreek-ElizabethDrive,"16","0","16",0.04187246271796,10.97898700773623,-33.9160998941,150.7709854209
C-Tway-SouthCreek-ElizabethDrive,"17","0","17",0.04244232717272,10.97875081993116,-33.9155404596,150.7710939501
C-Tway-SouthCreek-ElizabethDrive,"18","0","18",0.04377355803456,10.97841894280253,-33.9142335925,150.7713474731
C-Tway-SouthCreek-ElizabethDrive,"19","0","19",0.04514578490290,10.97802630792854,-33.9128864779,150.7716087944
C-Tway-SouthCreek-ElizabethDrive,"20","0","20",0.04651801111349,10.97763370749185,-33.9115393621,150.7718701062
C-Tway-SouthCreek-ElizabethDrive,"21","0","21",0.04784924008004,10.97730190653972,-33.9102324916,150.7721236021
C-Tway-SouthCreek-ElizabethDrive,"22","0","22",0.04841910334498,10.97706580544754,-33.9096730551,150.7722321142
C-Tway-SouthCreek-ElizabethDrive,"23","0","23",0.04922484269539,10.97684822798127,-33.9088820577,150.7723855385
C-Tway-SouthCreek-ElizabethDrive,"24","0","24",0.05006331496621,10.97659915498678,-33.9080589256,150.7725451923
C-Tway-SouthCreek-ElizabethDrive,"25","0","25",0.05103775540505,8.98590664400975,-33.9071023121,150.7727307314
C-Tway-SouthCreek-ElizabethDrive,"26","0","26",0.05187035719841,52.31434101690582,-33.9062759082,150.7728321329
C-Tway-SouthCreek-ElizabethDrive,"27","0","27",0.05410863466129,97.63333730844981,-33.9065732255,150.7750505757
C-Tway-SouthCreek-ElizabethDrive,"28","0","28",0.05505474300283,54.90762626291742,-33.9066989000,150.7759883000
C-Tway-SouthCreek-ElizabethDrive,"29","0","29",0.05870943740865,11.07346301928723,-33.9031265000,150.7767595000
C-Tway-SouthCreek-ElizabethDrive,"30","0","30",0.05888974112721,9.96501083865695,-33.9029489164,150.7767907010
C-Tway-SouthCreek-ElizabethDrive,"31","0","31",0.05964694767028,9.96501083940773,-33.9022031334,150.7769217331
C-Tway-SouthCreek-ElizabethDrive,"32","0","32",0.06079500103034,10.63769861589793,-33.9010724000,150.7771204000
C-Tway-SouthCreek-ElizabethDrive,"33","0","33",0.06574595286207,12.15712878468988,-33.8962176000,150.7780914000
C-Tway-SouthCreek-ElizabethDrive,"34","0","34",0.06652991726697,11.72549546026245,-33.8954537405,150.7782678052
C-Tway-SouthCreek-ElizabethDrive,"35","0","35",0.06785362497363,326.48521911893755,-33.8941519763,150.7785078305
C-Tway-SouthCreek-ElizabethDrive,"36","0","36",0.06812998084123,279.70468190945996,-33.8940920521,150.7782380497
C-Tway-SouthCreek-ElizabethDrive,"37","0","37",0.07055451405125,336.68887192877412,-33.8938013626,150.7758310057
C-Tway-SouthCreek-ElizabethDrive,"38","0","38",0.07094669404068,23.35619285815077,-33.8934860722,150.7760642376
C-Tway-SouthCreek-ElizabethDrive,"39","0","39",0.07163370012015,10.71367654027459,-33.8928099678,150.7761861400
C-Tway-SouthCreek-ElizabethDrive,"40","0","40",0.07247238734992,11.20654555822295,-33.8919872722,150.7763491376
C-Tway-SouthCreek-ElizabethDrive,"41","0","41",0.07327833278966,11.20632454929156,-33.8911966935,150.7765057685
C-Tway-SouthCreek-ElizabethDrive,"42","0","42",0.07384834152971,11.20608475697158,-33.8906375525,150.7766165446
C-Tway-SouthCreek-ElizabethDrive,"43","0","43",0.07517990942060,11.20574780869509,-33.8893313709,150.7768753163
C-Tway-SouthCreek-ElizabethDrive,"44","0","44",0.07655248365536,10.16976630483239,-33.8879849630,150.7771420478
C-Tway-SouthCreek-ElizabethDrive,"45","0","45",0.07792094349075,9.85723493502844,-33.8866338555,150.7773592822
C-Tway-SouthCreek-ElizabethDrive,"46","0","46",0.07924988082347,9.86087335214878,-33.8853275128,150.7776032971
C-Tway-SouthCreek-ElizabethDrive,"47","0","47",0.07983238527920,9.89346140311140,-33.8847524064,150.7776958391
C-Tway-SouthCreek-ElizabethDrive,"48","0","48",0.08061667156472,10.91002796084486,-33.8839816189,150.7778407239
C-Tway-SouthCreek-ElizabethDrive,"49","0","49",0.08147154822620,9.64808375337169,-33.8831429491,150.7780063955
C-Tway-SouthCreek-ElizabethDrive,"50","0","50",0.08207016888155,358.05548673560429,-33.8825503326,150.7780909671
C-Tway-SouthCreek-ElizabethDrive,"51","0","51",0.08288067166666,358.91904990082753,-33.8817575730,150.7779223047
C-Tway-SouthCreek-ElizabethDrive,"52","0","52",0.08375083694573,9.84890126216119,-33.8809002320,150.7780711469
C-Tway-SouthCreek-ElizabethDrive,"53","0","53",0.08423889260599,9.84872222070699,-33.8804193692,150.7781546290
C-Tway-SouthCreek-ElizabethDrive,"54","0","54",0.08502527037720,9.84854317808767,-33.8796445800,150.7782891345
C-Tway-SouthCreek-ElizabethDrive,"55","0","55",0.08559711308555,9.84836415134380,-33.8790811643,150.7783869449
C-Tway-SouthCreek-ElizabethDrive,"56","0","56",0.08695533310553,9.88720762325704,-33.8777429585,150.7786192523
C-Tway-SouthCreek-ElizabethDrive,"57","0","57",0.08748277333617,9.86214062016471,-33.8772234137,150.7787101725
C-Tway-SouthCreek-ElizabethDrive,"58","0","58",0.08831355347334,9.79805111868911,-33.8764047516,150.7788515514
C-Tway-ElizabethDrive-SouthCreek,"0","0","0",0.00000000000000,189.79805111868910,-33.8764047516,150.7788515514
C-Tway-ElizabethDrive-SouthCreek,"1","0","1",0.00083078013717,189.83913755924942,-33.8772234137,150.7787101725
C-Tway-ElizabethDrive-SouthCreek,"2","0","2",0.00211559619617,189.86420456190967,-33.8784891742,150.7784897121
C-Tway-ElizabethDrive-SouthCreek,"3","0","3",0.00271644009935,189.84836415091175,-33.8790811643,150.7783869449
C-Tway-ElizabethDrive-SouthCreek,"4","0","4",0.00328828280770,189.84854317808765,-33.8796445800,150.7782891345
C-Tway-ElizabethDrive-SouthCreek,"5","0","5",0.00407466057891,189.84872222070700,-33.8804193692,150.7781546290
C-Tway-ElizabethDrive-SouthCreek,"6","0","6",0.00456271623917,189.84890126216121,-33.8809002320,150.7780711469
C-Tway-ElizabethDrive-SouthCreek,"7","0","7",0.00543288151824,178.91904990082762,-33.8817575730,150.7779223047
C-Tway-ElizabethDrive-SouthCreek,"8","0","8",0.00624338430336,178.05548673560432,-33.8825503326,150.7780909671
C-Tway-ElizabethDrive-SouthCreek,"9","0","9",0.00684200495870,189.64808375337168,-33.8831429491,150.7780063955
C-Tway-ElizabethDrive-SouthCreek,"10","0","10",0.00769688162018,190.91002796084487,-33.8839816189,150.7778407239
C-Tway-ElizabethDrive-SouthCreek,"11","0","11",0.00848116790570,189.89346140311142,-33.8847524064,150.7776958391
C-Tway-ElizabethDrive-SouthCreek,"12","0","12",0.00906367236143,189.86087335214879,-33.8853275128,150.7776032971
C-Tway-ElizabethDrive-SouthCreek,"13","0","13",0.01039260969415,189.85723493502846,-33.8866338555,150.7773592822
C-Tway-ElizabethDrive-SouthCreek,"14","0","14",0.01176106952954,190.16976630599621,-33.8879849630,150.7771420478
C-Tway-ElizabethDrive-SouthCreek,"15","0","15",0.01313364376431,191.20574780925909,-33.8893313709,150.7768753163
C-Tway-ElizabethDrive-SouthCreek,"16","0","16",0.01446521165519,191.20608475216821,-33.8906375525,150.7766165446
C-Tway-ElizabethDrive-SouthCreek,"17","0","17",0.01503522039523,191.20632454706995,-33.8911966935,150.7765057685
C-Tway-ElizabethDrive-SouthCreek,"18","0","18",0.01584116583498,191.20654555734799,-33.8919872722,150.7763491376
C-Tway-ElizabethDrive-SouthCreek,"19","0","19",0.01667985306473,190.71367654091674,-33.8928099678,150.7761861400
C-Tway-ElizabethDrive-SouthCreek,"20","0","20",0.01736685914422,203.35619286164987,-33.8934860722,150.7760642376
C-Tway-ElizabethDrive-SouthCreek,"21","0","21",0.01775903913365,156.68887192877415,-33.8938013626,150.7758310057
C-Tway-ElizabethDrive-SouthCreek,"22","0","22",0.02018357234367,99.70468190946001,-33.8940920521,150.7782380497
C-Tway-ElizabethDrive-SouthCreek,"23","0","23",0.02045992821127,146.48521911893755,-33.8941519763,150.7785078305
C-Tway-ElizabethDrive-SouthCreek,"24","0","24",0.02178363591793,191.72549546026247,-33.8954537405,150.7782678052
C-Tway-ElizabethDrive-SouthCreek,"25","0","25",0.02256760032282,192.15712878467093,-33.8962176000,150.7780914000
C-Tway-ElizabethDrive-SouthCreek,"26","0","26",0.02720508994400,191.31038639199895,-33.9007650255,150.7771818774
C-Tway-ElizabethDrive-SouthCreek,"27","0","27",0.02751855215456,190.63769861617808,-33.9010724000,150.7771204000
C-Tway-ElizabethDrive-SouthCreek,"28","0","28",0.02866660551462,189.96501083940774,-33.9022031334,150.7769217331
C-Tway-ElizabethDrive-SouthCreek,"29","0","29",0.02942381205769,189.96501083865695,-33.9029489164,150.7767907010
C-Tway-ElizabethDrive-SouthCreek,"30","0","30",0.02960411577625,191.07346301928726,-33.9031265000,150.7767595000
C-Tway-ElizabethDrive-SouthCreek,"31","0","31",0.03325881018207,234.90762626291746,-33.9066989000,150.7759883000
C-Tway-ElizabethDrive-SouthCreek,"32","0","32",0.03420491852361,277.63333730844982,-33.9065732255,150.7750505757
C-Tway-ElizabethDrive-SouthCreek,"33","0","33",0.03644319598649,232.31434101690581,-33.9062759082,150.7728321329
C-Tway-ElizabethDrive-SouthCreek,"34","0","34",0.03727579777985,188.98590664400976,-33.9071023121,150.7727307314
C-Tway-ElizabethDrive-SouthCreek,"35","0","35",0.03825023821869,190.97659915498679,-33.9080589256,150.7725451923
C-Tway-ElizabethDrive-SouthCreek,"36","0","36",0.03908871048951,190.97684822798126,-33.9088820577,150.7723855385
C-Tway-ElizabethDrive-SouthCreek,"37","0","37",0.03989444983992,190.97706580544758,-33.9096730551,150.7722321142
C-Tway-ElizabethDrive-SouthCreek,"38","0","38",0.04046431310486,190.97730190653971,-33.9102324916,150.7721236021
C-Tway-ElizabethDrive-SouthCreek,"39","0","39",0.04179554207141,190.97763370749183,-33.9115393621,150.7718701062
C-Tway-ElizabethDrive-SouthCreek,"40","0","40",0.04316776828200,190.97802630828505,-33.9128864779,150.7716087944
C-Tway-ElizabethDrive-SouthCreek,"41","0","41",0.04453999515040,190.97841894387597,-33.9142335925,150.7713474731
C-Tway-ElizabethDrive-SouthCreek,"42","0","42",0.04587122601222,190.97875081811489,-33.9155404596,150.7710939501
C-Tway-ElizabethDrive-SouthCreek,"43","0","43",0.04644109046694,190.97898700520307,-33.9160998941,150.7709854209
C-Tway-ElizabethDrive-SouthCreek,"44","0","44",0.04724683188671,190.97920469242740,-33.9168908878,150.7708319669
C-Tway-ElizabethDrive-SouthCreek,"45","0","45",0.04808530679264,190.97945391447445,-33.9177140153,150.7706722754
C-Tway-ElizabethDrive-SouthCreek,"46","0","46",0.04905975091102,177.90465088444347,-33.9186706223,150.7704866836
C-Tway-ElizabethDrive-SouthCreek,"47","0","47",0.04953564238916,177.34485710535196,-33.9191299301,150.7706112189
C-Tway-ElizabethDrive-SouthCreek,"48","0","48",0.05225211171699,189.86044592953908,-33.9218062748,150.7701460473
C-Tway-ElizabethDrive-SouthCreek,"49","0","49",0.05632681918288,189.86143358370992,-33.9258207843,150.7694482263
C-Tway-ElizabethDrive-SouthCreek,"50","0","50",0.06040153082059,189.86287066525543,-33.9298352848,150.7687503291
C-Tway-ElizabethDrive-SouthCreek,"51","0","51",0.06990920754816,233.37620517704886,-33.9392024176,150.7671216058
C-Tway-ElizabethDrive-SouthCreek,"52","0","52",0.07152638706537,233.37771240669900,-33.9390084531,150.7655161004
C-Tway-ElizabethDrive-SouthCreek,"53","0","53",0.07695935632833,188.24910173162050,-33.9443610624,150.7645851179
C-Tway-ElizabethDrive-SouthCreek,"54","0","54",0.07750578923779,189.33645372160166,-33.9449038394,150.7645220148
C-Tway-ElizabethDrive-SouthCreek,"55","0","55",0.07831905649661,190.95485479380105,-33.9456992122,150.7643523510
C-Tway-ElizabethDrive-SouthCreek,"56","0","56",0.08103554484968,233.37961137564079,-33.9483755088,150.7638867919
C-Tway-ElizabethDrive-SouthCreek,"57","0","57",0.08831355318483,276.89100057232201,-33.9475022868,150.7566613585
20thAv_BadgerysCreek_FAST,"0","0","0",0.00000000000000,96.89366251958293,-33.8985530061,150.7586211926
20thAv_BadgerysCreek_FAST,"1","0","1",0.00323284065028,96.89213802774317,-33.8989410344,150.7618306618
20thAv_BadgerysCreek_FAST,"2","0","2",0.01293150482000,96.88889844832104,-33.9001046238,150.7714592726
20thAv_BadgerysCreek_FAST,"3","0","3",0.01778091684123,105.70460287567809,-33.9006861399,150.7762736922
20thAv_BadgerysCreek_FAST,"4","0","4",0.01871156767507,95.13864425251779,-33.9010724000,150.7771204000
20thAv_BadgerysCreek_FAST,"5","0","5",0.01949373209150,86.31998602927864,-33.9008799373,150.7778785156
20thAv_BadgerysCreek_FAST,"6","0","6",0.02191846694236,96.88432479636576,-33.9011705948,150.7802857666
20thAv_BadgerysCreek_FAST,"7","0","7",0.02272671484914,96.88375307407587,-33.9012674702,150.7810881878
20thAv_BadgerysCreek_FAST,"8","0","8",0.02353496423403,96.88270490466164,-33.9013643406,150.7818906112
20thAv_BadgerysCreek_FAST,"9","0","9",0.03000101250153,91.95818432370412,-33.9021391174,150.7883100739
20thAv_BadgerysCreek_FAST,"10","0","10",0.03037634125186,96.12103396711784,-33.9021197000,150.7886849000
20thAv_BadgerysCreek_FAST,"11","0","11",0.03081947512480,101.04298172984998,-33.9022359412,150.7891125162
20thAv_BadgerysCreek_FAST,"12","0","12",0.03728562969879,143.35979427337864,-33.9030103464,150.7955321308
20thAv_BadgerysCreek_FAST,"13","0","13",0.04136030567122,172.49083385996423,-33.9070250649,150.7948356972
20thAv_BadgerysCreek_FAST,"14","0","14",0.04427876083943,126.49167137576009,-33.9096731000,150.7960626000
20thAv_BadgerysCreek_FAST,"15","0","15",0.04490091663223,97.84284671507669,-33.9097579972,150.7966789362
20thAv_BadgerysCreek_FAST,"16","0","16",0.04597816992093,97.84284671502479,-33.9099049953,150.7977461129
20thAv_BadgerysCreek_FAST,"17","0","17",0.04712837165534,97.84284671513306,-33.9100619477,150.7988855558
20thAv_BadgerysCreek_FAST,"18","0","18",0.04768764650268,97.84284671514371,-33.9101382644,150.7994395992
20thAv_BadgerysCreek_FAST,"19","0","19",0.04844865099945,97.72772092302260,-33.9102421083,150.8001934853
20thAv_BadgerysCreek_FAST,"20","0","20",0.04968290718343,97.61259513074764,-33.9104056155,150.8014168633
20thAv_BadgerysCreek_FAST,"21","0","21",0.05060280684837,144.53075404813978,-33.9105274786,150.8023286554
20thAv_BadgerysCreek_FAST,"22","0","22",0.05215418922318,191.44909086982688,-33.9120479917,150.8020207151
20thAv_BadgerysCreek_FAST,"23","0","23",0.05299308045624,191.44939121910880,-33.9128701897,150.8018541950
20thAv_BadgerysCreek_FAST,"24","0","24",0.05379922244304,191.44961610999428,-33.9136602894,150.8016941723
20thAv_BadgerysCreek_FAST,"25","0","25",0.05436937049242,191.44986014719638,-33.9142190911,150.8015809934
20thAv_BadgerysCreek_FAST,"26","0","26",0.05570126478686,191.45020310111730,-33.9155244785,150.8013165954
20thAv_BadgerysCreek_FAST,"27","0","27",0.05707417689904,144.73191418202674,-33.9168700654,150.8010440454
20thAv_BadgerysCreek_FAST,"28","0","28",0.05870409163101,98.01304307031660,-33.9170972838,150.8026580447
20thAv_BadgerysCreek_FAST,"29","0","29",0.06028531749650,98.01239443087536,-33.9173176940,150.8042238335
20thAv_BadgerysCreek_FAST,"30","0","30",0.06096219986599,98.01193284648920,-33.9174120397,150.8048941086
20thAv_BadgerysCreek_FAST,"31","0","31",0.06191925756148,98.01150744622892,-33.9175454305,150.8058418250
20thAv_BadgerysCreek_FAST,"32","0","32",0.06291519819515,97.74415890834162,-33.9176842328,150.8068280459
20thAv_BadgerysCreek_FAST,"33","0","33",0.06323412166881,97.47704198987363,-33.9177257339,150.8071442576
20thAv_BadgerysCreek_FAST,"34","0","34",0.06351429716911,97.47704198372108,-33.9177621929,150.8074220508
20thAv_BadgerysCreek_FAST,"35","0","35",0.06374745282070,97.47704198418442,-33.9177925332,150.8076532239
20thAv_BadgerysCreek_FAST,"36","0","36",0.06400550029002,97.47704198481959,-33.9178261126,150.8079090772
20thAv_BadgerysCreek_FAST,"37","0","37",0.06423259380580,97.47704198418768,-33.9178556640,150.8081342398
20thAv_BadgerysCreek_FAST,"38","0","38",0.06441736558553,97.44380028385298,-33.9178797082,150.8083174405
20thAv_BadgerysCreek_FAST,"39","0","39",0.06463893470225,97.49293621561556,-33.9179082858,150.8085371589
20thAv_BadgerysCreek_FAST,"40","0","40",0.06478883185295,97.75761441913100,-33.9179280466,150.8086857478
20thAv_BadgerysCreek_FAST,"41","0","41",0.06489506660244,97.93795445324432,-33.9179427213,150.8087909641
20thAv_BadgerysCreek_FAST,"42","0","42",0.06523117271579,97.93629424133194,-33.9179891264,150.8091238513
20thAv_BadgerysCreek_FAST,"43","0","43",0.06554558928304,97.93659457320648,-33.9180325402,150.8094352563
20thAv_BadgerysCreek_FAST,"44","0","44",0.06622719747451,97.92367635208267,-33.9181266547,150.8101103356
20thAv_BadgerysCreek_FAST,"45","0","45",0.06679777843317,97.94217081534252,-33.9182051840,150.8106754868
20thAv_BadgerysCreek_FAST,"46","0","46",0.06718434087765,97.27140357564150,-33.9182588066,150.8110583120
20thAv_BadgerysCreek_FAST,"47","0","47",0.06742612405909,97.63199585054356,-33.9182864675,150.8112985077
20thAv_BadgerysCreek_FAST,"48","0","48",0.06786139352162,98.31498830724284,-33.9183522674,150.8117287749
20thAv_BadgerysCreek_FAST,"49","0","49",0.06815497975393,97.93520855885075,-33.9183927979,150.8120195500
20thAv_BadgerysCreek_FAST,"50","0","50",0.06944277633070,97.84136466525665,-33.9185705824,150.8132950157
20thAv_BadgerysCreek_FAST,"51","0","51",0.06997443381120,97.88622125652078,-33.9186422541,150.8138218200
20thAv_BadgerysCreek_FAST,"52","0","52",0.07107287027833,98.01522167524219,-33.9187956000,150.8149095000
20thAv_BadgerysCreek_FAST,"53","0","53",0.07210284571882,98.00594074856151,-33.9189390432,150.8159294380
20thAv_BadgerysCreek_FAST,"54","0","54",0.07294735691670,98.00575439481563,-33.9190566692,150.8167657174
20thAv_BadgerysCreek_FAST,"55","0","55",0.07423634624511,98.00496006488098,-33.9192361766,150.8180421462
20thAv_BadgerysCreek_FAST,"56","0","56",0.07453955432089,97.94473468299756,-33.9192784000,150.8183424000
20thAv_BadgerysCreek_FAST,"57","0","57",0.07506588700924,97.88453186699837,-33.9193506023,150.8188637568
20thAv_BadgerysCreek_FAST,"58","0","58",0.07594240898234,97.88415609609295,-33.9194708386,150.8197319930
20thAv_BadgerysCreek_FAST,"59","0","59",0.07683342122285,97.88379126088853,-33.9195930561,150.8206145833
20thAv_BadgerysCreek_FAST,"60","0","60",0.07725298939024,97.87861903202071,-33.9196506047,150.8210301860
20thAv_BadgerysCreek_FAST,"61","0","61",0.07782928165236,97.87796442946535,-33.9197295499,150.8216010454
20thAv_BadgerysCreek_FAST,"62","0","62",0.07898095406333,97.89007831076040,-33.9198874892,150.8227418366
20thAv_BadgerysCreek_FAST,"63","0","63",0.07940235031119,97.88780417049797,-33.9199453920,150.8231592357
20thAv_BadgerysCreek_FAST,"64","0","64",0.08083871403770,97.88445791464130,-33.9201422605,150.8245820440
20thAv_BadgerysCreek_FAST,"65","0","65",0.08150661918962,97.88627287626881,-33.9202339581,150.8252436246
20thAv_BadgerysCreek_FAST,"66","0","66",0.08197677307329,97.88124814869344,-33.9202984271,150.8257093374
20thAv_BadgerysCreek_FAST,"67","0","67",0.08285834829526,97.88005111752875,-33.9204193066,150.8265825860
20thAv_BadgerysCreek_FAST,"68","0","68",0.08417486050649,97.88067053487038,-33.9205997763,150.8278866700
20thAv_BadgerysCreek_FAST,"69","0","69",0.08506974558755,97.88232676873703,-33.9207225000,150.8287731000
20thAv_FAST_BadgerysCreek,"0","0","0",0.00000000000000,277.88232676873702,-33.9207225000,150.8287731000
20thAv_FAST_BadgerysCreek,"1","0","1",0.00089488508105,277.88067053487032,-33.9205997763,150.8278866700
20thAv_FAST_BadgerysCreek,"2","0","2",0.00221139729229,277.88005111752869,-33.9204193066,150.8265825860
20thAv_FAST_BadgerysCreek,"3","0","3",0.00309297251426,277.88124814869343,-33.9202984271,150.8257093374
20thAv_FAST_BadgerysCreek,"4","0","4",0.00356312639793,277.88627287626883,-33.9202339581,150.8252436246
20thAv_FAST_BadgerysCreek,"5","0","5",0.00423103154985,277.88445791464130,-33.9201422605,150.8245820440
20thAv_FAST_BadgerysCreek,"6","0","6",0.00566739527636,277.88780417049793,-33.9199453920,150.8231592357
20thAv_FAST_BadgerysCreek,"7","0","7",0.00608879152421,277.89007831076037,-33.9198874892,150.8227418366
20thAv_FAST_BadgerysCreek,"8","0","8",0.00724046393519,277.87796442946535,-33.9197295499,150.8216010454
20thAv_FAST_BadgerysCreek,"9","0","9",0.00781675619730,277.87861903202071,-33.9196506047,150.8210301860
20thAv_FAST_BadgerysCreek,"10","0","10",0.00823632436469,277.88379126088853,-33.9195930561,150.8206145833
20thAv_FAST_BadgerysCreek,"11","0","11",0.00912733660521,277.88415609609291,-33.9194708386,150.8197319930
20thAv_FAST_BadgerysCreek,"12","0","12",0.01000385857831,277.88453186699832,-33.9193506023,150.8188637568
20thAv_FAST_BadgerysCreek,"13","0","13",0.01053019126666,277.94473468299753,-33.9192784000,150.8183424000
20thAv_FAST_BadgerysCreek,"14","0","14",0.01083339934244,278.00496006488100,-33.9192361766,150.8180421462
20thAv_FAST_BadgerysCreek,"15","0","15",0.01212238867085,278.00575439481565,-33.9190566692,150.8167657174
20thAv_FAST_BadgerysCreek,"16","0","16",0.01296689986873,278.00594074856156,-33.9189390432,150.8159294380
20thAv_FAST_BadgerysCreek,"17","0","17",0.01399687530922,278.01522167524212,-33.9187956000,150.8149095000
20thAv_FAST_BadgerysCreek,"18","0","18",0.01509531177635,278.02514051924265,-33.9186422541,150.8138218200
20thAv_FAST_BadgerysCreek,"19","0","19",0.01584138612063,277.91918345002500,-33.9185380936,150.8130830525
20thAv_FAST_BadgerysCreek,"20","0","20",0.01720835324601,277.87437581164522,-33.9183522674,150.8117287749
20thAv_FAST_BadgerysCreek,"21","0","21",0.01788529893243,277.93579306643306,-33.9182588066,150.8110583120
20thAv_FAST_BadgerysCreek,"22","0","22",0.01834984994996,277.93612323644669,-33.9181946688,150.8105982098
20thAv_FAST_BadgerysCreek,"23","0","23",0.01884244219704,277.93649946994833,-33.9181266547,150.8101103356
20thAv_FAST_BadgerysCreek,"24","0","24",0.01983846695578,277.93701881564675,-33.9179891264,150.8091238513
20thAv_FAST_BadgerysCreek,"25","0","25",0.02014424686058,277.95172628028325,-33.9179469007,150.8088210010
20thAv_FAST_BadgerysCreek,"26","0","26",0.02018008440930,278.41382384606663,-33.9179419341,150.8087855092
20thAv_FAST_BadgerysCreek,"27","0","27",0.02019094060131,278.14652307438359,-33.9179402618,150.8087747826
20thAv_FAST_BadgerysCreek,"28","0","28",0.02020310690393,277.47266642627159,-33.9179386882,150.8087627185
20thAv_FAST_BadgerysCreek,"29","0","29",0.02021512820419,277.73504104623834,-33.9179371162,150.8087508005
20thAv_FAST_BadgerysCreek,"30","0","30",0.02022638344975,277.93260482979889,-33.9179355583,150.8087396535
20thAv_FAST_BadgerysCreek,"31","0","31",0.02023530616730,277.93687824729852,-33.9179343305,150.8087308157
20thAv_FAST_BadgerysCreek,"32","0","32",0.02024479581702,277.90645806203349,-33.9179330156,150.8087214176
20thAv_FAST_BadgerysCreek,"33","0","33",0.02025378072678,278.01716778162830,-33.9179317887,150.8087125168
20thAv_FAST_BadgerysCreek,"34","0","34",0.02026211813781,277.97164278702053,-33.9179306016,150.8087042644
20thAv_FAST_BadgerysCreek,"35","0","35",0.02026924435076,277.90646727371524,-33.9179296397,150.8086972034
20thAv_FAST_BadgerysCreek,"36","0","36",0.02027479191287,277.92244439690762,-33.9179288623,150.8086917106
20thAv_FAST_BadgerysCreek,"37","0","37",0.02028081019752,277.63307916321281,-33.9179280466,150.8086857478
20thAv_FAST_BadgerysCreek,"38","0","38",0.02037858341886,277.47704198505915,-33.9179153235,150.8085888059
20thAv_FAST_BadgerysCreek,"39","0","39",0.02046981863390,277.47704198388840,-33.9179034512,150.8084983465
20thAv_FAST_BadgerysCreek,"40","0","40",0.02067772764798,277.47704198323515,-33.9178763962,150.8082922053
20thAv_FAST_BadgerysCreek,"41","0","41",0.02085878865393,277.47704198413680,-33.9178528349,150.8081126839
20thAv_FAST_BadgerysCreek,"42","0","42",0.02109627807726,277.47704198517977,-33.9178219307,150.8078772138
20thAv_FAST_BadgerysCreek,"43","0","43",0.02130817719457,277.47704198447667,-33.9177943565,150.8076671164
20thAv_FAST_BadgerysCreek,"44","0","44",0.02146865942247,277.47704198459292,-33.9177734731,150.8075079988
20thAv_FAST_BadgerysCreek,"45","0","45",0.02168849110322,277.47704198438345,-33.9177448667,150.8072900363
20thAv_FAST_BadgerysCreek,"46","0","46",0.02193563819733,277.47704199179657,-33.9177127057,150.8070449907
20thAv_FAST_BadgerysCreek,"47","0","47",0.02215444348567,277.74415891074415,-33.9176842328,150.8068280459
20thAv_FAST_BadgerysCreek,"48","0","48",0.02315038411934,278.01150744622890,-33.9175454305,150.8058418250
20thAv_FAST_BadgerysCreek,"49","0","49",0.02410744181483,278.01193284648917,-33.9174120397,150.8048941086
20thAv_FAST_BadgerysCreek,"50","0","50",0.02478432418433,278.01239443042118,-33.9173176940,150.8042238335
20thAv_FAST_BadgerysCreek,"51","0","51",0.02636555004984,278.01304307030296,-33.9170972838,150.8026580447
20thAv_FAST_BadgerysCreek,"52","0","52",0.02799546478178,324.73191418246734,-33.9168700654,150.8010440454
20thAv_FAST_BadgerysCreek,"53","0","53",0.02936837689396,11.45020310111730,-33.9155244785,150.8013165954
20thAv_FAST_BadgerysCreek,"54","0","54",0.03070027118840,11.44986014719638,-33.9142190911,150.8015809934
20thAv_FAST_BadgerysCreek,"55","0","55",0.03127041923779,11.44961610999425,-33.9136602894,150.8016941723
20thAv_FAST_BadgerysCreek,"56","0","56",0.03207656122458,11.44939121910876,-33.9128701897,150.8018541950
20thAv_FAST_BadgerysCreek,"57","0","57",0.03291545245764,11.44909086982686,-33.9120479917,150.8020207151
20thAv_FAST_BadgerysCreek,"58","0","58",0.03446683483245,324.53075404821988,-33.9105274786,150.8023286554
20thAv_FAST_BadgerysCreek,"59","0","59",0.03662099068137,277.72772092299761,-33.9102421083,150.8001934853
20thAv_FAST_BadgerysCreek,"60","0","60",0.03845122880747,277.84284671504855,-33.9099923606,150.7983803671
20thAv_FAST_BadgerysCreek,"61","0","61",0.03973993265917,277.84284671500967,-33.9098165086,150.7971037177
20thAv_FAST_BadgerysCreek,"62","0","62",0.04079088084139,306.49167137571470,-33.9096731000,150.7960626000
20thAv_FAST_BadgerysCreek,"63","0","63",0.04370933600960,352.49083385996425,-33.9070250649,150.7948356972
20thAv_FAST_BadgerysCreek,"64","0","64",0.04778401198204,323.35979427337855,-33.9030103464,150.7955321308
20thAv_FAST_BadgerysCreek,"65","0","65",0.05425016655602,281.04298172984994,-33.9022359412,150.7891125162
20thAv_FAST_BadgerysCreek,"66","0","66",0.05469330042897,276.12103396711785,-33.9021197000,150.7886849000
20thAv_FAST_BadgerysCreek,"67","0","67",0.05506862917929,271.95818432370419,-33.9021391174,150.7883100739
20thAv_FAST_BadgerysCreek,"68","0","68",0.06153467744679,276.88270490466169,-33.9013643406,150.7818906112
20thAv_FAST_BadgerysCreek,"69","0","69",0.06234292683168,276.88375307407591,-33.9012674702,150.7810881878
20thAv_FAST_BadgerysCreek,"70","0","70",0.06315117473847,276.88432479636577,-33.9011705948,150.7802857666
20thAv_FAST_BadgerysCreek,"71","0","71",0.06557590958932,266.31998602927865,-33.9008799373,150.7778785156
20thAv_FAST_BadgerysCreek,"72","0","72",0.06635807400575,275.13864425251774,-33.9010724000,150.7771204000
20thAv_FAST_BadgerysCreek,"73","0","73",0.06728872483959,285.70460287567806,-33.9006861399,150.7762736922
20thAv_FAST_BadgerysCreek,"74","0","74",0.07213813686083,276.88889844832102,-33.9001046238,150.7714592726
20thAv_FAST_BadgerysCreek,"75","0","75",0.08183680103054,276.89213802774316,-33.8989410344,150.7618306618
20thAv_FAST_BadgerysCreek,"76","0","76",0.08506964168082,276.89366251958290,-33.8985530061,150.7586211926
To_Austral_SE_S,"0","0","0",0.00000000000000,100.35633203611792,-33.9536059000,150.8081771000
To_Austral_SE_S,"1","0","1",0.00046782138685,84.70883078493983,-33.9536900000,150.8086373000
To_Austral_SE_S,"2","0","2",0.00105824400653,32.72785599307706,-33.9534790016,150.8091887332
To_Austral_SE_S,"3","0","3",0.00217256100627,356.10349269829260,-33.9523668903,150.8091186556
To_Austral_SE_S,"4","0","4",0.00355233487990,339.23929492515845,-33.9509907997,150.8090179061
To_Austral_SE_S,"5","0","5",0.00390850996237,340.09284938698011,-33.9507076000,150.8088019000
To_Austral_SE_S,"6","0","6",0.00412341128891,358.89603521437033,-33.9504929000,150.8087926000
To_Austral_SE_S,"7","0","7",0.00515422293520,2.25849867999296,-33.9494621000,150.8087975000
To_Austral_SE_S,"8","0","8",0.00528257499008,4.24629208561737,-33.9493341000,150.8088070000
To_Austral_SE_S,"9","0","9",0.00541082731947,6.62359820838999,-33.9492062000,150.8088165000
To_Austral_SE_S,"10","0","10",0.00592546227752,11.24991001888903,-33.9486979000,150.8088970000
To_Austral_SE_S,"11","0","11",0.00670891083988,12.23917459593051,-33.9479361000,150.8090799000
To_Austral_SE_S,"12","0","12",0.00720621088014,11.39275189635925,-33.9474479000,150.8091746000
To_Austral_SE_S,"13","0","13",0.01013396265415,11.50231887019487,-33.9445821000,150.8097737000
To_Austral_SE_S,"14","0","14",0.01186313437730,11.19675390884178,-33.9428858420,150.8101094732
To_Austral_SE_S,"15","0","15",0.01232489123588,11.19650379545378,-33.9424328739,150.8101991353
To_Austral_SE_S,"16","0","16",0.01309206654011,11.35724850405840,-33.9416803000,150.8103481000
To_Austral_SE_S,"17","0","17",0.01394430554703,11.51797073966598,-33.9408452236,150.8105182727
To_Austral_SE_S,"18","0","18",0.01459350234623,11.51728393822032,-33.9402091000,150.8106479000
To_Austral_SE_S,"19","0","19",0.01520210301542,11.51528031099650,-33.9396127526,150.8107694094
To_Austral_SE_S,"20","0","20",0.01599011313361,11.16159889920145,-33.9388406000,150.8109267000
To_Austral_SE_S,"21","0","21",0.01675981529887,10.80934666155077,-33.9380845549,150.8110710511
To_Austral_SE_S,"22","0","22",0.01750803459787,324.25354161905216,-33.9373496115,150.8112113733
To_Austral_SE_S,"23","0","23",0.01895228695242,324.35426548425244,-33.9371561582,150.8097801359
To_Austral_SE_S,"24","0","24",0.01963814025706,11.01042823904817,-33.9364829306,150.8099111297
To_Austral_SE_S,"25","0","25",0.02032753413937,324.43217173972226,-33.9358062259,150.8100427911
To_Austral_SE_S,"26","0","26",0.02118440312628,277.85372212784375,-33.9356891313,150.8091939606
To_Austral_SE_S,"27","0","27",0.02204726278718,278.06709737795234,-33.9355712346,150.8083391932
To_Austral_SE_S,"28","0","28",0.02333541831265,277.62559630143738,-33.9353857034,150.8070644686
To_Austral_SE_S,"29","0","29",0.02372711044473,323.74233589993020,-33.9353381706,150.8066756713
To_Austral_SE_S,"30","0","30",0.02590911879960,10.51451109237014,-33.9331928009,150.8070738541
To_Austral_SE_S,"31","0","31",0.02664623517081,10.51451109378088,-33.9324680617,150.8072083665
To_Austral_SE_S,"32","0","32",0.02751039070219,10.51451109593668,-33.9316184164,150.8073660615
To_Austral_SE_S,"33","0","33",0.02819129270458,10.51415280024275,-33.9309489476,150.8074903156
To_Austral_SE_S,"34","0","34",0.02888358929896,10.51369602338227,-33.9302682740,150.8076166405
To_Austral_SE_S,"35","0","35",0.02960874585964,54.18068157088850,-33.9295552916,150.8077489590
To_Austral_SE_S,"36","0","36",0.03056740022306,97.83574235193453,-33.9296861877,150.8086986349
To_Austral_SE_S,"37","0","37",0.03138247244388,97.82351815229681,-33.9297971400,150.8095061201
To_Austral_SE_S,"38","0","38",0.03226319488413,97.82310746744480,-33.9299170229,150.8103786453
To_Austral_SE_S,"39","0","39",0.03315231551046,97.82262854691450,-33.9300380424,150.8112594913
To_Austral_SE_S,"40","0","40",0.03453478839543,97.82235935613278,-33.9302262000,150.8126291000
From_Austral_SE_S,"0","0","0",0.00000000000000,10.85417803857541,-33.9302262000,150.8126291000
From_Austral_SE_S,"1","0","1",0.00154140511302,54.22132889852149,-33.9287123712,150.8129193621
From_Austral_SE_S,"2","0","2",0.00298325426570,97.68950164190436,-33.9289027776,150.8143485837
From_Austral_SE_S,"3","0","3",0.00385595889054,98.07766935424415,-33.9290210742,150.8152132335
From_Austral_SE_S,"4","0","4",0.00433529665534,145.09974013319095,-33.9290908061,150.8156874720
From_Austral_SE_S,"5","0","5",0.00506771941030,191.83478571956653,-33.9298076601,150.8155372607
From_Austral_SE_S,"6","0","6",0.00590247206313,235.05821783909280,-33.9306246681,150.8153660593
From_Austral_SE_S,"7","0","7",0.00722336628568,235.05873384057324,-33.9304344102,150.8140589390
From_Austral_SE_S,"8","0","8",0.00762736569850,191.83593835696971,-33.9308298202,150.8139760747
From_Austral_SE_S,"9","0","9",0.00774678737948,151.08401540301003,-33.9309467028,150.8139515801
From_Austral_SE_S,"10","0","10",0.00945381644321,111.15002755321241,-33.9315398287,150.8155522518
From_Austral_SE_S,"11","0","11",0.01029489854541,119.40652736661048,-33.9318544675,150.8163322656
From_Austral_SE_S,"12","0","12",0.01113704992436,129.28429782784144,-33.9323594666,150.8170062054
From_Austral_SE_S,"13","0","13",0.01188128354629,131.72325866415812,-33.9328547813,150.8175616755
From_Austral_SE_S,"14","0","14",0.01270996615159,161.36610649487841,-33.9334062946,150.8181801801
From_Austral_SE_S,"15","0","15",0.01325308573377,234.50314821437433,-33.9339394189,150.8180764624
From_Austral_SE_S,"16","0","16",0.01444916678024,234.83329369514027,-33.9337730166,150.8168920131
From_Austral_SE_S,"17","0","17",0.01516714073133,191.66875018790267,-33.9344761505,150.8167467915
From_Austral_SE_S,"18","0","18",0.01662934264751,191.67020223692714,-33.9359081373,150.8164510750
From_Austral_SE_S,"19","0","19",0.01737643726385,234.59160308088866,-33.9366397823,150.8162999262
From_Austral_SE_S,"20","0","20",0.01829671484943,277.51081454605372,-33.9365194898,150.8153875444
From_Austral_SE_S,"21","0","21",0.01912516720425,233.91513671540545,-33.9364112000,150.8145662000
From_Austral_SE_S,"22","0","22",0.02126487861003,234.33261158614894,-33.9385163000,150.8141829000
From_Austral_SE_S,"23","0","23",0.02215156851071,278.33817501036805,-33.9383876000,150.8133056000
From_Austral_SE_S,"24","0","24",0.02299754040328,324.80782458458515,-33.9382650319,150.8124685543
From_Austral_SE_S,"25","0","25",0.02373776625364,324.49140068450379,-33.9375391178,150.8126134095
From_Austral_SE_S,"26","0","26",0.02515255180059,234.25354059521138,-33.9373496115,150.8112113733
From_Austral_SE_S,"27","0","27",0.02590077110067,190.80934477188333,-33.9380845549,150.8110710511
From_Austral_SE_S,"28","0","28",0.02667047327248,191.16159649782730,-33.9388406000,150.8109267000
From_Austral_SE_S,"29","0","29",0.02745848340603,191.51528056880201,-33.9396127526,150.8107694094
From_Austral_SE_S,"30","0","30",0.02806708405979,191.51728501632482,-33.9402091000,150.8106479000
From_Austral_SE_S,"31","0","31",0.02871628084921,191.51256207639358,-33.9408452236,150.8105182727
From_Austral_SE_S,"32","0","32",0.02959817655421,191.35184003785912,-33.9417093927,150.8103423414
From_Austral_SE_S,"33","0","33",0.03033569472463,191.19650309874106,-33.9424328739,150.8101991353
From_Austral_SE_S,"34","0","34",0.03079745157817,191.19675322716742,-33.9428858420,150.8101094732
From_Austral_SE_S,"35","0","35",0.03252662330025,191.50231903073740,-33.9445821000,150.8097737000
From_Austral_SE_S,"36","0","36",0.03545437507422,191.39275189711771,-33.9474479000,150.8091746000
From_Austral_SE_S,"37","0","37",0.03595167511442,188.01066423915631,-33.9479361000,150.8090799000
From_Austral_SE_S,"38","0","38",0.03625765983629,182.46622274530944,-33.9482409000,150.8090530000
From_Austral_SE_S,"39","0","39",0.03677336080583,178.96249298912190,-33.9487566000,150.8090540000
From_Austral_SE_S,"40","0","40",0.03741823960065,178.28663538843162,-33.9494011000,150.8090761000
From_Austral_SE_S,"41","0","41",0.03778645960282,177.42089447705143,-33.9497692000,150.8090855000
From_Austral_SE_S,"42","0","42",0.03806263382319,176.79093607571514,-33.9500448000,150.8091033000
From_Austral_SE_S,"43","0","43",0.03844366396636,178.66437194694208,-33.9504254000,150.8091214000
From_Austral_SE_S,"44","0","44",0.03855496401127,180.30619923175124,-33.9505367000,150.8091213000
From_Austral_SE_S,"45","0","45",0.03876947429075,191.73888258150717,-33.9507512000,150.8091192000
From_Austral_SE_S,"46","0","46",0.03902960593132,189.36472334838723,-33.9509907997,150.8090179061
From_Austral_SE_S,"47","0","47",0.04040937975377,176.10349140207836,-33.9523668903,150.8091186556
From_Austral_SE_S,"48","0","48",0.04152369677042,175.54985071756667,-33.9534790016,150.8091887332
From_Austral_SE_S,"49","0","49",0.04210919734297,221.62618335640792,-33.9540620040,150.8092427621
From_Austral_SE_S,"50","0","50",0.04297273708617,275.42408038502919,-33.9540839000,150.8083795000
From_Austral_SE_S,"51","0","51",0.04346696147013,282.30111399996338,-33.9539786058,150.8078966223
To_Austral_SE_E,"0","0","0",0.00000000000000,172.54455296496977,-33.9325444000,150.8214168000
To_Austral_SE_E,"1","0","1",0.00027744550817,167.28664474318236,-33.9328195000,150.8214528000
To_Austral_SE_E,"2","0","2",0.00083231691670,175.28811186252645,-33.9333473000,150.8216240000
To_Austral_SE_E,"3","0","3",0.00101868692502,198.17782567060584,-33.9335316000,150.8215963000
To_Austral_SE_E,"4","0","4",0.00126605426319,220.06557854786860,-33.9337504000,150.8214809000
To_Austral_SE_E,"5","0","5",0.00180416765275,235.23531922223384,-33.9340793000,150.8210550000
To_Austral_SE_E,"6","0","6",0.00216135641237,251.50282500904669,-33.9342678000,150.8207516000
To_Austral_SE_E,"7","0","7",0.00230975361586,270.02333280022992,-33.9342811000,150.8206038000
To_Austral_SE_E,"8","0","8",0.00257955919400,276.59225093956297,-33.9342567000,150.8203351000
To_Austral_SE_E,"9","0","9",0.00305827751262,277.99731635175647,-33.9341901097,150.8198610357
To_Austral_SE_E,"10","0","10",0.00389806863792,277.99654402195023,-33.9340732509,150.8190294149
To_Austral_SE_E,"11","0","11",0.00486037288891,277.99569667011184,-33.9339394189,150.8180764624
To_Austral_SE_E,"12","0","12",0.00605645393539,234.83329369514027,-33.9337730166,150.8168920131
To_Austral_SE_E,"13","0","13",0.00677442788647,191.66875018790267,-33.9344761505,150.8167467915
To_Austral_SE_E,"14","0","14",0.00823662980266,191.67020223692714,-33.9359081373,150.8164510750
To_Austral_SE_E,"15","0","15",0.00898372441900,234.59160308088866,-33.9366397823,150.8162999262
To_Austral_SE_E,"16","0","16",0.00990400200457,277.51081454605372,-33.9365194898,150.8153875444
To_Austral_SE_E,"17","0","17",0.01073245435939,233.91513671540545,-33.9364112000,150.8145662000
To_Austral_SE_E,"18","0","18",0.01287216576517,234.33261158614894,-33.9385163000,150.8141829000
To_Austral_SE_E,"19","0","19",0.01375885566586,278.33817501036805,-33.9383876000,150.8133056000
To_Austral_SE_E,"20","0","20",0.01460482755843,324.80782458458515,-33.9382650319,150.8124685543
To_Austral_SE_E,"21","0","21",0.01534505340879,324.49140068450379,-33.9375391178,150.8126134095
To_Austral_SE_E,"22","0","22",0.01675983895574,277.69773560758546,-33.9373496115,150.8112113733
To_Austral_SE_E,"23","0","23",0.01820409124479,324.35426433233107,-33.9371561582,150.8097801359
To_Austral_SE_E,"24","0","24",0.01888994456515,11.01042724013100,-33.9364829306,150.8099111297
To_Austral_SE_E,"25","0","25",0.01957933848392,324.43216880451337,-33.9358062259,150.8100427911
To_Austral_SE_E,"26","0","26",0.02043620741387,277.85372050660709,-33.9356891313,150.8091939606
To_Austral_SE_E,"27","0","27",0.02129906715912,278.06709760480084,-33.9355712346,150.8083391932
To_Austral_SE_E,"28","0","28",0.02258722267458,277.62559660207694,-33.9353857034,150.8070644686
To_Austral_SE_E,"29","0","29",0.02297891478272,323.74233762673094,-33.9353381706,150.8066756713
To_Austral_SE_E,"30","0","30",0.02589803952722,10.51451207373949,-33.9324680617,150.8072083665
From_Austral_SE_E,"0","0","0",0.00000000000000,10.51450866852993,-33.9324680617,150.8072083665
From_Austral_SE_E,"1","0","1",0.00086415556983,10.51451011007595,-33.9316184164,150.8073660615
From_Austral_SE_E,"2","0","2",0.00154505758592,10.51415260103186,-33.9309489476,150.8074903156
From_Austral_SE_E,"3","0","3",0.00223735414817,10.51369546404863,-33.9302682740,150.8076166405
From_Austral_SE_E,"4","0","4",0.00296251074377,54.18068208559673,-33.9295552916,150.8077489590
From_Austral_SE_E,"5","0","5",0.00392116506313,97.83574351691377,-33.9296861877,150.8086986349
From_Austral_SE_E,"6","0","6",0.00473623730599,97.82352019237052,-33.9297971400,150.8095061201
From_Austral_SE_E,"7","0","7",0.00561695981301,97.82310770949310,-33.9299170229,150.8103786453
From_Austral_SE_E,"8","0","8",0.00650608038697,97.82262736637277,-33.9300380424,150.8112594913
From_Austral_SE_E,"9","0","9",0.00788855327048,54.33826879839312,-33.9302262000,150.8126291000
From_Austral_SE_E,"10","0","10",0.00942995838350,54.22132889852149,-33.9287123712,150.8129193621
From_Austral_SE_E,"11","0","11",0.01087180753618,97.68950164190436,-33.9289027776,150.8143485837
From_Austral_SE_E,"12","0","12",0.01174451216103,98.07766935424415,-33.9290210742,150.8152132335
From_Austral_SE_E,"13","0","13",0.01222384992583,145.09974013319095,-33.9290908061,150.8156874720
From_Austral_SE_E,"14","0","14",0.01295627268078,191.83478571956653,-33.9298076601,150.8155372607
From_Austral_SE_E,"15","0","15",0.01379102533361,235.05821783909280,-33.9306246681,150.8153660593
From_Austral_SE_E,"16","0","16",0.01511191955617,235.05873384057324,-33.9304344102,150.8140589390
From_Austral_SE_E,"17","0","17",0.01551591896898,191.83593835696971,-33.9308298202,150.8139760747
From_Austral_SE_E,"18","0","18",0.01563534064996,151.08401540301003,-33.9309467028,150.8139515801
From_Austral_SE_E,"19","0","19",0.01734236971370,111.15002755321241,-33.9315398287,150.8155522518
From_Austral_SE_E,"20","0","20",0.01818345181589,119.40652736661048,-33.9318544675,150.8163322656
From_Austral_SE_E,"21","0","21",0.01902560319484,129.28429782784144,-33.9323594666,150.8170062054
From_Austral_SE_E,"22","0","22",0.01976983681677,131.72325866415812,-33.9328547813,150.8175616755
From_Austral_SE_E,"23","0","23",0.02059851942207,161.36610649487841,-33.9334062946,150.8181801801
From_Austral_SE_E,"24","0","24",0.02114163900425,144.50174769512503,-33.9339394189,150.8180764624
From_Austral_SE_E,"25","0","25",0.02210394325525,97.99654402195021,-33.9340732509,150.8190294149
From_Austral_SE_E,"26","0","26",0.02294373438055,97.49142825835588,-33.9341901097,150.8198610357
From_Austral_SE_E,"27","0","27",0.02369205118513,90.92103457774148,-33.9342811000,150.8206038000
From_Austral_SE_E,"28","0","28",0.02384044838862,71.50282500904667,-33.9342678000,150.8207516000
From_Austral_SE_E,"29","0","29",0.02419763714824,55.23531922223384,-33.9340793000,150.8210550000
From_Austral_SE_E,"30","0","30",0.02473575053780,40.06557854786860,-33.9337504000,150.8214809000
From_Austral_SE_E,"31","0","31",0.02498311787597,18.17782567060583,-33.9335316000,150.8215963000
From_Austral_SE_E,"32","0","32",0.02516948788429,355.28811186252642,-33.9333473000,150.8216240000
From_Austral_SE_E,"33","0","33",0.02572435929282,347.28664474318236,-33.9328195000,150.8214528000
From_Austral_SE_E,"34","0","34",0.02600180480099,352.54455296496974,-33.9325444000,150.8214168000
To_Austral_SE_W,"0","0","0",0.00000000000000,97.83711265591425,-33.9344642654,150.7404433226
To_Austral_SE_W,"1","0","1",0.00072468586563,54.52132928439507,-33.9345630816,150.7411612397
To_Austral_SE_W,"2","0","2",0.00209726014128,11.20993074150804,-33.9332166736,150.7414279711
To_Austral_SE_W,"3","0","3",0.00799114793062,54.52619411717771,-33.9274353202,150.7425742111
To_Austral_SE_W,"4","0","4",0.01499073792256,71.32690661265084,-33.9283898815,150.7495084070
To_Austral_SE_W,"5","0","5",0.01609891503657,27.34481648826291,-33.9276037660,150.7502894825
To_Austral_SE_W,"6","0","6",0.02017363434882,53.38489468694947,-33.9235894032,150.7509882162
To_Austral_SE_W,"7","0","7",0.02340738347569,96.89484839163272,-33.9239776657,150.7541985722
To_Austral_SE_W,"8","0","8",0.02906650159518,96.89284606907219,-33.9246569263,150.7598167768
To_Austral_SE_W,"9","0","9",0.03149186023133,108.62839700653119,-33.9249479605,150.7622246106
To_Austral_SE_W,"10","0","10",0.03246277747973,94.61127074495550,-33.9254387643,150.7630623408
To_Austral_SE_W,"11","0","11",0.03328567174583,82.87400550195387,-33.9251419575,150.7638298437
To_Austral_SE_W,"12","0","12",0.03409413052532,96.88970162987810,-33.9252389483,150.7646324634
To_Austral_SE_W,"13","0","13",0.03894491452792,96.88779277291459,-33.9258207843,150.7694482263
To_Austral_SE_W,"14","0","14",0.04460422990785,96.88559968362911,-33.9264993580,150.7750667126
To_Austral_SE_W,"15","0","15",0.04702967306434,143.37053814923476,-33.9267900978,150.7774746671
To_Austral_SE_W,"16","0","16",0.04838790871898,143.36979416765760,-33.9281282856,150.7772421644
To_Austral_SE_W,"17","0","17",0.05243040485197,101.82918263009186,-33.9286127586,150.7812555247
To_Austral_SE_W,"18","0","18",0.05300946151167,101.00751634063285,-33.9287798845,150.7818099393
To_Austral_SE_W,"19","0","19",0.05648297546770,96.05987114178819,-33.9290971024,150.7852689380
To_Austral_SE_W,"20","0","20",0.05809999902250,98.59252575681194,-33.9292908038,150.7868743180
To_Austral_SE_W,"21","0","21",0.06310040024137,145.65392013183811,-33.9301853275,150.7917940578
To_Austral_SE_W,"22","0","22",0.06611145126436,191.00313306238877,-33.9331410299,150.7912193826
To_Austral_SE_W,"23","0","23",0.06902599999707,191.00392816154607,-33.9360019956,150.7906630827
To_Austral_SE_W,"24","0","24",0.07119111463209,169.51032428456125,-33.9381273000,150.7902498000
To_Austral_SE_W,"25","0","25",0.07130288081659,133.24926920754689,-33.9382221000,150.7903090000
To_Austral_SE_W,"26","0","26",0.07140982472712,107.89318591804080,-33.9382731000,150.7904030000
To_Austral_SE_W,"27","0","27",0.07185148896329,97.30258744935227,-33.9383292519,150.7908410802
To_Austral_SE_W,"28","0","28",0.07227361495550,97.30405008631756,-33.9383828964,150.7912597837
To_Austral_SE_W,"29","0","29",0.07265574697798,97.30376364585460,-33.9384314989,150.7916388123
To_Austral_SE_W,"30","0","30",0.07343310350300,97.30152253833874,-33.9385302790,150.7924098672
To_Austral_SE_W,"31","0","31",0.07424023354884,97.30262589005757,-33.9386328734,150.7932104503
To_Austral_SE_W,"32","0","32",0.07504643283329,97.30262356532374,-33.9387353494,150.7940101102
To_Austral_SE_W,"33","0","33",0.07594802327486,97.30262446059508,-33.9388499506,150.7949043875
To_Austral_SE_W,"34","0","34",0.07673943753562,97.30262257284890,-33.9389505473,150.7956893823
To_Austral_SE_W,"35","0","35",0.07754532942319,97.30114140749035,-33.9390529842,150.7964887373
To_Austral_SE_W,"36","0","36",0.07848415804901,97.05035304094180,-33.9391722706,150.7974199569
To_Austral_SE_W,"37","0","37",0.08005652554799,96.80104324220218,-33.9393584736,150.7989812602
To_Austral_SE_W,"38","0","38",0.08228463536900,54.35541104846246,-33.9396223309,150.8011936916
To_Austral_SE_W,"39","0","39",0.08294019437999,55.49706299577341,-33.9389808836,150.8013289801
To_Austral_SE_W,"40","0","40",0.08376809870060,145.22218402573174,-33.9391116000,150.8021465000
To_Austral_SE_W,"41","0","41",0.08520382625135,144.96860788021658,-33.9405192000,150.8018637000
To_Austral_SE_W,"42","0","42",0.08605201251625,98.37578213369153,-33.9406457000,150.8027024000
To_Austral_SE_W,"43","0","43",0.08746143231534,54.65071558842433,-33.9408461000,150.8040975000
To_Austral_SE_W,"44","0","44",0.08831558754506,11.25493369373207,-33.9400080015,150.8042623395
To_Austral_SE_W,"45","0","45",0.08901363370266,11.38280570146599,-33.9393236856,150.8044001081
To_Austral_SE_W,"46","0","46",0.08968537158506,11.38280675825168,-33.9386651605,150.8045326844
To_Austral_SE_W,"47","0","47",0.09039733611608,11.12228891660203,-33.9379672000,150.8046732000
To_Austral_SE_W,"48","0","48",0.09327570301416,10.99250869123272,-33.9351404000,150.8052156000
To_Austral_SE_W,"49","0","49",0.09546472047498,11.12303749907454,-33.9329925044,150.8056379055
To_Austral_SE_W,"50","0","50",0.09618729785205,54.23579077333471,-33.9322835000,150.8057773000
To_Austral_SE_W,"51","0","51",0.09763021654294,53.93143686961089,-33.9324680617,150.8072083665
To_Austral_SE_W,"52","0","52",0.10059272728664,54.18094302350144,-33.9295552916,150.8077489590
To_Austral_SE_W,"53","0","53",0.10155138160599,97.83574351691377,-33.9296861877,150.8086986349
To_Austral_SE_W,"54","0","54",0.10236645384886,97.82352019237052,-33.9297971400,150.8095061201
To_Austral_SE_W,"55","0","55",0.10324717635587,97.82310770949310,-33.9299170229,150.8103786453
To_Austral_SE_W,"56","0","56",0.10413629692984,97.82262736637277,-33.9300380424,150.8112594913
To_Austral_SE_W,"57","0","57",0.10551876981335,54.33826879839312,-33.9302262000,150.8126291000
To_Austral_SE_W,"58","0","58",0.10706017492637,54.22132889852149,-33.9287123712,150.8129193621
To_Austral_SE_W,"59","0","59",0.10850202407905,97.68950164190436,-33.9289027776,150.8143485837
To_Austral_SE_W,"60","0","60",0.10937472870389,98.07766935424415,-33.9290210742,150.8152132335
To_Austral_SE_W,"61","0","61",0.10985406646869,145.09974013319095,-33.9290908061,150.8156874720
To_Austral_SE_W,"62","0","62",0.11058648922365,191.83478571956653,-33.9298076601,150.8155372607
To_Austral_SE_W,"63","0","63",0.11142124187648,235.05821795735341,-33.9306246681,150.8153660593
To_Austral_SE_W,"64","0","64",0.11266828500080,278.28152744361040,-33.9304450475,150.8141320200
To_Austral_SE_W,"65","0","65",0.11274213609903,235.05873184320461,-33.9304344102,150.8140589390
To_Austral_SE_W,"66","0","66",0.11326555719282,151.08401540446837,-33.9309467028,150.8139515801
To_Austral_SE_W,"67","0","67",0.11497258625656,111.15002755321241,-33.9315398287,150.8155522518
To_Austral_SE_W,"68","0","68",0.11581366835876,119.40652736661048,-33.9318544675,150.8163322656
To_Austral_SE_W,"69","0","69",0.11665581973771,129.28429782784144,-33.9323594666,150.8170062054
To_Austral_SE_W,"70","0","70",0.11740005335964,131.72325866415812,-33.9328547813,150.8175616755
To_Austral_SE_W,"71","0","71",0.11822873596494,161.36610649487841,-33.9334062946,150.8181801801
To_Austral_SE_W,"72","0","72",0.11877185554712,191.00919923938747,-33.9339394189,150.8180764624
From_Austral_SE_W,"0","0","0",0.00000000000000,277.99709718936117,-33.9339394189,150.8180764624
From_Austral_SE_W,"1","0","1",0.00119608104648,234.83329369514027,-33.9337730166,150.8168920131
From_Austral_SE_W,"2","0","2",0.00191405499756,191.66875018790267,-33.9344761505,150.8167467915
From_Austral_SE_W,"3","0","3",0.00337625691374,191.67020223692714,-33.9359081373,150.8164510750
From_Austral_SE_W,"4","0","4",0.00412335153009,234.59160308088866,-33.9366397823,150.8162999262
From_Austral_SE_W,"5","0","5",0.00504362911566,277.51081454605372,-33.9365194898,150.8153875444
From_Austral_SE_W,"6","0","6",0.00587208147048,233.91513671540545,-33.9364112000,150.8145662000
From_Austral_SE_W,"7","0","7",0.00801179287626,234.33261158614894,-33.9385163000,150.8141829000
From_Austral_SE_W,"8","0","8",0.00889848277694,278.33817501036805,-33.9383876000,150.8133056000
From_Austral_SE_W,"9","0","9",0.00974445466951,324.80782458458515,-33.9382650319,150.8124685543
From_Austral_SE_W,"10","0","10",0.01048468051987,324.49140068450379,-33.9375391178,150.8126134095
From_Austral_SE_W,"11","0","11",0.01189946606683,277.69773560758546,-33.9373496115,150.8112113733
From_Austral_SE_W,"12","0","12",0.01334371835588,324.35426433233107,-33.9371561582,150.8097801359
From_Austral_SE_W,"13","0","13",0.01402957167623,11.01042724013100,-33.9364829306,150.8099111297
From_Austral_SE_W,"14","0","14",0.01471896559501,324.43216880451337,-33.9358062259,150.8100427911
From_Austral_SE_W,"15","0","15",0.01557583452496,277.85372050660709,-33.9356891313,150.8091939606
From_Austral_SE_W,"16","0","16",0.01643869427021,278.06709760480084,-33.9355712346,150.8083391932
From_Austral_SE_W,"17","0","17",0.01772684978567,277.62559660207694,-33.9353857034,150.8070644686
From_Austral_SE_W,"18","0","18",0.01811854189380,323.74233698226925,-33.9353381706,150.8066756713
From_Austral_SE_W,"19","0","19",0.02030055030165,10.51451333701034,-33.9331928009,150.8070738541
From_Austral_SE_W,"20","0","20",0.02103766663831,323.93163523748069,-33.9324680617,150.8072083665
From_Austral_SE_W,"21","0","21",0.02248058532921,234.23579077333468,-33.9322835000,150.8057773000
From_Austral_SE_W,"22","0","22",0.02320316270627,191.12303749919394,-33.9329925044,150.8056379055
From_Austral_SE_W,"23","0","23",0.02537851926714,190.99312625483324,-33.9351269957,150.8052182355
From_Austral_SE_W,"24","0","24",0.02827054692359,191.12290648008312,-33.9379672000,150.8046732000
From_Austral_SE_W,"25","0","25",0.02898251145461,191.38280675825169,-33.9386651605,150.8045326844
From_Austral_SE_W,"26","0","26",0.02965424933701,191.38280570146600,-33.9393236856,150.8044001081
From_Austral_SE_W,"27","0","27",0.03035229549461,191.25493369373208,-33.9400080015,150.8042623395
From_Austral_SE_W,"28","0","28",0.03120645072433,234.65071558842436,-33.9408461000,150.8040975000
From_Austral_SE_W,"29","0","29",0.03261587052342,278.37578213369153,-33.9406457000,150.8027024000
From_Austral_SE_W,"30","0","30",0.03346405678831,324.96860788021661,-33.9405192000,150.8018637000
From_Austral_SE_W,"31","0","31",0.03489978433907,325.22218402573179,-33.9391116000,150.8021465000
From_Austral_SE_W,"32","0","32",0.03572768865968,235.49706299577340,-33.9389808836,150.8013289801
From_Austral_SE_W,"33","0","33",0.03638324767067,234.35541104846249,-33.9396223309,150.8011936916
From_Austral_SE_W,"34","0","34",0.03861135749168,276.80104324220218,-33.9393584736,150.7989812602
From_Austral_SE_W,"35","0","35",0.04018372499066,277.05035304094179,-33.9391722706,150.7974199569
From_Austral_SE_W,"36","0","36",0.04112255361648,277.30114140749038,-33.9390529842,150.7964887373
From_Austral_SE_W,"37","0","37",0.04192844550405,277.30262257284892,-33.9389505473,150.7956893823
From_Austral_SE_W,"38","0","38",0.04271985976480,277.30098850484808,-33.9388499506,150.7949043875
From_Austral_SE_W,"39","0","39",0.04362145389333,277.30281715080929,-33.9387354000,150.7940101000
From_Austral_SE_W,"40","0","40",0.04442764949394,277.30430889430653,-33.9386328734,150.7932104503
From_Austral_SE_W,"41","0","41",0.04535696253022,277.30137748268567,-33.9385147530,150.7922886747
From_Austral_SE_W,"42","0","42",0.04601213606472,277.30376512718505,-33.9384314989,150.7916388123
From_Austral_SE_W,"43","0","43",0.04639426808720,277.30405008631755,-33.9383828964,150.7912597837
From_Austral_SE_W,"44","0","44",0.04681639407941,277.30258744935225,-33.9383292519,150.7908410802
From_Austral_SE_W,"45","0","45",0.04725805831559,287.89318591804079,-33.9382731000,150.7904030000
From_Austral_SE_W,"46","0","46",0.04736500222611,313.24926920754689,-33.9382221000,150.7903090000
From_Austral_SE_W,"47","0","47",0.04747676841062,349.51032428456125,-33.9381273000,150.7902498000
From_Austral_SE_W,"48","0","48",0.04964188304563,11.00392816154603,-33.9360019956,150.7906630827
From_Austral_SE_W,"49","0","49",0.05255643177834,11.00313306238879,-33.9331410299,150.7912193826
From_Austral_SE_W,"50","0","50",0.05556748280133,325.65392013183811,-33.9301853275,150.7917940578
From_Austral_SE_W,"51","0","51",0.06056788402020,278.59252575681194,-33.9292908038,150.7868743180
From_Austral_SE_W,"52","0","52",0.06218490757500,276.05987114178816,-33.9290971024,150.7852689380
From_Austral_SE_W,"53","0","53",0.06565842153103,281.00751634063283,-33.9287798845,150.7818099393
From_Austral_SE_W,"54","0","54",0.06623747819073,281.82918263009185,-33.9286127586,150.7812555247
From_Austral_SE_W,"55","0","55",0.07027997432372,323.36979416765763,-33.9281282856,150.7772421644
From_Austral_SE_W,"56","0","56",0.07163820997836,323.37053814923485,-33.9267900978,150.7774746671
From_Austral_SE_W,"57","0","57",0.07406365313485,276.88559968362910,-33.9264993580,150.7750667126
From_Austral_SE_W,"58","0","58",0.07972296851478,276.88779277291462,-33.9258207843,150.7694482263
From_Austral_SE_W,"59","0","59",0.08457375251738,276.88970162987812,-33.9252389483,150.7646324634
From_Austral_SE_W,"60","0","60",0.08538221129687,262.87400550195389,-33.9251419575,150.7638298437
From_Austral_SE_W,"61","0","61",0.08620510556297,274.61127074495550,-33.9254387643,150.7630623408
From_Austral_SE_W,"62","0","62",0.08717602281137,288.62839700653115,-33.9249479605,150.7622246106
From_Austral_SE_W,"63","0","63",0.08960138144752,276.89284606907222,-33.9246569263,150.7598167768
From_Austral_SE_W,"64","0","64",0.09526049956701,276.89484839163271,-33.9239776657,150.7541985722
From_Austral_SE_W,"65","0","65",0.09849424869388,233.38489468694942,-33.9235894032,150.7509882162
From_Austral_SE_W,"66","0","66",0.10256896800613,207.34481648826289,-33.9276037660,150.7502894825
From_Austral_SE_W,"67","0","67",0.10367714512014,251.32690661265082,-33.9283898815,150.7495084070
From_Austral_SE_W,"68","0","68",0.11067673511208,234.52536585950321,-33.9274353202,150.7425742111
From_Austral_SE_W,"69","0","69",0.11794319716403,234.52488585535275,-33.9345630816,150.7411612397
From_Austral_SE_W,"70","0","70",0.11866788302966,277.83711265591427,-33.9344642654,150.7404433226
To_Austral_SE_N,"0","0","0",0.00000000000000,170.88130188438458,-33.9123511000,150.8160506000
To_Austral_SE_N,"1","0","1",0.00016721321711,180.36052312621734,-33.9125162000,150.8160771000
To_Austral_SE_N,"2","0","2",0.00163771773981,188.83426071188455,-33.9139650728,150.8158258011
To_Austral_SE_N,"3","0","3",0.00247503873013,189.58318997361772,-33.9147945896,150.8157117469
To_Austral_SE_N,"4","0","4",0.00328109206165,191.33770443851540,-33.9155849135,150.8155532852
To_Austral_SE_N,"5","0","5",0.00385117740495,191.33794633514839,-33.9161438737,150.8154412103
To_Austral_SE_N,"6","0","6",0.00518292520158,191.33828628229458,-33.9174496313,150.8151793914
To_Austral_SE_N,"7","0","7",0.00655568628486,191.33868852255532,-33.9187956000,150.8149095000
To_Austral_SE_N,"8","0","8",0.00792844809164,191.33909079915179,-33.9201415675,150.8146395989
To_Austral_SE_N,"9","0","9",0.00926019797287,191.33943082717803,-33.9214473217,150.8143777522
To_Austral_SE_N,"10","0","10",0.00983028462479,191.33967281386552,-33.9220062797,150.8142656599
To_Austral_SE_N,"11","0","11",0.01063634023240,191.33989584149180,-33.9227965998,150.8141071677
To_Austral_SE_N,"12","0","12",0.01147514211407,191.67510325447287,-33.9236190262,150.8139422332
To_Austral_SE_N,"13","0","13",0.01237685379218,191.69952209361659,-33.9245010000,150.8137546000
To_Austral_SE_N,"14","0","14",0.01282471114890,191.38891559862336,-33.9249400389,150.8136661631
To_Austral_SE_N,"15","0","15",0.01319529416847,191.38915938006642,-33.9253033248,150.8135929845
To_Austral_SE_N,"16","0","16",0.01383208689970,191.38934251609737,-33.9259275778,150.8134672339
To_Austral_SE_N,"17","0","17",0.01448743801500,191.38934250789464,-33.9265700237,150.8133378184
To_Austral_SE_N,"18","0","18",0.01529624137525,191.12150200675924,-33.9273629000,150.8131781000
To_Austral_SE_N,"19","0","19",0.01597069548783,190.85375943281238,-33.9280252890,150.8130510995
To_Austral_SE_N,"20","0","20",0.01667029298405,144.22116831750247,-33.9287123712,150.8129193621
To_Austral_SE_N,"21","0","21",0.01811214219362,97.68950059772983,-33.9289027776,150.8143485837
To_Austral_SE_N,"22","0","22",0.01898484674589,98.07767280410192,-33.9290210742,150.8152132335
To_Austral_SE_N,"23","0","23",0.01946418455477,145.09974462608056,-33.9290908061,150.8156874720
To_Austral_SE_N,"24","0","24",0.02019660728825,191.83478536393733,-33.9298076601,150.8155372607
To_Austral_SE_N,"25","0","25",0.02103135994967,235.05821727403432,-33.9306246681,150.8153660593
To_Austral_SE_N,"26","0","26",0.02235225413487,235.05873703389958,-33.9304344102,150.8140589390
To_Austral_SE_N,"27","0","27",0.02287567521552,151.08401833554990,-33.9309467028,150.8139515801
To_Austral_SE_N,"28","0","28",0.02458270430359,111.15002839019942,-33.9315398287,150.8155522518
To_Austral_SE_N,"29","0","29",0.02542378645529,119.40652714931707,-33.9318544675,150.8163322656
To_Austral_SE_N,"30","0","30",0.02626593780325,129.28429639789377,-33.9323594666,150.8170062054
To_Austral_SE_N,"31","0","31",0.02701017138269,131.72325995988857,-33.9328547813,150.8175616755
To_Austral_SE_N,"32","0","32",0.02783885404702,161.36611075564656,-33.9334062946,150.8181801801
To_Austral_SE_N,"33","0","33",0.02838197364912,234.50315212347780,-33.9339394189,150.8180764624
To_Austral_SE_N,"34","0","34",0.02957805468609,234.83329584505356,-33.9337730166,150.8168920131
To_Austral_SE_N,"35","0","35",0.03029602861432,191.66875049227900,-33.9344761505,150.8167467915
To_Austral_SE_N,"36","0","36",0.03175823060114,191.67020240711375,-33.9359081373,150.8164510750
To_Austral_SE_N,"37","0","37",0.03250532514424,234.59160489021360,-33.9366397823,150.8162999262
To_Austral_SE_N,"38","0","38",0.03342560267138,277.51081362075229,-33.9365194898,150.8153875444
To_Austral_SE_N,"39","0","39",0.03425405506706,233.91513491154438,-33.9364112000,150.8145662000
To_Austral_SE_N,"40","0","40",0.03639376647284,234.33261158773894,-33.9385163000,150.8141829000
To_Austral_SE_N,"41","0","41",0.03728045637353,278.33817583783531,-33.9383876000,150.8133056000
To_Austral_SE_N,"42","0","42",0.03812642826752,324.80782534358383,-33.9382650319,150.8124685543
To_Austral_SE_N,"43","0","43",0.03886665405014,324.49140128066216,-33.9375391178,150.8126134095
To_Austral_SE_N,"44","0","44",0.04028143953997,277.69773657586205,-33.9373496115,150.8112113733
From_Austral_SE_N,"0","0","0",0.00000000000000,277.69773657703314,-33.9373496115,150.8112113733
From_Austral_SE_N,"1","0","1",0.00144425235455,324.35426548425244,-33.9371561582,150.8097801359
From_Austral_SE_N,"2","0","2",0.00213010565919,11.01042823904817,-33.9364829306,150.8099111297
From_Austral_SE_N,"3","0","3",0.00281949954151,324.43217173972226,-33.9358062259,150.8100427911
From_Austral_SE_N,"4","0","4",0.00367636852841,277.85372212784375,-33.9356891313,150.8091939606
From_Austral_SE_N,"5","0","5",0.00453922818931,278.06709737795234,-33.9355712346,150.8083391932
From_Austral_SE_N,"6","0","6",0.00582738371478,277.62559630143738,-33.9353857034,150.8070644686
From_Austral_SE_N,"7","0","7",0.00621907584686,323.74233589993020,-33.9353381706,150.8066756713
From_Austral_SE_N,"8","0","8",0.00840108420174,10.51451109237014,-33.9331928009,150.8070738541
From_Austral_SE_N,"9","0","9",0.00913820057294,10.51451109378088,-33.9324680617,150.8072083665
From_Austral_SE_N,"10","0","10",0.01000235610432,10.51451109593668,-33.9316184164,150.8073660615
From_Austral_SE_N,"11","0","11",0.01068325810671,10.51415280024275,-33.9309489476,150.8074903156
From_Austral_SE_N,"12","0","12",0.01137555470109,10.51369602338227,-33.9302682740,150.8076166405
From_Austral_SE_N,"13","0","13",0.01210071126177,54.18068157088850,-33.9295552916,150.8077489590
From_Austral_SE_N,"14","0","14",0.01305936562519,97.83574235193453,-33.9296861877,150.8086986349
From_Austral_SE_N,"15","0","15",0.01387443784601,97.82351815229681,-33.9297971400,150.8095061201
From_Austral_SE_N,"16","0","16",0.01475516028626,97.82310746744480,-33.9299170229,150.8103786453
From_Austral_SE_N,"17","0","17",0.01564428091259,97.82262854691450,-33.9300380424,150.8112594913
From_Austral_SE_N,"18","0","18",0.01702675379756,54.33826807160576,-33.9302262000,150.8126291000
From_Austral_SE_N,"19","0","19",0.01856815890943,10.85401707028124,-33.9287123712,150.8129193621
From_Austral_SE_N,"20","0","20",0.01926775640564,10.85375943281240,-33.9280252890,150.8130510995
From_Austral_SE_N,"21","0","21",0.01994221051823,11.12150200675922,-33.9273629000,150.8131781000
From_Austral_SE_N,"22","0","22",0.02075101387848,11.38934250789465,-33.9265700237,150.8133378184
From_Austral_SE_N,"23","0","23",0.02140636499378,11.38934251609739,-33.9259275778,150.8134672339
From_Austral_SE_N,"24","0","24",0.02204315772500,11.38915938006644,-33.9253033248,150.8135929845
From_Austral_SE_N,"25","0","25",0.02241374074458,11.38891559925158,-33.9249400389,150.8136661631
From_Austral_SE_N,"26","0","26",0.02286159810125,11.69952209605823,-33.9245010000,150.8137546000
From_Austral_SE_N,"27","0","27",0.02376330977936,11.67510325590449,-33.9236190262,150.8139422332
From_Austral_SE_N,"28","0","28",0.02460211166109,11.33989584111006,-33.9227965998,150.8141071677
From_Austral_SE_N,"29","0","29",0.02540816726870,11.33967281365491,-33.9220062797,150.8142656599
From_Austral_SE_N,"30","0","30",0.02597825392064,11.33943082585867,-33.9214473217,150.8143777522
From_Austral_SE_N,"31","0","31",0.02731000380184,11.33909079804300,-33.9201415675,150.8146395989
From_Austral_SE_N,"32","0","32",0.02868276560862,11.33868852255530,-33.9187956000,150.8149095000
From_Austral_SE_N,"33","0","33",0.03005552669189,11.33828628229459,-33.9174496313,150.8151793914
From_Austral_SE_N,"34","0","34",0.03138727448853,11.33794633514839,-33.9161438737,150.8154412103
From_Austral_SE_N,"35","0","35",0.03195735983183,11.33770443851535,-33.9155849135,150.8155532852
From_Austral_SE_N,"36","0","36",0.03276341316335,9.58318997361770,-33.9147945896,150.8157117469
From_Austral_SE_N,"37","0","37",0.03360073415367,8.83426071188451,-33.9139650728,150.8158258011
From_Austral_SE_N,"38","0","38",0.03507123867637,0.36052312621735,-33.9125162000,150.8160771000
From_Austral_SE_N,"39","0","39",0.03523845189348,350.88130188438453,-33.9123511000,150.8160506000
To_Austral_SW_E,"0","0","0",0.00000000000000,172.54455296325617,-33.9325444000,150.8214168000
To_Austral_SW_E,"1","0","1",0.00027744550810,167.28664474323111,-33.9328195000,150.8214528000
To_Austral_SW_E,"2","0","2",0.00083231691669,175.28811186408129,-33.9333473000,150.8216240000
To_Austral_SW_E,"3","0","3",0.00101868692498,198.17782567010352,-33.9335316000,150.8215963000
To_Austral_SW_E,"4","0","4",0.00126605426317,220.54861684641793,-33.9337504000,150.8214809000
To_Austral_SW_E,"5","0","5",0.00197969700989,236.63899475311453,-33.9341770000,150.8209088000
To_Austral_SW_E,"6","0","6",0.00216123620678,252.42346223476167,-33.9342678000,150.8207516000
To_Austral_SW_E,"7","0","7",0.00230963341027,270.02333279927342,-33.9342811000,150.8206038000
To_Austral_SW_E,"8","0","8",0.00257943898841,276.59319047999929,-33.9342567000,150.8203351000
To_Austral_SW_E,"9","0","9",0.00305815635500,277.99771987908201,-33.9341900943,150.8198610388
To_Austral_SW_E,"10","0","10",0.00389794845486,277.99600696882715,-33.9340732509,150.8190294149
To_Austral_SW_E,"11","0","11",0.00486025269973,277.99569671054974,-33.9339394189,150.8180764624
To_Austral_SW_E,"12","0","12",0.00605633373670,277.99855744327209,-33.9337730166,150.8168920131
To_Austral_SW_E,"13","0","13",0.00781569068323,277.99886770341175,-33.9335281610,150.8151497782
To_Austral_SW_E,"14","0","14",0.00899115706625,277.99771987893990,-33.9333646140,150.8139857448
To_Austral_SW_E,"15","0","15",0.01095268043322,277.67375459372846,-33.9330917000,150.8120433000
To_Austral_SW_E,"16","0","16",0.01194998904154,277.35005576963539,-33.9329641178,150.8110541856
To_Austral_SW_E,"17","0","17",0.01320660514840,277.35057602631440,-33.9328033517,150.8098078958
To_Austral_SW_E,"18","0","18",0.01409676567950,277.34981774337206,-33.9326894605,150.8089250512
To_Austral_SW_E,"19","0","19",0.01582766834941,277.34877994440825,-33.9324680617,150.8072083665
To_Austral_SW_E,"20","0","20",0.01727058698907,234.23578964689364,-33.9322835000,150.8057773000
To_Austral_SW_E,"21","0","21",0.01799316438317,191.12303686533960,-33.9329925044,150.8056379055
To_Austral_SW_E,"22","0","22",0.02018218182700,190.99250900346260,-33.9351404000,150.8052156000
To_Austral_SW_E,"23","0","23",0.02306054872502,191.12228824686599,-33.9379672000,150.8046732000
To_Austral_SW_E,"24","0","24",0.02377251326543,191.38280715031365,-33.9386651605,150.8045326844
To_Austral_SW_E,"25","0","25",0.02444425113057,191.38280715109522,-33.9393236856,150.8044001081
To_Austral_SW_E,"26","0","26",0.02514229731065,191.25493348544126,-33.9400080015,150.8042623395
To_Austral_SW_E,"27","0","27",0.02599645252586,234.65071499256513,-33.9408461000,150.8040975000
To_Austral_SW_E,"28","0","28",0.02740587232495,278.37578213478372,-33.9406457000,150.8027024000
To_Austral_SW_E,"29","0","29",0.02825405858985,234.96968767812223,-33.9405192000,150.8018637000
To_Austral_SW_E,"30","0","30",0.02964708323232,191.36137547829856,-33.9418849233,150.8015892599
To_Austral_SW_E,"31","0","31",0.03116759776511,234.84504814077232,-33.9433756464,150.8012897448
To_Austral_SW_E,"32","0","32",0.03203785839359,278.32907722125401,-33.9432495751,150.8004286643
To_Austral_SW_E,"33","0","33",0.03293562728153,278.32955305986889,-33.9431195327,150.7995403637
To_Austral_SW_E,"34","0","34",0.03378343637649,277.58753853821059,-33.9429967000,150.7987015000
To_Austral_SW_E,"35","0","35",0.03577795119968,278.71849466955268,-33.9427590000,150.7967212000
To_Austral_SW_E,"36","0","36",0.03625559027890,280.59687058170442,-33.9426712000,150.7962517000
To_Austral_SW_E,"37","0","37",0.03671706722306,279.37451509442769,-33.9425863000,150.7957981000
To_Austral_SW_E,"38","0","38",0.03754684292770,277.98218995869320,-33.9424687000,150.7949767000
To_Austral_SW_E,"39","0","39",0.03833799411426,277.81284641790296,-33.9423611000,150.7941929000
To_Austral_SW_E,"40","0","40",0.03922118435425,277.80965797030734,-33.9422411000,150.7933179000
To_Austral_SW_E,"41","0","41",0.04000638320883,324.32500494960766,-33.9421343961,150.7925399851
To_Austral_SW_E,"42","0","42",0.04153236578841,10.83968641829348,-33.9406356413,150.7928269640
To_Austral_SW_E,"43","0","43",0.04357151786590,10.83968641850739,-33.9386328734,150.7932104503
From_Austral_SW_E,"0","0","0",0.00000000000000,10.84522418922374,-33.9386328734,150.7932104503
From_Austral_SW_E,"1","0","1",0.00170487066232,10.83386370147569,-33.9369584533,150.7935312329
From_Austral_SW_E,"2","0","2",0.00225431321217,10.83109481613690,-33.9364187834,150.7936344002
From_Austral_SW_E,"3","0","3",0.00516085685991,54.48471473337028,-33.9335641006,150.7941810096
From_Austral_SW_E,"4","0","4",0.00602018905964,98.12974304822961,-33.9336856231,150.7950317058
From_Austral_SW_E,"5","0","5",0.00751933244206,98.12974304740725,-33.9338976247,150.7965157834
From_Austral_SW_E,"6","0","6",0.00827030382641,98.12974304665235,-33.9340038235,150.7972592078
From_Austral_SW_E,"7","0","7",0.00897874885105,98.12974304633777,-33.9341040083,150.7979605332
From_Austral_SW_E,"8","0","8",0.00940997621724,98.13496107590427,-33.9341649904,150.7983874269
From_Austral_SW_E,"9","0","9",0.01051000093686,98.13443756820263,-33.9343207489,150.7994763684
From_Austral_SW_E,"10","0","10",0.01237689697169,144.77055071829051,-33.9345847225,150.8013245077
From_Austral_SW_E,"11","0","11",0.01382182308143,191.41255841100417,-33.9360010801,150.8010386008
From_Austral_SW_E,"12","0","12",0.01443625664349,191.41281880925055,-33.9366033646,150.8009170199
From_Austral_SW_E,"13","0","13",0.01526658270648,144.69886483284481,-33.9374172723,150.8007527162
From_Austral_SW_E,"14","0","14",0.01696974791423,144.67295714511306,-33.9376538597,150.8024393691
From_Austral_SW_E,"15","0","15",0.01768793438840,191.35989184025672,-33.9383579734,150.8022978922
From_Austral_SW_E,"16","0","16",0.01845661680576,191.35934725529691,-33.9391116000,150.8021465000
From_Austral_SW_E,"17","0","17",0.01989234435647,144.96860788040226,-33.9405192000,150.8018637000
From_Austral_SW_E,"18","0","18",0.02074052665086,98.37578270180779,-33.9406456994,150.8027023961
From_Austral_SW_E,"19","0","19",0.02214995042036,54.65071556052028,-33.9408461000,150.8040975000
From_Austral_SW_E,"20","0","20",0.02300410563557,11.25493348567145,-33.9400080015,150.8042623395
From_Austral_SW_E,"21","0","21",0.02370215181563,11.38280715108622,-33.9393236856,150.8044001081
From_Austral_SW_E,"22","0","22",0.02437388968079,11.38280715007442,-33.9386651605,150.8045326844
From_Austral_SW_E,"23","0","23",0.02508585422120,11.12228824686600,-33.9379672000,150.8046732000
From_Austral_SW_E,"24","0","24",0.02796422111922,10.99250900346261,-33.9351404000,150.8052156000
From_Austral_SW_E,"25","0","25",0.03015323856305,11.12303686533956,-33.9329925044,150.8056379055
From_Austral_SW_E,"26","0","26",0.03087581595715,54.23578964689364,-33.9322835000,150.8057773000
From_Austral_SW_E,"27","0","27",0.03231873459681,97.34877994440824,-33.9324680617,150.8072083665
From_Austral_SW_E,"28","0","28",0.03404963726673,97.34981774337203,-33.9326894605,150.8089250512
From_Austral_SW_E,"29","0","29",0.03493979779782,97.35057602631443,-33.9328033517,150.8098078958
From_Austral_SW_E,"30","0","30",0.03619641390468,97.35005576963543,-33.9329641178,150.8110541856
From_Austral_SW_E,"31","0","31",0.03719372251300,97.67375459372845,-33.9330917000,150.8120433000
From_Austral_SW_E,"32","0","32",0.03915524587997,97.99771987893989,-33.9333646140,150.8139857448
From_Austral_SW_E,"33","0","33",0.04033071226299,97.99886770341179,-33.9335281610,150.8151497782
From_Austral_SW_E,"34","0","34",0.04209006920953,97.99855744327215,-33.9337730166,150.8168920131
From_Austral_SW_E,"35","0","35",0.04328615024649,97.99569671054972,-33.9339394189,150.8180764624
From_Austral_SW_E,"36","0","36",0.04424845449136,97.99600696882715,-33.9340732509,150.8190294149
From_Austral_SW_E,"37","0","37",0.04508824659122,97.99771987908204,-33.9341900943,150.8198610388
From_Austral_SW_E,"38","0","38",0.04556696395781,96.59319047999934,-33.9342567000,150.8203351000
From_Austral_SW_E,"39","0","39",0.04583676953595,90.02333279927340,-33.9342811000,150.8206038000
From_Austral_SW_E,"40","0","40",0.04598516673944,72.42346223476164,-33.9342678000,150.8207516000
From_Austral_SW_E,"41","0","41",0.04616670593633,58.11779605263800,-33.9341770000,150.8209088000
From_Austral_SW_E,"42","0","42",0.04634254600573,54.28483256309637,-33.9340793000,150.8210550000
From_Austral_SW_E,"43","0","43",0.04688065939521,40.06557855240542,-33.9337504000,150.8214809000
From_Austral_SW_E,"44","0","44",0.04712802673339,18.17782567010350,-33.9335316000,150.8215963000
From_Austral_SW_E,"45","0","45",0.04731439674169,355.25009498956820,-33.9333473000,150.8216240000
From_Austral_SW_E,"46","0","46",0.04754809440977,342.01838207167356,-33.9331251000,150.8215516000
From_Austral_SW_E,"47","0","47",0.04786926850578,347.31430716621156,-33.9328195000,150.8214528000
From_Austral_SW_E,"48","0","48",0.04814671401388,352.54455296325619,-33.9325444000,150.8214168000
To_Austral_SW_N,"0","0","0",0.00000000000000,59.31888543511776,-33.8846815079,150.7363188260
To_Austral_SW_N,"1","0","1",0.00633365592877,98.96735082727461,-33.8814497000,150.7417659000
To_Austral_SW_N,"2","0","2",0.00935308846117,119.73056180488332,-33.8837151609,150.7437620613
To_Austral_SW_N,"3","0","3",0.02007970287556,98.87046009579993,-33.8857334593,150.7542970851
To_Austral_SW_N,"4","0","4",0.02654443069498,143.37922316542262,-33.8865096199,150.7607150506
To_Austral_SW_N,"5","0","5",0.03876848048936,143.37824802458175,-33.8985530061,150.7586211926
To_Austral_SW_N,"6","0","6",0.04200132113964,96.89213802774317,-33.8989410344,150.7618306618
To_Austral_SW_N,"7","0","7",0.05169998530936,96.88889844832104,-33.9001046238,150.7714592726
To_Austral_SW_N,"8","0","8",0.05654939733059,105.70460287567809,-33.9006861399,150.7762736922
To_Austral_SW_N,"9","0","9",0.05748004816443,95.13864425251779,-33.9010724000,150.7771204000
To_Austral_SW_N,"10","0","10",0.05826221258086,86.31998602927864,-33.9008799373,150.7778785156
To_Austral_SW_N,"11","0","11",0.06068694743172,96.88432479636576,-33.9011705948,150.7802857666
To_Austral_SW_N,"12","0","12",0.06149519533850,96.88375307407587,-33.9012674702,150.7810881878
To_Austral_SW_N,"13","0","13",0.06230344472339,96.88270490466164,-33.9013643406,150.7818906112
To_Austral_SW_N,"14","0","14",0.06876949299089,91.95818432370412,-33.9021391174,150.7883100739
To_Austral_SW_N,"15","0","15",0.06914482174122,96.12103396711784,-33.9021197000,150.7886849000
To_Austral_SW_N,"16","0","16",0.06958795561416,101.04298172984998,-33.9022359412,150.7891125162
To_Austral_SW_N,"17","0","17",0.07605411018815,143.35979427337864,-33.9030103464,150.7955321308
To_Austral_SW_N,"18","0","18",0.08012878616058,172.49083385996423,-33.9070250649,150.7948356972
To_Austral_SW_N,"19","0","19",0.08304724132879,130.21501674822932,-33.9096731000,150.7960626000
To_Austral_SW_N,"20","0","20",0.08322244247033,101.40341299943091,-33.9097193000,150.7962316000
To_Austral_SW_N,"21","0","21",0.08721867366750,97.56494183472559,-33.9102421083,150.8001934853
To_Austral_SW_N,"22","0","22",0.08937282951641,144.53075404843463,-33.9105274786,150.8023286554
To_Austral_SW_N,"23","0","23",0.09020021414374,191.44891296564120,-33.9113384000,150.8021644244
To_Austral_SW_N,"24","0","24",0.09092421189123,191.44909087056894,-33.9120479917,150.8020207151
To_Austral_SW_N,"25","0","25",0.09129940105331,191.44926877417035,-33.9124157149,150.8019462400
To_Austral_SW_N,"26","0","26",0.09176310312429,191.44939121617278,-33.9128701897,150.8018541950
To_Austral_SW_N,"27","0","27",0.09206947271085,191.44951365997264,-33.9131704625,150.8017933793
To_Austral_SW_N,"28","0","28",0.09256924511109,191.44961611085009,-33.9136602894,150.8016941723
To_Austral_SW_N,"29","0","29",0.09286916599846,191.44971856178000,-33.9139542417,150.8016346356
To_Austral_SW_N,"30","0","30",0.09313939316047,191.44986015041181,-33.9142190911,150.8015809934
To_Austral_SW_N,"31","0","31",0.09354661574525,191.45000173898345,-33.9146182093,150.8015001545
To_Austral_SW_N,"32","0","32",0.09398355630668,191.45000173851602,-33.9150464540,150.8014134163
To_Austral_SW_N,"33","0","33",0.09447128745491,191.45020310129570,-33.9155244785,150.8013165954
To_Austral_SW_N,"34","0","34",0.09485184002337,191.45040446388796,-33.9158974569,150.8012410483
To_Austral_SW_N,"35","0","35",0.09584419956709,191.45060889745676,-33.9168700654,150.8010440454
To_Austral_SW_N,"36","0","36",0.09640281856684,191.45081333274570,-33.9174175654,150.8009331447
To_Austral_SW_N,"37","0","37",0.09721711242266,191.45101472960479,-33.9182156511,150.8007714857
To_Austral_SW_N,"38","0","38",0.09747814041982,191.45121612836368,-33.9184714831,150.8007196629
To_Austral_SW_N,"39","0","39",0.09778486998652,191.45121612905555,-33.9187721069,150.8006587668
To_Austral_SW_N,"40","0","40",0.09819854842632,191.45121612755480,-33.9191775507,150.8005766377
To_Austral_SW_N,"41","0","41",0.09854900885899,191.45135776535435,-33.9195210349,150.8005070596
To_Austral_SW_N,"42","0","42",0.09880477881693,191.45149940477711,-33.9197717133,150.8004562794
To_Austral_SW_N,"43","0","43",0.09911915825292,191.45160189049568,-33.9200798344,150.8003938630
To_Austral_SW_N,"44","0","44",0.09939738035291,191.45170437854333,-33.9203525178,150.8003386243
To_Austral_SW_N,"45","0","45",0.09970230257082,191.45170438757856,-33.9206513698,150.8002780845
To_Austral_SW_N,"46","0","46",0.09992530257843,191.45182689515184,-33.9208699304,150.8002338096
To_Austral_SW_N,"47","0","47",0.10033891500141,191.45194939818902,-33.9212753084,150.8001516885
To_Austral_SW_N,"48","0","48",0.10055630562113,191.45194940084966,-33.9214883711,150.8001085265
To_Austral_SW_N,"49","0","49",0.10076419678944,191.45208071651410,-33.9216921235,150.8000672505
To_Austral_SW_N,"50","0","50",0.10117386840080,191.45221202762005,-33.9220936388,150.7999859100
To_Austral_SW_N,"51","0","51",0.10168844187354,192.92979806204445,-33.9225979675,150.7998837411
To_Austral_SW_N,"52","0","52",0.10238188837975,194.42620000700373,-33.9232696058,150.7997112014
To_Austral_SW_N,"53","0","53",0.10314796699989,194.44501591568959,-33.9240114668,150.7995201025
To_Austral_SW_N,"54","0","54",0.10408686977204,193.22601154975882,-33.9249206885,150.7992858925
To_Austral_SW_N,"55","0","55",0.10459799743217,145.20797043060702,-33.9254206338,150.7991795619
To_Austral_SW_N,"56","0","56",0.10550195420482,98.40402828628027,-33.9255528259,150.8000738007
To_Austral_SW_N,"57","0","57",0.10594458268887,98.40241586322716,-33.9256174797,150.8005116818
To_Austral_SW_N,"58","0","58",0.10673352778891,98.40570883226847,-33.9257328090,150.8012921519
To_Austral_SW_N,"59","0","59",0.10764931578302,98.41109381462907,-33.9258666804,150.8021981023
To_Austral_SW_N,"60","0","60",0.10806500434927,98.40624203611495,-33.9259275237,150.8026093140
To_Austral_SW_N,"61","0","61",0.10852637673057,98.40599324696393,-33.9259948905,150.8030657416
To_Austral_SW_N,"62","0","62",0.10894430765547,98.40576617706695,-33.9260560585,150.8034791721
To_Austral_SW_N,"63","0","63",0.10936695748827,98.40062998417240,-33.9261177680,150.8038972927
To_Austral_SW_N,"64","0","64",0.11027370092889,98.40708766958051,-33.9262503172,150.8047942957
To_Austral_SW_N,"65","0","65",0.11110200506001,98.73210536885648,-33.9263714394,150.8056136961
To_Austral_SW_N,"66","0","66",0.11160332392040,98.52594285448150,-33.9264503447,150.8061087664
To_Austral_SW_N,"67","0","67",0.11240454745982,144.20062891805543,-33.9265618000,150.8069022000
To_Austral_SW_N,"68","0","68",0.11309720625071,190.40520781519007,-33.9272430683,150.8067771010
To_Austral_SW_N,"69","0","69",0.11373206995115,190.40539160534087,-33.9278674915,150.8066624382
To_Austral_SW_N,"70","0","70",0.11443745526563,190.40558908022791,-33.9285612762,150.8065350362
To_Austral_SW_N,"71","0","71",0.11525817708718,191.10778859363097,-33.9293685000,150.8063868000
To_Austral_SW_N,"72","0","72",0.11597641405958,191.80988296225254,-33.9300715334,150.8062398021
To_Austral_SW_N,"73","0","73",0.11670015406311,191.80967167803075,-33.9307799534,150.8060916779
To_Austral_SW_N,"74","0","74",0.11736396096554,191.80983246270921,-33.9314297099,150.8059558248
To_Austral_SW_N,"75","0","75",0.11823621591333,235.18832920537270,-33.9322835000,150.8057773000
To_Austral_SW_N,"76","0","76",0.12514087333200,234.75030920733897,-33.9312550070,150.7989496726
To_Austral_SW_N,"77","0","77",0.12582113640792,190.93428449082109,-33.9319229204,150.7988206396
To_Austral_SW_N,"78","0","78",0.12681243498791,190.93574809191105,-33.9328962220,150.7986326051
To_Austral_SW_N,"79","0","79",0.12810467553082,144.53502263325032,-33.9341649904,150.7983874269
To_Austral_SW_N,"80","0","80",0.13107159627136,144.77267946856679,-33.9345847225,150.8013245077
To_Austral_SW_N,"81","0","81",0.13251652238111,191.41255841100417,-33.9360010801,150.8010386008
To_Austral_SW_N,"82","0","82",0.13313095594317,191.41281880925055,-33.9366033646,150.8009170199
To_Austral_SW_N,"83","0","83",0.13396128200615,144.69886483284481,-33.9374172723,150.8007527162
To_Austral_SW_N,"84","0","84",0.13566444721390,144.67295714511306,-33.9376538597,150.8024393691
To_Austral_SW_N,"85","0","85",0.13638263368807,191.35989183478048,-33.9383579734,150.8022978922
To_Austral_SW_N,"86","0","86",0.13715131610616,191.35934724965313,-33.9391116000,150.8021465000
To_Austral_SW_N,"87","0","87",0.13858704365691,191.36110145699035,-33.9405192000,150.8018637000
To_Austral_SW_N,"88","0","88",0.13998006829860,191.36137548149401,-33.9418849233,150.8015892599
To_Austral_SW_N,"89","0","89",0.14150058283139,234.84504814077232,-33.9433756464,150.8012897448
To_Austral_SW_N,"90","0","90",0.14237084345988,278.32907722125401,-33.9432495751,150.8004286643
To_Austral_SW_N,"91","0","91",0.14326861234781,278.32955305986889,-33.9431195327,150.7995403637
To_Austral_SW_N,"92","0","92",0.14411642144277,277.58753853821059,-33.9429967000,150.7987015000
To_Austral_SW_N,"93","0","93",0.14611093626597,278.71849466955268,-33.9427590000,150.7967212000
To_Austral_SW_N,"94","0","94",0.14658857534519,280.59687058170442,-33.9426712000,150.7962517000
To_Austral_SW_N,"95","0","95",0.14705005228934,279.37451509442769,-33.9425863000,150.7957981000
To_Austral_SW_N,"96","0","96",0.14787982799398,277.98218995869320,-33.9424687000,150.7949767000
To_Austral_SW_N,"97","0","97",0.14867097918054,277.81284641790296,-33.9423611000,150.7941929000
To_Austral_SW_N,"98","0","98",0.14955416942053,277.80965797030734,-33.9422411000,150.7933179000
To_Austral_SW_N,"99","0","99",0.15033936827511,324.32500494960766,-33.9421343961,150.7925399851
To_Austral_SW_N,"100","0","100",0.15186535085469,10.83968674553707,-33.9406356413,150.7928269640
To_Austral_SW_N,"101","0","101",0.15390450290046,10.83968644954282,-33.9386328734,150.7932104503
To_Austral_SW_N,"102","0","102",0.15615881611169,10.83968612231859,-33.9364187834,150.7936344002
To_Austral_SW_N,"103","0","103",0.15906535975943,10.83968641854613,-33.9335641006,150.7941810096
From_Austral_SW_N,"0","0","0",0.00000000000000,98.12974304819441,-33.9335641006,150.7941810096
From_Austral_SW_N,"1","0","1",0.00085933219973,98.12974304822961,-33.9336856231,150.7950317058
From_Austral_SW_N,"2","0","2",0.00235847558215,98.12974304740725,-33.9338976247,150.7965157834
From_Austral_SW_N,"3","0","3",0.00310944696650,98.12974304665235,-33.9340038235,150.7972592078
From_Austral_SW_N,"4","0","4",0.00381789199114,98.12974304633777,-33.9341040083,150.7979605332
From_Austral_SW_N,"5","0","5",0.00424911935733,54.53341739067572,-33.9341649904,150.7983874269
From_Austral_SW_N,"6","0","6",0.00554135990024,10.93574809191105,-33.9328962220,150.7986326051
From_Austral_SW_N,"7","0","7",0.00653265848022,10.93428449082109,-33.9319229204,150.7988206396
From_Austral_SW_N,"8","0","8",0.00721292155615,54.75030921045822,-33.9312550070,150.7989496726
From_Austral_SW_N,"9","0","9",0.01411757897493,55.18832920338127,-33.9322835000,150.8057773000
From_Austral_SW_N,"10","0","10",0.01498983392346,11.80983245759853,-33.9314297099,150.8059558248
From_Austral_SW_N,"11","0","11",0.01565364082590,11.80967167803072,-33.9307799534,150.8060916779
From_Austral_SW_N,"12","0","12",0.01637738082943,11.80988296225251,-33.9300715334,150.8062398021
From_Austral_SW_N,"13","0","13",0.01709561780183,11.10778859363094,-33.9293685000,150.8063868000
From_Austral_SW_N,"14","0","14",0.01791633962338,10.40558908022792,-33.9285612762,150.8065350362
From_Austral_SW_N,"15","0","15",0.01862172493786,10.40539160534086,-33.9278674915,150.8066624382
From_Austral_SW_N,"16","0","16",0.01925658863830,10.40520781519005,-33.9272430683,150.8067771010
From_Austral_SW_N,"17","0","17",0.01994924742919,324.40541259548132,-33.9265618000,150.8069022000
From_Austral_SW_N,"18","0","18",0.02007677185657,278.40570883335442,-33.9265431583,150.8067760455
From_Austral_SW_N,"19","0","19",0.02021564906031,278.40570883344668,-33.9265228570,150.8066386601
From_Austral_SW_N,"20","0","20",0.02038236955374,278.40570883422578,-33.9264984855,150.8064737306
From_Austral_SW_N,"21","0","21",0.02056350025350,278.40570883332765,-33.9264720075,150.8062945456
From_Austral_SW_N,"22","0","22",0.02075013919586,278.40343191192903,-33.9264447244,150.8061099116
From_Austral_SW_N,"23","0","23",0.02125173709688,278.40660090356511,-33.9263714394,150.8056136961
From_Austral_SW_N,"24","0","24",0.02161213481279,278.40887782283113,-33.9263187165,150.8052571757
From_Austral_SW_N,"25","0","25",0.02208004122925,278.40570883116675,-33.9262503172,150.8047942957
From_Austral_SW_N,"26","0","26",0.02256942099538,278.40570883172552,-33.9261787788,150.8043101729
From_Austral_SW_N,"27","0","27",0.02298678466987,278.40062998410059,-33.9261177680,150.8038972927
From_Austral_SW_N,"28","0","28",0.02340943450267,278.40576617706694,-33.9260560585,150.8034791721
From_Austral_SW_N,"29","0","29",0.02382736542757,278.40599324696393,-33.9259948905,150.8030657416
From_Austral_SW_N,"30","0","30",0.02428873780887,278.40624203611497,-33.9259275237,150.8026093140
From_Austral_SW_N,"31","0","31",0.02470442637512,278.41109381449678,-33.9258666804,150.8021981023
From_Austral_SW_N,"32","0","32",0.02513522551627,278.40570883341610,-33.9258037054,150.8017719309
From_Austral_SW_N,"33","0","33",0.02562021436923,278.40570883238604,-33.9257328090,150.8012921519
From_Austral_SW_N,"34","0","34",0.02640915946927,278.40241586322713,-33.9256174797,150.8005116818
From_Austral_SW_N,"35","0","35",0.02685178795332,278.40402828628021,-33.9255528259,150.8000738007
From_Austral_SW_N,"36","0","36",0.02775574472597,325.20797043060708,-33.9254206338,150.7991795619
From_Austral_SW_N,"37","0","37",0.02826687238610,13.22601154993593,-33.9249206885,150.7992858925
From_Austral_SW_N,"38","0","38",0.02884001426184,14.44501591620234,-33.9243656651,150.7994288632
From_Austral_SW_N,"39","0","39",0.02940666901155,14.44501591560329,-33.9238169237,150.7995702156
From_Austral_SW_N,"40","0","40",0.03025564163038,14.44501591589286,-33.9229947892,150.7997819926
From_Austral_SW_N,"41","0","41",0.03066534852064,12.93443726962241,-33.9225980342,150.7998841943
From_Austral_SW_N,"42","0","42",0.03158956917784,11.43790401087297,-33.9216921235,150.8000672505
From_Austral_SW_N,"43","0","43",0.03242846338884,11.45182689199355,-33.9208699304,150.8002338096
From_Austral_SW_N,"44","0","44",0.03323460771436,11.45160189329796,-33.9200798344,150.8003938630
From_Austral_SW_N,"45","0","45",0.03380475710829,11.45135776510199,-33.9195210349,150.8005070596
From_Austral_SW_N,"46","0","46",0.03450713096583,11.45121612796383,-33.9188326425,150.8006465043
From_Austral_SW_N,"47","0","47",0.03513665354462,11.45101473044540,-33.9182156511,150.8007714857
From_Austral_SW_N,"48","0","48",0.03650956640019,11.45060889826907,-33.9168700654,150.8010440454
From_Austral_SW_N,"49","0","49",0.03788247851237,11.45020310111730,-33.9155244785,150.8013165954
From_Austral_SW_N,"50","0","50",0.03921437280681,11.44986014719638,-33.9142190911,150.8015809934
From_Austral_SW_N,"51","0","51",0.03978452085620,11.44961610999425,-33.9136602894,150.8016941723
From_Austral_SW_N,"52","0","52",0.04059066284299,11.44939121910876,-33.9128701897,150.8018541950
From_Austral_SW_N,"53","0","53",0.04142955407605,11.44909086982686,-33.9120479917,150.8020207151
From_Austral_SW_N,"54","0","54",0.04298093645086,324.53075404821988,-33.9105274786,150.8023286554
From_Austral_SW_N,"55","0","55",0.04513509229978,277.61291621577823,-33.9102421083,150.8001934853
From_Austral_SW_N,"56","0","56",0.04569431107033,277.57542678634366,-33.9101680200,150.7996391961
From_Austral_SW_N,"57","0","57",0.04884745359999,277.32005088276281,-33.9097544000,150.7965133000
From_Austral_SW_N,"58","0","58",0.04913133191894,280.48397607999135,-33.9097193000,150.7962316000
From_Austral_SW_N,"59","0","59",0.04924525140801,285.89930529086843,-33.9096920000,150.7961210000
From_Austral_SW_N,"60","0","60",0.04930663357158,311.53681997583038,-33.9096731000,150.7960626000
From_Austral_SW_N,"61","0","61",0.05222508873978,352.49083385996425,-33.9070250649,150.7948356972
From_Austral_SW_N,"62","0","62",0.05629976471222,323.35979427337855,-33.9030103464,150.7955321308
From_Austral_SW_N,"63","0","63",0.06276591928621,281.04298172984994,-33.9022359412,150.7891125162
From_Austral_SW_N,"64","0","64",0.06320905315915,276.12103396711785,-33.9021197000,150.7886849000
From_Austral_SW_N,"65","0","65",0.06358438190947,271.95818432370419,-33.9021391174,150.7883100739
From_Austral_SW_N,"66","0","66",0.07005043017698,276.88270490466169,-33.9013643406,150.7818906112
From_Austral_SW_N,"67","0","67",0.07085867956186,276.88375307407591,-33.9012674702,150.7810881878
From_Austral_SW_N,"68","0","68",0.07166692746865,276.88432479636577,-33.9011705948,150.7802857666
From_Austral_SW_N,"69","0","69",0.07409166231951,266.31998602927865,-33.9008799373,150.7778785156
From_Austral_SW_N,"70","0","70",0.07487382673594,275.13864425251774,-33.9010724000,150.7771204000
From_Austral_SW_N,"71","0","71",0.07580447756977,285.70460287567806,-33.9006861399,150.7762736922
From_Austral_SW_N,"72","0","72",0.08065388959101,276.88889844832102,-33.9001046238,150.7714592726
From_Austral_SW_N,"73","0","73",0.09035255376072,276.89213802774316,-33.8989410344,150.7618306618
From_Austral_SW_N,"74","0","74",0.09358539441100,323.37824802458181,-33.8985530061,150.7586211926
From_Austral_SW_N,"75","0","75",0.10580944420538,323.37922316542256,-33.8865096199,150.7607150506
From_Austral_SW_N,"76","0","76",0.11227417202481,278.87046009579990,-33.8857334593,150.7542970851
From_Austral_SW_N,"77","0","77",0.12300078643919,299.73056180488334,-33.8837151609,150.7437620613
From_Austral_SW_N,"78","0","78",0.12602021897160,278.96735082727463,-33.8814497000,150.7417659000
From_Austral_SW_N,"79","0","79",0.13235387490037,239.31888543511778,-33.8846815079,150.7363188260
To_Austral_SW_W,"0","0","0",0.00000000000000,97.83711265591425,-33.9344642654,150.7404433226
To_Austral_SW_W,"1","0","1",0.00072468586563,54.52488585535274,-33.9345630816,150.7411612397
To_Austral_SW_W,"2","0","2",0.00799114791758,54.52536585950321,-33.9274353202,150.7425742111
To_Austral_SW_W,"3","0","3",0.01499073790952,71.32690661265084,-33.9283898815,150.7495084070
To_Austral_SW_W,"4","0","4",0.01609891502353,27.34481648826291,-33.9276037660,150.7502894825
To_Austral_SW_W,"5","0","5",0.02017363433578,53.38489468694947,-33.9235894032,150.7509882162
To_Austral_SW_W,"6","0","6",0.02340738346265,96.89484839163272,-33.9239776657,150.7541985722
To_Austral_SW_W,"7","0","7",0.02906650158214,96.89284606907219,-33.9246569263,150.7598167768
To_Austral_SW_W,"8","0","8",0.03149186021829,108.62839700653119,-33.9249479605,150.7622246106
To_Austral_SW_W,"9","0","9",0.03246277746669,94.61127074495550,-33.9254387643,150.7630623408
To_Austral_SW_W,"10","0","10",0.03328567173279,82.87247799328853,-33.9251419575,150.7638298437
To_Austral_SW_W,"11","0","11",0.04702967304484,143.37187331369739,-33.9267900978,150.7774746671
To_Austral_SW_W,"12","0","12",0.04838790869948,143.36979416765760,-33.9281282856,150.7772421644
To_Austral_SW_W,"13","0","13",0.05243040483247,101.82918263009186,-33.9286127586,150.7812555247
To_Austral_SW_W,"14","0","14",0.05300946149217,101.00751634063285,-33.9287798845,150.7818099393
To_Austral_SW_W,"15","0","15",0.05648297544820,96.05987114178819,-33.9290971024,150.7852689380
To_Austral_SW_W,"16","0","16",0.05809999900300,98.59252575681194,-33.9292908038,150.7868743180
To_Austral_SW_W,"17","0","17",0.06310040022187,145.65392498364426,-33.9301853275,150.7917940578
To_Austral_SW_W,"18","0","18",0.06614602803241,191.00313791410397,-33.9331749710,150.7912127829
To_Austral_SW_W,"19","0","19",0.06902599997756,191.00392816145509,-33.9360019956,150.7906630827
To_Austral_SW_W,"20","0","20",0.07119111461258,169.51032428456125,-33.9381273000,150.7902498000
To_Austral_SW_W,"21","0","21",0.07130288079708,133.24926920754689,-33.9382221000,150.7903090000
To_Austral_SW_W,"22","0","22",0.07140982470761,107.89318591804080,-33.9382731000,150.7904030000
To_Austral_SW_W,"23","0","23",0.07185148894379,97.30258744935227,-33.9383292519,150.7908410802
To_Austral_SW_W,"24","0","24",0.07227361493599,97.30405008631756,-33.9383828964,150.7912597837
To_Austral_SW_W,"25","0","25",0.07265574695848,97.30376364585460,-33.9384314989,150.7916388123
To_Austral_SW_W,"26","0","26",0.07343310348350,97.30152136337851,-33.9385302790,150.7924098672
To_Austral_SW_W,"27","0","27",0.07424023350804,54.07392549088081,-33.9386328734,150.7932104503
To_Austral_SW_W,"28","0","28",0.07594510417036,10.83386370147569,-33.9369584533,150.7935312329
To_Austral_SW_W,"29","0","29",0.07649454672022,10.83109481613690,-33.9364187834,150.7936344002
To_Austral_SW_W,"30","0","30",0.07940109036796,54.48471473337028,-33.9335641006,150.7941810096
To_Austral_SW_W,"31","0","31",0.08026042256769,98.12974304822961,-33.9336856231,150.7950317058
To_Austral_SW_W,"32","0","32",0.08175956595010,98.12974304737394,-33.9338976247,150.7965157834
To_Austral_SW_W,"33","0","33",0.08365020972529,98.13134828877642,-33.9341649904,150.7983874269
To_Austral_SW_W,"34","0","34",0.08661713046584,144.77267946856679,-33.9345847225,150.8013245077
To_Austral_SW_W,"35","0","35",0.08806205657558,191.41255841100417,-33.9360010801,150.8010386008
To_Austral_SW_W,"36","0","36",0.08867649013764,191.41281880925055,-33.9366033646,150.8009170199
To_Austral_SW_W,"37","0","37",0.08950681620062,144.69886483284481,-33.9374172723,150.8007527162
To_Austral_SW_W,"38","0","38",0.09120998140837,144.67295714511306,-33.9376538597,150.8024393691
To_Austral_SW_W,"39","0","39",0.09192816788254,191.35989184025672,-33.9383579734,150.8022978922
To_Austral_SW_W,"40","0","40",0.09269685029990,191.35867285342033,-33.9391116000,150.8021465000
From_Austral_SW_W,"0","0","0",0.00000000000000,191.36002166303814,-33.9391116000,150.8021465000
From_Austral_SW_W,"1","0","1",0.00143572754998,191.36110145689472,-33.9405192000,150.8018637000
From_Austral_SW_W,"2","0","2",0.00282875219244,191.36137547829856,-33.9418849233,150.8015892599
From_Austral_SW_W,"3","0","3",0.00434926672523,234.84504814077232,-33.9433756464,150.8012897448
From_Austral_SW_W,"4","0","4",0.00521952735372,278.32907722125401,-33.9432495751,150.8004286643
From_Austral_SW_W,"5","0","5",0.00611729624165,278.32955305986889,-33.9431195327,150.7995403637
From_Austral_SW_W,"6","0","6",0.00696510533662,277.58753853821059,-33.9429967000,150.7987015000
From_Austral_SW_W,"7","0","7",0.00895962015981,278.71849466955268,-33.9427590000,150.7967212000
From_Austral_SW_W,"8","0","8",0.00943725923903,280.59687058170442,-33.9426712000,150.7962517000
From_Austral_SW_W,"9","0","9",0.00989873618319,279.37451509442769,-33.9425863000,150.7957981000
From_Austral_SW_W,"10","0","10",0.01072851188782,277.98218995869320,-33.9424687000,150.7949767000
From_Austral_SW_W,"11","0","11",0.01151966307439,277.81284641790296,-33.9423611000,150.7941929000
From_Austral_SW_W,"12","0","12",0.01240285331437,277.80965797030734,-33.9422411000,150.7933179000
From_Austral_SW_W,"13","0","13",0.01318805216895,324.32500494960766,-33.9421343961,150.7925399851
From_Austral_SW_W,"14","0","14",0.01471403474854,10.83968641829348,-33.9406356413,150.7928269640
From_Austral_SW_W,"15","0","15",0.01675318682603,324.07115660552267,-33.9386328734,150.7932104503
From_Austral_SW_W,"16","0","16",0.01756031685057,277.30152136337853,-33.9385302790,150.7924098672
From_Austral_SW_W,"17","0","17",0.01833767337560,277.30376364585459,-33.9384314989,150.7916388123
From_Austral_SW_W,"18","0","18",0.01871980539808,277.30405008631755,-33.9383828964,150.7912597837
From_Austral_SW_W,"19","0","19",0.01914193139029,277.30258744935225,-33.9383292519,150.7908410802
From_Austral_SW_W,"20","0","20",0.01958359562646,287.89318591804079,-33.9382731000,150.7904030000
From_Austral_SW_W,"21","0","21",0.01969053953699,313.24926920754689,-33.9382221000,150.7903090000
From_Austral_SW_W,"22","0","22",0.01980230572149,349.51032428456125,-33.9381273000,150.7902498000
From_Austral_SW_W,"23","0","23",0.02196742035651,11.00371100459808,-33.9360019956,150.7906630827
From_Austral_SW_W,"24","0","24",0.02789302011204,325.65413032904252,-33.9301853275,150.7917940578
From_Austral_SW_W,"25","0","25",0.03289342133091,278.59252575681194,-33.9292908038,150.7868743180
From_Austral_SW_W,"26","0","26",0.03451044488571,276.05987114178816,-33.9290971024,150.7852689380
From_Austral_SW_W,"27","0","27",0.03798395884175,281.00751634063283,-33.9287798845,150.7818099393
From_Austral_SW_W,"28","0","28",0.03856301550144,281.82918263009185,-33.9286127586,150.7812555247
From_Austral_SW_W,"29","0","29",0.04260551163443,323.36979416765763,-33.9281282856,150.7772421644
From_Austral_SW_W,"30","0","30",0.04396374728907,323.37187331369739,-33.9267900978,150.7774746671
From_Austral_SW_W,"31","0","31",0.05770774860112,262.87247800528127,-33.9251419575,150.7638298437
From_Austral_SW_W,"32","0","32",0.05855652594400,275.21900797019504,-33.9254481000,150.7630382000
From_Austral_SW_W,"33","0","33",0.05951154805416,289.23613421977797,-33.9249479605,150.7622246106
From_Austral_SW_W,"34","0","34",0.06193690669031,276.89284606907222,-33.9246569263,150.7598167768
From_Austral_SW_W,"35","0","35",0.06759602480980,276.89484839163271,-33.9239776657,150.7541985722
From_Austral_SW_W,"36","0","36",0.07082977393667,233.38489468694942,-33.9235894032,150.7509882162
From_Austral_SW_W,"37","0","37",0.07490449324892,207.34481648826289,-33.9276037660,150.7502894825
From_Austral_SW_W,"38","0","38",0.07601267036294,251.32690661265082,-33.9283898815,150.7495084070
From_Austral_SW_W,"39","0","39",0.08301226035488,234.52536585950321,-33.9274353202,150.7425742111
From_Austral_SW_W,"40","0","40",0.09027872240682,234.52488585535275,-33.9345630816,150.7411612397
From_Austral_SW_W,"41","0","41",0.09100340827245,277.83711265591427,-33.9344642654,150.7404433226
To_Austral_SW_S,"0","0","0",0.00000000000000,100.35633203611792,-33.9536059000,150.8081771000
To_Austral_SW_S,"1","0","1",0.00046782138685,84.70883078493983,-33.9536900000,150.8086373000
To_Austral_SW_S,"2","0","2",0.00105824400653,32.72785599307706,-33.9534790016,150.8091887332
To_Austral_SW_S,"3","0","3",0.00217256100627,356.10349269829260,-33.9523668903,150.8091186556
To_Austral_SW_S,"4","0","4",0.00355233487990,339.23929492515845,-33.9509907997,150.8090179061
To_Austral_SW_S,"5","0","5",0.00390850996237,300.24728605864823,-33.9507076000,150.8088019000
To_Austral_SW_S,"6","0","6",0.00690994233628,277.98743317453238,-33.9502987754,150.8058284410
To_Austral_SW_S,"7","0","7",0.00960770500716,277.99678738304164,-33.9499165000,150.8031579000
To_Austral_SW_S,"8","0","8",0.01035550782207,277.90744800138293,-33.9498144000,150.8024171000
To_Austral_SW_S,"9","0","9",0.01052504442585,277.54237853580855,-33.9497909000,150.8022492000
To_Austral_SW_S,"10","0","10",0.01070583745670,277.22879516746752,-33.9497685000,150.8020698000
To_Austral_SW_S,"11","0","11",0.01105883040274,277.30074854246982,-33.9497234000,150.8017197000
To_Austral_SW_S,"12","0","12",0.01271389939335,277.30892769916227,-33.9495142150,150.8000779037
To_Austral_SW_S,"13","0","13",0.01543409576369,277.34954566964308,-33.9491659000,150.7973801000
To_Austral_SW_S,"14","0","14",0.01605226451904,277.11848572840478,-33.9490869000,150.7967670000
To_Austral_SW_S,"15","0","15",0.01621886932082,321.75633067949246,-33.9490669000,150.7966016000
To_Austral_SW_S,"16","0","16",0.01643752631249,6.56286483315417,-33.9488497000,150.7966268000
To_Austral_SW_S,"17","0","17",0.01681515957409,51.16936597331479,-33.9484745000,150.7966696000
To_Austral_SW_S,"18","0","18",0.01690276282456,42.41042646014920,-33.9484834000,150.7967567500
To_Austral_SW_S,"19","0","19",0.01828694063414,348.98996132445643,-33.9471247002,150.7964923960
To_Austral_SW_S,"20","0","20",0.01872942890901,348.99014670005636,-33.9466903563,150.7964078899
To_Austral_SW_S,"21","0","21",0.01991670626236,0.01932383699772,-33.9455249312,150.7961811481
To_Austral_SW_S,"22","0","22",0.02046234012351,11.04809496969385,-33.9449894104,150.7962857125
To_Austral_SW_S,"23","0","23",0.02104515195323,11.04793041945292,-33.9444173993,150.7963973952
To_Austral_SW_S,"24","0","24",0.02273486729678,325.82023749406659,-33.9427590000,150.7967212000
To_Austral_SW_S,"25","0","25",0.02321250637600,280.59687058170442,-33.9426712000,150.7962517000
To_Austral_SW_S,"26","0","26",0.02367398332015,279.37451509442769,-33.9425863000,150.7957981000
To_Austral_SW_S,"27","0","27",0.02450375902479,277.98218995869320,-33.9424687000,150.7949767000
To_Austral_SW_S,"28","0","28",0.02529491021135,277.81284641790296,-33.9423611000,150.7941929000
To_Austral_SW_S,"29","0","29",0.02617810045134,277.80965797030734,-33.9422411000,150.7933179000
To_Austral_SW_S,"30","0","30",0.02696329930592,324.32500494960766,-33.9421343961,150.7925399851
To_Austral_SW_S,"31","0","31",0.02848928188550,10.83968641829348,-33.9406356413,150.7928269640
To_Austral_SW_S,"32","0","32",0.03052843396299,10.84245530386556,-33.9386328734,150.7932104503
To_Austral_SW_S,"33","0","33",0.03223330462531,10.83386370147569,-33.9369584533,150.7935312329
To_Austral_SW_S,"34","0","34",0.03278274717517,10.83109481613690,-33.9364187834,150.7936344002
To_Austral_SW_S,"35","0","35",0.03568929082291,54.48471473337028,-33.9335641006,150.7941810096
To_Austral_SW_S,"36","0","36",0.03654862302264,98.12974304822961,-33.9336856231,150.7950317058
To_Austral_SW_S,"37","0","37",0.03804776640505,98.12974304737394,-33.9338976247,150.7965157834
To_Austral_SW_S,"38","0","38",0.03993841018024,98.12974304648313,-33.9341649904,150.7983874269
From_Austral_SW_S,"0","0","0",0.00000000000000,98.14017910588807,-33.9341649904,150.7983874269
From_Austral_SW_S,"1","0","1",0.00110002471962,98.13443756820263,-33.9343207489,150.7994763684
From_Austral_SW_S,"2","0","2",0.00296692075445,144.77055071829051,-33.9345847225,150.8013245077
From_Austral_SW_S,"3","0","3",0.00441184686419,191.41255841100417,-33.9360010801,150.8010386008
From_Austral_SW_S,"4","0","4",0.00502628042625,191.41281880925055,-33.9366033646,150.8009170199
From_Austral_SW_S,"5","0","5",0.00585660648923,144.69886483284481,-33.9374172723,150.8007527162
From_Austral_SW_S,"6","0","6",0.00755977169699,144.67295714511306,-33.9376538597,150.8024393691
From_Austral_SW_S,"7","0","7",0.00827795817116,191.35989184025672,-33.9383579734,150.8022978922
From_Austral_SW_S,"8","0","8",0.00904664058851,191.35934725529691,-33.9391116000,150.8021465000
From_Austral_SW_S,"9","0","9",0.01048236813922,191.36110145396242,-33.9405192000,150.8018637000
From_Austral_SW_S,"10","0","10",0.01187539278169,191.36137547829856,-33.9418849233,150.8015892599
From_Austral_SW_S,"11","0","11",0.01339590731448,234.84504814077232,-33.9433756464,150.8012897448
From_Austral_SW_S,"12","0","12",0.01426616794296,278.32907722125401,-33.9432495751,150.8004286643
From_Austral_SW_S,"13","0","13",0.01516393683090,278.32955137003052,-33.9431195327,150.7995403637
From_Austral_SW_S,"14","0","14",0.01599754298583,277.59279003965344,-33.9429987578,150.7987155531
From_Austral_SW_S,"15","0","15",0.01800625600575,233.95159483928771,-33.9427590000,150.7967212000
From_Austral_SW_S,"16","0","16",0.01969597134930,191.04793041945291,-33.9444173993,150.7963973952
From_Austral_SW_S,"17","0","17",0.02027878317902,191.04809496969389,-33.9449894104,150.7962857125
From_Austral_SW_S,"18","0","18",0.02082441704017,180.01932383699770,-33.9455249312,150.7961811481
From_Austral_SW_S,"19","0","19",0.02201169439352,168.99014670005633,-33.9466903563,150.7964078899
From_Austral_SW_S,"20","0","20",0.02245418266839,168.98996132445643,-33.9471247002,150.7964923960
From_Austral_SW_S,"21","0","21",0.02383836047796,132.41042646107891,-33.9484834000,150.7967567500
From_Austral_SW_S,"22","0","22",0.02392596376275,141.30574539534732,-33.9484923000,150.7968439000
From_Austral_SW_S,"23","0","23",0.02430964734337,142.05293650222160,-33.9488733000,150.7967986000
From_Austral_SW_S,"24","0","24",0.02766193989524,97.52122312393877,-33.9493007301,150.8001235314
From_Austral_SW_S,"25","0","25",0.02967241692617,97.15202071540837,-33.9495707000,150.8021158000
From_Austral_SW_S,"26","0","26",0.02984676783666,96.59370112001982,-33.9495907000,150.8022890000
From_Austral_SW_S,"27","0","27",0.03011907270261,97.85725385758680,-33.9496220000,150.8025595000
From_Austral_SW_S,"28","0","28",0.03070871700217,98.48041394231430,-33.9497154000,150.8031417000
From_Austral_SW_S,"29","0","29",0.03235018647188,97.85566629845707,-33.9499395000,150.8047678000
From_Austral_SW_S,"30","0","30",0.03347908186363,97.86425866763511,-33.9500939692,150.8058860773
From_Austral_SW_S,"31","0","31",0.03437404281000,97.82211335915380,-33.9502164187,150.8067726218
From_Austral_SW_S,"32","0","32",0.03629449981208,97.89700189627872,-33.9504764000,150.8086754000
From_Austral_SW_S,"33","0","33",0.03641285558930,97.80189677435455,-33.9504929000,150.8087926000
From_Austral_SW_S,"34","0","34",0.03674446097228,139.07549803680379,-33.9505367000,150.8091213000
From_Austral_SW_S,"35","0","35",0.03695897125177,191.73888204984115,-33.9507512000,150.8091192000
From_Austral_SW_S,"36","0","36",0.03721910283879,189.36472363296420,-33.9509907997,150.8090179061
From_Austral_SW_S,"37","0","37",0.03859887671242,176.10349269829260,-33.9523668903,150.8091186556
From_Austral_SW_S,"38","0","38",0.03971319371216,175.54985017092037,-33.9534790016,150.8091887332
From_Austral_SW_S,"39","0","39",0.04029869426312,221.62618123845482,-33.9540620040,150.8092427621
From_Austral_SW_S,"40","0","40",0.04116223399618,275.42408042147844,-33.9540839000,150.8083795000
From_Austral_SW_S,"41","0","41",0.04165645835833,282.30111625549574,-33.9539786058,150.8078966223
To_Austral_NE_S,"0","0","0",0.00000000000000,100.35633203611792,-33.9536059000,150.8081771000
To_Austral_NE_S,"1","0","1",0.00046782138685,84.70883078493983,-33.9536900000,150.8086373000
To_Austral_NE_S,"2","0","2",0.00105824400653,32.72785599307706,-33.9534790016,150.8091887332
To_Austral_NE_S,"3","0","3",0.00217256100627,356.10349269829260,-33.9523668903,150.8091186556
To_Austral_NE_S,"4","0","4",0.00355233487990,339.23929492515845,-33.9509907997,150.8090179061
To_Austral_NE_S,"5","0","5",0.00390850996237,340.09284938698011,-33.9507076000,150.8088019000
To_Austral_NE_S,"6","0","6",0.00412341128891,358.21566097079136,-33.9504929000,150.8087926000
To_Austral_NE_S,"7","0","7",0.00423923218518,359.67809567650363,-33.9503771000,150.8087904000
To_Austral_NE_S,"8","0","8",0.00515425973122,2.34461003917100,-33.9494621000,150.8087975000
To_Austral_NE_S,"9","0","9",0.00528261178610,4.24629208561737,-33.9493341000,150.8088070000
To_Austral_NE_S,"10","0","10",0.00541086411549,6.62359820838999,-33.9492062000,150.8088165000
To_Austral_NE_S,"11","0","11",0.00592549907354,11.24991001888903,-33.9486979000,150.8088970000
To_Austral_NE_S,"12","0","12",0.00670894763590,12.23917459593051,-33.9479361000,150.8090799000
To_Austral_NE_S,"13","0","13",0.00720624767616,11.39275189635925,-33.9474479000,150.8091746000
To_Austral_NE_S,"14","0","14",0.01013399945017,11.50231887019487,-33.9445821000,150.8097737000
To_Austral_NE_S,"15","0","15",0.01186317117332,11.19675390884178,-33.9428858420,150.8101094732
To_Austral_NE_S,"16","0","16",0.01232492803190,11.19650379545378,-33.9424328739,150.8101991353
To_Austral_NE_S,"17","0","17",0.01309210333613,11.35724850405840,-33.9416803000,150.8103481000
To_Austral_NE_S,"18","0","18",0.01394434234305,11.51797073966598,-33.9408452236,150.8105182727
To_Austral_NE_S,"19","0","19",0.01459353914225,11.51728393822032,-33.9402091000,150.8106479000
To_Austral_NE_S,"20","0","20",0.01520213981144,11.51528031099650,-33.9396127526,150.8107694094
To_Austral_NE_S,"21","0","21",0.01599014992963,11.16159889920145,-33.9388406000,150.8109267000
To_Austral_NE_S,"22","0","22",0.01675985209489,10.80934666155077,-33.9380845549,150.8110710511
To_Austral_NE_S,"23","0","23",0.01750807139389,10.80934666063360,-33.9373496115,150.8112113733
To_Austral_NE_S,"24","0","24",0.01818885411909,10.80934666057203,-33.9366809081,150.8113390484
To_Austral_NE_S,"25","0","25",0.01887910969565,10.98920711536842,-33.9360029000,150.8114685000
To_Austral_NE_S,"26","0","26",0.02184651268144,11.36148040207423,-33.9330917000,150.8120433000
To_Austral_NE_S,"27","0","27",0.02477127795236,11.20403501071913,-33.9302262000,150.8126291000
To_Austral_NE_S,"28","0","28",0.02631268306423,10.85401707028124,-33.9287123712,150.8129193621
To_Austral_NE_S,"29","0","29",0.02701228056044,10.85375943281240,-33.9280252890,150.8130510995
To_Austral_NE_S,"30","0","30",0.02768673467302,11.12150200675922,-33.9273629000,150.8131781000
To_Austral_NE_S,"31","0","31",0.02849553803328,11.38934250789465,-33.9265700237,150.8133378184
To_Austral_NE_S,"32","0","32",0.02915088914858,11.38934251609739,-33.9259275778,150.8134672339
To_Austral_NE_S,"33","0","33",0.02978768187980,11.38915938006644,-33.9253033248,150.8135929845
To_Austral_NE_S,"34","0","34",0.03015826489938,11.38891559925158,-33.9249400389,150.8136661631
To_Austral_NE_S,"35","0","35",0.03060612225605,11.81620547873270,-33.9245010000,150.8137546000
To_Austral_NE_S,"36","0","36",0.03091561455442,12.24322241556818,-33.9241985471,150.8138202333
To_Austral_NE_S,"37","0","37",0.03140717824142,11.72804726423746,-33.9237181628,150.8139244726
To_Austral_NE_S,"38","0","38",0.03234667594748,324.57394447886526,-33.9227965998,150.8141071677
To_Austral_NE_S,"39","0","39",0.03267858097027,277.93468325900449,-33.9227507823,150.8137784403
To_Austral_NE_S,"40","0","40",0.03325118613188,277.93468325872482,-33.9226717375,150.8132113172
To_Austral_NE_S,"41","0","41",0.03375197218404,277.93468325828059,-33.9226026069,150.8127153256
To_Austral_NE_S,"42","0","42",0.03410327687459,277.93468325838268,-33.9225541114,150.8123673843
To_Austral_NE_S,"43","0","43",0.03450036309113,298.68783979457777,-33.9224992960,150.8119740998
To_Austral_NE_S,"44","0","44",0.03544974453057,319.44099632985166,-33.9217780160,150.8113567827
To_Austral_NE_S,"45","0","45",0.03620781402539,319.44151631798593,-33.9212020827,150.8108638626
To_Austral_NE_S,"46","0","46",0.03791525020688,345.39202881515865,-33.9199048606,150.8097536586
To_Austral_NE_S,"47","0","47",0.03839847702087,11.34202132282619,-33.9194310708,150.8098486926
To_Austral_NE_S,"48","0","48",0.03884521894069,11.34202132412884,-33.9189930535,150.8099365512
To_Austral_NE_S,"49","0","49",0.03935747637871,11.34202132422810,-33.9184908001,150.8100372944
To_Austral_NE_S,"50","0","50",0.03972887494645,11.34175348076480,-33.9181266547,150.8101103356
To_Austral_NE_S,"51","0","51",0.03992761946305,11.34148563358219,-33.9179317911,150.8101494200
To_Austral_NE_S,"52","0","52",0.04009578897927,11.34148562653524,-33.9177669056,150.8101824915
To_Austral_NE_S,"53","0","53",0.04031300208519,11.34995033059589,-33.9175539341,150.8102252078
To_Austral_NE_S,"54","0","54",0.04063811912900,11.34424175058169,-33.9172351846,150.8102892383
To_Austral_NE_S,"55","0","55",0.04112020374733,11.33577704553719,-33.9167624950,150.8103839490
To_Austral_NE_S,"56","0","56",0.04154249844626,35.29768427631100,-33.9163484467,150.8104669958
To_Austral_NE_S,"57","0","57",0.04182097974455,59.25388292735912,-33.9162060773,150.8107063341
To_Austral_NE_S,"58","0","58",0.04211762035982,59.25388292727472,-33.9160544243,150.8109612792
To_Austral_NE_S,"59","0","59",0.04248896404325,59.25388292711850,-33.9158645805,150.8112804272
To_Austral_NE_S,"60","0","60",0.04275373287118,59.25388292726869,-33.9157292215,150.8115079804
To_Austral_NE_S,"61","0","61",0.04306133297993,59.25388292724048,-33.9155719656,150.8117723446
To_Austral_NE_S,"62","0","62",0.04335292346656,59.25332751325914,-33.9154228943,150.8120229494
To_Austral_NE_S,"63","0","63",0.04463682400462,59.25277209868452,-33.9147664983,150.8131263735
To_Austral_NE_S,"64","0","64",0.04516333081829,78.59361566110501,-33.9144973209,150.8135788699
To_Austral_NE_S,"65","0","65",0.04664346492226,97.93445922372764,-33.9147016389,150.8150448341
To_Austral_NE_S,"66","0","66",0.04731682408170,97.93445922372364,-33.9147945896,150.8157117469
From_Austral_NE_S,"0","0","0",0.00000000000000,97.95436749117441,-33.9147945896,150.8157117469
From_Austral_NE_S,"1","0","1",0.00089033647118,97.93430582408681,-33.9149177982,150.8165935171
From_Austral_NE_S,"2","0","2",0.00186117731318,97.92384111137177,-33.9150514741,150.8175551109
From_Austral_NE_S,"3","0","3",0.00215350505285,118.68610337787570,-33.9150918219,150.8178446408
From_Austral_NE_S,"4","0","4",0.00332600540080,139.43876869052022,-33.9159825839,150.8186070713
From_Austral_NE_S,"5","0","5",0.00386093283956,139.43824870446019,-33.9163889744,150.8189549134
From_Austral_NE_S,"6","0","6",0.00556837537426,165.38654222809987,-33.9176861179,150.8200652190
From_Austral_NE_S,"7","0","7",0.00637050662963,191.33535573511634,-33.9184726025,150.8199075592
From_Austral_NE_S,"8","0","8",0.00660955155221,191.33535573485995,-33.9187069845,150.8198605746
From_Austral_NE_S,"9","0","9",0.00707991024022,191.33535573817477,-33.9191681681,150.8197681250
From_Austral_NE_S,"10","0","10",0.00738199573879,191.33562333212555,-33.9194643610,150.8197087497
From_Austral_NE_S,"11","0","11",0.00831520950024,191.33589092509823,-33.9203793694,150.8195253169
From_Austral_NE_S,"12","0","12",0.00919561736539,215.29393792753029,-33.9212426020,150.8193522636
From_Austral_NE_S,"13","0","13",0.01024259263398,239.25198493005468,-33.9217778820,150.8184524678
From_Austral_NE_S,"14","0","14",0.01100611923178,239.25254043282882,-33.9221682452,150.8177962746
From_Austral_NE_S,"15","0","15",0.01142017710985,239.25309593697614,-33.9223799309,150.8174404192
From_Austral_NE_S,"16","0","16",0.01174965537422,239.25309593739294,-33.9225483755,150.8171572543
From_Austral_NE_S,"17","0","17",0.01225230583020,239.25309593675530,-33.9228053539,150.8167252594
From_Austral_NE_S,"18","0","18",0.01281663877839,258.59337891086477,-33.9230938672,150.8162402525
From_Austral_NE_S,"19","0","19",0.01497033760518,234.57343379190868,-33.9227965998,150.8141071677
From_Austral_NE_S,"20","0","20",0.01590983531124,191.72804726423746,-33.9237181628,150.8139244726
From_Austral_NE_S,"21","0","21",0.01640139899824,192.24322241556820,-33.9241985471,150.8138202333
From_Austral_NE_S,"22","0","22",0.01671089129660,191.81620547873271,-33.9245010000,150.8137546000
From_Austral_NE_S,"23","0","23",0.01715874865328,191.38891559925156,-33.9249400389,150.8136661631
From_Austral_NE_S,"24","0","24",0.01752933167285,191.38915938006642,-33.9253033248,150.8135929845
From_Austral_NE_S,"25","0","25",0.01816612440408,191.38934251609737,-33.9259275778,150.8134672339
From_Austral_NE_S,"26","0","26",0.01882147551938,191.38934250789464,-33.9265700237,150.8133378184
From_Austral_NE_S,"27","0","27",0.01963027887963,191.12150200675924,-33.9273629000,150.8131781000
From_Austral_NE_S,"28","0","28",0.02030473299221,190.85375943281238,-33.9280252890,150.8130510995
From_Austral_NE_S,"29","0","29",0.02100433048843,190.85401707028126,-33.9287123712,150.8129193621
From_Austral_NE_S,"30","0","30",0.02254573560030,191.20403501071914,-33.9302262000,150.8126291000
From_Austral_NE_S,"31","0","31",0.02547050087121,191.36148040207428,-33.9330917000,150.8120433000
From_Austral_NE_S,"32","0","32",0.02843790385700,190.98920711536843,-33.9360029000,150.8114685000
From_Austral_NE_S,"33","0","33",0.02912815943357,190.80934666057203,-33.9366809081,150.8113390484
From_Austral_NE_S,"34","0","34",0.02980894215877,190.80934666063362,-33.9373496115,150.8112113733
From_Austral_NE_S,"35","0","35",0.03055716145776,190.80934666155082,-33.9380845549,150.8110710511
From_Austral_NE_S,"36","0","36",0.03132686362303,191.16159889920146,-33.9388406000,150.8109267000
From_Austral_NE_S,"37","0","37",0.03211487374122,191.51528031099653,-33.9396127526,150.8107694094
From_Austral_NE_S,"38","0","38",0.03272347441041,191.51728393822034,-33.9402091000,150.8106479000
From_Austral_NE_S,"39","0","39",0.03337267120960,191.51797073966603,-33.9408452236,150.8105182727
From_Austral_NE_S,"40","0","40",0.03422491021653,191.35724850405839,-33.9416803000,150.8103481000
From_Austral_NE_S,"41","0","41",0.03499208552075,191.19650379545379,-33.9424328739,150.8101991353
From_Austral_NE_S,"42","0","42",0.03545384237934,191.19675390884177,-33.9428858420,150.8101094732
From_Austral_NE_S,"43","0","43",0.03718301410249,191.50231887019487,-33.9445821000,150.8097737000
From_Austral_NE_S,"44","0","44",0.04011076587650,191.39275189635927,-33.9474479000,150.8091746000
From_Austral_NE_S,"45","0","45",0.04060806591676,187.07032024771081,-33.9479361000,150.8090799000
From_Austral_NE_S,"46","0","46",0.04111373618476,181.39988701656102,-33.9484410000,150.8090520000
From_Austral_NE_S,"47","0","47",0.04142934252186,178.83650125106342,-33.9487566000,150.8090540000
From_Austral_NE_S,"48","0","48",0.04207422131664,177.80822720284036,-33.9494011000,150.8090761000
From_Austral_NE_S,"49","0","49",0.04271849573797,177.42881542408870,-33.9500448000,150.8091033000
From_Austral_NE_S,"50","0","50",0.04309952588112,178.66437194677559,-33.9504254000,150.8091214000
From_Austral_NE_S,"51","0","51",0.04321082592643,180.30619923164230,-33.9505367000,150.8091213000
From_Austral_NE_S,"52","0","52",0.04342533620592,191.73888204984115,-33.9507512000,150.8091192000
From_Austral_NE_S,"53","0","53",0.04368546779294,189.36472363296420,-33.9509907997,150.8090179061
From_Austral_NE_S,"54","0","54",0.04506524166657,176.10349269829260,-33.9523668903,150.8091186556
From_Austral_NE_S,"55","0","55",0.04617955866631,175.54985017092037,-33.9534790016,150.8091887332
From_Austral_NE_S,"56","0","56",0.04676505921727,221.62618123845482,-33.9540620040,150.8092427621
From_Austral_NE_S,"57","0","57",0.04762859895033,275.42408042147844,-33.9540839000,150.8083795000
From_Austral_NE_S,"58","0","58",0.04812282331248,282.30111625549574,-33.9539786058,150.8078966223
To_Rossmore_SE_W,"0","0","0",0.00000000000000,97.83710646420788,-33.9344642654,150.7404433226
To_Rossmore_SE_W,"1","0","1",0.00072468578370,54.52488300243501,-33.9345630816,150.7411612397
To_Rossmore_SE_W,"2","0","2",0.00799114782649,54.52536617439148,-33.9274353202,150.7425742111
To_Rossmore_SE_W,"3","0","3",0.01499073782988,71.32690646653995,-33.9283898815,150.7495084070
To_Rossmore_SE_W,"4","0","4",0.01609891493001,27.34481650397542,-33.9276037660,150.7502894825
To_Rossmore_SE_W,"5","0","5",0.02017363427680,53.38489512573388,-33.9235894032,150.7509882162
To_Rossmore_SE_W,"6","0","6",0.02340738338365,96.89484859769520,-33.9239776657,150.7541985722
To_Rossmore_SE_W,"7","0","7",0.02906650150408,96.89284638620177,-33.9246569263,150.7598167768
To_Rossmore_SE_W,"8","0","8",0.03149186010957,109.23613393107706,-33.9249479605,150.7622246106
To_Rossmore_SE_W,"9","0","9",0.03244688221531,95.21900774232131,-33.9254481000,150.7630382000
To_Rossmore_SE_W,"10","0","10",0.03329565955226,82.87247841427833,-33.9251419575,150.7638298437
To_Rossmore_SE_W,"11","0","11",0.04703966083093,53.37160380721325,-33.9267900978,150.7774746671
To_Rossmore_SE_W,"12","0","12",0.04975613065151,53.36937380112503,-33.9241137193,150.7779396470
To_Rossmore_SE_W,"13","0","13",0.05460690951974,53.36754979342016,-33.9246950356,150.7827554675
To_Rossmore_SE_W,"14","0","14",0.05596514304244,53.36686391756436,-33.9233568329,150.7829878721
To_Rossmore_SE_W,"15","0","15",0.05677359908965,93.85763029221863,-33.9234536989,150.7837905041
To_Rossmore_SE_W,"16","0","16",0.05748837068992,96.23252670985694,-33.9234641000,150.7845052000
To_Rossmore_SE_W,"17","0","17",0.05839761620249,99.25552281818695,-33.9236474154,150.7853957745
To_Rossmore_SE_W,"18","0","18",0.06163146701054,143.36428122111766,-33.9240347863,150.7886063406
To_Rossmore_SE_W,"19","0","19",0.06434793288449,233.36422271456019,-33.9267112185,150.7881416928
To_Rossmore_SE_W,"20","0","20",0.06677339687544,233.36535876636617,-33.9264206861,150.7857336923
To_Rossmore_SE_W,"21","0","21",0.06948986530033,143.36549096921445,-33.9290971024,150.7852689380
To_Rossmore_SE_W,"22","0","22",0.07110688893285,96.87991569698808,-33.9292908038,150.7868743180
From_Rossmore_SE_W,"0","0","0",0.00000000000000,189.85056710504765,-33.9292908038,150.7868743180
From_Rossmore_SE_W,"1","0","1",0.00135823467166,233.36516446602784,-33.9306290144,150.7866419525
From_Rossmore_SE_W,"2","0","2",0.00216675950807,233.36578228806394,-33.9305321643,150.7858392492
From_Rossmore_SE_W,"3","0","3",0.00624146665001,233.36650516649249,-33.9345467842,150.7851420653
From_Rossmore_SE_W,"4","0","4",0.01109280566633,233.36841958144410,-33.9339655394,150.7803256720
From_Rossmore_SE_W,"5","0","5",0.01245104300723,233.36948714226770,-33.9353037321,150.7800931877
From_Rossmore_SE_W,"6","0","6",0.01649384621449,323.37033482806595,-33.9348192093,150.7760795241
From_Rossmore_SE_W,"7","0","7",0.02464326678941,323.37232160559927,-33.9267900978,150.7774746671
From_Rossmore_SE_W,"8","0","8",0.03838726806808,262.87247841427831,-33.9251419575,150.7638298437
From_Rossmore_SE_W,"9","0","9",0.03923604540503,275.21900774232131,-33.9254481000,150.7630382000
From_Rossmore_SE_W,"10","0","10",0.04019106751076,289.23613393107706,-33.9249479605,150.7622246106
From_Rossmore_SE_W,"11","0","11",0.04261642611625,276.89284638620177,-33.9246569263,150.7598167768
From_Rossmore_SE_W,"12","0","12",0.04827554423668,276.89484859769522,-33.9239776657,150.7541985722
From_Rossmore_SE_W,"13","0","13",0.05150929334354,233.38489512573389,-33.9235894032,150.7509882162
From_Rossmore_SE_W,"14","0","14",0.05558401269033,207.34481650397541,-33.9276037660,150.7502894825
From_Rossmore_SE_W,"15","0","15",0.05669218979045,251.32690646653995,-33.9283898815,150.7495084070
From_Rossmore_SE_W,"16","0","16",0.06369177979385,234.52536617439145,-33.9274353202,150.7425742111
From_Rossmore_SE_W,"17","0","17",0.07095824183663,234.52488300243499,-33.9345630816,150.7411612397
From_Rossmore_SE_W,"18","0","18",0.07168292762033,277.83710646420781,-33.9344642654,150.7404433226
To_Rossmore_SE_S,"0","0","0",0.00000000000000,96.88088736171036,-33.9504113986,150.7807468044
To_Rossmore_SE_S,"1","0","1",0.00161741383246,53.36858757041190,-33.9506051739,150.7823525686
To_Rossmore_SE_S,"2","0","2",0.00433389684331,53.36816904002685,-33.9479287856,150.7828175693
To_Rossmore_SE_S,"3","0","3",0.00595126743411,72.78528255463398,-33.9481225323,150.7844232934
To_Rossmore_SE_S,"4","0","4",0.00606523404841,343.66065829004060,-33.9480473000,150.7845089000
To_Rossmore_SE_S,"5","0","5",0.00625781486258,325.41932252101799,-33.9480184000,150.7843185000
To_Rossmore_SE_S,"6","0","6",0.00687353824207,11.80988085796344,-33.9474166000,150.7844487000
To_Rossmore_SE_S,"7","0","7",0.00709389468059,11.41148824457599,-33.9472006000,150.7844923000
To_Rossmore_SE_S,"8","0","8",0.00741919316961,28.45317689654509,-33.9468817317,150.7845566592
To_Rossmore_SE_S,"9","0","9",0.00755814245162,27.67455506827110,-33.9467843327,150.7846557568
To_Rossmore_SE_S,"10","0","10",0.01299110010893,323.36693554988858,-33.9414315242,150.7855855258
To_Rossmore_SE_S,"11","0","11",0.01541696943593,323.36690641783321,-33.9411409262,150.7831771249
To_Rossmore_SE_S,"12","0","12",0.02220815785018,323.36757722499590,-33.9344499230,150.7843393278
To_Rossmore_SE_S,"13","0","13",0.02625093666356,233.36851495308298,-33.9339655394,150.7803256720
To_Rossmore_SE_S,"14","0","14",0.02760917400445,233.36948714226770,-33.9353037321,150.7800931877
To_Rossmore_SE_S,"15","0","15",0.03165197721172,323.37033482806595,-33.9348192093,150.7760795241
To_Rossmore_SE_S,"16","0","16",0.03980139778663,9.85660915223356,-33.9267900978,150.7774746671
To_Rossmore_SE_S,"17","0","17",0.04251786760722,53.36937380112503,-33.9241137193,150.7779396470
To_Rossmore_SE_S,"18","0","18",0.04736864647545,53.36754979342016,-33.9246950356,150.7827554675
To_Rossmore_SE_S,"19","0","19",0.04872687999815,53.36686391756436,-33.9233568329,150.7829878721
To_Rossmore_SE_S,"20","0","20",0.04953533604536,93.85763029221863,-33.9234536989,150.7837905041
To_Rossmore_SE_S,"21","0","21",0.05025010764562,90.83377608774640,-33.9234641000,150.7845052000
From_Rossmore_SE_S,"0","0","0",0.00000000000000,101.63127733196747,-33.9234641000,150.7845052000
From_Rossmore_SE_S,"1","0","1",0.00090924551257,99.25552281818695,-33.9236474154,150.7853957745
From_Rossmore_SE_S,"2","0","2",0.00414309632062,143.36428122111766,-33.9240347863,150.7886063406
From_Rossmore_SE_S,"3","0","3",0.00685956219457,233.36422271456019,-33.9267112185,150.7881416928
From_Rossmore_SE_S,"4","0","4",0.00928502618552,233.36535876636617,-33.9264206861,150.7857336923
From_Rossmore_SE_S,"5","0","5",0.01200149461042,143.36549096921445,-33.9290971024,150.7852689380
From_Rossmore_SE_S,"6","0","6",0.01361851824294,143.36524140101784,-33.9292908038,150.7868743180
From_Rossmore_SE_S,"7","0","7",0.01497675291460,233.36516446602784,-33.9306290144,150.7866419525
From_Rossmore_SE_S,"8","0","8",0.01578527775101,233.36578228806394,-33.9305321643,150.7858392492
From_Rossmore_SE_S,"9","0","9",0.01985998489295,233.36602831091685,-33.9345467842,150.7851420653
From_Rossmore_SE_S,"10","0","10",0.02066854509603,233.36700499778135,-33.9344499230,150.7843393278
From_Rossmore_SE_S,"11","0","11",0.02745973351028,143.36690641783321,-33.9411409262,150.7831771249
From_Rossmore_SE_S,"12","0","12",0.02988560283728,143.36693554988861,-33.9414315242,150.7855855258
From_Rossmore_SE_S,"13","0","13",0.03531856049459,166.86080394137485,-33.9467843327,150.7846557568
From_Rossmore_SE_S,"14","0","14",0.03549816067582,167.76721119589692,-33.9469293883,150.7847616581
From_Rossmore_SE_S,"15","0","15",0.03580307157226,191.86614536044061,-33.9472280000,150.7847000000
From_Rossmore_SE_S,"16","0","16",0.03602313301867,192.78589872772881,-33.9474432000,150.7846540000
From_Rossmore_SE_S,"17","0","17",0.03664441461339,211.09832521945387,-33.9480473000,150.7845089000
From_Rossmore_SE_S,"18","0","18",0.03675838122769,252.78528255463402,-33.9481225323,150.7844232934
From_Rossmore_SE_S,"19","0","19",0.03837575181848,233.36816904002680,-33.9479287856,150.7828175693
From_Rossmore_SE_S,"20","0","20",0.04109223482933,233.36858757041190,-33.9506051739,150.7823525686
From_Rossmore_SE_S,"21","0","21",0.04270964866179,276.88088736171034,-33.9504113986,150.7807468044
To_Rossmore_SE_E,"0","0","0",0.00000000000000,172.54455296325617,-33.9325444000,150.8214168000
To_Rossmore_SE_E,"1","0","1",0.00027744550810,167.28664474323111,-33.9328195000,150.8214528000
To_Rossmore_SE_E,"2","0","2",0.00083231691669,175.28811186408129,-33.9333473000,150.8216240000
To_Rossmore_SE_E,"3","0","3",0.00101868692498,198.17782567010352,-33.9335316000,150.8215963000
To_Rossmore_SE_E,"4","0","4",0.00126605426317,220.06557855240544,-33.9337504000,150.8214809000
To_Rossmore_SE_E,"5","0","5",0.00180416765264,234.28483256309633,-33.9340793000,150.8210550000
To_Rossmore_SE_E,"6","0","6",0.00198000772205,238.11779605263800,-33.9341770000,150.8209088000
To_Rossmore_SE_E,"7","0","7",0.00216154691894,252.42346223476167,-33.9342678000,150.8207516000
To_Rossmore_SE_E,"8","0","8",0.00230994412243,270.02333279927342,-33.9342811000,150.8206038000
To_Rossmore_SE_E,"9","0","9",0.00257974970057,276.59319047999929,-33.9342567000,150.8203351000
To_Rossmore_SE_E,"10","0","10",0.00305846706715,277.99771987908201,-33.9341900943,150.8198610388
To_Rossmore_SE_E,"11","0","11",0.00389825916702,277.99600696882715,-33.9340732509,150.8190294149
To_Rossmore_SE_E,"12","0","12",0.00486056341188,277.99569671054974,-33.9339394189,150.8180764624
To_Rossmore_SE_E,"13","0","13",0.00605664444885,277.99855744327209,-33.9337730166,150.8168920131
To_Rossmore_SE_E,"14","0","14",0.00781600139539,277.99886770341175,-33.9335281610,150.8151497782
To_Rossmore_SE_E,"15","0","15",0.00899146777841,277.99771987893990,-33.9333646140,150.8139857448
To_Rossmore_SE_E,"16","0","16",0.01095299114538,277.67375459372846,-33.9330917000,150.8120433000
To_Rossmore_SE_E,"17","0","17",0.01195029975370,277.35005576963539,-33.9329641178,150.8110541856
To_Rossmore_SE_E,"18","0","18",0.01320691586055,277.35057602631440,-33.9328033517,150.8098078958
To_Rossmore_SE_E,"19","0","19",0.01409707639165,277.34981774337206,-33.9326894605,150.8089250512
To_Rossmore_SE_E,"20","0","20",0.01582797906157,277.34877994440825,-33.9324680617,150.8072083665
To_Rossmore_SE_E,"21","0","21",0.01727089770123,234.23578964689364,-33.9322835000,150.8057773000
To_Rossmore_SE_E,"22","0","22",0.01799347509532,191.12303686533960,-33.9329925044,150.8056379055
To_Rossmore_SE_E,"23","0","23",0.02018249253916,190.99250900346260,-33.9351404000,150.8052156000
To_Rossmore_SE_E,"24","0","24",0.02306085943718,191.12228824686599,-33.9379672000,150.8046732000
To_Rossmore_SE_E,"25","0","25",0.02377282397759,191.38280715031365,-33.9386651605,150.8045326844
To_Rossmore_SE_E,"26","0","26",0.02444456184272,191.38280715109522,-33.9393236856,150.8044001081
To_Rossmore_SE_E,"27","0","27",0.02514260802281,191.25493348544126,-33.9400080015,150.8042623395
To_Rossmore_SE_E,"28","0","28",0.02599676323802,234.65071499256513,-33.9408461000,150.8040975000
To_Rossmore_SE_E,"29","0","29",0.02740618303711,278.37578213478372,-33.9406457000,150.8027024000
To_Rossmore_SE_E,"30","0","30",0.02825436930201,324.96860788133336,-33.9405192000,150.8018637000
To_Rossmore_SE_E,"31","0","31",0.02969009685272,325.22218328918643,-33.9391116000,150.8021465000
To_Rossmore_SE_E,"32","0","32",0.03051800114610,235.49706484183096,-33.9389808836,150.8013289801
To_Rossmore_SE_E,"33","0","33",0.03117356011264,234.35541391225613,-33.9396223309,150.8011936916
To_Rossmore_SE_E,"34","0","34",0.03340166986253,276.80104306111610,-33.9393584736,150.7989812602
To_Rossmore_SE_E,"35","0","35",0.03497403739231,277.05035109760001,-33.9391722706,150.7974199569
To_Rossmore_SE_E,"36","0","36",0.03591286598297,277.30114161555906,-33.9390529842,150.7964887373
To_Rossmore_SE_E,"37","0","37",0.03671875788285,277.30262409412421,-33.9389505473,150.7956893823
To_Rossmore_SE_E,"38","0","38",0.03751017215579,277.30262409474642,-33.9388499506,150.7949043875
To_Rossmore_SE_E,"39","0","39",0.03841176258262,277.30262409529701,-33.9387353494,150.7940101102
To_Rossmore_SE_E,"40","0","40",0.03921796192525,277.30262409544957,-33.9386328734,150.7932104503
To_Rossmore_SE_E,"41","0","41",0.04002509197341,277.30152097443005,-33.9385302790,150.7924098672
To_Rossmore_SE_E,"42","0","42",0.04080244851718,277.30376500816385,-33.9384314989,150.7916388123
To_Rossmore_SE_E,"43","0","43",0.04118458052531,277.30404855225851,-33.9383828964,150.7912597837
To_Rossmore_SE_E,"44","0","44",0.04160670651166,277.30258784099726,-33.9383292519,150.7908410802
To_Rossmore_SE_E,"45","0","45",0.04204837072579,287.89318823417454,-33.9382731000,150.7904030000
To_Rossmore_SE_E,"46","0","46",0.04215531463629,313.24926919898627,-33.9382221000,150.7903090000
To_Rossmore_SE_E,"47","0","47",0.04226708082082,349.51032365822812,-33.9381273000,150.7902498000
To_Rossmore_SE_E,"48","0","48",0.04443219548047,11.00392800634975,-33.9360019956,150.7906630827
To_Rossmore_SE_E,"49","0","49",0.04734674415475,11.00313374724467,-33.9331410299,150.7912193826
To_Rossmore_SE_E,"50","0","50",0.05035779524426,325.65392019183122,-33.9301853275,150.7917940578
To_Rossmore_SE_E,"51","0","51",0.05535819644338,235.07785068134120,-33.9292908038,150.7868743180
To_Rossmore_SE_E,"52","0","52",0.05671643111505,233.36516446602784,-33.9306290144,150.7866419525
To_Rossmore_SE_E,"53","0","53",0.05752495595146,233.36578228806394,-33.9305321643,150.7858392492
To_Rossmore_SE_E,"54","0","54",0.06159966309340,233.36602831091685,-33.9345467842,150.7851420653
To_Rossmore_SE_E,"55","0","55",0.06240822329647,276.88082609992841,-33.9344499230,150.7843393278
To_Rossmore_SE_E,"56","0","56",0.06645100210985,233.36851495308298,-33.9339655394,150.7803256720
To_Rossmore_SE_E,"57","0","57",0.06780923945075,233.36948714226770,-33.9353037321,150.7800931877
To_Rossmore_SE_E,"58","0","58",0.07185204265801,323.37033482806595,-33.9348192093,150.7760795241
To_Rossmore_SE_E,"59","0","59",0.08000146323292,9.85732695061954,-33.9267900978,150.7774746671
From_Rossmore_SE_E,"0","0","0",0.00000000000000,9.85589135384754,-33.9267900978,150.7774746671
From_Rossmore_SE_E,"1","0","1",0.00271646982058,53.36937380112503,-33.9241137193,150.7779396470
From_Rossmore_SE_E,"2","0","2",0.00756724868882,53.36754979342016,-33.9246950356,150.7827554675
From_Rossmore_SE_E,"3","0","3",0.00892548221151,53.36686391756436,-33.9233568329,150.7829878721
From_Rossmore_SE_E,"4","0","4",0.00973393825873,93.85763029221863,-33.9234536989,150.7837905041
From_Rossmore_SE_E,"5","0","5",0.01044870985899,96.23252670985694,-33.9234641000,150.7845052000
From_Rossmore_SE_E,"6","0","6",0.01135795537156,99.25552281818695,-33.9236474154,150.7853957745
From_Rossmore_SE_E,"7","0","7",0.01459180617961,143.36428122111766,-33.9240347863,150.7886063406
From_Rossmore_SE_E,"8","0","8",0.01730827205356,233.36422271456019,-33.9267112185,150.7881416928
From_Rossmore_SE_E,"9","0","9",0.01973373604451,233.36535876636617,-33.9264206861,150.7857336923
From_Rossmore_SE_E,"10","0","10",0.02245020446941,143.36549096921445,-33.9290971024,150.7852689380
From_Rossmore_SE_E,"11","0","11",0.02406722810193,98.59252497731140,-33.9292908038,150.7868743180
From_Rossmore_SE_E,"12","0","12",0.02906762930105,145.65392019183119,-33.9301853275,150.7917940578
From_Rossmore_SE_E,"13","0","13",0.03207868039056,191.00313374724470,-33.9331410299,150.7912193826
From_Rossmore_SE_E,"14","0","14",0.03499322906484,191.00392800634975,-33.9360019956,150.7906630827
From_Rossmore_SE_E,"15","0","15",0.03715834372449,169.51032365822812,-33.9381273000,150.7902498000
From_Rossmore_SE_E,"16","0","16",0.03727010990902,133.24926919898621,-33.9382221000,150.7903090000
From_Rossmore_SE_E,"17","0","17",0.03737705381952,107.89318823417453,-33.9382731000,150.7904030000
From_Rossmore_SE_E,"18","0","18",0.03781871803366,97.30258784099730,-33.9383292519,150.7908410802
From_Rossmore_SE_E,"19","0","19",0.03824084402000,97.30404855225854,-33.9383828964,150.7912597837
From_Rossmore_SE_E,"20","0","20",0.03862297602813,97.30376500816385,-33.9384314989,150.7916388123
From_Rossmore_SE_E,"21","0","21",0.03940033257190,97.30152097443003,-33.9385302790,150.7924098672
From_Rossmore_SE_E,"22","0","22",0.04020746262006,97.30262409544953,-33.9386328734,150.7932104503
From_Rossmore_SE_E,"23","0","23",0.04101366196269,97.30262409529705,-33.9387353494,150.7940101102
From_Rossmore_SE_E,"24","0","24",0.04191525238952,97.30262409474639,-33.9388499506,150.7949043875
From_Rossmore_SE_E,"25","0","25",0.04270666666246,97.30262409412421,-33.9389505473,150.7956893823
From_Rossmore_SE_E,"26","0","26",0.04351255856234,97.30114161555910,-33.9390529842,150.7964887373
From_Rossmore_SE_E,"27","0","27",0.04445138715300,97.05035109759997,-33.9391722706,150.7974199569
From_Rossmore_SE_E,"28","0","28",0.04602375468278,96.80104306111605,-33.9393584736,150.7989812602
From_Rossmore_SE_E,"29","0","29",0.04825186443267,54.35541391225611,-33.9396223309,150.8011936916
From_Rossmore_SE_E,"30","0","30",0.04890742339921,55.49706484183092,-33.9389808836,150.8013289801
From_Rossmore_SE_E,"31","0","31",0.04973532769259,145.22218328918643,-33.9391116000,150.8021465000
From_Rossmore_SE_E,"32","0","32",0.05117105524330,144.84286661838948,-33.9405192000,150.8018637000
From_Rossmore_SE_E,"33","0","33",0.05342864822035,54.71646291668536,-33.9408461000,150.8040975000
From_Rossmore_SE_E,"34","0","34",0.05422129576503,11.24501070253446,-33.9400683000,150.8042502000
From_Rossmore_SE_E,"35","0","35",0.05498085027591,11.38280715159459,-33.9393236856,150.8044001081
From_Rossmore_SE_E,"36","0","36",0.05565258814108,11.38280715007442,-33.9386651605,150.8045326844
From_Rossmore_SE_E,"37","0","37",0.05636455268148,11.12228824686600,-33.9379672000,150.8046732000
From_Rossmore_SE_E,"38","0","38",0.05924291957950,10.99250900346261,-33.9351404000,150.8052156000
From_Rossmore_SE_E,"39","0","39",0.06143193702334,11.12303686533956,-33.9329925044,150.8056379055
From_Rossmore_SE_E,"40","0","40",0.06215451441743,54.23578964689364,-33.9322835000,150.8057773000
From_Rossmore_SE_E,"41","0","41",0.06359743305709,97.34877994440824,-33.9324680617,150.8072083665
From_Rossmore_SE_E,"42","0","42",0.06532833572701,97.34981774337203,-33.9326894605,150.8089250512
From_Rossmore_SE_E,"43","0","43",0.06621849625811,97.35057602631443,-33.9328033517,150.8098078958
From_Rossmore_SE_E,"44","0","44",0.06747511236496,97.35005576963543,-33.9329641178,150.8110541856
From_Rossmore_SE_E,"45","0","45",0.06847242097328,97.67375459372845,-33.9330917000,150.8120433000
From_Rossmore_SE_E,"46","0","46",0.07043394434025,97.99771987893989,-33.9333646140,150.8139857448
From_Rossmore_SE_E,"47","0","47",0.07160941072328,97.99886770341179,-33.9335281610,150.8151497782
From_Rossmore_SE_E,"48","0","48",0.07336876766981,97.99855744327215,-33.9337730166,150.8168920131
From_Rossmore_SE_E,"49","0","49",0.07456484870678,97.99569671054972,-33.9339394189,150.8180764624
From_Rossmore_SE_E,"50","0","50",0.07552715295164,97.99600696882715,-33.9340732509,150.8190294149
From_Rossmore_SE_E,"51","0","51",0.07636694505151,97.99771987908204,-33.9341900943,150.8198610388
From_Rossmore_SE_E,"52","0","52",0.07684566241809,96.59319047999934,-33.9342567000,150.8203351000
From_Rossmore_SE_E,"53","0","53",0.07711546799623,90.02333279927340,-33.9342811000,150.8206038000
From_Rossmore_SE_E,"54","0","54",0.07726386519972,72.42346223476164,-33.9342678000,150.8207516000
From_Rossmore_SE_E,"55","0","55",0.07744540439661,58.11779605263800,-33.9341770000,150.8209088000
From_Rossmore_SE_E,"56","0","56",0.07762124446602,54.28483256309637,-33.9340793000,150.8210550000
From_Rossmore_SE_E,"57","0","57",0.07815935785549,40.06557855240542,-33.9337504000,150.8214809000
From_Rossmore_SE_E,"58","0","58",0.07840672519368,18.17782567010350,-33.9335316000,150.8215963000
From_Rossmore_SE_E,"59","0","59",0.07859309520198,355.25009498956820,-33.9333473000,150.8216240000
From_Rossmore_SE_E,"60","0","60",0.07882679287005,342.01838207167356,-33.9331251000,150.8215516000
From_Rossmore_SE_E,"61","0","61",0.07914796696606,347.30863345805017,-33.9328195000,150.8214528000
From_Rossmore_SE_E,"62","0","62",0.07934342437834,352.55240522081607,-33.9326257000,150.8214274000
From_Rossmore_SE_E,"63","0","63",0.07942541248714,352.57160489469879,-33.9325444000,150.8214168000
To_Rossmore_SE_N,"0","0","0",0.00000000000000,102.16447099820790,-33.8804351000,150.7921182000
To_Rossmore_SE_N,"1","0","1",0.00066012188268,146.90855385706234,-33.8805742000,150.7927635000
To_Rossmore_SE_N,"2","0","2",0.00462724416377,189.88720582317791,-33.8844595603,150.7919622295
To_Rossmore_SE_N,"3","0","3",0.00522586481914,189.64808375317952,-33.8850521768,150.7918776579
To_Rossmore_SE_N,"4","0","4",0.00608074148062,190.91002796103663,-33.8858908466,150.7917119863
To_Rossmore_SE_N,"5","0","5",0.00686502776611,189.89346140308112,-33.8866616341,150.7915671015
To_Rossmore_SE_N,"6","0","6",0.00744753222187,189.86087335184232,-33.8872367406,150.7914745595
To_Rossmore_SE_N,"7","0","7",0.00877646955461,189.85723493510937,-33.8885430832,150.7912305446
To_Rossmore_SE_N,"8","0","8",0.01014492938995,190.16976630511297,-33.8898941908,150.7910133102
To_Rossmore_SE_N,"9","0","9",0.01151750362468,191.20574780878067,-33.8912405987,150.7907465787
To_Rossmore_SE_N,"10","0","10",0.01284907151558,191.20608475441708,-33.8925467802,150.7904878070
To_Rossmore_SE_N,"11","0","11",0.01341908025559,191.20632454939619,-33.8931059212,150.7903770309
To_Rossmore_SE_N,"12","0","12",0.01422502569540,191.20654555908928,-33.8938965000,150.7902204000
To_Rossmore_SE_N,"13","0","13",0.01506371292513,190.71367653952012,-33.8947191956,150.7900574024
To_Rossmore_SE_N,"14","0","14",0.01575071900463,190.60074008034252,-33.8953953000,150.7899355000
To_Rossmore_SE_N,"15","0","15",0.01809952304107,190.64167862224031,-33.8977011000,150.7894881000
To_Rossmore_SE_N,"16","0","16",0.02259053141339,190.62052413683475,-33.9021197000,150.7886849000
To_Rossmore_SE_N,"17","0","17",0.02702836018994,190.91722401221676,-33.9064769000,150.7878428000
To_Rossmore_SE_N,"18","0","18",0.02949574207565,209.83308055718544,-33.9088998000,150.7873764000
To_Rossmore_SE_N,"19","0","19",0.02972772223502,209.86870081655846,-33.9090526937,150.7872019342
To_Rossmore_SE_N,"20","0","20",0.03014979447055,190.96720453978651,-33.9094670573,150.7871216362
To_Rossmore_SE_N,"21","0","21",0.03041148375408,190.96720454125276,-33.9097239671,150.7870718505
To_Rossmore_SE_N,"22","0","22",0.03070216048714,190.96733496130767,-33.9100093350,150.7870165501
To_Rossmore_SE_N,"23","0","23",0.03154063087584,190.96758366854877,-33.9108324910,150.7868570298
To_Rossmore_SE_N,"24","0","24",0.03234636841722,190.96780092432559,-33.9116235115,150.7867037337
To_Rossmore_SE_N,"25","0","25",0.03291623040242,190.96803667706129,-33.9121829643,150.7865953124
To_Rossmore_SE_N,"26","0","26",0.03424745637874,190.96836798775331,-33.9134898728,150.7863420284
To_Rossmore_SE_N,"27","0","27",0.03484334504950,190.96856251376724,-33.9140748756,150.7862286484
To_Rossmore_SE_N,"28","0","28",0.03561967950586,190.96876000842300,-33.9148370278,150.7860809350
To_Rossmore_SE_N,"29","0","29",0.03699190328954,190.96915206473835,-33.9161841816,150.7858198322
To_Rossmore_SE_N,"30","0","30",0.03832313115771,190.96948345530510,-33.9174910868,150.7855665211
To_Rossmore_SE_N,"31","0","31",0.03889299433066,190.96971929172625,-33.9180505375,150.7854580827
To_Rossmore_SE_N,"32","0","32",0.03969873393770,190.96993665272208,-33.9188415543,150.7853047570
To_Rossmore_SE_N,"33","0","33",0.04053720695680,190.97018550723064,-33.9196647057,150.7851451990
To_Rossmore_SE_N,"34","0","34",0.04151164888182,190.02755313343437,-33.9206213406,150.7849597623
To_Rossmore_SE_N,"35","0","35",0.04439052154318,145.35803379571396,-33.9234641000,150.7845052000
To_Rossmore_SE_N,"36","0","36",0.04529976705575,99.25552281818695,-33.9236474154,150.7853957745
To_Rossmore_SE_N,"37","0","37",0.04853361786380,143.36428122111766,-33.9240347863,150.7886063406
To_Rossmore_SE_N,"38","0","38",0.05125008373775,233.36422271456019,-33.9267112185,150.7881416928
To_Rossmore_SE_N,"39","0","39",0.05367554772870,233.36535876636617,-33.9264206861,150.7857336923
To_Rossmore_SE_N,"40","0","40",0.05639201615359,143.36549096921445,-33.9290971024,150.7852689380
To_Rossmore_SE_N,"41","0","41",0.05800903978612,143.36524140101784,-33.9292908038,150.7868743180
To_Rossmore_SE_N,"42","0","42",0.05936727445778,233.36516446602784,-33.9306290144,150.7866419525
To_Rossmore_SE_N,"43","0","43",0.06017579929419,233.36578228806394,-33.9305321643,150.7858392492
To_Rossmore_SE_N,"44","0","44",0.06425050643613,233.36602831091685,-33.9345467842,150.7851420653
To_Rossmore_SE_N,"45","0","45",0.06505906663920,276.88025387271381,-33.9344499230,150.7843393278
From_Rossmore_SE_N,"0","0","0",0.00000000000000,276.88139832714296,-33.9344499230,150.7843393278
From_Rossmore_SE_N,"1","0","1",0.00404277881338,233.36851495308298,-33.9339655394,150.7803256720
From_Rossmore_SE_N,"2","0","2",0.00540101615427,233.36910565408468,-33.9353037321,150.7800931877
From_Rossmore_SE_N,"3","0","3",0.00620957975813,276.88286584550013,-33.9352068379,150.7792904507
From_Rossmore_SE_N,"4","0","4",0.00782670252260,276.88353345117628,-33.9350130339,150.7776849832
From_Rossmore_SE_N,"5","0","5",0.00944381936170,323.37062094555910,-33.9348192093,150.7760795241
From_Rossmore_SE_N,"6","0","6",0.01759323993661,9.85660915223356,-33.9267900978,150.7774746671
From_Rossmore_SE_N,"7","0","7",0.02030970975719,53.36937380112503,-33.9241137193,150.7779396470
From_Rossmore_SE_N,"8","0","8",0.02516048862543,53.36754979342016,-33.9246950356,150.7827554675
From_Rossmore_SE_N,"9","0","9",0.02651872214813,53.36686391756436,-33.9233568329,150.7829878721
From_Rossmore_SE_N,"10","0","10",0.02732717819534,93.85763029221863,-33.9234536989,150.7837905041
From_Rossmore_SE_N,"11","0","11",0.02804194979560,49.95928317276560,-33.9234641000,150.7845052000
From_Rossmore_SE_N,"12","0","12",0.03092082245695,10.02755313505746,-33.9206213406,150.7849597623
From_Rossmore_SE_N,"13","0","13",0.03189526438198,10.97018550778492,-33.9196647057,150.7851451990
From_Rossmore_SE_N,"14","0","14",0.03273373740107,10.96993665478362,-33.9188415543,150.7853047570
From_Rossmore_SE_N,"15","0","15",0.03353947700814,10.96971929288910,-33.9180505375,150.7854580827
From_Rossmore_SE_N,"16","0","16",0.03410934018107,10.96948345249970,-33.9174910868,150.7855665211
From_Rossmore_SE_N,"17","0","17",0.03544056804925,10.96915206473833,-33.9161841816,150.7858198322
From_Rossmore_SE_N,"18","0","18",0.03681279183292,10.96876000879171,-33.9148370278,150.7860809350
From_Rossmore_SE_N,"19","0","19",0.03818501496004,10.96836798727292,-33.9134898728,150.7863420284
From_Rossmore_SE_N,"20","0","20",0.03951624093636,10.96803667706131,-33.9121829643,150.7865953124
From_Rossmore_SE_N,"21","0","21",0.04008610292156,10.96780092423644,-33.9116235115,150.7867037337
From_Rossmore_SE_N,"22","0","22",0.04022851852873,10.96770195665873,-33.9114836971,150.7867308291
From_Rossmore_SE_N,"23","0","23",0.04036550628407,10.96770195328624,-33.9113492115,150.7867568918
From_Rossmore_SE_N,"24","0","24",0.04049276575312,10.96770195575893,-33.9112242765,150.7867811036
From_Rossmore_SE_N,"25","0","25",0.04065908926846,10.96770195766893,-33.9110609909,150.7868127476
From_Rossmore_SE_N,"26","0","26",0.04089184046294,11.00554219018503,-33.9108324910,150.7868570298
From_Rossmore_SE_N,"27","0","27",0.04138297700849,10.95174998880344,-33.9103504492,150.7869511081
From_Rossmore_SE_N,"28","0","28",0.04173031189239,10.84898959646750,-33.9100093350,150.7870165501
From_Rossmore_SE_N,"29","0","29",0.04209743041338,10.94162619814746,-33.9096487647,150.7870855796
From_Rossmore_SE_N,"30","0","30",0.04270475164542,29.90779392401251,-33.9090526937,150.7872019342
From_Rossmore_SE_N,"31","0","31",0.04293673180478,29.83308055718543,-33.9088998000,150.7873764000
From_Rossmore_SE_N,"32","0","32",0.04540411369050,10.91722401221674,-33.9064769000,150.7878428000
From_Rossmore_SE_N,"33","0","33",0.04984194246704,10.62052413683471,-33.9021197000,150.7886849000
From_Rossmore_SE_N,"34","0","34",0.05433295083937,10.64167862224028,-33.8977011000,150.7894881000
From_Rossmore_SE_N,"35","0","35",0.05668175487581,10.60074008304324,-33.8953953000,150.7899355000
From_Rossmore_SE_N,"36","0","36",0.05736876095526,10.71367654093835,-33.8947191956,150.7900574024
From_Rossmore_SE_N,"37","0","37",0.05820744818504,11.20654555503005,-33.8938965000,150.7902204000
From_Rossmore_SE_N,"38","0","38",0.05901339362481,11.20632454914430,-33.8931059212,150.7903770309
From_Rossmore_SE_N,"39","0","39",0.05958340236485,11.20608475694189,-33.8925467802,150.7904878070
From_Rossmore_SE_N,"40","0","40",0.06091497025575,11.20574780878067,-33.8912405987,150.7907465787
From_Rossmore_SE_N,"41","0","41",0.06228754449048,10.16976630511297,-33.8898941908,150.7910133102
From_Rossmore_SE_N,"42","0","42",0.06365600432582,9.85723493510936,-33.8885430832,150.7912305446
From_Rossmore_SE_N,"43","0","43",0.06498494165857,9.86087335184235,-33.8872367406,150.7914745595
From_Rossmore_SE_N,"44","0","44",0.06556744611432,9.89346140308112,-33.8866616341,150.7915671015
From_Rossmore_SE_N,"45","0","45",0.06635173239981,10.91002796103664,-33.8858908466,150.7917119863
From_Rossmore_SE_N,"46","0","46",0.06720660906129,9.64808375317953,-33.8850521768,150.7918776579
From_Rossmore_SE_N,"47","0","47",0.06780522971667,9.88720582317790,-33.8844595603,150.7919622295
From_Rossmore_SE_N,"48","0","48",0.07177235199775,326.90855385706232,-33.8805742000,150.7927635000
From_Rossmore_SE_N,"49","0","49",0.07243247388043,282.16447099820789,-33.8804351000,150.7921182000
To_Rossmore_SW_W,"0","0","0",0.00000000000000,97.83710646420788,-33.9344642654,150.7404433226
To_Rossmore_SW_W,"1","0","1",0.00072468578370,54.52488300243501,-33.9345630816,150.7411612397
To_Rossmore_SW_W,"2","0","2",0.00799114782649,54.52536617439148,-33.9274353202,150.7425742111
To_Rossmore_SW_W,"3","0","3",0.01499073782988,71.32690646653995,-33.9283898815,150.7495084070
To_Rossmore_SW_W,"4","0","4",0.01609891493001,27.34481650397542,-33.9276037660,150.7502894825
To_Rossmore_SW_W,"5","0","5",0.02017363427680,53.38489512573388,-33.9235894032,150.7509882162
To_Rossmore_SW_W,"6","0","6",0.02340738338365,96.89484859769520,-33.9239776657,150.7541985722
To_Rossmore_SW_W,"7","0","7",0.02906650150408,96.89284638620177,-33.9246569263,150.7598167768
To_Rossmore_SW_W,"8","0","8",0.03149186010957,109.23613393107706,-33.9249479605,150.7622246106
To_Rossmore_SW_W,"9","0","9",0.03244688221531,95.21900774232131,-33.9254481000,150.7630382000
To_Rossmore_SW_W,"10","0","10",0.03329565955226,82.87400399168594,-33.9251419575,150.7638298437
To_Rossmore_SW_W,"11","0","11",0.03410411835581,53.37718582131681,-33.9252389483,150.7646324634
To_Rossmore_SW_W,"12","0","12",0.03817882785509,53.37646263701700,-33.9212244746,150.7653305026
To_Rossmore_SW_W,"13","0","13",0.04302939088023,96.88768164739587,-33.9218062748,150.7701460473
To_Rossmore_SW_W,"14","0","14",0.04868844850084,143.37185456000623,-33.9224848067,150.7757642790
To_Rossmore_SW_W,"15","0","15",0.05276315357162,189.85726687201529,-33.9264993580,150.7750667126
From_Rossmore_SW_W,"0","0","0",0.00000000000000,189.85834373804073,-33.9264993580,150.7750667126
From_Rossmore_SW_W,"1","0","1",0.00407470923871,233.37250425162591,-33.9305139003,150.7743690701
From_Rossmore_SW_W,"2","0","2",0.00973428247851,276.88790442714310,-33.9298352848,150.7687503291
From_Rossmore_SW_W,"3","0","3",0.01458528742722,323.37711323088462,-33.9292534129,150.7639343480
From_Rossmore_SW_W,"4","0","4",0.01866000110161,323.37772489404421,-33.9252389483,150.7646324634
From_Rossmore_SW_W,"5","0","5",0.01946845990517,262.87400399168592,-33.9251419575,150.7638298437
From_Rossmore_SW_W,"6","0","6",0.02031723724212,275.21900774232131,-33.9254481000,150.7630382000
From_Rossmore_SW_W,"7","0","7",0.02127225934786,289.23613393107706,-33.9249479605,150.7622246106
From_Rossmore_SW_W,"8","0","8",0.02369761795335,276.89284638620177,-33.9246569263,150.7598167768
From_Rossmore_SW_W,"9","0","9",0.02935673607378,276.89484859769522,-33.9239776657,150.7541985722
From_Rossmore_SW_W,"10","0","10",0.03259048518063,233.38489512573389,-33.9235894032,150.7509882162
From_Rossmore_SW_W,"11","0","11",0.03666520452742,207.34481650397541,-33.9276037660,150.7502894825
From_Rossmore_SW_W,"12","0","12",0.03777338162755,251.32690646653995,-33.9283898815,150.7495084070
From_Rossmore_SW_W,"13","0","13",0.04477297163094,234.52536617439145,-33.9274353202,150.7425742111
From_Rossmore_SW_W,"14","0","14",0.05203943367373,234.52488300243499,-33.9345630816,150.7411612397
From_Rossmore_SW_W,"15","0","15",0.05276411945743,277.83710646420781,-33.9344642654,150.7404433226
To_Rossmore_SW_S,"0","0","0",0.00000000000000,96.89100057232201,-33.9475022868,150.7566613585
To_Rossmore_SW_S,"1","0","1",0.00727800833515,53.37961137564078,-33.9483755088,150.7638867919
To_Rossmore_SW_S,"2","0","2",0.00999449668822,10.95485479380103,-33.9456992122,150.7643523510
To_Rossmore_SW_S,"3","0","3",0.01080776394704,9.33645372160165,-33.9449038394,150.7645220148
To_Rossmore_SW_S,"4","0","4",0.01135419685650,8.24910173162050,-33.9443610624,150.7645851179
To_Rossmore_SW_S,"5","0","5",0.01678716611946,53.37771240669900,-33.9390084531,150.7655161004
To_Rossmore_SW_S,"6","0","6",0.01840434563667,53.37620517704882,-33.9392024176,150.7671216058
To_Rossmore_SW_S,"7","0","7",0.02791202236424,323.37645652922748,-33.9298352848,150.7687503291
To_Rossmore_SW_S,"8","0","8",0.03276302731296,323.37711323088462,-33.9292534129,150.7639343480
To_Rossmore_SW_S,"9","0","9",0.03683774098735,9.86454329996685,-33.9252389483,150.7646324634
To_Rossmore_SW_S,"10","0","10",0.04091245048663,53.37646263701700,-33.9212244746,150.7653305026
To_Rossmore_SW_S,"11","0","11",0.04576301351177,96.88892104679456,-33.9218062748,150.7701460473
From_Rossmore_SW_S,"0","0","0",0.00000000000000,96.88644224799718,-33.9218062748,150.7701460473
From_Rossmore_SW_S,"1","0","1",0.00565905762061,143.37185456000623,-33.9224848067,150.7757642790
From_Rossmore_SW_S,"2","0","2",0.00973376269139,189.85780530502802,-33.9264993580,150.7750667126
From_Rossmore_SW_S,"3","0","3",0.01380847193010,233.37250425162591,-33.9305139003,150.7743690701
From_Rossmore_SW_S,"4","0","4",0.01946804516989,233.37521686729548,-33.9298352848,150.7687503291
From_Rossmore_SW_S,"5","0","5",0.02897572189746,233.37620517704886,-33.9392024176,150.7671216058
From_Rossmore_SW_S,"6","0","6",0.03059290141467,233.37771240669900,-33.9390084531,150.7655161004
From_Rossmore_SW_S,"7","0","7",0.03602587067764,188.24910173162050,-33.9443610624,150.7645851179
From_Rossmore_SW_S,"8","0","8",0.03657230358710,189.33645372160166,-33.9449038394,150.7645220148
From_Rossmore_SW_S,"9","0","9",0.03738557084592,190.95485479380105,-33.9456992122,150.7643523510
From_Rossmore_SW_S,"10","0","10",0.04010205919899,233.37961137564079,-33.9483755088,150.7638867919
From_Rossmore_SW_S,"11","0","11",0.04738006753414,276.89100057232201,-33.9475022868,150.7566613585
To_Rossmore_SW_E,"0","0","0",0.00000000000000,172.54455296325617,-33.9325444000,150.8214168000
To_Rossmore_SW_E,"1","0","1",0.00027744550810,167.31430716621162,-33.9328195000,150.8214528000
To_Rossmore_SW_E,"2","0","2",0.00059861960411,162.01838207167353,-33.9331251000,150.8215516000
To_Rossmore_SW_E,"3","0","3",0.00083231727219,175.25009498956828,-33.9333473000,150.8216240000
To_Rossmore_SW_E,"4","0","4",0.00101868728049,198.17782567010352,-33.9335316000,150.8215963000
To_Rossmore_SW_E,"5","0","5",0.00126605461868,220.06557855240544,-33.9337504000,150.8214809000
To_Rossmore_SW_E,"6","0","6",0.00180416800815,234.28483256309633,-33.9340793000,150.8210550000
To_Rossmore_SW_E,"7","0","7",0.00198000807755,238.11779605263800,-33.9341770000,150.8209088000
To_Rossmore_SW_E,"8","0","8",0.00216154727444,252.42346223476167,-33.9342678000,150.8207516000
To_Rossmore_SW_E,"9","0","9",0.00230994447793,270.02333279927342,-33.9342811000,150.8206038000
To_Rossmore_SW_E,"10","0","10",0.00257975005607,276.59319047999929,-33.9342567000,150.8203351000
To_Rossmore_SW_E,"11","0","11",0.00305846742266,277.99771987908201,-33.9341900943,150.8198610388
To_Rossmore_SW_E,"12","0","12",0.00389825952252,277.99600696882715,-33.9340732509,150.8190294149
To_Rossmore_SW_E,"13","0","13",0.00486056376739,277.99569671054974,-33.9339394189,150.8180764624
To_Rossmore_SW_E,"14","0","14",0.00605664480436,277.99855744327209,-33.9337730166,150.8168920131
To_Rossmore_SW_E,"15","0","15",0.00781600175089,277.99886770341175,-33.9335281610,150.8151497782
To_Rossmore_SW_E,"16","0","16",0.00899146813391,277.99771987893990,-33.9333646140,150.8139857448
To_Rossmore_SW_E,"17","0","17",0.01095299150088,277.67375459372846,-33.9330917000,150.8120433000
To_Rossmore_SW_E,"18","0","18",0.01195030010920,277.35005576963539,-33.9329641178,150.8110541856
To_Rossmore_SW_E,"19","0","19",0.01320691621606,277.35057602631440,-33.9328033517,150.8098078958
To_Rossmore_SW_E,"20","0","20",0.01409707674716,277.34981774337206,-33.9326894605,150.8089250512
To_Rossmore_SW_E,"21","0","21",0.01582797941707,277.34877994440825,-33.9324680617,150.8072083665
To_Rossmore_SW_E,"22","0","22",0.01727089805673,234.23578964689364,-33.9322835000,150.8057773000
To_Rossmore_SW_E,"23","0","23",0.01799347545083,191.12303686533960,-33.9329925044,150.8056379055
To_Rossmore_SW_E,"24","0","24",0.02018249289466,190.99250900346260,-33.9351404000,150.8052156000
To_Rossmore_SW_E,"25","0","25",0.02306085979268,191.12228824686599,-33.9379672000,150.8046732000
To_Rossmore_SW_E,"26","0","26",0.02377282433309,191.38280715031365,-33.9386651605,150.8045326844
To_Rossmore_SW_E,"27","0","27",0.02444456219823,191.38280715109522,-33.9393236856,150.8044001081
To_Rossmore_SW_E,"28","0","28",0.02514260837831,191.25493348544126,-33.9400080015,150.8042623395
To_Rossmore_SW_E,"29","0","29",0.02599676359352,234.65071499256513,-33.9408461000,150.8040975000
To_Rossmore_SW_E,"30","0","30",0.02740618339261,278.37578213478372,-33.9406457000,150.8027024000
To_Rossmore_SW_E,"31","0","31",0.02825436965751,324.96860788133336,-33.9405192000,150.8018637000
To_Rossmore_SW_E,"32","0","32",0.02969009720822,325.22218328918643,-33.9391116000,150.8021465000
To_Rossmore_SW_E,"33","0","33",0.03051800150160,235.49706484183096,-33.9389808836,150.8013289801
To_Rossmore_SW_E,"34","0","34",0.03117356046814,234.35541391225613,-33.9396223309,150.8011936916
To_Rossmore_SW_E,"35","0","35",0.03340167021803,276.80104306111610,-33.9393584736,150.7989812602
To_Rossmore_SW_E,"36","0","36",0.03497403774781,277.05035109760001,-33.9391722706,150.7974199569
To_Rossmore_SW_E,"37","0","37",0.03591286633848,277.30114161555906,-33.9390529842,150.7964887373
To_Rossmore_SW_E,"38","0","38",0.03671875823836,277.30262409412421,-33.9389505473,150.7956893823
To_Rossmore_SW_E,"39","0","39",0.03751017251130,277.30262409474642,-33.9388499506,150.7949043875
To_Rossmore_SW_E,"40","0","40",0.03841176293812,277.30262409529701,-33.9387353494,150.7940101102
To_Rossmore_SW_E,"41","0","41",0.03921796228075,277.30262409544957,-33.9386328734,150.7932104503
To_Rossmore_SW_E,"42","0","42",0.04002509232892,277.30152097443005,-33.9385302790,150.7924098672
To_Rossmore_SW_E,"43","0","43",0.04080244887269,277.30376500816385,-33.9384314989,150.7916388123
To_Rossmore_SW_E,"44","0","44",0.04118458088082,277.30404855225851,-33.9383828964,150.7912597837
To_Rossmore_SW_E,"45","0","45",0.04160670686716,277.30258784099726,-33.9383292519,150.7908410802
To_Rossmore_SW_E,"46","0","46",0.04204837108129,287.89318823417454,-33.9382731000,150.7904030000
To_Rossmore_SW_E,"47","0","47",0.04215531499179,313.24926919898627,-33.9382221000,150.7903090000
To_Rossmore_SW_E,"48","0","48",0.04226708117632,349.51032365822812,-33.9381273000,150.7902498000
To_Rossmore_SW_E,"49","0","49",0.04443219583598,11.00392800634975,-33.9360019956,150.7906630827
To_Rossmore_SW_E,"50","0","50",0.04734674451026,11.00313374724467,-33.9331410299,150.7912193826
To_Rossmore_SW_E,"51","0","51",0.05035779559976,325.65392019183122,-33.9301853275,150.7917940578
To_Rossmore_SW_E,"52","0","52",0.05535819679889,278.59252497731143,-33.9292908038,150.7868743180
To_Rossmore_SW_E,"53","0","53",0.05697522043141,276.05987099364364,-33.9290971024,150.7852689380
To_Rossmore_SW_E,"54","0","54",0.06044873436960,281.00751725596149,-33.9287798845,150.7818099393
To_Rossmore_SW_E,"55","0","55",0.06102779096758,281.82918302645163,-33.9286127586,150.7812555247
To_Rossmore_SW_E,"56","0","56",0.06507028715600,323.36979372725233,-33.9281282856,150.7772421644
To_Rossmore_SW_E,"57","0","57",0.06642852276063,323.37053805821245,-33.9267900978,150.7774746671
To_Rossmore_SW_E,"58","0","58",0.06885396587077,233.37149511562015,-33.9264993580,150.7750667126
To_Rossmore_SW_E,"59","0","59",0.07292867510948,233.37250425162591,-33.9305139003,150.7743690701
To_Rossmore_SW_E,"60","0","60",0.07858824834927,276.88790442714310,-33.9298352848,150.7687503291
To_Rossmore_SW_E,"61","0","61",0.08343925329799,323.37711323088462,-33.9292534129,150.7639343480
To_Rossmore_SW_E,"62","0","62",0.08751396697238,9.86508237269425,-33.9252389483,150.7646324634
From_Rossmore_SW_E,"0","0","0",0.00000000000000,9.86400422723944,-33.9252389483,150.7646324634
From_Rossmore_SW_E,"1","0","1",0.00407470949928,53.37646263701700,-33.9212244746,150.7653305026
From_Rossmore_SW_E,"2","0","2",0.00892527252442,96.88768164739587,-33.9218062748,150.7701460473
From_Rossmore_SW_E,"3","0","3",0.01458433014503,143.37185456000623,-33.9224848067,150.7757642790
From_Rossmore_SW_E,"4","0","4",0.01865903521581,143.37095668260744,-33.9264993580,150.7750667126
From_Rossmore_SW_E,"5","0","5",0.02108447832594,143.37053805821242,-33.9267900978,150.7774746671
From_Rossmore_SW_E,"6","0","6",0.02244271393057,143.36979372725236,-33.9281282856,150.7772421644
From_Rossmore_SW_E,"7","0","7",0.02648521011899,101.82918302645163,-33.9286127586,150.7812555247
From_Rossmore_SW_E,"8","0","8",0.02706426671697,101.00751725596150,-33.9287798845,150.7818099393
From_Rossmore_SW_E,"9","0","9",0.03053778065516,96.05987099364366,-33.9290971024,150.7852689380
From_Rossmore_SW_E,"10","0","10",0.03215480428769,98.59252497731140,-33.9292908038,150.7868743180
From_Rossmore_SW_E,"11","0","11",0.03715520548681,145.65392019183119,-33.9301853275,150.7917940578
From_Rossmore_SW_E,"12","0","12",0.04016625657632,191.00313374724470,-33.9331410299,150.7912193826
From_Rossmore_SW_E,"13","0","13",0.04308080525060,191.00392800634975,-33.9360019956,150.7906630827
From_Rossmore_SW_E,"14","0","14",0.04524591991025,169.51032365822812,-33.9381273000,150.7902498000
From_Rossmore_SW_E,"15","0","15",0.04535768609478,133.24926919898621,-33.9382221000,150.7903090000
From_Rossmore_SW_E,"16","0","16",0.04546463000528,107.89318823417453,-33.9382731000,150.7904030000
From_Rossmore_SW_E,"17","0","17",0.04590629421941,97.30258784099730,-33.9383292519,150.7908410802
From_Rossmore_SW_E,"18","0","18",0.04632842020576,97.30404855225854,-33.9383828964,150.7912597837
From_Rossmore_SW_E,"19","0","19",0.04671055221389,97.30376500816385,-33.9384314989,150.7916388123
From_Rossmore_SW_E,"20","0","20",0.04748790875766,97.30152097443003,-33.9385302790,150.7924098672
From_Rossmore_SW_E,"21","0","21",0.04829503880582,97.30262409544953,-33.9386328734,150.7932104503
From_Rossmore_SW_E,"22","0","22",0.04910123814845,97.30262409529705,-33.9387353494,150.7940101102
From_Rossmore_SW_E,"23","0","23",0.05000282857528,97.30262409474639,-33.9388499506,150.7949043875
From_Rossmore_SW_E,"24","0","24",0.05079424284822,97.30262409412421,-33.9389505473,150.7956893823
From_Rossmore_SW_E,"25","0","25",0.05160013474810,97.30114161555910,-33.9390529842,150.7964887373
From_Rossmore_SW_E,"26","0","26",0.05253896333876,97.05035109759997,-33.9391722706,150.7974199569
From_Rossmore_SW_E,"27","0","27",0.05411133086854,96.80104306111605,-33.9393584736,150.7989812602
From_Rossmore_SW_E,"28","0","28",0.05633944061843,54.35541391225611,-33.9396223309,150.8011936916
From_Rossmore_SW_E,"29","0","29",0.05699499958497,55.49706484183092,-33.9389808836,150.8013289801
From_Rossmore_SW_E,"30","0","30",0.05782290387835,145.22218328918643,-33.9391116000,150.8021465000
From_Rossmore_SW_E,"31","0","31",0.05925863142906,144.96860788133336,-33.9405192000,150.8018637000
From_Rossmore_SW_E,"32","0","32",0.06010681769396,98.37578213478373,-33.9406457000,150.8027024000
From_Rossmore_SW_E,"33","0","33",0.06151623749305,54.64079220891978,-33.9408461000,150.8040975000
From_Rossmore_SW_E,"34","0","34",0.06230888503773,11.24501070232288,-33.9400683000,150.8042502000
From_Rossmore_SW_E,"35","0","35",0.06306843954864,11.38280715162224,-33.9393236856,150.8044001081
From_Rossmore_SW_E,"36","0","36",0.06374017741378,11.38280715031365,-33.9386651605,150.8045326844
From_Rossmore_SW_E,"37","0","37",0.06445214195419,11.12228824686600,-33.9379672000,150.8046732000
From_Rossmore_SW_E,"38","0","38",0.06733050885220,10.99250900346261,-33.9351404000,150.8052156000
From_Rossmore_SW_E,"39","0","39",0.06951952629604,11.12303686533956,-33.9329925044,150.8056379055
From_Rossmore_SW_E,"40","0","40",0.07024210369013,54.23578964689364,-33.9322835000,150.8057773000
From_Rossmore_SW_E,"41","0","41",0.07168502232979,97.34877994440824,-33.9324680617,150.8072083665
From_Rossmore_SW_E,"42","0","42",0.07341592499971,97.34981774337203,-33.9326894605,150.8089250512
From_Rossmore_SW_E,"43","0","43",0.07430608553081,97.35057602631443,-33.9328033517,150.8098078958
From_Rossmore_SW_E,"44","0","44",0.07556270163766,97.35005576963543,-33.9329641178,150.8110541856
From_Rossmore_SW_E,"45","0","45",0.07656001024598,97.67375459372845,-33.9330917000,150.8120433000
From_Rossmore_SW_E,"46","0","46",0.07852153361295,97.99771987893989,-33.9333646140,150.8139857448
From_Rossmore_SW_E,"47","0","47",0.07969699999598,97.99886770341179,-33.9335281610,150.8151497782
From_Rossmore_SW_E,"48","0","48",0.08145635694251,97.99855744327215,-33.9337730166,150.8168920131
From_Rossmore_SW_E,"49","0","49",0.08265243797948,97.99569671054972,-33.9339394189,150.8180764624
From_Rossmore_SW_E,"50","0","50",0.08361474222434,97.99600696882715,-33.9340732509,150.8190294149
From_Rossmore_SW_E,"51","0","51",0.08445453432421,97.99771987908204,-33.9341900943,150.8198610388
From_Rossmore_SW_E,"52","0","52",0.08493325169079,96.59319047999934,-33.9342567000,150.8203351000
From_Rossmore_SW_E,"53","0","53",0.08520305726894,90.02333279927340,-33.9342811000,150.8206038000
From_Rossmore_SW_E,"54","0","54",0.08535145447242,72.42346223476164,-33.9342678000,150.8207516000
From_Rossmore_SW_E,"55","0","55",0.08553299366931,58.11779605263800,-33.9341770000,150.8209088000
From_Rossmore_SW_E,"56","0","56",0.08570883373872,54.28483256309637,-33.9340793000,150.8210550000
From_Rossmore_SW_E,"57","0","57",0.08624694712819,40.06557855240542,-33.9337504000,150.8214809000
From_Rossmore_SW_E,"58","0","58",0.08649431446638,18.17782567010350,-33.9335316000,150.8215963000
From_Rossmore_SW_E,"59","0","59",0.08668068447468,355.28811186408137,-33.9333473000,150.8216240000
From_Rossmore_SW_E,"60","0","60",0.08723555588326,347.28664474323108,-33.9328195000,150.8214528000
From_Rossmore_SW_E,"61","0","61",0.08751300139136,352.54455296325619,-33.9325444000,150.8214168000
To_Rossmore_SW_N,"0","0","0",0.00000000000000,189.79805111868910,-33.8764047516,150.7788515514
To_Rossmore_SW_N,"1","0","1",0.00083078013717,189.86214062016472,-33.8772234137,150.7787101725
To_Rossmore_SW_N,"2","0","2",0.00135822036782,189.88720762325701,-33.8777429585,150.7786192523
To_Rossmore_SW_N,"3","0","3",0.00271644038779,189.84836415134379,-33.8790811643,150.7783869449
To_Rossmore_SW_N,"4","0","4",0.00328828309614,189.84854317808765,-33.8796445800,150.7782891345
To_Rossmore_SW_N,"5","0","5",0.00407466086735,189.84872222070700,-33.8804193692,150.7781546290
To_Rossmore_SW_N,"6","0","6",0.00456271652761,189.84890126324319,-33.8809002320,150.7780711469
To_Rossmore_SW_N,"7","0","7",0.00543288180666,178.91904990113602,-33.8817575730,150.7779223047
To_Rossmore_SW_N,"8","0","8",0.00624338459181,178.05548673483074,-33.8825503326,150.7780909671
To_Rossmore_SW_N,"9","0","9",0.00684200524716,189.64808375337168,-33.8831429491,150.7780063955
To_Rossmore_SW_N,"10","0","10",0.00769688190863,190.91002796084487,-33.8839816189,150.7778407239
To_Rossmore_SW_N,"11","0","11",0.00848116819415,190.18351012450591,-33.8847524064,150.7776958391
To_Rossmore_SW_N,"12","0","12",0.01176081865762,190.46365152148584,-33.8879849630,150.7771420478
To_Rossmore_SW_N,"13","0","13",0.01584091496301,190.98431790955641,-33.8919872722,150.7763491376
To_Rossmore_SW_N,"14","0","14",0.01736655235439,203.62719410650186,-33.8934860722,150.7760642376
To_Rossmore_SW_N,"15","0","15",0.01775873234382,156.68887192877415,-33.8938013626,150.7758310057
To_Rossmore_SW_N,"16","0","16",0.02018326555384,99.70468190946001,-33.8940920521,150.7782380497
To_Rossmore_SW_N,"17","0","17",0.02045962142145,146.48521911893755,-33.8941519763,150.7785078305
To_Rossmore_SW_N,"18","0","18",0.02178332912810,191.72549546026247,-33.8954537405,150.7782678052
To_Rossmore_SW_N,"19","0","19",0.02256729353300,192.15712878468986,-33.8962176000,150.7780914000
To_Rossmore_SW_N,"20","0","20",0.02751824536473,190.63769861563944,-33.9010724000,150.7771204000
To_Rossmore_SW_N,"21","0","21",0.02942350526786,191.02135999637491,-33.9029489164,150.7767907010
To_Rossmore_SW_N,"22","0","22",0.03325837478591,234.85552323951285,-33.9066989000,150.7759883000
To_Rossmore_SW_N,"23","0","23",0.03420448312745,277.63333730844982,-33.9065732255,150.7750505757
To_Rossmore_SW_N,"24","0","24",0.03644276059033,232.31434101690581,-33.9062759082,150.7728321329
To_Rossmore_SW_N,"25","0","25",0.03727536238369,188.98596705100456,-33.9071023121,150.7727307314
To_Rossmore_SW_N,"26","0","26",0.03908827509334,190.97701388836578,-33.9088820577,150.7723855385
To_Rossmore_SW_N,"27","0","27",0.04316733288577,190.97783125625079,-33.9128864779,150.7716087944
To_Rossmore_SW_N,"28","0","28",0.04453955975417,190.97851809711582,-33.9142335925,150.7713474731
To_Rossmore_SW_N,"29","0","29",0.04724639649046,190.97913790795690,-33.9168908878,150.7708319669
To_Rossmore_SW_N,"30","0","30",0.04905931551477,177.90459043732349,-33.9186706223,150.7704866836
To_Rossmore_SW_N,"31","0","31",0.04953520699291,177.34485710535196,-33.9191299301,150.7706112189
To_Rossmore_SW_N,"32","0","32",0.05225167632074,143.37321965039325,-33.9218062748,150.7701460473
To_Rossmore_SW_N,"33","0","33",0.05791073394135,143.37185456000623,-33.9224848067,150.7757642790
To_Rossmore_SW_N,"34","0","34",0.06198543901213,189.85780530502802,-33.9264993580,150.7750667126
To_Rossmore_SW_N,"35","0","35",0.06606014825084,233.37250425162591,-33.9305139003,150.7743690701
To_Rossmore_SW_N,"36","0","36",0.07171972149064,276.88666476521109,-33.9298352848,150.7687503291
From_Rossmore_SW_N,"0","0","0",0.00000000000000,276.88914408907505,-33.9298352848,150.7687503291
From_Rossmore_SW_N,"1","0","1",0.00485100494871,323.37711323088462,-33.9292534129,150.7639343480
From_Rossmore_SW_N,"2","0","2",0.00892571862311,9.86454329996685,-33.9252389483,150.7646324634
From_Rossmore_SW_N,"3","0","3",0.01300042812239,53.37646263701700,-33.9212244746,150.7653305026
From_Rossmore_SW_N,"4","0","4",0.01785099114753,53.37445904979191,-33.9218062748,150.7701460473
From_Rossmore_SW_N,"5","0","5",0.02056746047536,357.34485710535193,-33.9191299301,150.7706112189
From_Rossmore_SW_N,"6","0","6",0.02104335195350,357.90459043644165,-33.9186706223,150.7704866836
From_Rossmore_SW_N,"7","0","7",0.02285627097780,10.97903900301912,-33.9168908878,150.7708319669
From_Rossmore_SW_N,"8","0","8",0.02693533458245,10.97802635426043,-33.9128864779,150.7716087944
From_Rossmore_SW_N,"9","0","9",0.03101439237488,10.97701388836577,-33.9088820577,150.7723855385
From_Rossmore_SW_N,"10","0","10",0.03282730508453,8.98596705100458,-33.9071023121,150.7727307314
From_Rossmore_SW_N,"11","0","11",0.03365990687789,52.31434102206575,-33.9062759082,150.7728321329
From_Rossmore_SW_N,"12","0","12",0.03684429268231,54.90762625071019,-33.9066989000,150.7759883000
From_Rossmore_SW_N,"13","0","13",0.04049898708813,11.07346301973696,-33.9031265000,150.7767595000
From_Rossmore_SW_N,"14","0","14",0.04258455070982,10.63769861559689,-33.9010724000,150.7771204000
From_Rossmore_SW_N,"15","0","15",0.04753550254156,12.15712878468988,-33.8962176000,150.7780914000
From_Rossmore_SW_N,"16","0","16",0.04831946694645,11.72549546026245,-33.8954537405,150.7782678052
From_Rossmore_SW_N,"17","0","17",0.04964317465311,326.48521911893755,-33.8941519763,150.7785078305
From_Rossmore_SW_N,"18","0","18",0.04991953052071,279.70468190945996,-33.8940920521,150.7782380497
From_Rossmore_SW_N,"19","0","19",0.05234406373073,336.68887192877412,-33.8938013626,150.7758310057
From_Rossmore_SW_N,"20","0","20",0.05273624372016,23.62719410702614,-33.8934860722,150.7760642376
From_Rossmore_SW_N,"21","0","21",0.05426188111155,10.98431790988495,-33.8919872722,150.7763491376
From_Rossmore_SW_N,"22","0","22",0.05834197741693,10.16996438277524,-33.8879849630,150.7771420478
From_Rossmore_SW_N,"23","0","23",0.05971043725232,9.63794166022771,-33.8866338555,150.7773592822
From_Rossmore_SW_N,"24","0","24",0.06162175127393,10.39378202000631,-33.8847524064,150.7776958391
From_Rossmore_SW_N,"25","0","25",0.06240603755944,10.28145084351407,-33.8839816189,150.7778407239
From_Rossmore_SW_N,"26","0","26",0.06385903520727,358.95321844082190,-33.8825503326,150.7780909671
From_Rossmore_SW_N,"27","0","27",0.06466953799238,358.91904990114790,-33.8817575730,150.7779223047
From_Rossmore_SW_N,"28","0","28",0.06602775893171,9.84872222013597,-33.8804193692,150.7781546290
From_Rossmore_SW_N,"29","0","29",0.06681413670293,9.84854317808767,-33.8796445800,150.7782891345
From_Rossmore_SW_N,"30","0","30",0.06738597941128,9.84836415091175,-33.8790811643,150.7783869449
From_Rossmore_SW_N,"31","0","31",0.06798682331446,9.84818512478444,-33.8784891742,150.7784897121
From_Rossmore_SW_N,"32","0","32",0.06874419943125,9.88720762359978,-33.8777429585,150.7786192523
From_Rossmore_SW_N,"33","0","33",0.06927163966190,9.86214062016471,-33.8772234137,150.7787101725
From_Rossmore_SW_N,"34","0","34",0.07010241979907,9.79805111868911,-33.8764047516,150.7788515514
To_KempsCreek_SE_W,"0","0","0",0.00000000000000,11.20448707255419,-33.9206997072,150.7367833845
To_KempsCreek_SE_W,"1","0","1",0.00589346151883,54.52160267921899,-33.9149185754,150.7379285499
To_KempsCreek_SE_W,"2","0","2",0.01289487541189,54.52203378454502,-33.9158734636,150.7448645419
To_KempsCreek_SE_W,"3","0","3",0.02468181135735,354.92567913856789,-33.9043112218,150.7471550492
To_KempsCreek_SE_W,"4","0","4",0.02503535497001,354.25922266147586,-33.9039819495,150.7470263138
To_KempsCreek_SE_W,"5","0","5",0.02911005356032,53.38470656233876,-33.8999675893,150.7477249419
To_KempsCreek_SE_W,"6","0","6",0.03961694050757,53.38089278824947,-33.9012293031,150.7581557976
To_KempsCreek_SE_W,"7","0","7",0.04233340110347,53.37923565021329,-33.8985530061,150.7586211926
To_KempsCreek_SE_W,"8","0","8",0.04556624175375,96.89213802774317,-33.8989410344,150.7618306618
To_KempsCreek_SE_W,"9","0","9",0.05526490592346,96.88889844832104,-33.9001046238,150.7714592726
To_KempsCreek_SE_W,"10","0","10",0.06011431794470,105.70460287567809,-33.9006861399,150.7762736922
To_KempsCreek_SE_W,"11","0","11",0.06104496877854,95.13864425251779,-33.9010724000,150.7771204000
To_KempsCreek_SE_W,"12","0","12",0.06182713319497,86.31998602927864,-33.9008799373,150.7778785156
To_KempsCreek_SE_W,"13","0","13",0.06425186804582,96.88432479636576,-33.9011705948,150.7802857666
To_KempsCreek_SE_W,"14","0","14",0.06506011595261,96.88375307407587,-33.9012674702,150.7810881878
To_KempsCreek_SE_W,"15","0","15",0.06586836533750,96.88337192644744,-33.9013643406,150.7818906112
To_KempsCreek_SE_W,"16","0","16",0.06667661620024,53.36578194452760,-33.9014612057,150.7826930366
To_KempsCreek_SE_W,"17","0","17",0.07075129357797,53.36496431506794,-33.8974465735,150.7833899758
To_KempsCreek_SE_W,"18","0","18",0.07640883347407,72.77483299502371,-33.8981244435,150.7890067587
To_KempsCreek_SE_W,"19","0","19",0.07704985546234,98.49177870251332,-33.8977011000,150.7894881000
To_KempsCreek_SE_W,"20","0","20",0.07766112494454,122.59706260234667,-33.8982212614,150.7898091646
To_KempsCreek_SE_W,"21","0","21",0.08251051127898,143.35991092467907,-33.8988020605,150.7946236449
To_KempsCreek_SE_W,"22","0","22",0.08658518381344,189.84113415405994,-33.9028167761,150.7939272145
From_KempsCreek_SE_W,"0","0","0",0.00000000000000,189.84220746027441,-33.9028167761,150.7939272145
From_KempsCreek_SE_W,"1","0","1",0.00407467667351,233.36055792671885,-33.9068314827,150.7932307082
From_KempsCreek_SE_W,"2","0","2",0.00892450453499,262.66434050493694,-33.9062506121,150.7884157918
From_KempsCreek_SE_W,"3","0","3",0.00954056118473,219.67286831798430,-33.9064769000,150.7878428000
From_KempsCreek_SE_W,"4","0","4",0.01200794307044,238.94614751568497,-33.9088998000,150.7873764000
From_KempsCreek_SE_W,"5","0","5",0.01224597579195,328.42152935214864,-33.9088302205,150.7871487637
From_KempsCreek_SE_W,"6","0","6",0.01496243083594,323.36424754525729,-33.9061537823,150.7876133131
From_KempsCreek_SE_W,"7","0","7",0.02062048579893,323.36561230833115,-33.9054758289,150.7819960215
From_KempsCreek_SE_W,"8","0","8",0.02469516732345,323.36631928583415,-33.9014612057,150.7826930366
From_KempsCreek_SE_W,"9","0","9",0.02550341818619,276.88337192644741,-33.9013643406,150.7818906112
From_KempsCreek_SE_W,"10","0","10",0.02631166757108,276.88375307407591,-33.9012674702,150.7810881878
From_KempsCreek_SE_W,"11","0","11",0.02711991547786,276.88432479636577,-33.9011705948,150.7802857666
From_KempsCreek_SE_W,"12","0","12",0.02954465032872,266.31998602927865,-33.9008799373,150.7778785156
From_KempsCreek_SE_W,"13","0","13",0.03032681474515,275.13864425251774,-33.9010724000,150.7771204000
From_KempsCreek_SE_W,"14","0","14",0.03125746557899,285.70460287567806,-33.9006861399,150.7762736922
From_KempsCreek_SE_W,"15","0","15",0.03610687760022,276.88889844832102,-33.9001046238,150.7714592726
From_KempsCreek_SE_W,"16","0","16",0.04580554176994,276.89213802774316,-33.8989410344,150.7618306618
From_KempsCreek_SE_W,"17","0","17",0.04903838242022,233.37923565021330,-33.8985530061,150.7586211926
From_KempsCreek_SE_W,"18","0","18",0.05175484301612,233.38089278824950,-33.9012293031,150.7581557976
From_KempsCreek_SE_W,"19","0","19",0.06226172996337,233.38470656233878,-33.8999675893,150.7477249419
From_KempsCreek_SE_W,"20","0","20",0.06633642855368,174.25922266147586,-33.9039819495,150.7470263138
From_KempsCreek_SE_W,"21","0","21",0.06668997216634,174.92524803324855,-33.9043112218,150.7471550492
From_KempsCreek_SE_W,"22","0","22",0.07258343368515,191.20534928226198,-33.9100923536,150.7460098838
From_KempsCreek_SE_W,"23","0","23",0.07847690811313,234.52246488892010,-33.9158734636,150.7448645419
From_KempsCreek_SE_W,"24","0","24",0.08547832200620,234.52160267921897,-33.9149185754,150.7379285499
From_KempsCreek_SE_W,"25","0","25",0.09137178352502,191.20448707255417,-33.9206997072,150.7367833845
To_KempsCreek_SE_S,"0","0","0",0.00000000000000,96.88088736171036,-33.9504113986,150.7807468044
To_KempsCreek_SE_S,"1","0","1",0.00161741383246,53.36858757041190,-33.9506051739,150.7823525686
To_KempsCreek_SE_S,"2","0","2",0.00433389684331,53.36816904002685,-33.9479287856,150.7828175693
To_KempsCreek_SE_S,"3","0","3",0.00595126743411,72.78528255463398,-33.9481225323,150.7844232934
To_KempsCreek_SE_S,"4","0","4",0.00606523404841,343.66065829004060,-33.9480473000,150.7845089000
To_KempsCreek_SE_S,"5","0","5",0.00625781486258,325.41932252101799,-33.9480184000,150.7843185000
To_KempsCreek_SE_S,"6","0","6",0.00687353824207,11.80988085796344,-33.9474166000,150.7844487000
To_KempsCreek_SE_S,"7","0","7",0.00709389468059,11.29212856798567,-33.9472006000,150.7844923000
To_KempsCreek_SE_S,"8","0","8",0.00723272569298,11.38056435503271,-33.9470644000,150.7845192000
To_KempsCreek_SE_S,"9","0","9",0.00741919527175,28.54204288466060,-33.9468817317,150.7845566592
To_KempsCreek_SE_S,"10","0","10",0.00755814455376,27.67455506827110,-33.9467843327,150.7846557568
To_KempsCreek_SE_S,"11","0","11",0.01299110221108,323.36693554988858,-33.9414315242,150.7855855258
To_KempsCreek_SE_S,"12","0","12",0.01541697153807,323.36663738749280,-33.9411409262,150.7831771249
To_KempsCreek_SE_S,"13","0","13",0.02628286744511,9.85241106484804,-33.9304353091,150.7850365481
To_KempsCreek_SE_S,"14","0","14",0.02764110235117,9.85115590574001,-33.9290971024,150.7852689380
To_KempsCreek_SE_S,"15","0","15",0.03307403735211,323.36552405939960,-33.9237442659,150.7861984128
To_KempsCreek_SE_S,"16","0","16",0.03388249783630,279.25580885340736,-33.9236474154,150.7853957745
To_KempsCreek_SE_S,"17","0","17",0.03479174334887,325.35803379487612,-33.9234641000,150.7845052000
To_KempsCreek_SE_S,"18","0","18",0.03767061601022,10.02755313341684,-33.9206213406,150.7849597623
To_KempsCreek_SE_S,"19","0","19",0.03864505793524,10.97018550995762,-33.9196647057,150.7851451990
To_KempsCreek_SE_S,"20","0","20",0.03948353095435,10.96993665661282,-33.9188415543,150.7853047570
To_KempsCreek_SE_S,"21","0","21",0.04028927056141,10.96971929090496,-33.9180505375,150.7854580827
To_KempsCreek_SE_S,"22","0","22",0.04085913373434,10.96948345189923,-33.9174910868,150.7855665211
To_KempsCreek_SE_S,"23","0","23",0.04219036160251,10.96915206535187,-33.9161841816,150.7858198322
To_KempsCreek_SE_S,"24","0","24",0.04308066572504,10.96895750455780,-33.9153101430,150.7859892367
To_KempsCreek_SE_S,"25","0","25",0.04356258538619,10.96876000853399,-33.9148370278,150.7860809350
To_KempsCreek_SE_S,"26","0","26",0.04371549213459,10.96856251442706,-33.9146869144,150.7861100286
To_KempsCreek_SE_S,"27","0","27",0.04403077536345,10.96856251412516,-33.9143773908,150.7861700177
To_KempsCreek_SE_S,"28","0","28",0.04426631017955,10.96856251327970,-33.9141461588,150.7862148330
To_KempsCreek_SE_S,"29","0","29",0.04446293704191,10.96856251441216,-33.9139531240,150.7862522452
To_KempsCreek_SE_S,"30","0","30",0.04470638228244,10.96856251306603,-33.9137141261,150.7862985657
To_KempsCreek_SE_S,"31","0","31",0.04493480851331,10.96836798552644,-33.9134898728,150.7863420284
To_KempsCreek_SE_S,"32","0","32",0.04626603448963,10.96803667706131,-33.9121829643,150.7865953124
To_KempsCreek_SE_S,"33","0","33",0.04683589647483,10.96780092432559,-33.9116235115,150.7867037337
To_KempsCreek_SE_S,"34","0","34",0.04764163401621,10.96758366854877,-33.9108324910,150.7868570298
To_KempsCreek_SE_S,"35","0","35",0.04848010440491,10.96733496075747,-33.9100093350,150.7870165501
To_KempsCreek_SE_S,"36","0","36",0.04945454265704,29.86870081747452,-33.9090526937,150.7872019342
To_KempsCreek_SE_S,"37","0","37",0.04968652281640,347.88326405361238,-33.9088998000,150.7873764000
To_KempsCreek_SE_S,"38","0","38",0.04992455553791,328.42161888352337,-33.9088302205,150.7871487637
To_KempsCreek_SE_S,"39","0","39",0.05128278329029,9.84672769215495,-33.9074920019,150.7873810426
To_KempsCreek_SE_S,"40","0","40",0.05264101058192,323.36415801385215,-33.9061537823,150.7876133131
To_KempsCreek_SE_S,"41","0","41",0.05829906554491,323.36561230833115,-33.9054758289,150.7819960215
To_KempsCreek_SE_S,"42","0","42",0.06237374706943,9.84891987702648,-33.9014612057,150.7826930366
To_KempsCreek_SE_S,"43","0","43",0.06644842444716,53.36496431506794,-33.8974465735,150.7833899758
To_KempsCreek_SE_S,"44","0","44",0.07210596434326,72.77483299502371,-33.8981244435,150.7890067587
To_KempsCreek_SE_S,"45","0","45",0.07274698633152,48.66811989563145,-33.8977011000,150.7894881000
From_KempsCreek_SE_S,"0","0","0",0.00000000000000,148.31543750939520,-33.8977011000,150.7894881000
From_KempsCreek_SE_S,"1","0","1",0.00061126948221,122.59706260234667,-33.8982212614,150.7898091646
From_KempsCreek_SE_S,"2","0","2",0.00546065581664,143.35991092467907,-33.8988020605,150.7946236449
From_KempsCreek_SE_S,"3","0","3",0.00953532835110,189.84167080716719,-33.9028167761,150.7939272145
From_KempsCreek_SE_S,"4","0","4",0.01361000502461,233.36055792671885,-33.9068314827,150.7932307082
From_KempsCreek_SE_S,"5","0","5",0.01845983288609,262.66434050493694,-33.9062506121,150.7884157918
From_KempsCreek_SE_S,"6","0","6",0.01907588953583,219.67286831798430,-33.9064769000,150.7878428000
From_KempsCreek_SE_S,"7","0","7",0.02154327142154,209.83308055718544,-33.9088998000,150.7873764000
From_KempsCreek_SE_S,"8","0","8",0.02177525158091,209.86870081747455,-33.9090526937,150.7872019342
From_KempsCreek_SE_S,"9","0","9",0.02274968983303,190.96733496075743,-33.9100093350,150.7870165501
From_KempsCreek_SE_S,"10","0","10",0.02358816022173,190.96758366854877,-33.9108324910,150.7868570298
From_KempsCreek_SE_S,"11","0","11",0.02439389776311,190.96780092432559,-33.9116235115,150.7867037337
From_KempsCreek_SE_S,"12","0","12",0.02496375974832,190.96803667706129,-33.9121829643,150.7865953124
From_KempsCreek_SE_S,"13","0","13",0.02629498572464,190.96836798727296,-33.9134898728,150.7863420284
From_KempsCreek_SE_S,"14","0","14",0.02766720885175,190.96876000879172,-33.9148370278,150.7860809350
From_KempsCreek_SE_S,"15","0","15",0.02903943263543,190.96915206533879,-33.9161841816,150.7858198322
From_KempsCreek_SE_S,"16","0","16",0.03037066050361,190.96948345169747,-33.9174910868,150.7855665211
From_KempsCreek_SE_S,"17","0","17",0.03094052367654,190.96971929148640,-33.9180505375,150.7854580827
From_KempsCreek_SE_S,"18","0","18",0.03174626328360,190.96993665478362,-33.9188415543,150.7853047570
From_KempsCreek_SE_S,"19","0","19",0.03258473630270,190.97018550396390,-33.9196647057,150.7851451990
From_KempsCreek_SE_S,"20","0","20",0.03279859880223,190.97031600737466,-33.9198746601,150.7851045009
From_KempsCreek_SE_S,"21","0","21",0.03304980742243,190.97031600926030,-33.9201212781,150.7850566958
From_KempsCreek_SE_S,"22","0","22",0.03335556072019,190.97031600693663,-33.9204214440,150.7849985108
From_KempsCreek_SE_S,"23","0","23",0.03355917822771,190.02755313243716,-33.9206213406,150.7849597623
From_KempsCreek_SE_S,"24","0","24",0.03643805088907,145.35803379571396,-33.9234641000,150.7845052000
From_KempsCreek_SE_S,"25","0","25",0.03734729640164,99.25580885340736,-33.9236474154,150.7853957745
From_KempsCreek_SE_S,"26","0","26",0.03815575688583,143.36534481053326,-33.9237442659,150.7861984128
From_KempsCreek_SE_S,"27","0","27",0.04087222346199,189.85070774383007,-33.9264206861,150.7857336923
From_KempsCreek_SE_S,"28","0","28",0.04358869188688,189.85133515448442,-33.9290971024,150.7852689380
From_KempsCreek_SE_S,"29","0","29",0.04494692679294,189.85178336335764,-33.9304353091,150.7850365481
From_KempsCreek_SE_S,"30","0","30",0.04630516216147,189.85268003219701,-33.9317735147,150.7848041498
From_KempsCreek_SE_S,"31","0","31",0.05581282270035,143.36672705901211,-33.9411409262,150.7831771249
From_KempsCreek_SE_S,"32","0","32",0.05823869202735,143.36693554988861,-33.9414315242,150.7855855258
From_KempsCreek_SE_S,"33","0","33",0.06367164968466,166.86080394137485,-33.9467843327,150.7846557568
From_KempsCreek_SE_S,"34","0","34",0.06385124986589,168.30403459081225,-33.9469293883,150.7847616581
From_KempsCreek_SE_S,"35","0","35",0.06499737951689,210.71539524708106,-33.9480473000,150.7845089000
From_KempsCreek_SE_S,"36","0","36",0.06511134613119,252.78528255463402,-33.9481225323,150.7844232934
From_KempsCreek_SE_S,"37","0","37",0.06672871672198,233.36816904002680,-33.9479287856,150.7828175693
From_KempsCreek_SE_S,"38","0","38",0.06944519973283,233.36858757041190,-33.9506051739,150.7823525686
From_KempsCreek_SE_S,"39","0","39",0.07106261356530,276.88088736171034,-33.9504113986,150.7807468044
To_KempsCreek_SE_E,"0","0","0",0.00000000000000,277.88232676873702,-33.9207225000,150.8287731000
To_KempsCreek_SE_E,"1","0","1",0.00089488508105,277.88067053487032,-33.9205997763,150.8278866700
To_KempsCreek_SE_E,"2","0","2",0.00221139729229,277.88005111752869,-33.9204193066,150.8265825860
To_KempsCreek_SE_E,"3","0","3",0.00309297251426,277.88149755923922,-33.9202984271,150.8257093374
To_KempsCreek_SE_E,"4","0","4",0.00354374388222,277.88622151955326,-33.9202366120,150.8252628246
To_KempsCreek_SE_E,"5","0","5",0.00423103154896,277.88415714737994,-33.9201422605,150.8245820440
To_KempsCreek_SE_E,"6","0","6",0.00566739527547,277.88780417049793,-33.9199453920,150.8231592357
To_KempsCreek_SE_E,"7","0","7",0.00608879152332,277.93221764656317,-33.9198874892,150.8227418366
To_KempsCreek_SE_E,"8","0","8",0.00699762216663,277.94881064609643,-33.9197615290,150.8218417770
To_KempsCreek_SE_E,"9","0","9",0.00750659215522,277.93101590042033,-33.9196913009,150.8213376754
To_KempsCreek_SE_E,"10","0","10",0.00815519874336,277.93127122593575,-33.9196018057,150.8206952728
To_KempsCreek_SE_E,"11","0","11",0.00862119905788,277.93152655077540,-33.9195375025,150.8202337304
To_KempsCreek_SE_E,"12","0","12",0.00915125030811,277.93175811286727,-33.9194643610,150.8197087497
To_KempsCreek_SE_E,"13","0","13",0.01010841462437,277.93218340632251,-33.9193322747,150.8187607430
To_KempsCreek_SE_E,"14","0","14",0.01078537241403,277.93264487632530,-33.9192388516,150.8180902626
To_KempsCreek_SE_E,"15","0","15",0.01236677450360,277.93329335193613,-33.9190205968,150.8165239940
To_KempsCreek_SE_E,"16","0","16",0.01302322526525,277.93367408845387,-33.9189299891,150.8158738264
To_KempsCreek_SE_E,"17","0","17",0.01399687094369,277.93406059394221,-33.9187956000,150.8149095000
To_KempsCreek_SE_E,"18","0","18",0.01494989774807,277.93444709982145,-33.9186640442,150.8139655969
To_KempsCreek_SE_E,"19","0","19",0.01562696069242,277.93070085006002,-33.9185705824,150.8132950157
To_KempsCreek_SE_E,"20","0","20",0.01682115303598,277.94381021586861,-33.9184058907,150.8121122342
To_KempsCreek_SE_E,"21","0","21",0.01720834355211,277.94820492599519,-33.9183522674,150.8117287749
To_KempsCreek_SE_E,"22","0","22",0.01788528923853,277.93593774642596,-33.9182588066,150.8110583120
To_KempsCreek_SE_E,"23","0","23",0.01884243250313,277.93636302589130,-33.9181266547,150.8101103356
To_KempsCreek_SE_E,"24","0","24",0.01933859251899,277.93659457949428,-33.9180581463,150.8096189281
To_KempsCreek_SE_E,"25","0","25",0.01983845726187,277.93907015767729,-33.9179891264,150.8091238513
To_KempsCreek_SE_E,"26","0","26",0.01999183510006,277.93729086424747,-33.9179679353,150.8089719445
To_KempsCreek_SE_E,"27","0","27",0.02007519940480,278.14946105767388,-33.9179564297,150.8088893779
To_KempsCreek_SE_E,"28","0","28",0.02012231075208,277.79177749563837,-33.9179495753,150.8088427679
To_KempsCreek_SE_E,"29","0","29",0.02015107217066,277.59056943201216,-33.9179459618,150.8088142344
To_KempsCreek_SE_E,"30","0","30",0.02016996244614,277.92109917177601,-33.9179433447,150.8087955263
To_KempsCreek_SE_E,"31","0","31",0.02018841007835,277.90920068516510,-33.9179408159,150.8087772528
To_KempsCreek_SE_E,"32","0","32",0.02020424765198,277.98635939828165,-33.9179386283,150.8087615670
To_KempsCreek_SE_E,"33","0","33",0.02022531857144,277.91423410580433,-33.9179356837,150.8087407029
To_KempsCreek_SE_E,"34","0","34",0.02023520882345,277.86843155291416,-33.9179343423,150.8087309040
To_KempsCreek_SE_E,"35","0","35",0.02024692524074,278.25813689139744,-33.9179327235,150.8087193000
To_KempsCreek_SE_E,"36","0","36",0.02025436194212,278.09992822118494,-33.9179316147,150.8087119464
To_KempsCreek_SE_E,"37","0","37",0.02026973986186,277.78097946929745,-33.9179295742,150.8086967044
To_KempsCreek_SE_E,"38","0","38",0.02028080247191,277.70698879731719,-33.9179280466,150.8086857478
To_KempsCreek_SE_E,"39","0","39",0.02073732234543,277.47704198413760,-33.9178686402,150.8082331097
To_KempsCreek_SE_E,"40","0","40",0.02111221237444,277.47704198396849,-33.9178198562,150.8078614073
To_KempsCreek_SE_E,"41","0","41",0.02140939237265,277.47704198447877,-33.9177811845,150.8075667542
To_KempsCreek_SE_E,"42","0","42",0.02160982678892,277.47704198477459,-33.9177551021,150.8073680241
To_KempsCreek_SE_E,"43","0","43",0.02192687768423,277.47704199218458,-33.9177138447,150.8070536690
To_KempsCreek_SE_E,"44","0","44",0.02215443576006,277.74415890855755,-33.9176842328,150.8068280459
To_KempsCreek_SE_E,"45","0","45",0.02264925425565,278.01127582103248,-33.9176152709,150.8063380565
To_KempsCreek_SE_E,"46","0","46",0.02315037639373,278.01150744510250,-33.9175454305,150.8058418250
To_KempsCreek_SE_E,"47","0","47",0.02361391623757,278.01173907122239,-33.9174808242,150.8053828095
To_KempsCreek_SE_E,"48","0","48",0.02410743408921,278.01193284807579,-33.9174120397,150.8048941086
To_KempsCreek_SE_E,"49","0","49",0.02478431645870,278.01239442945194,-33.9173176940,150.8042238335
To_KempsCreek_SE_E,"50","0","50",0.02522744196337,278.01266224027825,-33.9172559259,150.8037850342
To_KempsCreek_SE_E,"51","0","51",0.02587325264800,278.01266224191636,-33.9171659051,150.8031455283
To_KempsCreek_SE_E,"52","0","52",0.02636554232420,278.01304306955939,-33.9170972838,150.8026580447
To_KempsCreek_SE_E,"53","0","53",0.02664122422861,278.01342389879215,-33.9170588524,150.8023850547
To_KempsCreek_SE_E,"54","0","54",0.02718157818881,278.01342390135829,-33.9169835243,150.8018499771
To_KempsCreek_SE_E,"55","0","55",0.02799545705616,324.73191418242988,-33.9168700654,150.8010440454
To_KempsCreek_SE_E,"56","0","56",0.02936836916834,11.45020310111730,-33.9155244785,150.8013165954
To_KempsCreek_SE_E,"57","0","57",0.03070026346278,11.44986014719638,-33.9142190911,150.8015809934
To_KempsCreek_SE_E,"58","0","58",0.03127041151217,11.44961610999425,-33.9136602894,150.8016941723
To_KempsCreek_SE_E,"59","0","59",0.03207655349896,11.44939121910876,-33.9128701897,150.8018541950
To_KempsCreek_SE_E,"60","0","60",0.03291544473202,11.44909086982686,-33.9120479917,150.8020207151
To_KempsCreek_SE_E,"61","0","61",0.03446682710684,324.53075404821988,-33.9105274786,150.8023286554
To_KempsCreek_SE_E,"62","0","62",0.03662098295575,277.72772092296287,-33.9102421083,150.8001934853
To_KempsCreek_SE_E,"63","0","63",0.03738198745253,277.84284671521721,-33.9101382644,150.7994395992
To_KempsCreek_SE_E,"64","0","64",0.03845122108186,277.84284671517878,-33.9099923606,150.7983803671
To_KempsCreek_SE_E,"65","0","65",0.03952330072897,277.84284671500205,-33.9098460684,150.7973183156
To_KempsCreek_SE_E,"66","0","66",0.04079087311578,306.49167137560164,-33.9096731000,150.7960626000
To_KempsCreek_SE_E,"67","0","67",0.04370932828398,352.49083385996425,-33.9070250649,150.7948356972
To_KempsCreek_SE_E,"68","0","68",0.04778400425642,323.35922252452383,-33.9030103464,150.7955321308
To_KempsCreek_SE_E,"69","0","69",0.04940055175395,233.35974041283680,-33.9028167761,150.7939272145
To_KempsCreek_SE_E,"70","0","70",0.05347522842746,233.36055792671885,-33.9068314827,150.7932307082
To_KempsCreek_SE_E,"71","0","71",0.05832505628894,262.66434050493694,-33.9062506121,150.7884157918
To_KempsCreek_SE_E,"72","0","72",0.05894111293867,219.67286831798430,-33.9064769000,150.7878428000
To_KempsCreek_SE_E,"73","0","73",0.06140849482439,238.94614751568497,-33.9088998000,150.7873764000
To_KempsCreek_SE_E,"74","0","74",0.06164652754590,328.42152935214864,-33.9088302205,150.7871487637
To_KempsCreek_SE_E,"75","0","75",0.06436298258989,323.36424754525729,-33.9061537823,150.7876133131
To_KempsCreek_SE_E,"76","0","76",0.07002103755288,323.36561230833115,-33.9054758289,150.7819960215
To_KempsCreek_SE_E,"77","0","77",0.07409571907740,9.84945721833311,-33.9014612057,150.7826930366
From_KempsCreek_SE_E,"0","0","0",0.00000000000000,9.84838253571988,-33.9014612057,150.7826930366
From_KempsCreek_SE_E,"1","0","1",0.00407467737774,53.36496431506794,-33.8974465735,150.7833899758
From_KempsCreek_SE_E,"2","0","2",0.00973221727384,72.77483299502371,-33.8981244435,150.7890067587
From_KempsCreek_SE_E,"3","0","3",0.01037323926210,98.49177870251332,-33.8977011000,150.7894881000
From_KempsCreek_SE_E,"4","0","4",0.01098450874431,122.59706260234667,-33.8982212614,150.7898091646
From_KempsCreek_SE_E,"5","0","5",0.01583389507874,143.35991092467907,-33.8988020605,150.7946236449
From_KempsCreek_SE_E,"6","0","6",0.01990856761320,143.35920375972958,-33.9028167761,150.7939272145
From_KempsCreek_SE_E,"7","0","7",0.02152511511073,143.35922252452386,-33.9030103464,150.7955321308
From_KempsCreek_SE_E,"8","0","8",0.02559979108317,172.49083385996423,-33.9070250649,150.7948356972
From_KempsCreek_SE_E,"9","0","9",0.02851824625137,126.49167137576009,-33.9096731000,150.7960626000
From_KempsCreek_SE_E,"10","0","10",0.02914040204417,97.84284671512894,-33.9097579972,150.7966789362
From_KempsCreek_SE_E,"11","0","11",0.02956919443360,97.84284671493081,-33.9098165086,150.7971037177
From_KempsCreek_SE_E,"12","0","12",0.03021765533288,97.84284671487016,-33.9099049953,150.7977461129
From_KempsCreek_SE_E,"13","0","13",0.03085789828529,97.84284671508655,-33.9099923606,150.7983803671
From_KempsCreek_SE_E,"14","0","14",0.03192713191462,97.84284671521719,-33.9101382644,150.7994395992
From_KempsCreek_SE_E,"15","0","15",0.03268813641140,97.72772092302260,-33.9102421083,150.8001934853
From_KempsCreek_SE_E,"16","0","16",0.03392239259537,97.61259513074764,-33.9104056155,150.8014168633
From_KempsCreek_SE_E,"17","0","17",0.03484229226031,144.53075404813978,-33.9105274786,150.8023286554
From_KempsCreek_SE_E,"18","0","18",0.03639367463513,191.44915087357433,-33.9120479917,150.8020207151
From_KempsCreek_SE_E,"19","0","19",0.03803870785498,191.44965281721497,-33.9136602894,150.8016941723
From_KempsCreek_SE_E,"20","0","20",0.03994075019880,191.45016065827386,-33.9155244785,150.8013165954
From_KempsCreek_SE_E,"21","0","21",0.04131366231098,144.73191418248601,-33.9168700654,150.8010440454
From_KempsCreek_SE_E,"22","0","22",0.04186531256537,98.01342390138093,-33.9169469683,150.8015903090
From_KempsCreek_SE_E,"23","0","23",0.04260176327398,98.01342390128437,-33.9170496333,150.8023195686
From_KempsCreek_SE_E,"24","0","24",0.04294357704292,98.01304307068573,-33.9170972838,150.8026580447
From_KempsCreek_SE_E,"25","0","25",0.04397479849374,98.01266224032886,-33.9172410278,150.8036791987
From_KempsCreek_SE_E,"26","0","26",0.04452480290844,98.01239443432129,-33.9173176940,150.8042238335
From_KempsCreek_SE_E,"27","0","27",0.04485101644811,98.01212661950714,-33.9173631625,150.8045468628
From_KempsCreek_SE_E,"28","0","28",0.04520168527793,98.01193284404323,-33.9174120397,150.8048941086
From_KempsCreek_SE_E,"29","0","29",0.04570096820536,98.01173907113716,-33.9174816277,150.8053885183
From_KempsCreek_SE_E,"30","0","30",0.04615874297342,98.01150744494652,-33.9175454305,150.8058418250
From_KempsCreek_SE_E,"31","0","31",0.04662062516634,98.01127582446692,-33.9176098021,150.8062991995
From_KempsCreek_SE_E,"32","0","32",0.04688725712346,98.01127581777250,-33.9176469621,150.8065632293
From_KempsCreek_SE_E,"33","0","33",0.04715468360709,97.74415890083948,-33.9176842328,150.8068280459
From_KempsCreek_SE_E,"34","0","34",0.04772793670770,97.47704198731243,-33.9177588296,150.8073964246
From_KempsCreek_SE_E,"35","0","35",0.04902831689524,97.39164150007025,-33.9179280466,150.8086857478
From_KempsCreek_SE_E,"36","0","36",0.04908120913695,97.87432822937879,-33.9179347731,150.8087382106
From_KempsCreek_SE_E,"37","0","37",0.04914720308555,98.18967552567403,-33.9179444620,150.8088034894
From_KempsCreek_SE_E,"38","0","38",0.04922027149505,97.93693561010269,-33.9179545515,150.8088758579
From_KempsCreek_SE_E,"39","0","39",0.04947066353054,97.93676509558183,-33.9179891264,150.8091238513
From_KempsCreek_SE_E,"40","0","40",0.05046668828930,97.93636302599081,-33.9181266547,150.8101103356
From_KempsCreek_SE_E,"41","0","41",0.05142383155388,97.93593774662570,-33.9182588066,150.8110583120
From_KempsCreek_SE_E,"42","0","42",0.05182391073136,97.93574402033786,-33.9183140425,150.8114545598
From_KempsCreek_SE_E,"43","0","43",0.05210077724030,97.93547628948500,-33.9183522674,150.8117287749
From_KempsCreek_SE_E,"44","0","44",0.05368216004938,97.93482782925162,-33.9185705824,150.8132950157
From_KempsCreek_SE_E,"45","0","45",0.05447817170328,97.93444709978873,-33.9186804638,150.8140834068
From_KempsCreek_SE_E,"46","0","46",0.05531224979811,97.93406059417057,-33.9187956000,150.8149095000
From_KempsCreek_SE_E,"47","0","47",0.05634078252622,97.93367408471821,-33.9189375649,150.8159281881
From_KempsCreek_SE_E,"48","0","48",0.05694234623819,97.93329334899607,-33.9190205968,150.8165239940
From_KempsCreek_SE_E,"49","0","49",0.05852374832776,97.93264487840898,-33.9192388516,150.8180902626
From_KempsCreek_SE_E,"50","0","50",0.05920070611742,97.93218340667123,-33.9193322747,150.8187607430
From_KempsCreek_SE_E,"51","0","51",0.06015787043368,97.93175811340438,-33.9194643610,150.8197087497
From_KempsCreek_SE_E,"52","0","52",0.06069876257589,97.93152654919244,-33.9195389985,150.8202444675
From_KempsCreek_SE_E,"53","0","53",0.06115392199843,97.93127122503283,-33.9196018057,150.8206952728
From_KempsCreek_SE_E,"54","0","54",0.06177725605663,97.93101590273911,-33.9196878138,150.8213126446
From_KempsCreek_SE_E,"55","0","55",0.06231149857517,97.94881063437751,-33.9197615290,150.8218417770
From_KempsCreek_SE_E,"56","0","56",0.06322032921842,97.93221766042251,-33.9198874892,150.8227418366
From_KempsCreek_SE_E,"57","0","57",0.06364172546633,97.88780419633525,-33.9199453920,150.8231592357
From_KempsCreek_SE_E,"58","0","58",0.06507808919284,97.88415714737995,-33.9201422605,150.8245820440
From_KempsCreek_SE_E,"59","0","59",0.06576537685957,97.88622151955323,-33.9202366120,150.8252628246
From_KempsCreek_SE_E,"60","0","60",0.06621614822754,97.88149755923924,-33.9202984271,150.8257093374
From_KempsCreek_SE_E,"61","0","61",0.06709772344951,97.88005111752875,-33.9204193066,150.8265825860
From_KempsCreek_SE_E,"62","0","62",0.06841423566074,97.88067053487038,-33.9205997763,150.8278866700
From_KempsCreek_SE_E,"63","0","63",0.06930912074180,97.88232676873703,-33.9207225000,150.8287731000
To_KempsCreek_SE_N,"0","0","0",0.00000000000000,102.16447099820790,-33.8804351000,150.7921182000
To_KempsCreek_SE_N,"1","0","1",0.00066012188268,146.90855385706234,-33.8805742000,150.7927635000
To_KempsCreek_SE_N,"2","0","2",0.00462724416377,189.88720582317791,-33.8844595603,150.7919622295
To_KempsCreek_SE_N,"3","0","3",0.00522586481914,189.64808375317952,-33.8850521768,150.7918776579
To_KempsCreek_SE_N,"4","0","4",0.00608074148062,190.91002796103663,-33.8858908466,150.7917119863
To_KempsCreek_SE_N,"5","0","5",0.00686502776611,189.89346140308112,-33.8866616341,150.7915671015
To_KempsCreek_SE_N,"6","0","6",0.00744753222187,189.86087335184232,-33.8872367406,150.7914745595
To_KempsCreek_SE_N,"7","0","7",0.00877646955461,189.85723493510937,-33.8885430832,150.7912305446
To_KempsCreek_SE_N,"8","0","8",0.01014492938995,190.16990541889379,-33.8898941908,150.7910133102
To_KempsCreek_SE_N,"9","0","9",0.01341908025555,191.20612671754060,-33.8931059212,150.7903770309
To_KempsCreek_SE_N,"10","0","10",0.01422502569537,191.20654555685445,-33.8938965000,150.7902204000
To_KempsCreek_SE_N,"11","0","11",0.01506371292514,190.71367653998604,-33.8947191956,150.7900574024
To_KempsCreek_SE_N,"12","0","12",0.01575071900459,190.60074008304323,-33.8953953000,150.7899355000
To_KempsCreek_SE_N,"13","0","13",0.01809952304103,169.64811524269089,-33.8977011000,150.7894881000
To_KempsCreek_SE_N,"14","0","14",0.01871079252324,122.59706260234667,-33.8982212614,150.7898091646
To_KempsCreek_SE_N,"15","0","15",0.02356017885768,143.35991092467907,-33.8988020605,150.7946236449
To_KempsCreek_SE_N,"16","0","16",0.02763485139214,189.84167080716719,-33.9028167761,150.7939272145
To_KempsCreek_SE_N,"17","0","17",0.03170952806564,233.36055792671885,-33.9068314827,150.7932307082
To_KempsCreek_SE_N,"18","0","18",0.03655935592713,262.66434050493694,-33.9062506121,150.7884157918
To_KempsCreek_SE_N,"19","0","19",0.03717541257686,219.67286831798430,-33.9064769000,150.7878428000
To_KempsCreek_SE_N,"20","0","20",0.03964279446258,190.89596401925803,-33.9088998000,150.7873764000
From_KempsCreek_SE_N,"0","0","0",0.00000000000000,286.99633101211191,-33.9088998000,150.7873764000
From_KempsCreek_SE_N,"1","0","1",0.00023803272151,328.42152935214864,-33.9088302205,150.7871487637
From_KempsCreek_SE_N,"2","0","2",0.00295448776550,323.36424754525729,-33.9061537823,150.7876133131
From_KempsCreek_SE_N,"3","0","3",0.00861254272849,323.36561230833115,-33.9054758289,150.7819960215
From_KempsCreek_SE_N,"4","0","4",0.01268722425301,9.84891987702648,-33.9014612057,150.7826930366
From_KempsCreek_SE_N,"5","0","5",0.01676190163075,53.36496431506794,-33.8974465735,150.7833899758
From_KempsCreek_SE_N,"6","0","6",0.02241944152684,72.77483299502371,-33.8981244435,150.7890067587
From_KempsCreek_SE_N,"7","0","7",0.02306046351511,29.82445643580904,-33.8977011000,150.7894881000
From_KempsCreek_SE_N,"8","0","8",0.02540926755155,10.60074008034249,-33.8953953000,150.7899355000
From_KempsCreek_SE_N,"9","0","9",0.02609627363104,10.71367654047242,-33.8947191956,150.7900574024
From_KempsCreek_SE_N,"10","0","10",0.02693496086078,11.20654555726489,-33.8938965000,150.7902204000
From_KempsCreek_SE_N,"11","0","11",0.02774090630055,11.20632454914430,-33.8931059212,150.7903770309
From_KempsCreek_SE_N,"12","0","12",0.02831091504060,11.20608475565313,-33.8925467802,150.7904878070
From_KempsCreek_SE_N,"13","0","13",0.02964248293150,11.20574780874216,-33.8912405987,150.7907465787
From_KempsCreek_SE_N,"14","0","14",0.03101505716623,10.16976630636320,-33.8898941908,150.7910133102
From_KempsCreek_SE_N,"15","0","15",0.03238351700156,9.85723493510936,-33.8885430832,150.7912305446
From_KempsCreek_SE_N,"16","0","16",0.03371245433431,9.86087335184235,-33.8872367406,150.7914745595
From_KempsCreek_SE_N,"17","0","17",0.03429495879007,9.89346140308112,-33.8866616341,150.7915671015
From_KempsCreek_SE_N,"18","0","18",0.03507924507555,10.91002796103664,-33.8858908466,150.7917119863
From_KempsCreek_SE_N,"19","0","19",0.03593412173703,9.64808375317953,-33.8850521768,150.7918776579
From_KempsCreek_SE_N,"20","0","20",0.03653274239241,9.88720582317790,-33.8844595603,150.7919622295
From_KempsCreek_SE_N,"21","0","21",0.04049986467349,326.90855385706232,-33.8805742000,150.7927635000
From_KempsCreek_SE_N,"22","0","22",0.04115998655617,282.16447099820789,-33.8804351000,150.7921182000
To_KempsCreek_SW_W,"0","0","0",0.00000000000000,11.20448707255419,-33.9206997072,150.7367833845
To_KempsCreek_SW_W,"1","0","1",0.00589346151883,54.52160267921899,-33.9149185754,150.7379285499
To_KempsCreek_SW_W,"2","0","2",0.01289487541189,54.52203378454502,-33.9158734636,150.7448645419
To_KempsCreek_SW_W,"3","0","3",0.02468181135735,354.92567913856789,-33.9043112218,150.7471550492
To_KempsCreek_SW_W,"4","0","4",0.02503535497001,354.25922266147586,-33.9039819495,150.7470263138
To_KempsCreek_SW_W,"5","0","5",0.02911005356032,53.38470656233876,-33.8999675893,150.7477249419
To_KempsCreek_SW_W,"6","0","6",0.03961694050757,53.38089278824947,-33.9012293031,150.7581557976
To_KempsCreek_SW_W,"7","0","7",0.04233340110347,53.37809227714189,-33.8985530061,150.7586211926
To_KempsCreek_SW_W,"8","0","8",0.05526490592003,96.88975598783486,-33.9001046238,150.7714592726
To_KempsCreek_SW_W,"9","0","9",0.05607313755799,53.37171380750362,-33.9002015561,150.7722616706
To_KempsCreek_SW_W,"10","0","10",0.05878959254395,53.37139086698316,-33.8975251873,150.7727266200
To_KempsCreek_SW_W,"11","0","11",0.06040601121771,53.37051469915573,-33.8977190284,150.7743313738
To_KempsCreek_SW_W,"12","0","12",0.06312246391023,53.30344692945526,-33.8950426476,150.7747962410
To_KempsCreek_SW_W,"13","0","13",0.06661828363077,96.89721628845029,-33.8954537405,150.7782678052
To_KempsCreek_SW_W,"14","0","14",0.06958802185122,143.44541713713642,-33.8958177737,150.7812151472
To_KempsCreek_SW_W,"15","0","15",0.07502092546684,189.84975647916002,-33.9011705948,150.7802857666
From_KempsCreek_SW_W,"0","0","0",0.00000000000000,189.85101058407540,-33.9011705948,150.7802857666
From_KempsCreek_SW_W,"1","0","1",0.00407468255120,233.36791375773171,-33.9051852001,150.7795886425
From_KempsCreek_SW_W,"2","0","2",0.00649952777305,323.36869041263697,-33.9048945247,150.7771812824
From_KempsCreek_SW_W,"3","0","3",0.01057421134644,312.80391500415197,-33.9008799373,150.7778785156
From_KempsCreek_SW_W,"4","0","4",0.01135637576287,222.86013847693704,-33.9010724000,150.7771204000
From_KempsCreek_SW_W,"5","0","5",0.01344193938456,223.01099851931431,-33.9031265000,150.7767595000
From_KempsCreek_SW_W,"6","0","6",0.01442147034842,222.95547207240358,-33.9033625246,150.7758088301
From_KempsCreek_SW_W,"7","0","7",0.01577969889398,233.37062627835812,-33.9047007154,150.7755763863
From_KempsCreek_SW_W,"8","0","8",0.02062933163945,323.37200019969202,-33.9041191635,150.7707617487
From_KempsCreek_SW_W,"9","0","9",0.02470401791653,323.37365966210285,-33.9001046238,150.7714592726
From_KempsCreek_SW_W,"10","0","10",0.03440268208625,276.89213802774316,-33.8989410344,150.7618306618
From_KempsCreek_SW_W,"11","0","11",0.03763552273653,233.37923565021330,-33.8985530061,150.7586211926
From_KempsCreek_SW_W,"12","0","12",0.04035198333243,233.38089278824950,-33.9012293031,150.7581557976
From_KempsCreek_SW_W,"13","0","13",0.05085887027968,233.38470656233878,-33.8999675893,150.7477249419
From_KempsCreek_SW_W,"14","0","14",0.05493356886999,174.25922266147586,-33.9039819495,150.7470263138
From_KempsCreek_SW_W,"15","0","15",0.05528711248265,174.92567913856792,-33.9043112218,150.7471550492
From_KempsCreek_SW_W,"16","0","16",0.06707404842810,234.52203378454507,-33.9158734636,150.7448645419
From_KempsCreek_SW_W,"17","0","17",0.07407546232117,234.52160267921897,-33.9149185754,150.7379285499
From_KempsCreek_SW_W,"18","0","18",0.07996892384000,191.20448707255417,-33.9206997072,150.7367833845
To_KempsCreek_SW_S,"0","0","0",0.00000000000000,96.89100057232201,-33.9475022868,150.7566613585
To_KempsCreek_SW_S,"1","0","1",0.00727800833515,53.37961137564078,-33.9483755088,150.7638867919
To_KempsCreek_SW_S,"2","0","2",0.00999449668822,10.95485479380103,-33.9456992122,150.7643523510
To_KempsCreek_SW_S,"3","0","3",0.01080776394704,9.33645372160165,-33.9449038394,150.7645220148
To_KempsCreek_SW_S,"4","0","4",0.01135419685650,8.24910173162050,-33.9443610624,150.7645851179
To_KempsCreek_SW_S,"5","0","5",0.01678716611946,53.37771240669900,-33.9390084531,150.7655161004
To_KempsCreek_SW_S,"6","0","6",0.01840434563667,53.37548663978652,-33.9392024176,150.7671216058
To_KempsCreek_SW_S,"7","0","7",0.03877791078903,357.34602453332599,-33.9191299301,150.7706112189
To_KempsCreek_SW_S,"8","0","8",0.03925380226716,357.90459044294181,-33.9186706223,150.7704866836
To_KempsCreek_SW_S,"9","0","9",0.04106672129146,10.97903900218630,-33.9168908878,150.7708319669
To_KempsCreek_SW_S,"10","0","10",0.04514578489610,10.97802635386852,-33.9128864779,150.7716087944
To_KempsCreek_SW_S,"11","0","11",0.04922484268853,10.97701388836577,-33.9088820577,150.7723855385
To_KempsCreek_SW_S,"12","0","12",0.05103775539818,8.98596705100458,-33.9071023121,150.7727307314
To_KempsCreek_SW_S,"13","0","13",0.05187035719154,52.31434101690582,-33.9062759082,150.7728321329
To_KempsCreek_SW_S,"14","0","14",0.05410863465442,97.63333730844981,-33.9065732255,150.7750505757
To_KempsCreek_SW_S,"15","0","15",0.05505474299596,54.90762626291742,-33.9066989000,150.7759883000
To_KempsCreek_SW_S,"16","0","16",0.05870943740178,314.11945069959523,-33.9031265000,150.7767595000
To_KempsCreek_SW_S,"17","0","17",0.05968896836565,222.95547207240358,-33.9033625246,150.7758088301
To_KempsCreek_SW_S,"18","0","18",0.06104719691121,233.37062627835812,-33.9047007154,150.7755763863
To_KempsCreek_SW_S,"19","0","19",0.06589682965668,323.37200019969202,-33.9041191635,150.7707617487
To_KempsCreek_SW_S,"20","0","20",0.06997151593376,53.37242099526595,-33.9001046238,150.7714592726
To_KempsCreek_SW_S,"21","0","21",0.07077974757172,53.37171380750362,-33.9002015561,150.7722616706
To_KempsCreek_SW_S,"22","0","22",0.07349620255768,53.37139086698316,-33.8975251873,150.7727266200
To_KempsCreek_SW_S,"23","0","23",0.07511262123144,53.37051469915573,-33.8977190284,150.7743313738
To_KempsCreek_SW_S,"24","0","24",0.07782907392396,53.30344692945526,-33.8950426476,150.7747962410
To_KempsCreek_SW_S,"25","0","25",0.08132489364450,96.75335478178773,-33.8954537405,150.7782678052
From_KempsCreek_SW_S,"0","0","0",0.00000000000000,97.04107779511286,-33.8954537405,150.7782678052
From_KempsCreek_SW_S,"1","0","1",0.00296973822046,143.44541713713642,-33.8958177737,150.7812151472
From_KempsCreek_SW_S,"2","0","2",0.00840264183607,189.85038353161772,-33.9011705948,150.7802857666
From_KempsCreek_SW_S,"3","0","3",0.01247732438727,233.36791375773171,-33.9051852001,150.7795886425
From_KempsCreek_SW_S,"4","0","4",0.01490216960912,323.36869041263697,-33.9048945247,150.7771812824
From_KempsCreek_SW_S,"5","0","5",0.01897685318251,312.80391500415197,-33.9008799373,150.7778785156
From_KempsCreek_SW_S,"6","0","6",0.01975901759894,222.86013847693704,-33.9010724000,150.7771204000
From_KempsCreek_SW_S,"7","0","7",0.02184458122063,191.07346301973695,-33.9031265000,150.7767595000
From_KempsCreek_SW_S,"8","0","8",0.02549927562645,234.90762626291746,-33.9066989000,150.7759883000
From_KempsCreek_SW_S,"9","0","9",0.02644538396799,277.63333730844982,-33.9065732255,150.7750505757
From_KempsCreek_SW_S,"10","0","10",0.02868366143087,232.31434101690581,-33.9062759082,150.7728321329
From_KempsCreek_SW_S,"11","0","11",0.02951626322423,188.98596705100456,-33.9071023121,150.7727307314
From_KempsCreek_SW_S,"12","0","12",0.03132917593389,190.97701388836578,-33.9088820577,150.7723855385
From_KempsCreek_SW_S,"13","0","13",0.03540823372632,190.97802635386853,-33.9128864779,150.7716087944
From_KempsCreek_SW_S,"14","0","14",0.03948729733095,190.97903900218631,-33.9168908878,150.7708319669
From_KempsCreek_SW_S,"15","0","15",0.04130021635525,177.90459044294187,-33.9186706223,150.7704866836
From_KempsCreek_SW_S,"16","0","16",0.04177610783338,177.34602453332602,-33.9191299301,150.7706112189
From_KempsCreek_SW_S,"17","0","17",0.06214967298574,233.37548663978654,-33.9392024176,150.7671216058
From_KempsCreek_SW_S,"18","0","18",0.06376685250295,233.37771240669900,-33.9390084531,150.7655161004
From_KempsCreek_SW_S,"19","0","19",0.06919982176592,188.24910173162050,-33.9443610624,150.7645851179
From_KempsCreek_SW_S,"20","0","20",0.06974625467538,189.33645372160166,-33.9449038394,150.7645220148
From_KempsCreek_SW_S,"21","0","21",0.07055952193420,190.95485479380105,-33.9456992122,150.7643523510
From_KempsCreek_SW_S,"22","0","22",0.07327601028726,233.37961137564079,-33.9483755088,150.7638867919
From_KempsCreek_SW_S,"23","0","23",0.08055401862241,276.89100057232201,-33.9475022868,150.7566613585
To_KempsCreek_SW_E,"0","0","0",0.00000000000000,277.88232676873702,-33.9207225000,150.8287731000
To_KempsCreek_SW_E,"1","0","1",0.00089488508105,277.88067053487032,-33.9205997763,150.8278866700
To_KempsCreek_SW_E,"2","0","2",0.00221139729229,277.88005111752869,-33.9204193066,150.8265825860
To_KempsCreek_SW_E,"3","0","3",0.00309297251426,277.88124814869343,-33.9202984271,150.8257093374
To_KempsCreek_SW_E,"4","0","4",0.00356312639793,277.88627287626883,-33.9202339581,150.8252436246
To_KempsCreek_SW_E,"5","0","5",0.00423103154985,277.88445791464130,-33.9201422605,150.8245820440
To_KempsCreek_SW_E,"6","0","6",0.00566739527636,277.88780417049793,-33.9199453920,150.8231592357
To_KempsCreek_SW_E,"7","0","7",0.00608879152421,277.93221766079199,-33.9198874892,150.8227418366
To_KempsCreek_SW_E,"8","0","8",0.00650514065884,277.96660539440808,-33.9198297849,150.8223295056
To_KempsCreek_SW_E,"9","0","9",0.00699762216752,277.94881063439237,-33.9197615290,150.8218417770
To_KempsCreek_SW_E,"10","0","10",0.00759060952320,277.93101590026981,-33.9196797081,150.8212544616
To_KempsCreek_SW_E,"11","0","11",0.00815519874427,277.93127122544524,-33.9196018057,150.8206952728
To_KempsCreek_SW_E,"12","0","12",0.00915125030900,277.93175811161785,-33.9194643610,150.8197087497
To_KempsCreek_SW_E,"13","0","13",0.01010841462526,277.93218340692192,-33.9193322747,150.8187607430
To_KempsCreek_SW_E,"14","0","14",0.01050366916258,277.93237714448253,-33.9192777279,150.8183692704
To_KempsCreek_SW_E,"15","0","15",0.01078537241493,277.93264488077796,-33.9192388516,150.8180902626
To_KempsCreek_SW_E,"16","0","16",0.01236677450449,277.93329335129846,-33.9190205968,150.8165239940
To_KempsCreek_SW_E,"17","0","17",0.01399687094458,277.95031858283153,-33.9187956000,150.8149095000
To_KempsCreek_SW_E,"18","0","18",0.01498517035881,277.92566926149624,-33.9186586196,150.8139307395
To_KempsCreek_SW_E,"19","0","19",0.01562696109754,277.90979200228759,-33.9185705824,150.8132950157
To_KempsCreek_SW_E,"20","0","20",0.01720834390662,277.93547628979621,-33.9183522674,150.8117287749
To_KempsCreek_SW_E,"21","0","21",0.01748823224768,277.93574402043117,-33.9183136253,150.8114515669
To_KempsCreek_SW_E,"22","0","22",0.01788528959304,277.93593774648872,-33.9182588066,150.8110583120
To_KempsCreek_SW_E,"23","0","23",0.01840490562254,277.93613147269713,-33.9181870637,150.8105436725
To_KempsCreek_SW_E,"24","0","24",0.01884243285761,277.93636302589465,-33.9181266547,150.8101103356
To_KempsCreek_SW_E,"25","0","25",0.01983845761638,277.98958924437267,-33.9179891264,150.8091238513
To_KempsCreek_SW_E,"26","0","26",0.02007629467856,277.85420539481964,-33.9179558509,150.8088883536
To_KempsCreek_SW_E,"27","0","27",0.02016897764142,277.79440022117478,-33.9179434874,150.8087964989
To_KempsCreek_SW_E,"28","0","28",0.02019410192457,277.93811267423519,-33.9179400242,150.8087716144
To_KempsCreek_SW_E,"29","0","29",0.02020567213996,277.94580154015620,-33.9179384233,150.8087601555
To_KempsCreek_SW_E,"30","0","30",0.02021238884463,277.93706788342229,-33.9179374957,150.8087535032
To_KempsCreek_SW_E,"31","0","31",0.02022550946343,277.94487938192151,-33.9179356842,150.8087405082
To_KempsCreek_SW_E,"32","0","32",0.02023723330285,277.94935814567486,-33.9179340619,150.8087288972
To_KempsCreek_SW_E,"33","0","33",0.02024715334466,277.93910486115539,-33.9179326908,150.8087190723
To_KempsCreek_SW_E,"34","0","34",0.02025527329007,277.92408937963995,-33.9179315700,150.8087110301
To_KempsCreek_SW_E,"35","0","35",0.02026128027280,277.92808140459545,-33.9179307429,150.8087050803
To_KempsCreek_SW_E,"36","0","36",0.02026814864510,277.94097440185669,-33.9179297939,150.8086982778
To_KempsCreek_SW_E,"37","0","37",0.02027405758053,277.93871632945968,-33.9179289776,150.8086924256
To_KempsCreek_SW_E,"38","0","38",0.02028079992323,277.70698880571030,-33.9179280466,150.8086857478
To_KempsCreek_SW_E,"39","0","39",0.02089441279144,277.47704198438350,-33.9178481979,150.8080773524
To_KempsCreek_SW_E,"40","0","40",0.02137619073430,277.47704198419058,-33.9177855046,150.8075996710
To_KempsCreek_SW_E,"41","0","41",0.02174683305499,277.47704198852585,-33.9177372733,150.8072321802
To_KempsCreek_SW_E,"42","0","42",0.02215443321138,277.74415890395062,-33.9176842328,150.8068280459
To_KempsCreek_SW_E,"43","0","43",0.02252789622878,278.01127582007621,-33.9176321840,150.8064582276
To_KempsCreek_SW_E,"44","0","44",0.02288291107276,278.01127582473117,-33.9175827063,150.8061066775
To_KempsCreek_SW_E,"45","0","45",0.02315037384505,278.01150744452951,-33.9175454305,150.8058418250
To_KempsCreek_SW_E,"46","0","46",0.02354294950956,278.01173907042261,-33.9174907149,150.8054530810
To_KempsCreek_SW_E,"47","0","47",0.02410743154054,278.01193284872596,-33.9174120397,150.8048941086
To_KempsCreek_SW_E,"48","0","48",0.02478431391003,278.01239443014447,-33.9173176940,150.8042238335
To_KempsCreek_SW_E,"49","0","49",0.02566761190729,278.01266224036846,-33.9171945694,150.8033491589
To_KempsCreek_SW_E,"50","0","50",0.02636553977552,278.01304307079459,-33.9170972838,150.8026580447
To_KempsCreek_SW_E,"51","0","51",0.02711422662694,278.01342390039162,-33.9169929131,150.8019166685
To_KempsCreek_SW_E,"52","0","52",0.02799545450749,324.73191418318834,-33.9168700654,150.8010440454
To_KempsCreek_SW_E,"53","0","53",0.02847821654681,11.45040446390832,-33.9163969118,150.8011398832
To_KempsCreek_SW_E,"54","0","54",0.02898141199667,11.45040446275996,-33.9159037315,150.8012397773
To_KempsCreek_SW_E,"55","0","55",0.02936836661967,11.45020310030996,-33.9155244785,150.8013165954
To_KempsCreek_SW_E,"56","0","56",0.03000203520396,11.45000173859919,-33.9149034210,150.8014423867
To_KempsCreek_SW_E,"57","0","57",0.03070026091410,11.44986014759632,-33.9142190911,150.8015809934
To_KempsCreek_SW_E,"58","0","58",0.03127040896349,11.44961610999425,-33.9136602894,150.8016941723
To_KempsCreek_SW_E,"59","0","59",0.03207655095028,11.44939121910876,-33.9128701897,150.8018541950
To_KempsCreek_SW_E,"60","0","60",0.03291544218335,11.44909086983266,-33.9120479917,150.8020207151
To_KempsCreek_SW_E,"61","0","61",0.03365511254845,11.44891296567237,-33.9113230392,150.8021675353
To_KempsCreek_SW_E,"62","0","62",0.03446682455816,324.53075404821465,-33.9105274786,150.8023286554
To_KempsCreek_SW_E,"63","0","63",0.03662098040708,277.72772092296287,-33.9102421083,150.8001934853
To_KempsCreek_SW_E,"64","0","64",0.03738198490385,277.84284671521721,-33.9101382644,150.7994395992
To_KempsCreek_SW_E,"65","0","65",0.03845121853318,277.84284671517878,-33.9099923606,150.7983803671
To_KempsCreek_SW_E,"66","0","66",0.03952329818029,277.84284671500205,-33.9098460684,150.7973183156
To_KempsCreek_SW_E,"67","0","67",0.04079087056710,306.49167137560164,-33.9096731000,150.7960626000
To_KempsCreek_SW_E,"68","0","68",0.04370932573531,352.49083385996425,-33.9070250649,150.7948356972
To_KempsCreek_SW_E,"69","0","69",0.04778400170774,323.35979427337855,-33.9030103464,150.7955321308
To_KempsCreek_SW_E,"70","0","70",0.05425015628173,281.04298172984994,-33.9022359412,150.7891125162
To_KempsCreek_SW_E,"71","0","71",0.05469329015467,276.12103396711785,-33.9021197000,150.7886849000
To_KempsCreek_SW_E,"72","0","72",0.05506861890499,271.95818432370419,-33.9021391174,150.7883100739
To_KempsCreek_SW_E,"73","0","73",0.06153466717250,276.88270490466169,-33.9013643406,150.7818906112
To_KempsCreek_SW_E,"74","0","74",0.06234291655739,276.88375307407591,-33.9012674702,150.7810881878
To_KempsCreek_SW_E,"75","0","75",0.06315116446417,233.36747711633384,-33.9011705948,150.7802857666
To_KempsCreek_SW_E,"76","0","76",0.06722584701537,233.36791375773171,-33.9051852001,150.7795886425
To_KempsCreek_SW_E,"77","0","77",0.06965069223722,323.36869041263697,-33.9048945247,150.7771812824
To_KempsCreek_SW_E,"78","0","78",0.07372537581061,312.80391500415197,-33.9008799373,150.7778785156
To_KempsCreek_SW_E,"79","0","79",0.07450754022704,222.86013847693704,-33.9010724000,150.7771204000
To_KempsCreek_SW_E,"80","0","80",0.07659310384873,223.01099851931431,-33.9031265000,150.7767595000
To_KempsCreek_SW_E,"81","0","81",0.07757263481259,222.95547207240358,-33.9033625246,150.7758088301
To_KempsCreek_SW_E,"82","0","82",0.07893086335815,233.37062627835812,-33.9047007154,150.7755763863
To_KempsCreek_SW_E,"83","0","83",0.08378049610363,323.37200019969202,-33.9041191635,150.7707617487
To_KempsCreek_SW_E,"84","0","84",0.08785518238071,9.85670578830232,-33.9001046238,150.7714592726
From_KempsCreek_SW_E,"0","0","0",0.00000000000000,96.88813620222959,-33.9001046238,150.7714592726
From_KempsCreek_SW_E,"1","0","1",0.00080823163795,53.37171380750362,-33.9002015561,150.7722616706
From_KempsCreek_SW_E,"2","0","2",0.00352468662392,53.37139086698316,-33.8975251873,150.7727266200
From_KempsCreek_SW_E,"3","0","3",0.00514110529767,53.37051469915573,-33.8977190284,150.7743313738
From_KempsCreek_SW_E,"4","0","4",0.00785755799020,53.36990598814223,-33.8950426476,150.7747962410
From_KempsCreek_SW_E,"5","0","5",0.01109031501234,96.00335250724652,-33.8954302519,150.7780056772
From_KempsCreek_SW_E,"6","0","6",0.01135349328479,96.08075495522210,-33.8954537405,150.7782678052
From_KempsCreek_SW_E,"7","0","7",0.01432323150524,143.44541713713642,-33.8958177737,150.7812151472
From_KempsCreek_SW_E,"8","0","8",0.01975613512086,143.36685006387611,-33.9011705948,150.7802857666
From_KempsCreek_SW_E,"9","0","9",0.02056438302765,96.88375307407587,-33.9012674702,150.7810881878
From_KempsCreek_SW_E,"10","0","10",0.02137263241253,96.88270490466164,-33.9013643406,150.7818906112
From_KempsCreek_SW_E,"11","0","11",0.02783868068004,91.95818432370412,-33.9021391174,150.7883100739
From_KempsCreek_SW_E,"12","0","12",0.02821400943036,96.12103396711784,-33.9021197000,150.7886849000
From_KempsCreek_SW_E,"13","0","13",0.02865714330330,101.04298172984998,-33.9022359412,150.7891125162
From_KempsCreek_SW_E,"14","0","14",0.03512329787729,143.35979427337864,-33.9030103464,150.7955321308
From_KempsCreek_SW_E,"15","0","15",0.03919797384973,172.49083385996423,-33.9070250649,150.7948356972
From_KempsCreek_SW_E,"16","0","16",0.04211642901793,126.49167137576009,-33.9096731000,150.7960626000
From_KempsCreek_SW_E,"17","0","17",0.04273858481073,97.84284671507669,-33.9097579972,150.7966789362
From_KempsCreek_SW_E,"18","0","18",0.04381583809944,97.84284671502479,-33.9099049953,150.7977461129
From_KempsCreek_SW_E,"19","0","19",0.04496603983385,97.84284671514116,-33.9100619477,150.7988855558
From_KempsCreek_SW_E,"20","0","20",0.04628631917796,97.72772092295695,-33.9102421083,150.8001934853
From_KempsCreek_SW_E,"21","0","21",0.04844047502687,144.53075404821996,-33.9105274786,150.8023286554
From_KempsCreek_SW_E,"22","0","22",0.04999185740169,191.44909086982688,-33.9120479917,150.8020207151
From_KempsCreek_SW_E,"23","0","23",0.05083074863475,191.44939121910880,-33.9128701897,150.8018541950
From_KempsCreek_SW_E,"24","0","24",0.05163689062154,191.44961610999428,-33.9136602894,150.8016941723
From_KempsCreek_SW_E,"25","0","25",0.05220703867093,191.44986014759635,-33.9142190911,150.8015809934
From_KempsCreek_SW_E,"26","0","26",0.05290526438107,191.45000173859918,-33.9149034210,150.8014423867
From_KempsCreek_SW_E,"27","0","27",0.05353893296537,191.45020310027155,-33.9155244785,150.8013165954
From_KempsCreek_SW_E,"28","0","28",0.05420162177352,191.45040446356757,-33.9161739777,150.8011850387
From_KempsCreek_SW_E,"29","0","29",0.05491184507755,144.73191418289721,-33.9168700654,150.8010440454
From_KempsCreek_SW_E,"30","0","30",0.05580207216558,98.01342390035855,-33.9169941676,150.8019255798
From_KempsCreek_SW_E,"31","0","31",0.05654175980952,98.01304307066613,-33.9170972838,150.8026580447
From_KempsCreek_SW_E,"32","0","32",0.05749384216161,98.01266224097219,-33.9172299965,150.8036008322
From_KempsCreek_SW_E,"33","0","33",0.05812298567501,98.01239442953968,-33.9173176940,150.8042238335
From_KempsCreek_SW_E,"34","0","34",0.05879986804450,98.01193284675277,-33.9174120397,150.8048941086
From_KempsCreek_SW_E,"35","0","35",0.05941105046178,98.01173907028618,-33.9174972238,150.8054993256
From_KempsCreek_SW_E,"36","0","36",0.05975692573998,98.01150744543345,-33.9175454305,150.8058418250
From_KempsCreek_SW_E,"37","0","37",0.06024943737590,98.01127582452285,-33.9176140709,150.8063295300
From_KempsCreek_SW_E,"38","0","38",0.06075286637363,97.74415890422360,-33.9176842328,150.8068280459
From_KempsCreek_SW_E,"39","0","39",0.06096206995929,97.47704198449547,-33.9177114562,150.8070354706
From_KempsCreek_SW_E,"40","0","40",0.06135073976880,97.47704198472817,-33.9177620334,150.8074208356
From_KempsCreek_SW_E,"41","0","41",0.06177137657962,97.47704198425112,-33.9178167704,150.8078378958
From_KempsCreek_SW_E,"42","0","42",0.06209830987295,97.47704198372350,-33.9178593139,150.8081620492
From_KempsCreek_SW_E,"43","0","43",0.06235262859121,97.47704198410659,-33.9178924081,150.8084142054
From_KempsCreek_SW_E,"44","0","44",0.06262649966180,97.70698879765979,-33.9179280466,150.8086857478
From_KempsCreek_SW_E,"45","0","45",0.06278045365923,97.93693561796300,-33.9179493051,150.8088382270
From_KempsCreek_SW_E,"46","0","46",0.06306884052446,97.93676509661317,-33.9179891264,150.8091238513
From_KempsCreek_SW_E,"47","0","47",0.06342728108850,97.93659457360184,-33.9180386189,150.8094788586
From_KempsCreek_SW_E,"48","0","48",0.06406486528321,97.93636302604588,-33.9181266547,150.8101103356
From_KempsCreek_SW_E,"49","0","49",0.06502200854779,97.93593774655241,-33.9182588066,150.8110583120
From_KempsCreek_SW_E,"50","0","50",0.06544317814563,97.93574402036866,-33.9183169543,150.8114754482
From_KempsCreek_SW_E,"51","0","51",0.06569895423421,97.93547628958912,-33.9183522674,150.8117287749
From_KempsCreek_SW_E,"52","0","52",0.06728033704329,97.93482782929387,-33.9185705824,150.8132950157
From_KempsCreek_SW_E,"53","0","53",0.06808648677922,97.93444709979110,-33.9186818633,150.8140934479
From_KempsCreek_SW_E,"54","0","54",0.06891042679202,97.93406059409877,-33.9187956000,150.8149095000
From_KempsCreek_SW_E,"55","0","55",0.06999743356273,97.93367408435023,-33.9189456359,150.8159861025
From_KempsCreek_SW_E,"56","0","56",0.07054052323210,97.93329334866007,-33.9190205968,150.8165239940
From_KempsCreek_SW_E,"57","0","57",0.07212192532167,97.93264488049370,-33.9192388516,150.8180902626
From_KempsCreek_SW_E,"58","0","58",0.07279888311134,97.93218340790762,-33.9193322747,150.8187607430
From_KempsCreek_SW_E,"59","0","59",0.07337137292998,97.93198967025928,-33.9194112769,150.8193277556
From_KempsCreek_SW_E,"60","0","60",0.07375604742759,97.93175810912348,-33.9194643610,150.8197087497
From_KempsCreek_SW_E,"61","0","61",0.07475209899235,97.93127122622839,-33.9196018057,150.8206952728
From_KempsCreek_SW_E,"62","0","62",0.07590967556908,97.90080046986991,-33.9197615290,150.8218417770
From_KempsCreek_SW_E,"63","0","63",0.07635808879437,97.96535352370610,-33.9198229329,150.8222859661
From_KempsCreek_SW_E,"64","0","64",0.07681850745535,97.97897595575077,-33.9198874892,150.8227418366
From_KempsCreek_SW_E,"65","0","65",0.07723990370321,97.88780417049797,-33.9199453920,150.8231592357
From_KempsCreek_SW_E,"66","0","66",0.07867626742972,97.88445791464130,-33.9201422605,150.8245820440
From_KempsCreek_SW_E,"67","0","67",0.07934417258164,98.12119231862553,-33.9202339581,150.8252436246
From_KempsCreek_SW_E,"68","0","68",0.07978619576576,98.00202969617506,-33.9202981581,150.8256809607
From_KempsCreek_SW_E,"69","0","69",0.08069592378944,97.76591322265365,-33.9204193066,150.8265825860
From_KempsCreek_SW_E,"70","0","70",0.08201243600068,97.88067053487038,-33.9205997763,150.8278866700
From_KempsCreek_SW_E,"71","0","71",0.08290732108173,97.88232676873703,-33.9207225000,150.8287731000
To_KempsCreek_SW_N,"0","0","0",0.00000000000000,189.79805111868910,-33.8764047516,150.7788515514
To_KempsCreek_SW_N,"1","0","1",0.00083078013717,189.86214062016472,-33.8772234137,150.7787101725
To_KempsCreek_SW_N,"2","0","2",0.00135822036782,189.88720762325701,-33.8777429585,150.7786192523
To_KempsCreek_SW_N,"3","0","3",0.00271644038779,189.84836415134379,-33.8790811643,150.7783869449
To_KempsCreek_SW_N,"4","0","4",0.00328828309614,189.84854317808765,-33.8796445800,150.7782891345
To_KempsCreek_SW_N,"5","0","5",0.00407466086735,189.84872222070700,-33.8804193692,150.7781546290
To_KempsCreek_SW_N,"6","0","6",0.00456271652761,189.84890126216121,-33.8809002320,150.7780711469
To_KempsCreek_SW_N,"7","0","7",0.00543288180668,178.91904990082762,-33.8817575730,150.7779223047
To_KempsCreek_SW_N,"8","0","8",0.00624338459180,178.05548673560432,-33.8825503326,150.7780909671
To_KempsCreek_SW_N,"9","0","9",0.00684200524714,189.64808375337168,-33.8831429491,150.7780063955
To_KempsCreek_SW_N,"10","0","10",0.00769688190862,190.53706230943592,-33.8839816189,150.7778407239
To_KempsCreek_SW_N,"11","0","11",0.01176073629940,190.55283909114493,-33.8879849630,150.7771420478
To_KempsCreek_SW_N,"12","0","12",0.01584083260478,190.98431790988496,-33.8919872722,150.7763491376
To_KempsCreek_SW_N,"13","0","13",0.01736646999616,203.62719410702613,-33.8934860722,150.7760642376
To_KempsCreek_SW_N,"14","0","14",0.01775864998560,156.68887192877415,-33.8938013626,150.7758310057
To_KempsCreek_SW_N,"15","0","15",0.02018318319561,99.70468190946001,-33.8940920521,150.7782380497
To_KempsCreek_SW_N,"16","0","16",0.02045953906322,146.48521911893755,-33.8941519763,150.7785078305
To_KempsCreek_SW_N,"17","0","17",0.02178324676988,143.74409876899787,-33.8954537405,150.7782678052
To_KempsCreek_SW_N,"18","0","18",0.02475298499033,143.44541713713642,-33.8958177737,150.7812151472
To_KempsCreek_SW_N,"19","0","19",0.03018588860595,189.85038353161772,-33.9011705948,150.7802857666
To_KempsCreek_SW_N,"20","0","20",0.03426057115715,233.36791375773171,-33.9051852001,150.7795886425
To_KempsCreek_SW_N,"21","0","21",0.03668541637900,323.36869041263697,-33.9048945247,150.7771812824
To_KempsCreek_SW_N,"22","0","22",0.04076009995239,312.80391500415197,-33.9008799373,150.7778785156
To_KempsCreek_SW_N,"23","0","23",0.04154226436882,222.86013847693704,-33.9010724000,150.7771204000
To_KempsCreek_SW_N,"24","0","24",0.04362782799050,189.96501083945606,-33.9031265000,150.7767595000
From_KempsCreek_SW_N,"0","0","0",0.00000000000000,256.05698619917251,-33.9031265000,150.7767595000
From_KempsCreek_SW_N,"1","0","1",0.00097953096386,222.95547207240358,-33.9033625246,150.7758088301
From_KempsCreek_SW_N,"2","0","2",0.00233775950942,233.37062627835812,-33.9047007154,150.7755763863
From_KempsCreek_SW_N,"3","0","3",0.00718739225490,323.37200019969202,-33.9041191635,150.7707617487
From_KempsCreek_SW_N,"4","0","4",0.01126207853198,53.37242099526595,-33.9001046238,150.7714592726
From_KempsCreek_SW_N,"5","0","5",0.01207031016993,53.37171380750362,-33.9002015561,150.7722616706
From_KempsCreek_SW_N,"6","0","6",0.01478676515589,53.37139086698316,-33.8975251873,150.7727266200
From_KempsCreek_SW_N,"7","0","7",0.01640318382965,53.37051469915573,-33.8977190284,150.7743313738
From_KempsCreek_SW_N,"8","0","8",0.01911963652217,53.30344692945526,-33.8950426476,150.7747962410
From_KempsCreek_SW_N,"9","0","9",0.02261545624271,53.60023726233533,-33.8954537405,150.7782678052
From_KempsCreek_SW_N,"10","0","10",0.02393916394937,326.48521911893755,-33.8941519763,150.7785078305
From_KempsCreek_SW_N,"11","0","11",0.02421551981698,279.70468190945996,-33.8940920521,150.7782380497
From_KempsCreek_SW_N,"12","0","12",0.02664005302699,336.68887192877412,-33.8938013626,150.7758310057
From_KempsCreek_SW_N,"13","0","13",0.02703223301643,23.62719410702614,-33.8934860722,150.7760642376
From_KempsCreek_SW_N,"14","0","14",0.02855787040781,10.98431790988495,-33.8919872722,150.7763491376
From_KempsCreek_SW_N,"15","0","15",0.03263796671319,10.55283909114491,-33.8879849630,150.7771420478
From_KempsCreek_SW_N,"16","0","16",0.03670182110397,10.53706230943593,-33.8839816189,150.7778407239
From_KempsCreek_SW_N,"17","0","17",0.03755669776545,9.64808375337169,-33.8831429491,150.7780063955
From_KempsCreek_SW_N,"18","0","18",0.03815531842079,358.05548673560429,-33.8825503326,150.7780909671
From_KempsCreek_SW_N,"19","0","19",0.03896582120591,358.91904990114790,-33.8817575730,150.7779223047
From_KempsCreek_SW_N,"20","0","20",0.04032404214524,9.84872222013597,-33.8804193692,150.7781546290
From_KempsCreek_SW_N,"21","0","21",0.04111041991645,9.84854317808767,-33.8796445800,150.7782891345
From_KempsCreek_SW_N,"22","0","22",0.04168226262480,9.84836415091175,-33.8790811643,150.7783869449
From_KempsCreek_SW_N,"23","0","23",0.04228310652798,9.84818512478444,-33.8784891742,150.7784897121
From_KempsCreek_SW_N,"24","0","24",0.04304048264478,9.88720762359978,-33.8777429585,150.7786192523
From_KempsCreek_SW_N,"25","0","25",0.04356792287542,9.86214062016471,-33.8772234137,150.7787101725
From_KempsCreek_SW_N,"26","0","26",0.04439870301259,9.79805111868911,-33.8764047516,150.7788515514
From_Austral_NE_E,"0","0","0",0.00000000000000,11.34148562865081,-33.9181266547,150.8101103356
From_Austral_NE_E,"1","0","1",0.00181362347605,35.29768427792789,-33.9163484467,150.8104669958
From_Austral_NE_E,"2","0","2",0.00362404849635,59.25332751298788,-33.9154228943,150.8120229494
From_Austral_NE_E,"3","0","3",0.00543445584808,78.59361566124996,-33.9144973209,150.8135788699
From_Austral_NE_E,"4","0","4",0.00758794911149,97.93394864478032,-33.9147945896,150.8157117469
From_Austral_NE_E,"5","0","5",0.00974145405046,118.68610337771777,-33.9150918219,150.8178446408
From_Austral_NE_E,"6","0","6",0.01144888183719,139.43824870410774,-33.9163889744,150.8189549134
From_Austral_NE_E,"7","0","7",0.01315632437188,165.38654222808231,-33.9176861179,150.8200652190
From_Austral_NE_E,"8","0","8",0.01496994473637,144.63344114354936,-33.9194643610,150.8197087497
From_Austral_NE_E,"9","0","9",0.01596599630112,97.93127122622839,-33.9196018057,150.8206952728
From_Austral_NE_E,"10","0","10",0.01712357287786,97.94881064755984,-33.9197615290,150.8218417770
From_Austral_NE_E,"11","0","11",0.01803240352116,97.93221764656317,-33.9198874892,150.8227418366
From_Austral_NE_E,"12","0","12",0.01845379976901,97.88780417049797,-33.9199453920,150.8231592357
From_Austral_NE_E,"13","0","13",0.01989016349553,97.88445791464130,-33.9201422605,150.8245820440
From_Austral_NE_E,"14","0","14",0.02055806864745,98.12119231862553,-33.9202339581,150.8252436246
From_Austral_NE_E,"15","0","15",0.02100009183157,98.00202969617506,-33.9202981581,150.8256809607
From_Austral_NE_E,"16","0","16",0.02190981985525,97.76668950784409,-33.9204193066,150.8265825860
From_Austral_NE_E,"17","0","17",0.02322632995746,97.88030478696434,-33.9205998114,150.8278866630
From_Austral_NE_E,"18","0","18",0.02412121714667,97.88004270254409,-33.9207225000,150.8287731000
To_Austral_NE_E,"0","0","0",0.00000000000000,277.88004270254402,-33.9207225000,150.8287731000
To_Austral_NE_E,"1","0","1",0.00089488718921,277.88030478696430,-33.9205998114,150.8278866630
To_Austral_NE_E,"2","0","2",0.00221139729142,277.76668950784409,-33.9204193066,150.8265825860
To_Austral_NE_E,"3","0","3",0.00312112531510,278.00202969617504,-33.9202981581,150.8256809607
To_Austral_NE_E,"4","0","4",0.00356314849922,278.12119231862556,-33.9202339581,150.8252436246
To_Austral_NE_E,"5","0","5",0.00423105365114,277.88445791464130,-33.9201422605,150.8245820440
To_Austral_NE_E,"6","0","6",0.00566741737766,277.88780417049793,-33.9199453920,150.8231592357
To_Austral_NE_E,"7","0","7",0.00608881362551,277.93221764656317,-33.9198874892,150.8227418366
To_Austral_NE_E,"8","0","8",0.00699764426881,277.94881064755981,-33.9197615290,150.8218417770
To_Austral_NE_E,"9","0","9",0.00815522084555,277.93127122622838,-33.9196018057,150.8206952728
To_Austral_NE_E,"10","0","10",0.00915127241030,234.63370873724242,-33.9194643610,150.8197087497
To_Austral_NE_E,"11","0","11",0.01096489403693,215.29393792753697,-33.9212426020,150.8193522636
To_Austral_NE_E,"12","0","12",0.01277539590333,239.25254043346692,-33.9221682452,150.8177962746
To_Austral_NE_E,"13","0","13",0.01458591544993,258.59337891108726,-33.9230938672,150.8162402525
To_Austral_NE_E,"14","0","14",0.01673961427667,277.93417257192067,-33.9227965998,150.8141071677
To_Austral_NE_E,"15","0","15",0.01889330142037,298.68783979419129,-33.9224992960,150.8119740998
To_Austral_NE_E,"16","0","16",0.02060075235464,319.44151631830806,-33.9212020827,150.8108638626
To_Austral_NE_E,"17","0","17",0.02230818853612,345.39202881518986,-33.9199048606,150.8097536586
To_Austral_NE_E,"18","0","18",0.02412181327569,11.34202132368012,-33.9181266547,150.8101103356
From_Austral_NE_N,"0","0","0",0.00000000000000,277.93468325846595,-33.9227965998,150.8141071677
From_Austral_NE_N,"1","0","1",0.00215368714370,298.68783979419129,-33.9224992960,150.8119740998
From_Austral_NE_N,"2","0","2",0.00386113807797,319.44151631830806,-33.9212020827,150.8108638626
From_Austral_NE_N,"3","0","3",0.00556857425946,345.39202881518986,-33.9199048606,150.8097536586
From_Austral_NE_N,"4","0","4",0.00738219899903,11.34175347616544,-33.9181266547,150.8101103356
From_Austral_NE_N,"5","0","5",0.00919582247508,35.29768427792789,-33.9163484467,150.8104669958
From_Austral_NE_N,"6","0","6",0.01100624749537,59.25332751298788,-33.9154228943,150.8120229494
From_Austral_NE_N,"7","0","7",0.01281665484711,78.59361566124996,-33.9144973209,150.8135788699
From_Austral_NE_N,"8","0","8",0.01497014811051,52.88161813972401,-33.9147945896,150.8157117469
From_Austral_NE_N,"9","0","9",0.01580746910084,8.83426071188451,-33.9139650728,150.8158258011
From_Austral_NE_N,"10","0","10",0.01727797362353,0.36052312621735,-33.9125162000,150.8160771000
From_Austral_NE_N,"11","0","11",0.01744518684064,350.88130188438453,-33.9123511000,150.8160506000
To_Austral_NE_N,"0","0","0",0.00000000000000,170.88130188438458,-33.9123511000,150.8160506000
To_Austral_NE_N,"1","0","1",0.00016721321711,180.36052312621734,-33.9125162000,150.8160771000
To_Austral_NE_N,"2","0","2",0.00163771773981,188.83426071188455,-33.9139650728,150.8158258011
To_Austral_NE_N,"3","0","3",0.00247503873013,142.88110756077521,-33.9147945896,150.8157117469
To_Austral_NE_N,"4","0","4",0.00462854366911,118.68610337771777,-33.9150918219,150.8178446408
To_Austral_NE_N,"5","0","5",0.00633597145583,139.43824870410774,-33.9163889744,150.8189549134
To_Austral_NE_N,"6","0","6",0.00804341399052,165.38654222799408,-33.9176861179,150.8200652190
To_Austral_NE_N,"7","0","7",0.00985703435504,191.33562333124618,-33.9194643610,150.8197087497
To_Austral_NE_N,"8","0","8",0.01167065598164,215.29393792762522,-33.9212426020,150.8193522636
To_Austral_NE_N,"9","0","9",0.01348115784804,239.25254043346692,-33.9221682452,150.8177962746
To_Austral_NE_N,"10","0","10",0.01529167739464,258.59337891108726,-33.9230938672,150.8162402525
To_Austral_NE_N,"11","0","11",0.01744537622138,277.93366188537533,-33.9227965998,150.8141071677
From_Austral_NE_W,"0","0","0",0.00000000000000,191.33589092493929,-33.9194643610,150.8197087497
From_Austral_NE_W,"1","0","1",0.00181362162663,215.29393792753697,-33.9212426020,150.8193522636
From_Austral_NE_W,"2","0","2",0.00362412349302,239.25254043346692,-33.9221682452,150.8177962746
From_Austral_NE_W,"3","0","3",0.00543464303963,258.59337891098284,-33.9230938672,150.8162402525
From_Austral_NE_W,"4","0","4",0.00758834186642,277.93417257192067,-33.9227965998,150.8141071677
From_Austral_NE_W,"5","0","5",0.00974202901007,298.68783979429566,-33.9224992960,150.8119740998
From_Austral_NE_W,"6","0","6",0.01144947994434,319.44151631830806,-33.9212020827,150.8108638626
From_Austral_NE_W,"7","0","7",0.01315691612582,345.39202881563000,-33.9199048606,150.8097536586
From_Austral_NE_W,"8","0","8",0.01497054086540,324.63930794989074,-33.9181266547,150.8101103356
From_Austral_NE_W,"9","0","9",0.01596656562415,277.93676509772240,-33.9179891264,150.8091238513
From_Austral_NE_W,"10","0","10",0.01640890648680,275.93849395492549,-33.9179280466,150.8086857478
From_Austral_NE_W,"11","0","11",0.01654056547248,277.00626506248540,-33.9179190000,150.8085544000
From_Austral_NE_W,"12","0","12",0.01677213457663,279.05058015076486,-33.9178785000,150.8083264000
From_Austral_NE_W,"13","0","13",0.01705884408149,278.02868246645835,-33.9178384556,150.8080425007
From_Austral_NE_W,"14","0","14",0.01771394546813,277.94500173500961,-33.9177469584,150.8073938205
From_Austral_NE_W,"15","0","15",0.01823635786065,277.86146378188784,-33.9176755050,150.8068763177
From_Austral_NE_W,"16","0","16",0.01891878439722,277.86180958510829,-33.9175821622,150.8062003051
From_Austral_NE_W,"17","0","17",0.01994959131149,277.86216129819729,-33.9174411603,150.8051791874
From_Austral_NE_W,"18","0","18",0.02017354758347,277.86235970838851,-33.9174105247,150.8049573363
From_Austral_NE_W,"19","0","19",0.02036918628016,277.86252900000233,-33.9173837624,150.8047635368
From_Austral_NE_W,"20","0","20",0.02118252743356,277.86284155542154,-33.9172724983,150.8039578420
From_Austral_NE_W,"21","0","21",0.02199770648959,277.86316652628295,-33.9171609773,150.8031503273
From_Austral_NE_W,"22","0","22",0.02229637009191,277.86341216754880,-33.9171201171,150.8028544719
From_Austral_NE_W,"23","0","23",0.02295675025240,277.86370673877957,-33.9170297679,150.8022003015
From_Austral_NE_W,"24","0","24",0.02382307945050,277.86409144751502,-33.9169112366,150.8013421193
From_Austral_NE_W,"25","0","25",0.02467651029877,277.86451193430474,-33.9167944640,150.8004967150
From_Austral_NE_W,"26","0","26",0.02565167260872,277.84021786071673,-33.9166610279,150.7995307252
From_Austral_NE_W,"27","0","27",0.02682567592957,277.82984787103891,-33.9165013785,150.7983676277
From_Austral_NE_W,"28","0","28",0.03046424845914,277.73135848214133,-33.9160048000,150.7947631000
From_Austral_NE_W,"29","0","29",0.03222388758743,277.64413905532075,-33.9157715064,150.7930189945
From_Austral_NE_W,"30","0","30",0.03338170538993,277.66980478483356,-33.9156169846,150.7918715342
From_Austral_NE_W,"31","0","31",0.03437796458312,277.67029103734120,-33.9154840155,150.7908841885
From_Austral_NE_W,"32","0","32",0.03533532847639,277.67071577606833,-33.9153562301,150.7899353911
From_Austral_NE_W,"33","0","33",0.03601242744993,277.67117664510806,-33.9152658489,150.7892643514
From_Austral_NE_W,"34","0","34",0.03759415945532,277.67182427591393,-33.9150546999,150.7876967761
From_Austral_NE_W,"35","0","35",0.03922459612292,277.67259051788733,-33.9148370278,150.7860809350
From_Austral_NE_W,"36","0","36",0.04085502625307,277.67335675518268,-33.9146193348,150.7844651033
From_Austral_NE_W,"37","0","37",0.04243673942141,277.67400436973838,-33.9144081255,150.7828975551
From_Austral_NE_W,"38","0","38",0.04311382657000,277.67446522450626,-33.9143177065,150.7822265325
From_Austral_NE_W,"39","0","39",0.04407116989572,277.67488994942994,-33.9141898554,150.7812777647
From_Austral_NE_W,"40","0","40",0.04506740289943,277.67544743207378,-33.9140568026,150.7802904566
From_Austral_NE_W,"41","0","41",0.04682713538725,277.67611901524003,-33.9138217601,150.7785464918
From_Austral_NE_W,"42","0","42",0.04798491160490,277.67671934144033,-33.9136671054,150.7773990914
From_Austral_NE_W,"43","0","43",0.04898113501114,277.67766592178015,-33.9135340220,150.7764117971
From_Austral_NE_W,"44","0","44",0.05382759238964,277.67950487711391,-33.9128864779,150.7716087944
From_Austral_NE_W,"45","0","45",0.05867399189813,277.68148085470864,-33.9122387491,150.7668058749
From_Austral_NE_W,"46","0","46",0.06082792865082,287.62236217321015,-33.9119508104,150.7646712707
From_Austral_NE_W,"47","0","47",0.06186828988220,287.22696760286681,-33.9114694201,150.7637489829
From_Austral_NE_W,"48","0","48",0.06267662004471,276.89247344325941,-33.9113724286,150.7629464928
From_Austral_NE_W,"49","0","49",0.06995152476842,276.89457025513241,-33.9104992732,150.7557241775
From_Austral_NE_W,"50","0","50",0.07237646630221,240.38463441174193,-33.9102081284,150.7533167772
From_Austral_NE_W,"51","0","51",0.07329358026447,240.85439621277001,-33.9110467749,150.7529456033
From_Austral_NE_W,"52","0","52",0.08029466049809,234.52072452996657,-33.9100923536,150.7460098838
From_Austral_NE_W,"53","0","53",0.08618813492606,234.52246488892010,-33.9158734636,150.7448645419
From_Austral_NE_W,"54","0","54",0.09318954881913,234.52160267921897,-33.9149185754,150.7379285499
From_Austral_NE_W,"55","0","55",0.09908301033796,191.20448707255417,-33.9206997072,150.7367833845
To_Austral_NE_W,"0","0","0",0.00000000000000,11.20448707255419,-33.9206997072,150.7367833845
To_Austral_NE_W,"1","0","1",0.00589346151883,54.52160267921899,-33.9149185754,150.7379285499
To_Austral_NE_W,"2","0","2",0.01289487541189,54.52246488892006,-33.9158734636,150.7448645419
To_Austral_NE_W,"3","0","3",0.01878834983987,54.52072452996653,-33.9100923536,150.7460098838
To_Austral_NE_W,"4","0","4",0.02578943007348,60.85439621276996,-33.9110467749,150.7529456033
To_Austral_NE_W,"5","0","5",0.02670654403575,60.38463441174194,-33.9102081284,150.7533167772
To_Austral_NE_W,"6","0","6",0.02913148556954,96.89457025513245,-33.9104992732,150.7557241775
To_Austral_NE_W,"7","0","7",0.03640639029325,96.89247344325943,-33.9113724286,150.7629464928
To_Austral_NE_W,"8","0","8",0.03721472045576,107.22696760286676,-33.9114694201,150.7637489829
To_Austral_NE_W,"9","0","9",0.03825508168714,107.62248009222733,-33.9119508104,150.7646712707
To_Austral_NE_W,"10","0","10",0.03941282126988,97.68229036122256,-33.9121055820,150.7658186184
To_Austral_NE_W,"11","0","11",0.04040901843985,97.68180416330270,-33.9122387491,150.7668058749
To_Austral_NE_W,"12","0","12",0.04136632733487,97.68099925974427,-33.9123667102,150.7677545931
To_Austral_NE_W,"13","0","13",0.04525541794849,97.67958502753173,-33.9128864779,150.7716087944
To_Austral_NE_W,"14","0","14",0.04846747118221,97.67817077936012,-33.9133156677,150.7747920446
To_Austral_NE_W,"15","0","15",0.05010187532721,97.67728570698877,-33.9135340220,150.7764117971
To_Austral_NE_W,"16","0","16",0.05109809873345,97.67671934144033,-33.9136671054,150.7773990914
To_Austral_NE_W,"17","0","17",0.05225587495110,97.67542738349574,-33.9138217601,150.7785464918
To_Austral_NE_W,"18","0","18",0.05985841421422,97.67266175146939,-33.9148370278,150.7860809350
To_Austral_NE_W,"19","0","19",0.06685912274878,97.72074717482852,-33.9157715064,150.7930189945
To_Austral_NE_W,"20","0","20",0.07225732524023,97.79313417024719,-33.9165013785,150.7983676277
To_Austral_NE_W,"21","0","21",0.07343132856109,97.84021786071671,-33.9166610279,150.7995307252
To_Austral_NE_W,"22","0","22",0.07440649087103,97.86451193430473,-33.9167944640,150.8004967150
To_Austral_NE_W,"23","0","23",0.07525992171930,97.86409144751505,-33.9169112366,150.8013421193
To_Austral_NE_W,"24","0","24",0.07612625091740,97.86370673877954,-33.9170297679,150.8022003015
To_Austral_NE_W,"25","0","25",0.07678663107789,97.86341216754880,-33.9171201171,150.8028544719
To_Austral_NE_W,"26","0","26",0.07708529468021,97.86316652628295,-33.9171609773,150.8031503273
To_Austral_NE_W,"27","0","27",0.07790047373625,97.86284155542150,-33.9172724983,150.8039578420
To_Austral_NE_W,"28","0","28",0.07871381488965,97.86252900000237,-33.9173837624,150.8047635368
To_Austral_NE_W,"29","0","29",0.07890945358633,97.86235970838854,-33.9174105247,150.8049573363
To_Austral_NE_W,"30","0","30",0.07913340985831,97.86216129819734,-33.9174411603,150.8051791874
To_Austral_NE_W,"31","0","31",0.08016421677259,97.86180958510835,-33.9175821622,150.8062003051
To_Austral_NE_W,"32","0","32",0.08084664330916,97.86146378188789,-33.9176755050,150.8068763177
To_Austral_NE_W,"33","0","33",0.08136905570168,97.94500173492681,-33.9177469584,150.8073938205
To_Austral_NE_W,"34","0","34",0.08231086659318,99.05058015095416,-33.9178785000,150.8083264000
To_Austral_NE_W,"35","0","35",0.08254243569732,97.00626506248541,-33.9179190000,150.8085544000
To_Austral_NE_W,"36","0","36",0.08267409468300,95.93849395492555,-33.9179280466,150.8086857478
To_Austral_NE_W,"37","0","37",0.08311643554566,97.93676509772243,-33.9179891264,150.8091238513
To_Austral_NE_W,"38","0","38",0.08411246030441,54.63904010149576,-33.9181266547,150.8101103356
To_Austral_NE_W,"39","0","39",0.08592608378046,35.29768427748771,-33.9163484467,150.8104669958
To_Austral_NE_W,"40","0","40",0.08773650880075,59.25332751298788,-33.9154228943,150.8120229494
To_Austral_NE_W,"41","0","41",0.08954691615249,78.59361566124996,-33.9144973209,150.8135788699
To_Austral_NE_W,"42","0","42",0.09170040941589,97.93394864478032,-33.9147945896,150.8157117469
To_Austral_NE_W,"43","0","43",0.09385391435486,118.68610337771777,-33.9150918219,150.8178446408
To_Austral_NE_W,"44","0","44",0.09556134214159,139.43824870410774,-33.9163889744,150.8189549134
To_Austral_NE_W,"45","0","45",0.09726878467628,165.38654222808231,-33.9176861179,150.8200652190
To_Austral_NE_W,"46","0","46",0.09908240504077,191.33535573755316,-33.9194643610,150.8197087497
From_KempsCreek_NE_N,"0","0","0",0.00000000000000,277.83751954507494,-33.8938965000,150.7902204000
From_KempsCreek_NE_N,"1","0","1",0.00215425106186,298.57730462001024,-33.8936027370,150.7880862723
From_KempsCreek_NE_N,"2","0","2",0.00386243362432,319.31761050860911,-33.8923073730,150.7869727555
From_KempsCreek_NE_N,"3","0","3",0.00557060136141,345.26340862430277,-33.8910119999,150.7858592719
From_KempsCreek_NE_N,"4","0","4",0.00738397824111,11.20842050390389,-33.8892332119,150.7862117617
From_KempsCreek_NE_N,"5","0","5",0.00919735389794,35.18015569984914,-33.8874544219,150.7865642347
From_KempsCreek_NE_N,"6","0","6",0.01100741914128,59.15160024816456,-33.8865262929,150.7881182337
From_KempsCreek_NE_N,"7","0","7",0.01281746669256,78.65854160558011,-33.8855981429,150.7896721995
From_KempsCreek_NE_N,"8","0","8",0.01487814762827,54.67021580448724,-33.8858908466,150.7917119863
From_KempsCreek_NE_N,"9","0","9",0.01573302428975,9.64808375317953,-33.8850521768,150.7918776579
From_KempsCreek_NE_N,"10","0","10",0.01633164494512,9.88720582317790,-33.8844595603,150.7919622295
From_KempsCreek_NE_N,"11","0","11",0.02029876722620,326.90855385706232,-33.8805742000,150.7927635000
From_KempsCreek_NE_N,"12","0","12",0.02095888910889,282.16447099820789,-33.8804351000,150.7921182000
To_KempsCreek_NE_N,"0","0","0",0.00000000000000,102.16447099820790,-33.8804351000,150.7921182000
To_KempsCreek_NE_N,"1","0","1",0.00066012188268,146.90855385706234,-33.8805742000,150.7927635000
To_KempsCreek_NE_N,"2","0","2",0.00462724416377,189.88720582317791,-33.8844595603,150.7919622295
To_KempsCreek_NE_N,"3","0","3",0.00522586481914,189.64808375317952,-33.8850521768,150.7918776579
To_KempsCreek_NE_N,"4","0","4",0.00608074148062,144.35464714197147,-33.8858908466,150.7917119863
To_KempsCreek_NE_N,"5","0","5",0.00832825095585,118.42488939074303,-33.8861855628,150.7939400889
To_KempsCreek_NE_N,"6","0","6",0.01003640997275,139.31435626298412,-33.8874808660,150.7950536404
To_KempsCreek_NE_N,"7","0","7",0.01174458381025,165.25792395021136,-33.8887761602,150.7961672251
To_KempsCreek_NE_N,"8","0","8",0.01355795644412,191.20227761602854,-33.8905549850,150.7958149434
To_KempsCreek_NE_N,"9","0","9",0.01537133029950,215.17639513179546,-33.8923338078,150.7954626449
To_KempsCreek_NE_N,"10","0","10",0.01718147194866,239.15080363675872,-33.8932620277,150.7939086113
To_KempsCreek_NE_N,"11","0","11",0.01899163130147,258.49392899351545,-33.8941902265,150.7923545444
To_KempsCreek_NE_N,"12","0","12",0.02114589394994,277.83649819296477,-33.8938965000,150.7902204000
To_KempsCreek_NE_S,"0","0","0",0.00000000000000,96.88088736171036,-33.9504113986,150.7807468044
To_KempsCreek_NE_S,"1","0","1",0.00161741383246,53.36858757041190,-33.9506051739,150.7823525686
To_KempsCreek_NE_S,"2","0","2",0.00433389684331,53.36816904002685,-33.9479287856,150.7828175693
To_KempsCreek_NE_S,"3","0","3",0.00595126743411,72.78528255463398,-33.9481225323,150.7844232934
To_KempsCreek_NE_S,"4","0","4",0.00606523404841,343.66065829004060,-33.9480473000,150.7845089000
To_KempsCreek_NE_S,"5","0","5",0.00625781486258,325.41932252101799,-33.9480184000,150.7843185000
To_KempsCreek_NE_S,"6","0","6",0.00687353824207,11.80988085796344,-33.9474166000,150.7844487000
To_KempsCreek_NE_S,"7","0","7",0.00709389468059,11.29212855179230,-33.9472006000,150.7844923000
To_KempsCreek_NE_S,"8","0","8",0.00723272569337,11.18729542871759,-33.9470644000,150.7845192000
To_KempsCreek_NE_S,"9","0","9",0.00734751266958,11.70498136786651,-33.9469518000,150.7845415000
To_KempsCreek_NE_S,"10","0","10",0.00741920206650,28.85150314291031,-33.9468817317,150.7845566592
To_KempsCreek_NE_S,"11","0","11",0.00755815134851,27.67455506827110,-33.9467843327,150.7846557568
To_KempsCreek_NE_S,"12","0","12",0.01299110900583,323.36693554988858,-33.9414315242,150.7855855258
To_KempsCreek_NE_S,"13","0","13",0.01541697833282,323.36672705901213,-33.9411409262,150.7831771249
To_KempsCreek_NE_S,"14","0","14",0.02492463887170,9.85268003219698,-33.9317735147,150.7848041498
To_KempsCreek_NE_S,"15","0","15",0.02628287424024,9.85178336335765,-33.9304353091,150.7850365481
To_KempsCreek_NE_S,"16","0","16",0.02764110914629,9.85133515448440,-33.9290971024,150.7852689380
To_KempsCreek_NE_S,"17","0","17",0.03035757757118,9.85070774383008,-33.9264206861,150.7857336923
To_KempsCreek_NE_S,"18","0","18",0.03307404414734,323.36534481053326,-33.9237442659,150.7861984128
To_KempsCreek_NE_S,"19","0","19",0.03388250463153,279.25580885340736,-33.9236474154,150.7853957745
To_KempsCreek_NE_S,"20","0","20",0.03479175014410,325.35803379487612,-33.9234641000,150.7845052000
To_KempsCreek_NE_S,"21","0","21",0.03767062280544,10.02755313341684,-33.9206213406,150.7849597623
To_KempsCreek_NE_S,"22","0","22",0.03864506473047,10.97018550805094,-33.9196647057,150.7851451990
To_KempsCreek_NE_S,"23","0","23",0.03948353774957,10.96993665470617,-33.9188415543,150.7853047570
To_KempsCreek_NE_S,"24","0","24",0.04028927735662,10.96971929230766,-33.9180505375,150.7854580827
To_KempsCreek_NE_S,"25","0","25",0.04085914052956,10.96948345390240,-33.9174910868,150.7855665211
To_KempsCreek_NE_S,"26","0","26",0.04219036839774,10.96915206532083,-33.9161841816,150.7858198322
To_KempsCreek_NE_S,"27","0","27",0.04356259218142,10.96876000937423,-33.9148370278,150.7860809350
To_KempsCreek_NE_S,"28","0","28",0.04493481530854,10.96836798727292,-33.9134898728,150.7863420284
To_KempsCreek_NE_S,"29","0","29",0.04626604128486,10.96803667706131,-33.9121829643,150.7865953124
To_KempsCreek_NE_S,"30","0","30",0.04683590327006,10.96780092432559,-33.9116235115,150.7867037337
To_KempsCreek_NE_S,"31","0","31",0.04764164081144,10.96758366854877,-33.9108324910,150.7868570298
To_KempsCreek_NE_S,"32","0","32",0.04848011120014,10.96733496075747,-33.9100093350,150.7870165501
To_KempsCreek_NE_S,"33","0","33",0.04945454945227,29.86870081747452,-33.9090526937,150.7872019342
To_KempsCreek_NE_S,"34","0","34",0.04968652961163,29.83308055709767,-33.9088998000,150.7873764000
To_KempsCreek_NE_S,"35","0","35",0.05011006718971,10.89596401918847,-33.9084838979,150.7874564597
To_KempsCreek_NE_S,"36","0","36",0.05215391149735,10.91722401223493,-33.9064769000,150.7878428000
To_KempsCreek_NE_S,"37","0","37",0.05659174027389,10.62052413683471,-33.9021197000,150.7886849000
To_KempsCreek_NE_S,"38","0","38",0.06108274864622,10.64167862224028,-33.8977011000,150.7894881000
To_KempsCreek_NE_S,"39","0","39",0.06343155268266,10.60074008034249,-33.8953953000,150.7899355000
To_KempsCreek_NE_S,"40","0","40",0.06411855876215,10.71367654297242,-33.8947191956,150.7900574024
To_KempsCreek_NE_S,"41","0","41",0.06495724599152,324.52209272316071,-33.8938965000,150.7902204000
To_KempsCreek_NE_S,"42","0","42",0.06711149705338,298.57730462001024,-33.8936027370,150.7880862723
To_KempsCreek_NE_S,"43","0","43",0.06881967961584,319.31761050860911,-33.8923073730,150.7869727555
To_KempsCreek_NE_S,"44","0","44",0.07052784735293,345.26340862474325,-33.8910119999,150.7858592719
To_KempsCreek_NE_S,"45","0","45",0.07234122423263,11.20842050390391,-33.8892332119,150.7862117617
To_KempsCreek_NE_S,"46","0","46",0.07415459988946,35.18015569940869,-33.8874544219,150.7865642347
To_KempsCreek_NE_S,"47","0","47",0.07596466513280,59.15160024816456,-33.8865262929,150.7881182337
To_KempsCreek_NE_S,"48","0","48",0.07777471268408,78.65854160558011,-33.8855981429,150.7896721995
To_KempsCreek_NE_S,"49","0","49",0.07983539361979,98.16603903305440,-33.8858908466,150.7917119863
From_KempsCreek_NE_S,"0","0","0",0.00000000000000,97.53490170802289,-33.8858908466,150.7917119863
From_KempsCreek_NE_S,"1","0","1",0.00224750947523,118.42488939074303,-33.8861855628,150.7939400889
From_KempsCreek_NE_S,"2","0","2",0.00395566849214,139.31435626298412,-33.8874808660,150.7950536404
From_KempsCreek_NE_S,"3","0","3",0.00566384232963,165.25792395049916,-33.8887761602,150.7961672251
From_KempsCreek_NE_S,"4","0","4",0.00747721496355,191.20227761602860,-33.8905549850,150.7958149434
From_KempsCreek_NE_S,"5","0","5",0.00929058881888,215.17639513150766,-33.8923338078,150.7954626449
From_KempsCreek_NE_S,"6","0","6",0.01110073046804,239.15080363675872,-33.8932620277,150.7939086113
From_KempsCreek_NE_S,"7","0","7",0.01291088982085,258.49392899351545,-33.8941902265,150.7923545444
From_KempsCreek_NE_S,"8","0","8",0.01506515246932,234.52158204710568,-33.8938965000,150.7902204000
From_KempsCreek_NE_S,"9","0","9",0.01590383969869,190.71367654297245,-33.8947191956,150.7900574024
From_KempsCreek_NE_S,"10","0","10",0.01659084577818,190.60074008034252,-33.8953953000,150.7899355000
From_KempsCreek_NE_S,"11","0","11",0.01893964981462,190.64167862224031,-33.8977011000,150.7894881000
From_KempsCreek_NE_S,"12","0","12",0.02343065818694,190.62052413683475,-33.9021197000,150.7886849000
From_KempsCreek_NE_S,"13","0","13",0.02786848696349,190.91722401221676,-33.9064769000,150.7878428000
From_KempsCreek_NE_S,"14","0","14",0.03033586884921,209.83308055718544,-33.9088998000,150.7873764000
From_KempsCreek_NE_S,"15","0","15",0.03056784900857,209.86870081747455,-33.9090526937,150.7872019342
From_KempsCreek_NE_S,"16","0","16",0.03154228726070,190.96733496075743,-33.9100093350,150.7870165501
From_KempsCreek_NE_S,"17","0","17",0.03238075764940,190.96758366854877,-33.9108324910,150.7868570298
From_KempsCreek_NE_S,"18","0","18",0.03318649519078,190.96780092432559,-33.9116235115,150.7867037337
From_KempsCreek_NE_S,"19","0","19",0.03375635717598,190.96803667706129,-33.9121829643,150.7865953124
From_KempsCreek_NE_S,"20","0","20",0.03508758315230,190.96836798727296,-33.9134898728,150.7863420284
From_KempsCreek_NE_S,"21","0","21",0.03645980627941,190.96876000937425,-33.9148370278,150.7860809350
From_KempsCreek_NE_S,"22","0","22",0.03783203006310,190.96915206532086,-33.9161841816,150.7858198322
From_KempsCreek_NE_S,"23","0","23",0.03916325793128,190.96948345390240,-33.9174910868,150.7855665211
From_KempsCreek_NE_S,"24","0","24",0.03973312110421,190.96971929230764,-33.9180505375,150.7854580827
From_KempsCreek_NE_S,"25","0","25",0.04053886071126,190.96993665470617,-33.9188415543,150.7853047570
From_KempsCreek_NE_S,"26","0","26",0.04137733373037,190.97018550805095,-33.9196647057,150.7851451990
From_KempsCreek_NE_S,"27","0","27",0.04235177565539,190.02755313341686,-33.9206213406,150.7849597623
From_KempsCreek_NE_S,"28","0","28",0.04523064831674,145.35803379487612,-33.9234641000,150.7845052000
From_KempsCreek_NE_S,"29","0","29",0.04613989382931,99.25580885340736,-33.9236474154,150.7853957745
From_KempsCreek_NE_S,"30","0","30",0.04694835431350,143.36534481053326,-33.9237442659,150.7861984128
From_KempsCreek_NE_S,"31","0","31",0.04966482088965,189.85070774383007,-33.9264206861,150.7857336923
From_KempsCreek_NE_S,"32","0","32",0.05238128931455,189.85133515448442,-33.9290971024,150.7852689380
From_KempsCreek_NE_S,"33","0","33",0.05373952422060,189.85178336335764,-33.9304353091,150.7850365481
From_KempsCreek_NE_S,"34","0","34",0.05509775958914,189.85268003219701,-33.9317735147,150.7848041498
From_KempsCreek_NE_S,"35","0","35",0.06460542012801,143.36672705901211,-33.9411409262,150.7831771249
From_KempsCreek_NE_S,"36","0","36",0.06703128945501,143.36693554988861,-33.9414315242,150.7855855258
From_KempsCreek_NE_S,"37","0","37",0.07246424711233,166.86080394137485,-33.9467843327,150.7846557568
From_KempsCreek_NE_S,"38","0","38",0.07264384729355,167.77095656691904,-33.9469293883,150.7847616581
From_KempsCreek_NE_S,"39","0","39",0.07280672826697,191.66607904773264,-33.9470889000,150.7847287000
From_KempsCreek_NE_S,"40","0","40",0.07294875819298,191.86185014114744,-33.9472280000,150.7847000000
From_KempsCreek_NE_S,"41","0","41",0.07316881963939,192.78069755108507,-33.9474432000,150.7846540000
From_KempsCreek_NE_S,"42","0","42",0.07344905777027,193.50520830210229,-33.9477157000,150.7845886000
From_KempsCreek_NE_S,"43","0","43",0.07379010124253,211.10259906761988,-33.9480473000,150.7845089000
From_KempsCreek_NE_S,"44","0","44",0.07390406785682,252.78528255463402,-33.9481225323,150.7844232934
From_KempsCreek_NE_S,"45","0","45",0.07552143844762,233.36816904002680,-33.9479287856,150.7828175693
From_KempsCreek_NE_S,"46","0","46",0.07823792145847,233.36858757041190,-33.9506051739,150.7823525686
From_KempsCreek_NE_S,"47","0","47",0.07985533529093,276.88088736171034,-33.9504113986,150.7807468044
To_KempsCreek_NE_W,"0","0","0",0.00000000000000,59.31888543511776,-33.8846815079,150.7363188260
To_KempsCreek_NE_W,"1","0","1",0.00633365592877,98.96735082727461,-33.8814497000,150.7417659000
To_KempsCreek_NE_W,"2","0","2",0.00935308846117,119.73056180488332,-33.8837151609,150.7437620613
To_KempsCreek_NE_W,"3","0","3",0.02007970287556,98.87046009579993,-33.8857334593,150.7542970851
To_KempsCreek_NE_W,"4","0","4",0.02654443069498,71.78146577022866,-33.8865096199,150.7607150506
To_KempsCreek_NE_W,"5","0","5",0.02730338515375,40.24941162784253,-33.8859888000,150.7612671000
To_KempsCreek_NE_W,"6","0","6",0.02817056100533,65.36220655646876,-33.8852684557,150.7617499023
To_KempsCreek_NE_W,"7","0","7",0.03140291738613,96.89176563155659,-33.8856563836,150.7649588959
To_KempsCreek_NE_W,"8","0","8",0.03477451123238,106.95706373432982,-33.8860608884,150.7683061366
To_KempsCreek_NE_W,"9","0","9",0.03690779043668,107.43160510299005,-33.8870301566,150.7702065049
To_KempsCreek_NE_W,"10","0","10",0.03906191828810,97.83887567417590,-33.8873239842,150.7723404993
To_KempsCreek_NE_W,"11","0","11",0.04390874832430,97.83727826599176,-33.8879849630,150.7771420478
To_KempsCreek_NE_W,"12","0","12",0.04553927139708,97.83593614263491,-33.8882072797,150.7787573437
To_KempsCreek_NE_W,"13","0","13",0.04875563700026,97.83486241670572,-33.8886457573,150.7819436810
To_KempsCreek_NE_W,"14","0","14",0.04975194915734,97.83410782296345,-33.8887815643,150.7829306938
To_KempsCreek_NE_W,"15","0","15",0.05090982855880,97.83689703296203,-33.8889393843,150.7840777673
To_KempsCreek_NE_W,"16","0","16",0.05206767083817,97.83968625723072,-33.8890973212,150.7852247872
To_KempsCreek_NE_W,"17","0","17",0.05306395641021,54.52379302008867,-33.8892332119,150.7862117617
To_KempsCreek_NE_W,"18","0","18",0.05487733206705,35.18015569984914,-33.8874544219,150.7865642347
To_KempsCreek_NE_W,"19","0","19",0.05668739731039,59.15160024816456,-33.8865262929,150.7881182337
To_KempsCreek_NE_W,"20","0","20",0.05849744486167,78.65854160558011,-33.8855981429,150.7896721995
To_KempsCreek_NE_W,"21","0","21",0.06055812579738,97.85047037053864,-33.8858908466,150.7917119863
To_KempsCreek_NE_W,"22","0","22",0.06280563527260,118.42488939074303,-33.8861855628,150.7939400889
To_KempsCreek_NE_W,"23","0","23",0.06451379428951,139.31435626298412,-33.8874808660,150.7950536404
To_KempsCreek_NE_W,"24","0","24",0.06622196812701,165.25792395021136,-33.8887761602,150.7961672251
To_KempsCreek_NE_W,"25","0","25",0.06803534076088,191.20201244791761,-33.8905549850,150.7958149434
From_KempsCreek_NE_W,"0","0","0",0.00000000000000,191.20254278413950,-33.8905549850,150.7958149434
From_KempsCreek_NE_W,"1","0","1",0.00181337385538,215.17639513179546,-33.8923338078,150.7954626449
From_KempsCreek_NE_W,"2","0","2",0.00362351550454,239.15080363675872,-33.8932620277,150.7939086113
From_KempsCreek_NE_W,"3","0","3",0.00543367485735,258.49392899842508,-33.8941902265,150.7923545444
From_KempsCreek_NE_W,"4","0","4",0.00758793750590,277.83700886901983,-33.8938965000,150.7902204000
From_KempsCreek_NE_W,"5","0","5",0.00974218856768,298.57730461510062,-33.8936027370,150.7880862723
From_KempsCreek_NE_W,"6","0","6",0.01145037113014,319.31761050860911,-33.8923073730,150.7869727555
From_KempsCreek_NE_W,"7","0","7",0.01315853886723,345.26340862430277,-33.8910119999,150.7858592719
From_KempsCreek_NE_W,"8","0","8",0.01497191574692,324.52419566487981,-33.8892332119,150.7862117617
From_KempsCreek_NE_W,"9","0","9",0.01712604359834,277.83677895758831,-33.8889393843,150.7840777673
From_KempsCreek_NE_W,"10","0","10",0.01828392299978,277.83410782375586,-33.8887815643,150.7829306938
From_KempsCreek_NE_W,"11","0","11",0.01928023515686,277.83486241717907,-33.8886457573,150.7819436810
From_KempsCreek_NE_W,"12","0","12",0.02249660076002,277.83593614217449,-33.8882072797,150.7787573437
From_KempsCreek_NE_W,"13","0","13",0.02412712383282,277.83727826505799,-33.8879849630,150.7771420478
From_KempsCreek_NE_W,"14","0","14",0.02897395386902,277.83887567417582,-33.8873239842,150.7723404993
From_KempsCreek_NE_W,"15","0","15",0.03112808172044,287.43160510299003,-33.8870301566,150.7702065049
From_KempsCreek_NE_W,"16","0","16",0.03326136092474,286.95706373432978,-33.8860608884,150.7683061366
From_KempsCreek_NE_W,"17","0","17",0.03663295477099,276.89176563155655,-33.8856563836,150.7649588959
From_KempsCreek_NE_W,"18","0","18",0.03986531115179,245.36220655646875,-33.8852684557,150.7617499023
From_KempsCreek_NE_W,"19","0","19",0.04073248700337,220.24941162784253,-33.8859888000,150.7612671000
From_KempsCreek_NE_W,"20","0","20",0.04149144146214,251.78146577022866,-33.8865096199,150.7607150506
From_KempsCreek_NE_W,"21","0","21",0.04795616928156,278.87046009579990,-33.8857334593,150.7542970851
From_KempsCreek_NE_W,"22","0","22",0.05868278369594,299.73056180488334,-33.8837151609,150.7437620613
From_KempsCreek_NE_W,"23","0","23",0.06170221622835,278.96735082727463,-33.8814497000,150.7417659000
From_KempsCreek_NE_W,"24","0","24",0.06803587215712,239.31888543511778,-33.8846815079,150.7363188260
From_Rossmore_NE_E,"0","0","0",0.00000000000000,10.97157455360713,-33.9141898554,150.7812777647
From_Rossmore_NE_E,"1","0","1",0.00181291257848,34.96725841371867,-33.9124100797,150.7816228018
From_Rossmore_NE_E,"2","0","2",0.00362166692927,58.96238567491827,-33.9114774998,150.7831726040
From_Rossmore_NE_E,"3","0","3",0.00543040361260,78.31740846058794,-33.9105448988,150.7847223730
From_Rossmore_NE_E,"4","0","4",0.00758434630841,97.67247793284159,-33.9108324910,150.7868570298
From_Rossmore_NE_E,"5","0","5",0.00973830041142,118.39345135253242,-33.9111200468,150.7889917031
From_Rossmore_NE_E,"6","0","6",0.01144735160938,139.11441359384443,-33.9124121307,150.7901103519
From_Rossmore_NE_E,"7","0","7",0.01315641771832,165.03965794853917,-33.9137042055,150.7912290340
From_Rossmore_NE_E,"8","0","8",0.01496932756818,144.31760452666276,-33.9154840155,150.7908841885
From_Rossmore_NE_E,"9","0","9",0.01712340456387,97.03163622899173,-33.9157715064,150.7930189945
From_Rossmore_NE_E,"10","0","10",0.01822533492393,97.20505322426133,-33.9158942129,150.7941140715
From_Rossmore_NE_E,"11","0","11",0.02037865844911,98.18948999321989,-33.9161945161,150.7962463520
From_Rossmore_NE_E,"12","0","12",0.02201205121109,98.00968491296970,-33.9164320655,150.7978623787
From_Rossmore_NE_E,"13","0","13",0.02359383238319,97.83560329933520,-33.9166428261,150.7994300558
From_Rossmore_NE_E,"14","0","14",0.02522374036584,98.01381050529358,-33.9168700654,150.8010440454
From_Rossmore_NE_E,"15","0","15",0.02569972101485,98.01342390141073,-33.9169364195,150.8015153783
From_Rossmore_NE_E,"16","0","16",0.02628824280446,98.01342390133706,-33.9170184625,150.8020981534
From_Rossmore_NE_E,"17","0","17",0.02685365509779,98.01304307077345,-33.9170972838,150.8026580447
From_Rossmore_NE_E,"18","0","18",0.02764200168178,98.01266224039051,-33.9172071730,150.8034386949
From_Rossmore_NE_E,"19","0","19",0.02810947668550,98.01266224017246,-33.9172723353,150.8039016061
From_Rossmore_NE_E,"20","0","20",0.02843488096330,98.01239443352969,-33.9173176940,150.8042238335
From_Rossmore_NE_E,"21","0","21",0.02881580856280,98.01212661805312,-33.9173707887,150.8046010428
From_Rossmore_NE_E,"22","0","22",0.02911176333279,98.01193284310436,-33.9174120397,150.8048941086
From_Rossmore_NE_E,"23","0","23",0.02959146204258,98.01173906969868,-33.9174788982,150.8053691252
From_Rossmore_NE_E,"24","0","24",0.03006882102828,98.01150744500659,-33.9175454305,150.8058418250
From_Rossmore_NE_E,"25","0","25",0.03058343331655,98.01127582249566,-33.9176171510,150.8063514150
From_Rossmore_NE_E,"26","0","26",0.03106476166195,97.74415890302427,-33.9176842328,150.8068280459
From_Rossmore_NE_E,"27","0","27",0.03187398437811,97.47704198653834,-33.9177895360,150.8076303878
From_Rossmore_NE_E,"28","0","28",0.03242974229331,97.47704198411463,-33.9178618562,150.8081814202
From_Rossmore_NE_E,"29","0","29",0.03293839495010,97.70698880214675,-33.9179280466,150.8086857478
From_Rossmore_NE_E,"30","0","30",0.03338073581276,97.93676509783531,-33.9179891264,150.8091238513
From_Rossmore_NE_E,"31","0","31",0.03437676057148,97.93636302396212,-33.9181266547,150.8101103356
From_Rossmore_NE_E,"32","0","32",0.03533390383608,97.93593774642595,-33.9182588066,150.8110583120
From_Rossmore_NE_E,"33","0","33",0.03601084952250,97.93547628960391,-33.9183522674,150.8117287749
From_Rossmore_NE_E,"34","0","34",0.03759223233158,97.93482782931244,-33.9185705824,150.8132950157
From_Rossmore_NE_E,"35","0","35",0.03922232208032,97.93406059274143,-33.9187956000,150.8149095000
From_Rossmore_NE_E,"36","0","36",0.04085241852040,97.93329335134037,-33.9190205968,150.8165239940
From_Rossmore_NE_E,"37","0","37",0.04243382060997,97.93264487840898,-33.9192388516,150.8180902626
From_Rossmore_NE_E,"38","0","38",0.04311077839963,97.93218340667123,-33.9193322747,150.8187607430
From_Rossmore_NE_E,"39","0","39",0.04406794271589,97.93175811152966,-33.9194643610,150.8197087497
From_Rossmore_NE_E,"40","0","40",0.04506399428064,97.93127122622839,-33.9196018057,150.8206952728
From_Rossmore_NE_E,"41","0","41",0.04622157085738,97.94881063558188,-33.9197615290,150.8218417770
From_Rossmore_NE_E,"42","0","42",0.04713040150063,97.93221766042251,-33.9198874892,150.8227418366
From_Rossmore_NE_E,"43","0","43",0.04755179774853,97.88780419633525,-33.9199453920,150.8231592357
From_Rossmore_NE_E,"44","0","44",0.04898816147505,97.88445791464130,-33.9201422605,150.8245820440
From_Rossmore_NE_E,"45","0","45",0.04965606662697,98.12119231862553,-33.9202339581,150.8252436246
From_Rossmore_NE_E,"46","0","46",0.05009808981109,98.00202969617506,-33.9202981581,150.8256809607
From_Rossmore_NE_E,"47","0","47",0.05100781783477,97.76591322265365,-33.9204193066,150.8265825860
From_Rossmore_NE_E,"48","0","48",0.05232433004600,97.88067053487038,-33.9205997763,150.8278866700
From_Rossmore_NE_E,"49","0","49",0.05321921512706,97.88232676873703,-33.9207225000,150.8287731000
To_Rossmore_NE_E,"0","0","0",0.00000000000000,277.88232676873702,-33.9207225000,150.8287731000
To_Rossmore_NE_E,"1","0","1",0.00089488508105,277.88067053487032,-33.9205997763,150.8278866700
To_Rossmore_NE_E,"2","0","2",0.00221139729229,277.76591322265364,-33.9204193066,150.8265825860
To_Rossmore_NE_E,"3","0","3",0.00312112531597,278.00202969617504,-33.9202981581,150.8256809607
To_Rossmore_NE_E,"4","0","4",0.00356314850009,278.12119231862556,-33.9202339581,150.8252436246
To_Rossmore_NE_E,"5","0","5",0.00423105365201,277.88445791464130,-33.9201422605,150.8245820440
To_Rossmore_NE_E,"6","0","6",0.00566741737853,277.88780419633520,-33.9199453920,150.8231592357
To_Rossmore_NE_E,"7","0","7",0.00608881362643,277.93221766042257,-33.9198874892,150.8227418366
To_Rossmore_NE_E,"8","0","8",0.00699764426968,277.94881063558188,-33.9197615290,150.8218417770
To_Rossmore_NE_E,"9","0","9",0.00815522084642,277.93127122622838,-33.9196018057,150.8206952728
To_Rossmore_NE_E,"10","0","10",0.00915127241117,277.93175811152969,-33.9194643610,150.8197087497
To_Rossmore_NE_E,"11","0","11",0.01010843672743,277.93218340667119,-33.9193322747,150.8187607430
To_Rossmore_NE_E,"12","0","12",0.01078539451709,277.93264487840901,-33.9192388516,150.8180902626
To_Rossmore_NE_E,"13","0","13",0.01236679660666,277.93329335134041,-33.9190205968,150.8165239940
To_Rossmore_NE_E,"14","0","14",0.01399689304674,277.93406059274145,-33.9187956000,150.8149095000
To_Rossmore_NE_E,"15","0","15",0.01562698279548,277.93482782931244,-33.9185705824,150.8132950157
To_Rossmore_NE_E,"16","0","16",0.01720836560455,277.93547628960386,-33.9183522674,150.8117287749
To_Rossmore_NE_E,"17","0","17",0.01788531129098,277.93593774642596,-33.9182588066,150.8110583120
To_Rossmore_NE_E,"18","0","18",0.01884245455558,277.93636302396209,-33.9181266547,150.8101103356
To_Rossmore_NE_E,"19","0","19",0.01983847931430,277.93676509783529,-33.9179891264,150.8091238513
To_Rossmore_NE_E,"20","0","20",0.02028082017696,277.70698880320685,-33.9179280466,150.8086857478
To_Rossmore_NE_E,"21","0","21",0.02215445346511,277.74415890443242,-33.9176842328,150.8068280459
To_Rossmore_NE_E,"22","0","22",0.02315039409878,278.01158772007324,-33.9175454305,150.8058418250
To_Rossmore_NE_E,"23","0","23",0.02478433416375,278.01228092877284,-33.9173176940,150.8042238335
To_Rossmore_NE_E,"24","0","24",0.02557387669980,278.01266224028547,-33.9172076381,150.8034419991
To_Rossmore_NE_E,"25","0","25",0.02636556002926,278.01304307095330,-33.9170972838,150.8026580447
To_Rossmore_NE_E,"26","0","26",0.02706183158956,278.01342390134892,-33.9170002200,150.8019685720
To_Rossmore_NE_E,"27","0","27",0.02799547476120,278.01381050541426,-33.9168700654,150.8010440454
To_Rossmore_NE_E,"28","0","28",0.02896612682158,278.01419710917730,-33.9167347386,150.8000828732
To_Rossmore_NE_E,"29","0","29",0.02962538274386,277.83560329894300,-33.9166428261,150.7994300558
To_Rossmore_NE_E,"30","0","30",0.03033511862757,277.65700948939099,-33.9165482591,150.7987266483
To_Rossmore_NE_E,"31","0","31",0.03120716391596,278.25480261433546,-33.9164320655,150.7978623787
To_Rossmore_NE_E,"32","0","32",0.03188356247404,278.43423882059665,-33.9163279725,150.7971940377
To_Rossmore_NE_E,"33","0","33",0.03228606683998,278.01588190258383,-33.9162718443,150.7967954660
To_Rossmore_NE_E,"34","0","34",0.03284059893563,278.01611351342956,-33.9161945161,150.7962463520
To_Rossmore_NE_E,"35","0","35",0.03334379249648,278.01634512435925,-33.9161243430,150.7957480755
To_Rossmore_NE_E,"36","0","36",0.03383651253132,278.01660049774654,-33.9160556304,150.7952601702
To_Rossmore_NE_E,"37","0","37",0.03439030963287,278.01685587026532,-33.9159783954,150.7947117853
To_Rossmore_NE_E,"38","0","38",0.03499392246084,277.18670572391511,-33.9158942129,150.7941140715
To_Rossmore_NE_E,"39","0","39",0.03559220135203,276.39695615699873,-33.9158279742,150.7935194707
To_Rossmore_NE_E,"40","0","40",0.03609585309281,277.05345326463276,-33.9157715064,150.7930189945
To_Rossmore_NE_E,"41","0","41",0.03725367089531,277.66980478402758,-33.9156169846,150.7918715342
To_Rossmore_NE_E,"42","0","42",0.03824993008853,234.31800237498339,-33.9154840155,150.7908841885
To_Rossmore_NE_E,"43","0","43",0.04006284108371,214.96348206173798,-33.9172638235,150.7905393266
To_Rossmore_NE_E,"44","0","44",0.04187167103714,238.96157583540096,-33.9181964945,150.7889894909
To_Rossmore_NE_E,"45","0","45",0.04368051866957,258.31716281618435,-33.9191291444,150.7874396219
To_Rossmore_NE_E,"46","0","46",0.04583466724976,277.67270313112937,-33.9188415543,150.7853047570
To_Rossmore_NE_E,"47","0","47",0.04798880441566,298.39516659928182,-33.9185539278,150.7831699086
To_Rossmore_NE_E,"48","0","48",0.04969787976640,319.11764114184484,-33.9172617829,150.7820512932
To_Rossmore_NE_E,"49","0","49",0.05140694020144,345.04512944393724,-33.9159696290,150.7809327111
To_Rossmore_NE_E,"50","0","50",0.05321985392664,10.97209665035483,-33.9141898554,150.7812777647
To_Rossmore_NE_N,"0","0","0",0.00000000000000,102.16447099820790,-33.8804351000,150.7921182000
To_Rossmore_NE_N,"1","0","1",0.00066012188268,146.90855385706234,-33.8805742000,150.7927635000
To_Rossmore_NE_N,"2","0","2",0.00462724416377,189.88720582317791,-33.8844595603,150.7919622295
To_Rossmore_NE_N,"3","0","3",0.00522586481914,189.64808375317952,-33.8850521768,150.7918776579
To_Rossmore_NE_N,"4","0","4",0.00608074148062,190.91002796103663,-33.8858908466,150.7917119863
To_Rossmore_NE_N,"5","0","5",0.00686502776611,189.89346140308112,-33.8866616341,150.7915671015
To_Rossmore_NE_N,"6","0","6",0.00744753222187,189.86087335184232,-33.8872367406,150.7914745595
To_Rossmore_NE_N,"7","0","7",0.00877646955461,189.85723493510937,-33.8885430832,150.7912305446
To_Rossmore_NE_N,"8","0","8",0.01014492938995,190.16976630511297,-33.8898941908,150.7910133102
To_Rossmore_NE_N,"9","0","9",0.01151750362468,191.20574780949934,-33.8912405987,150.7907465787
To_Rossmore_NE_N,"10","0","10",0.01284907151556,191.20608475345693,-33.8925467802,150.7904878070
To_Rossmore_NE_N,"11","0","11",0.01341908025559,191.20632454412487,-33.8931059212,150.7903770309
To_Rossmore_NE_N,"12","0","12",0.01422502569576,191.20654555671425,-33.8938965000,150.7902204000
To_Rossmore_NE_N,"13","0","13",0.01506371292517,190.71367654343837,-33.8947191956,150.7900574024
To_Rossmore_NE_N,"14","0","14",0.01575071900463,190.60074008304323,-33.8953953000,150.7899355000
To_Rossmore_NE_N,"15","0","15",0.01809952304106,190.64167862264557,-33.8977011000,150.7894881000
To_Rossmore_NE_N,"16","0","16",0.02259053141304,190.62052413727486,-33.9021197000,150.7886849000
To_Rossmore_NE_N,"17","0","17",0.02702836018956,190.91722401225155,-33.9064769000,150.7878428000
To_Rossmore_NE_N,"18","0","18",0.02949574207527,209.83308052154973,-33.9088998000,150.7873764000
To_Rossmore_NE_N,"19","0","19",0.02972772223489,209.86870078183884,-33.9090526937,150.7872019342
To_Rossmore_NE_N,"20","0","20",0.03070216048702,190.96733496075743,-33.9100093350,150.7870165501
To_Rossmore_NE_N,"21","0","21",0.03154063087572,144.31971670109616,-33.9108324910,150.7868570298
To_Rossmore_NE_N,"22","0","22",0.03369458497872,118.39345135302979,-33.9111200468,150.7889917031
To_Rossmore_NE_N,"23","0","23",0.03540363617676,139.11441359384443,-33.9124121307,150.7901103519
To_Rossmore_NE_N,"24","0","24",0.03711270228562,165.03965794768627,-33.9137042055,150.7912290340
To_Rossmore_NE_N,"25","0","25",0.03892561213544,190.96568418455900,-33.9154840155,150.7908841885
To_Rossmore_NE_N,"26","0","26",0.04073852313065,214.96348206209348,-33.9172638235,150.7905393266
To_Rossmore_NE_N,"27","0","27",0.04254735308409,238.96157583540096,-33.9181964945,150.7889894909
To_Rossmore_NE_N,"28","0","28",0.04435620071652,258.31716281618435,-33.9191291444,150.7874396219
To_Rossmore_NE_N,"29","0","29",0.04651034929670,277.67219310986530,-33.9188415543,150.7853047570
From_Rossmore_NE_N,"0","0","0",0.00000000000000,277.67321315239349,-33.9188415543,150.7853047570
From_Rossmore_NE_N,"1","0","1",0.00215413716590,298.39516659928182,-33.9185539278,150.7831699086
From_Rossmore_NE_N,"2","0","2",0.00386321251664,319.11764114184484,-33.9172617829,150.7820512932
From_Rossmore_NE_N,"3","0","3",0.00557227295168,345.04512944349625,-33.9159696290,150.7809327111
From_Rossmore_NE_N,"4","0","4",0.00738518667687,10.97183560198097,-33.9141898554,150.7812777647
From_Rossmore_NE_N,"5","0","5",0.00919809925536,34.96725841415959,-33.9124100797,150.7816228018
From_Rossmore_NE_N,"6","0","6",0.01100685360615,58.96238567491827,-33.9114774998,150.7831726040
From_Rossmore_NE_N,"7","0","7",0.01281559028948,78.31740846058794,-33.9105448988,150.7847223730
From_Rossmore_NE_N,"8","0","8",0.01496953298529,54.32015651218918,-33.9108324910,150.7868570298
From_Rossmore_NE_N,"9","0","9",0.01678244162611,29.86876110152513,-33.9090526937,150.7872019342
From_Rossmore_NE_N,"10","0","10",0.01701442178573,29.83308052154973,-33.9088998000,150.7873764000
From_Rossmore_NE_N,"11","0","11",0.01948180367145,10.91722401225156,-33.9064769000,150.7878428000
From_Rossmore_NE_N,"12","0","12",0.02391963244797,10.62052413727483,-33.9021197000,150.7886849000
From_Rossmore_NE_N,"13","0","13",0.02841064081994,10.64167862264559,-33.8977011000,150.7894881000
From_Rossmore_NE_N,"14","0","14",0.03075944485638,10.60074008304324,-33.8953953000,150.7899355000
From_Rossmore_NE_N,"15","0","15",0.03144645093583,10.71367654343835,-33.8947191956,150.7900574024
From_Rossmore_NE_N,"16","0","16",0.03228513816524,11.20654555671423,-33.8938965000,150.7902204000
From_Rossmore_NE_N,"17","0","17",0.03309108360542,11.20632454412484,-33.8931059212,150.7903770309
From_Rossmore_NE_N,"18","0","18",0.03366109234545,11.20608475345689,-33.8925467802,150.7904878070
From_Rossmore_NE_N,"19","0","19",0.03499266023632,11.20574780949932,-33.8912405987,150.7907465787
From_Rossmore_NE_N,"20","0","20",0.03636523447106,10.16976630511297,-33.8898941908,150.7910133102
From_Rossmore_NE_N,"21","0","21",0.03773369430639,9.85723493510936,-33.8885430832,150.7912305446
From_Rossmore_NE_N,"22","0","22",0.03906263163914,9.86087335184235,-33.8872367406,150.7914745595
From_Rossmore_NE_N,"23","0","23",0.03964513609490,9.89346140308112,-33.8866616341,150.7915671015
From_Rossmore_NE_N,"24","0","24",0.04042942238038,10.91002796103664,-33.8858908466,150.7917119863
From_Rossmore_NE_N,"25","0","25",0.04128429904186,9.64808375317953,-33.8850521768,150.7918776579
From_Rossmore_NE_N,"26","0","26",0.04188291969724,9.88720582317790,-33.8844595603,150.7919622295
From_Rossmore_NE_N,"27","0","27",0.04585004197832,326.90855385706232,-33.8805742000,150.7927635000
From_Rossmore_NE_N,"28","0","28",0.04651016386100,282.16447099820789,-33.8804351000,150.7921182000
From_Rossmore_NE_S,"0","0","0",0.00000000000000,97.67196802051365,-33.9108324910,150.7868570298
From_Rossmore_NE_S,"1","0","1",0.00215395410301,118.39345135302979,-33.9111200468,150.7889917031
From_Rossmore_NE_S,"2","0","2",0.00386300530104,139.11441359384443,-33.9124121307,150.7901103519
From_Rossmore_NE_S,"3","0","3",0.00557207140991,165.03965794768627,-33.9137042055,150.7912290340
From_Rossmore_NE_S,"4","0","4",0.00738498125973,190.96568418455900,-33.9154840155,150.7908841885
From_Rossmore_NE_S,"5","0","5",0.00919789225494,214.96348206209348,-33.9172638235,150.7905393266
From_Rossmore_NE_S,"6","0","6",0.01100672220837,238.96157583540096,-33.9181964945,150.7889894909
From_Rossmore_NE_S,"7","0","7",0.01281556984080,258.31716281618435,-33.9191291444,150.7874396219
From_Rossmore_NE_S,"8","0","8",0.01496971842099,234.32112405845916,-33.9188415543,150.7853047570
From_Rossmore_NE_S,"9","0","9",0.01580819144009,190.97018550723064,-33.9196647057,150.7851451990
From_Rossmore_NE_S,"10","0","10",0.01678263336511,190.02755313403725,-33.9206213406,150.7849597623
From_Rossmore_NE_S,"11","0","11",0.01966150602609,145.35803380815778,-33.9234641000,150.7845052000
From_Rossmore_NE_S,"12","0","12",0.02057075153874,99.25580886524826,-33.9236474154,150.7853957745
From_Rossmore_NE_S,"13","0","13",0.02137921202292,143.36534481053326,-33.9237442659,150.7861984128
From_Rossmore_NE_S,"14","0","14",0.02409567859908,189.85070774383007,-33.9264206861,150.7857336923
From_Rossmore_NE_S,"15","0","15",0.02681214702398,189.85133515448442,-33.9290971024,150.7852689380
From_Rossmore_NE_S,"16","0","16",0.02817038193003,189.85178336335764,-33.9304353091,150.7850365481
From_Rossmore_NE_S,"17","0","17",0.02952861729857,189.85268003219701,-33.9317735147,150.7848041498
From_Rossmore_NE_S,"18","0","18",0.03903627783744,143.36672705901211,-33.9411409262,150.7831771249
From_Rossmore_NE_S,"19","0","19",0.04146214716444,143.36693554988861,-33.9414315242,150.7855855258
From_Rossmore_NE_S,"20","0","20",0.04689510482176,166.86080394137485,-33.9467843327,150.7846557568
From_Rossmore_NE_S,"21","0","21",0.04707470500298,167.77095656691904,-33.9469293883,150.7847616581
From_Rossmore_NE_S,"22","0","22",0.04723758597640,191.66607904773264,-33.9470889000,150.7847287000
From_Rossmore_NE_S,"23","0","23",0.04737961590241,191.86185014114744,-33.9472280000,150.7847000000
From_Rossmore_NE_S,"24","0","24",0.04759967734882,192.78069755108507,-33.9474432000,150.7846540000
From_Rossmore_NE_S,"25","0","25",0.04787991547970,193.50520830210229,-33.9477157000,150.7845886000
From_Rossmore_NE_S,"26","0","26",0.04822095895196,211.10259906761988,-33.9480473000,150.7845089000
From_Rossmore_NE_S,"27","0","27",0.04833492556625,252.78518714878052,-33.9481225323,150.7844232934
From_Rossmore_NE_S,"28","0","28",0.04914361160223,276.88005030111498,-33.9480256616,150.7836204303
From_Rossmore_NE_S,"29","0","29",0.04995229615706,233.36817469721549,-33.9479287856,150.7828175693
From_Rossmore_NE_S,"30","0","30",0.05131053743052,189.85628777908275,-33.9492669803,150.7825850732
From_Rossmore_NE_S,"31","0","31",0.05266877916792,233.36867731922072,-33.9506051739,150.7823525686
From_Rossmore_NE_S,"32","0","32",0.05428619300038,276.88088736171034,-33.9504113986,150.7807468044
To_Rossmore_NE_S,"0","0","0",0.00000000000000,96.88088736171036,-33.9504113986,150.7807468044
To_Rossmore_NE_S,"1","0","1",0.00161741383246,53.36858757041190,-33.9506051739,150.7823525686
To_Rossmore_NE_S,"2","0","2",0.00433389684331,53.36816904002685,-33.9479287856,150.7828175693
To_Rossmore_NE_S,"3","0","3",0.00595126743411,72.78528255463398,-33.9481225323,150.7844232934
To_Rossmore_NE_S,"4","0","4",0.00606523404841,343.66065829004060,-33.9480473000,150.7845089000
To_Rossmore_NE_S,"5","0","5",0.00625781486258,325.41932252101799,-33.9480184000,150.7843185000
To_Rossmore_NE_S,"6","0","6",0.00687353824207,11.80988085796344,-33.9474166000,150.7844487000
To_Rossmore_NE_S,"7","0","7",0.00709389468059,11.29212855179230,-33.9472006000,150.7844923000
To_Rossmore_NE_S,"8","0","8",0.00723272569337,11.18729542871759,-33.9470644000,150.7845192000
To_Rossmore_NE_S,"9","0","9",0.00734751266958,11.70498136786651,-33.9469518000,150.7845415000
To_Rossmore_NE_S,"10","0","10",0.00741920206650,28.85150314291031,-33.9468817317,150.7845566592
To_Rossmore_NE_S,"11","0","11",0.00755815134851,27.67455506827110,-33.9467843327,150.7846557568
To_Rossmore_NE_S,"12","0","12",0.01299110900583,323.36693554988858,-33.9414315242,150.7855855258
To_Rossmore_NE_S,"13","0","13",0.01541697833282,323.36672705901213,-33.9411409262,150.7831771249
To_Rossmore_NE_S,"14","0","14",0.02492463887170,9.85268003219698,-33.9317735147,150.7848041498
To_Rossmore_NE_S,"15","0","15",0.02628287424024,9.85178336335765,-33.9304353091,150.7850365481
To_Rossmore_NE_S,"16","0","16",0.02764110914629,9.85133515448440,-33.9290971024,150.7852689380
To_Rossmore_NE_S,"17","0","17",0.03035757757118,9.85070774383008,-33.9264206861,150.7857336923
To_Rossmore_NE_S,"18","0","18",0.03307404414734,323.36534481053326,-33.9237442659,150.7861984128
To_Rossmore_NE_S,"19","0","19",0.03388250463153,279.25580886524824,-33.9236474154,150.7853957745
To_Rossmore_NE_S,"20","0","20",0.03479175014418,325.35803380815770,-33.9234641000,150.7845052000
To_Rossmore_NE_S,"21","0","21",0.03767062280516,10.02755313403725,-33.9206213406,150.7849597623
To_Rossmore_NE_S,"22","0","22",0.03864506473017,10.97018550723066,-33.9196647057,150.7851451990
To_Rossmore_NE_S,"23","0","23",0.03948353774928,324.32163407972331,-33.9188415543,150.7853047570
To_Rossmore_NE_S,"24","0","24",0.04163767491518,298.39516659928182,-33.9185539278,150.7831699086
To_Rossmore_NE_S,"25","0","25",0.04334675026592,319.11764114184484,-33.9172617829,150.7820512932
To_Rossmore_NE_S,"26","0","26",0.04505581070096,345.04512944349625,-33.9159696290,150.7809327111
To_Rossmore_NE_S,"27","0","27",0.04686872442615,10.97183560198097,-33.9141898554,150.7812777647
To_Rossmore_NE_S,"28","0","28",0.04868163700464,34.96725841415959,-33.9124100797,150.7816228018
To_Rossmore_NE_S,"29","0","29",0.05049039135543,58.96238567491827,-33.9114774998,150.7831726040
To_Rossmore_NE_S,"30","0","30",0.05229912803876,78.31740846058794,-33.9105448988,150.7847223730
To_Rossmore_NE_S,"31","0","31",0.05445307073457,97.67298784516953,-33.9108324910,150.7868570298
To_Rossmore_NE_W,"0","0","0",0.00000000000000,11.20448707255419,-33.9206997072,150.7367833845
To_Rossmore_NE_W,"1","0","1",0.00589346151883,54.52160267921899,-33.9149185754,150.7379285499
To_Rossmore_NE_W,"2","0","2",0.01289487541189,54.52246488892006,-33.9158734636,150.7448645419
To_Rossmore_NE_W,"3","0","3",0.01878834983987,54.52072452996653,-33.9100923536,150.7460098838
To_Rossmore_NE_W,"4","0","4",0.02578943007348,60.85439621276996,-33.9110467749,150.7529456033
To_Rossmore_NE_W,"5","0","5",0.02670654403575,60.38463441174194,-33.9102081284,150.7533167772
To_Rossmore_NE_W,"6","0","6",0.02913148556954,96.89457025513245,-33.9104992732,150.7557241775
To_Rossmore_NE_W,"7","0","7",0.03640639029325,96.89247344325943,-33.9113724286,150.7629464928
To_Rossmore_NE_W,"8","0","8",0.03721472045576,107.22696760286676,-33.9114694201,150.7637489829
To_Rossmore_NE_W,"9","0","9",0.03825508168714,107.62236217315966,-33.9119508104,150.7646712707
To_Rossmore_NE_W,"10","0","10",0.04040901843986,97.68148085468056,-33.9122387491,150.7668058749
To_Rossmore_NE_W,"11","0","11",0.04525541794832,97.67950487713641,-33.9128864779,150.7716087944
To_Rossmore_NE_W,"12","0","12",0.05010187532682,97.67752887284628,-33.9135340220,150.7764117971
To_Rossmore_NE_W,"13","0","13",0.05225587495068,97.67623694075418,-33.9138217601,150.7785464918
To_Rossmore_NE_W,"14","0","14",0.05401560743851,97.67544743207382,-33.9140568026,150.7802904566
To_Rossmore_NE_W,"15","0","15",0.05501184044222,54.32334787713354,-33.9141898554,150.7812777647
To_Rossmore_NE_W,"16","0","16",0.05682475302069,34.96725841371867,-33.9124100797,150.7816228018
To_Rossmore_NE_W,"17","0","17",0.05863350737149,58.96238567491827,-33.9114774998,150.7831726040
To_Rossmore_NE_W,"18","0","18",0.06044224405482,78.31740846058794,-33.9105448988,150.7847223730
To_Rossmore_NE_W,"19","0","19",0.06259618675063,97.67247793284159,-33.9108324910,150.7868570298
To_Rossmore_NE_W,"20","0","20",0.06475014085364,118.39345135253242,-33.9111200468,150.7889917031
To_Rossmore_NE_W,"21","0","21",0.06645919205159,139.11441359384443,-33.9124121307,150.7901103519
To_Rossmore_NE_W,"22","0","22",0.06816825816054,165.03965794853917,-33.9137042055,150.7912290340
To_Rossmore_NE_W,"23","0","23",0.06998116801039,190.96542339394063,-33.9154840155,150.7908841885
From_Rossmore_NE_W,"0","0","0",0.00000000000000,190.96594497517739,-33.9154840155,150.7908841885
From_Rossmore_NE_W,"1","0","1",0.00181291099518,214.96348206173798,-33.9172638235,150.7905393266
From_Rossmore_NE_W,"2","0","2",0.00362174094861,238.96157583540096,-33.9181964945,150.7889894909
From_Rossmore_NE_W,"3","0","3",0.00543058858104,258.31716281618435,-33.9191291444,150.7874396219
From_Rossmore_NE_W,"4","0","4",0.00758473716123,277.67270313112937,-33.9188415543,150.7853047570
From_Rossmore_NE_W,"5","0","5",0.00973887432713,298.39516659928182,-33.9185539278,150.7831699086
From_Rossmore_NE_W,"6","0","6",0.01144794967787,319.11764114184484,-33.9172617829,150.7820512932
From_Rossmore_NE_W,"7","0","7",0.01315701011291,345.04512944393724,-33.9159696290,150.7809327111
From_Rossmore_NE_W,"8","0","8",0.01496992383810,324.32360892550741,-33.9141898554,150.7812777647
From_Rossmore_NE_W,"9","0","9",0.01596615684181,277.67544743207378,-33.9140568026,150.7802904566
From_Rossmore_NE_W,"10","0","10",0.01772588932964,277.67623694047319,-33.9138217601,150.7785464918
From_Rossmore_NE_W,"11","0","11",0.01987988895350,277.67752887269017,-33.9135340220,150.7764117971
From_Rossmore_NE_W,"12","0","12",0.02472634633200,277.67950487726131,-33.9128864779,150.7716087944
From_Rossmore_NE_W,"13","0","13",0.02957274584046,277.68148085468056,-33.9122387491,150.7668058749
From_Rossmore_NE_W,"14","0","14",0.03172668259318,287.62236217315962,-33.9119508104,150.7646712707
From_Rossmore_NE_W,"15","0","15",0.03276704382456,287.22696760286681,-33.9114694201,150.7637489829
From_Rossmore_NE_W,"16","0","16",0.03357537398707,276.89247344325941,-33.9113724286,150.7629464928
From_Rossmore_NE_W,"17","0","17",0.04085027871078,276.89457025513241,-33.9104992732,150.7557241775
From_Rossmore_NE_W,"18","0","18",0.04327522024457,240.38463441174193,-33.9102081284,150.7533167772
From_Rossmore_NE_W,"19","0","19",0.04419233420684,240.85439621277001,-33.9110467749,150.7529456033
From_Rossmore_NE_W,"20","0","20",0.05119341444045,234.52072452996657,-33.9100923536,150.7460098838
From_Rossmore_NE_W,"21","0","21",0.05708688886843,234.52246488892010,-33.9158734636,150.7448645419
From_Rossmore_NE_W,"22","0","22",0.06408830276149,234.52160267921897,-33.9149185754,150.7379285499
From_Rossmore_NE_W,"23","0","23",0.06998176428032,191.20448707255417,-33.9206997072,150.7367833845
To_Austral_NW_E,"0","0","0",0.00000000000000,277.88004270254402,-33.9207225000,150.8287731000
To_Austral_NW_E,"1","0","1",0.00089488718921,277.88030478696430,-33.9205998114,150.8278866630
To_Austral_NW_E,"2","0","2",0.00221139729142,277.88082740271915,-33.9204193066,150.8265825860
To_Austral_NW_E,"3","0","3",0.00309297251339,277.88124814869343,-33.9202984271,150.8257093374
To_Austral_NW_E,"4","0","4",0.00356312639706,277.88627287626883,-33.9202339581,150.8252436246
To_Austral_NW_E,"5","0","5",0.00423103154898,277.88445791464130,-33.9201422605,150.8245820440
To_Austral_NW_E,"6","0","6",0.00566739527549,277.88780417049793,-33.9199453920,150.8231592357
To_Austral_NW_E,"7","0","7",0.00608879152335,277.93221764656317,-33.9198874892,150.8227418366
To_Austral_NW_E,"8","0","8",0.00699762216665,277.94881064624360,-33.9197615290,150.8218417770
To_Austral_NW_E,"9","0","9",0.00815519874341,277.93127122644182,-33.9196018057,150.8206952728
To_Austral_NW_E,"10","0","10",0.00915125030814,277.93175811305935,-33.9194643610,150.8197087497
To_Austral_NW_E,"11","0","11",0.01010841462440,277.93218340547998,-33.9193322747,150.8187607430
To_Austral_NW_E,"12","0","12",0.01078537241406,277.93264487632530,-33.9192388516,150.8180902626
To_Austral_NW_E,"13","0","13",0.01236677450362,277.93329335180840,-33.9190205968,150.8165239940
To_Austral_NW_E,"14","0","14",0.01399687094371,277.93406059410194,-33.9187956000,150.8149095000
To_Austral_NW_E,"15","0","15",0.01562696069244,277.93482782931244,-33.9185705824,150.8132950157
To_Austral_NW_E,"16","0","16",0.01720834350152,277.93547628960386,-33.9183522674,150.8117287749
To_Austral_NW_E,"17","0","17",0.01788528918794,277.93593774654340,-33.9182588066,150.8110583120
To_Austral_NW_E,"18","0","18",0.01884243245252,277.93636302396669,-33.9181266547,150.8101103356
To_Austral_NW_E,"19","0","19",0.01983845721127,277.93676509772240,-33.9179891264,150.8091238513
To_Austral_NW_E,"20","0","20",0.02028079807393,277.70698880320685,-33.9179280466,150.8086857478
To_Austral_NW_E,"21","0","21",0.02215443136208,277.74415890443242,-33.9176842328,150.8068280459
To_Austral_NW_E,"22","0","22",0.02315037199575,234.72954673887418,-33.9175454305,150.8058418250
To_Austral_NW_E,"23","0","23",0.02496419317171,215.39358180280061,-33.9193231673,150.8054818261
To_Austral_NW_E,"24","0","24",0.02677513398638,239.33990118228840,-33.9202466608,150.8039240500
To_Austral_NW_E,"25","0","25",0.02858609246524,258.67693450898514,-33.9211701331,150.8023662408
To_Austral_NW_E,"26","0","26",0.03073955112383,278.01392341944739,-33.9208699304,150.8002338096
To_Austral_NW_E,"27","0","27",0.03289299799818,298.77749977633209,-33.9205696913,150.7981013955
To_Austral_NW_E,"28","0","28",0.03459991242530,319.54108467163809,-33.9192709588,150.7969937625
To_Austral_NW_E,"29","0","29",0.03630681214556,345.49777205212257,-33.9179722175,150.7958861626
To_Austral_NW_E,"30","0","30",0.03812063646011,11.45394007865992,-33.9161945161,150.7962463520
From_Austral_NW_E,"0","0","0",0.00000000000000,11.45339964885561,-33.9161945161,150.7962463520
From_Austral_NW_E,"1","0","1",0.00181382301638,35.39731705059769,-33.9144168126,150.7966065244
From_Austral_NW_E,"2","0","2",0.00362468654111,59.34067931030421,-33.9134934099,150.7981642645
From_Austral_NW_E,"3","0","3",0.00543553241321,78.67716624805037,-33.9125699860,150.7997219715
From_Austral_NW_E,"4","0","4",0.00758878564118,98.01369762180640,-33.9128701897,150.8018541950
From_Austral_NW_E,"5","0","5",0.00974205064590,118.77575489297399,-33.9131703570,150.8039864356
From_Austral_NW_E,"6","0","6",0.01144894229622,139.53780351871748,-33.9144690288,150.8050941046
From_Austral_NW_E,"7","0","7",0.01315584864880,165.49228095014504,-33.9157676916,150.8062018068
From_Austral_NW_E,"8","0","8",0.01496966852798,144.72927677784864,-33.9175454305,150.8058418250
From_Austral_NW_E,"9","0","9",0.01596560916165,97.74415890443247,-33.9176842328,150.8068280459
From_Austral_NW_E,"10","0","10",0.01783924244980,97.70698880320690,-33.9179280466,150.8086857478
From_Austral_NW_E,"11","0","11",0.01828158331246,97.93676509772243,-33.9179891264,150.8091238513
From_Austral_NW_E,"12","0","12",0.01927760807121,97.93636302396672,-33.9181266547,150.8101103356
From_Austral_NW_E,"13","0","13",0.02023475133578,97.93593774654342,-33.9182588066,150.8110583120
From_Austral_NW_E,"14","0","14",0.02091169702221,97.93547628960391,-33.9183522674,150.8117287749
From_Austral_NW_E,"15","0","15",0.02249307983128,97.93482782931244,-33.9185705824,150.8132950157
From_Austral_NW_E,"16","0","16",0.02412316958002,97.93406059410188,-33.9187956000,150.8149095000
From_Austral_NW_E,"17","0","17",0.02575326602011,97.93329335180844,-33.9190205968,150.8165239940
From_Austral_NW_E,"18","0","18",0.02733466810967,97.93264487632533,-33.9192388516,150.8180902626
From_Austral_NW_E,"19","0","19",0.02801162589933,97.93218340547996,-33.9193322747,150.8187607430
From_Austral_NW_E,"20","0","20",0.02896879021559,97.93175811305933,-33.9194643610,150.8197087497
From_Austral_NW_E,"21","0","21",0.02996484178032,97.93127122644182,-33.9196018057,150.8206952728
From_Austral_NW_E,"22","0","22",0.03112241835708,97.94881064624363,-33.9197615290,150.8218417770
From_Austral_NW_E,"23","0","23",0.03203124900038,97.93221764656317,-33.9198874892,150.8227418366
From_Austral_NW_E,"24","0","24",0.03245264524823,97.88780417049797,-33.9199453920,150.8231592357
From_Austral_NW_E,"25","0","25",0.03388900897475,97.88445791464130,-33.9201422605,150.8245820440
From_Austral_NW_E,"26","0","26",0.03455691412667,98.12119231862553,-33.9202339581,150.8252436246
From_Austral_NW_E,"27","0","27",0.03499893731079,98.00202969617506,-33.9202981581,150.8256809607
From_Austral_NW_E,"28","0","28",0.03590866533447,97.76668950784409,-33.9204193066,150.8265825860
From_Austral_NW_E,"29","0","29",0.03722517543668,97.88030478696434,-33.9205998114,150.8278866630
From_Austral_NW_E,"30","0","30",0.03812006262589,97.88004270254409,-33.9207225000,150.8287731000
To_Austral_NW_N,"0","0","0",0.00000000000000,59.31888543511776,-33.8846815079,150.7363188260
To_Austral_NW_N,"1","0","1",0.00633365592877,98.96735082727461,-33.8814497000,150.7417659000
To_Austral_NW_N,"2","0","2",0.00935308846117,119.73056180488332,-33.8837151609,150.7437620613
To_Austral_NW_N,"3","0","3",0.02007970287556,98.87046009579993,-33.8857334593,150.7542970851
To_Austral_NW_N,"4","0","4",0.02654443069498,143.37922316542262,-33.8865096199,150.7607150506
To_Austral_NW_N,"5","0","5",0.03876848048936,143.37824802458175,-33.8985530061,150.7586211926
To_Austral_NW_N,"6","0","6",0.04200132113964,96.89213802774317,-33.8989410344,150.7618306618
To_Austral_NW_N,"7","0","7",0.05169998530936,96.88889844832104,-33.9001046238,150.7714592726
To_Austral_NW_N,"8","0","8",0.05654939733059,105.70460287567809,-33.9006861399,150.7762736922
To_Austral_NW_N,"9","0","9",0.05748004816443,95.13864425251779,-33.9010724000,150.7771204000
To_Austral_NW_N,"10","0","10",0.05826221258086,86.31998602927864,-33.9008799373,150.7778785156
To_Austral_NW_N,"11","0","11",0.06068694743172,96.88432479636576,-33.9011705948,150.7802857666
To_Austral_NW_N,"12","0","12",0.06149519533850,96.88375307407587,-33.9012674702,150.7810881878
To_Austral_NW_N,"13","0","13",0.06230344472339,96.88270490466164,-33.9013643406,150.7818906112
To_Austral_NW_N,"14","0","14",0.06876949299089,91.95818432370412,-33.9021391174,150.7883100739
To_Austral_NW_N,"15","0","15",0.06914482174122,96.12103396711784,-33.9021197000,150.7886849000
To_Austral_NW_N,"16","0","16",0.06958795561416,101.04298172984998,-33.9022359412,150.7891125162
To_Austral_NW_N,"17","0","17",0.07605411018815,143.35979427337864,-33.9030103464,150.7955321308
To_Austral_NW_N,"18","0","18",0.08012878616058,172.49083385996423,-33.9070250649,150.7948356972
To_Austral_NW_N,"19","0","19",0.08304724132879,126.49167137568858,-33.9096731000,150.7960626000
To_Austral_NW_N,"20","0","20",0.08721713148881,97.72772092293265,-33.9102421083,150.8001934853
To_Austral_NW_N,"21","0","21",0.08937128733773,144.53075404821996,-33.9105274786,150.8023286554
To_Austral_NW_N,"22","0","22",0.09092266971254,191.44909086982688,-33.9120479917,150.8020207151
To_Austral_NW_N,"23","0","23",0.09176156094561,144.73122784488129,-33.9128701897,150.8018541950
To_Austral_NW_N,"24","0","24",0.09391482595032,118.77575489333691,-33.9131703570,150.8039864356
To_Austral_NW_N,"25","0","25",0.09562171760063,139.53780351871748,-33.9144690288,150.8050941046
To_Austral_NW_N,"26","0","26",0.09732862395323,165.49228094969300,-33.9157676916,150.8062018068
To_Austral_NW_N,"27","0","27",0.09914244383243,191.44754769404787,-33.9175454305,150.8058418250
To_Austral_NW_N,"28","0","28",0.10095626500837,215.39358180266049,-33.9193231673,150.8054818261
To_Austral_NW_N,"29","0","29",0.10276720582300,239.33990118228843,-33.9202466608,150.8039240500
To_Austral_NW_N,"30","0","30",0.10457816430190,258.67693450889283,-33.9211701331,150.8023662408
To_Austral_NW_N,"31","0","31",0.10673162296045,278.01341260327803,-33.9208699304,150.8002338096
From_Austral_NW_N,"0","0","0",0.00000000000000,278.01443423561682,-33.9208699304,150.8002338096
From_Austral_NW_N,"1","0","1",0.00215344687439,298.77749977665377,-33.9205696913,150.7981013955
From_Austral_NW_N,"2","0","2",0.00386036130151,319.54108467163809,-33.9192709588,150.7969937625
From_Austral_NW_N,"3","0","3",0.00556726102176,345.49777205212257,-33.9179722175,150.7958861626
From_Austral_NW_N,"4","0","4",0.00738108533631,11.45366986375778,-33.9161945161,150.7962463520
From_Austral_NW_N,"5","0","5",0.00919490835270,35.39731705059769,-33.9144168126,150.7966065244
From_Austral_NW_N,"6","0","6",0.01100577187743,59.34067931030421,-33.9134934099,150.7981642645
From_Austral_NW_N,"7","0","7",0.01281661774952,78.67716624805037,-33.9125699860,150.7997219715
From_Austral_NW_N,"8","0","8",0.01496987097749,54.73173855090696,-33.9128701897,150.8018541950
From_Austral_NW_N,"9","0","9",0.01580876221055,11.44909086982686,-33.9120479917,150.8020207151
From_Austral_NW_N,"10","0","10",0.01736014458537,324.53075404821988,-33.9105274786,150.8023286554
From_Austral_NW_N,"11","0","11",0.01951430043428,277.72772092293263,-33.9102421083,150.8001934853
From_Austral_NW_N,"12","0","12",0.02368419059431,306.49167137568855,-33.9096731000,150.7960626000
From_Austral_NW_N,"13","0","13",0.02660264576251,352.49083385996425,-33.9070250649,150.7948356972
From_Austral_NW_N,"14","0","14",0.03067732173495,323.35979427337855,-33.9030103464,150.7955321308
From_Austral_NW_N,"15","0","15",0.03714347630894,281.04298172984994,-33.9022359412,150.7891125162
From_Austral_NW_N,"16","0","16",0.03758661018188,276.12103396711785,-33.9021197000,150.7886849000
From_Austral_NW_N,"17","0","17",0.03796193893220,271.95818432370419,-33.9021391174,150.7883100739
From_Austral_NW_N,"18","0","18",0.04442798719971,276.88270490466169,-33.9013643406,150.7818906112
From_Austral_NW_N,"19","0","19",0.04523623658460,276.88375307407591,-33.9012674702,150.7810881878
From_Austral_NW_N,"20","0","20",0.04604448449138,276.88432479636577,-33.9011705948,150.7802857666
From_Austral_NW_N,"21","0","21",0.04846921934224,266.31998602927865,-33.9008799373,150.7778785156
From_Austral_NW_N,"22","0","22",0.04925138375867,275.13864425251774,-33.9010724000,150.7771204000
From_Austral_NW_N,"23","0","23",0.05018203459251,285.70460287567806,-33.9006861399,150.7762736922
From_Austral_NW_N,"24","0","24",0.05503144661374,276.88889844832102,-33.9001046238,150.7714592726
From_Austral_NW_N,"25","0","25",0.06473011078345,276.89213802774316,-33.8989410344,150.7618306618
From_Austral_NW_N,"26","0","26",0.06796295143374,323.37824802458181,-33.8985530061,150.7586211926
From_Austral_NW_N,"27","0","27",0.08018700122811,323.37922316542256,-33.8865096199,150.7607150506
From_Austral_NW_N,"28","0","28",0.08665172904754,278.87046009579990,-33.8857334593,150.7542970851
From_Austral_NW_N,"29","0","29",0.09737834346192,299.73056180488334,-33.8837151609,150.7437620613
From_Austral_NW_N,"30","0","30",0.10039777599433,278.96735082727463,-33.8814497000,150.7417659000
From_Austral_NW_N,"31","0","31",0.10673143192310,239.31888543511778,-33.8846815079,150.7363188260
To_Austral_NW_S,"0","0","0",0.00000000000000,100.35633203611792,-33.9536059000,150.8081771000
To_Austral_NW_S,"1","0","1",0.00046782138685,84.70883078493983,-33.9536900000,150.8086373000
To_Austral_NW_S,"2","0","2",0.00105824400653,32.72785599307706,-33.9534790016,150.8091887332
To_Austral_NW_S,"3","0","3",0.00217256100627,356.10349269829260,-33.9523668903,150.8091186556
To_Austral_NW_S,"4","0","4",0.00355233487990,339.23929492515845,-33.9509907997,150.8090179061
To_Austral_NW_S,"5","0","5",0.00390850996237,300.24728605864823,-33.9507076000,150.8088019000
To_Austral_NW_S,"6","0","6",0.00690994233628,277.95498810090584,-33.9502987754,150.8058284410
To_Austral_NW_S,"7","0","7",0.01035549985019,278.02449668260704,-33.9498144000,150.8024171000
To_Austral_NW_S,"8","0","8",0.01052503645397,277.54237853580855,-33.9497909000,150.8022492000
To_Austral_NW_S,"9","0","9",0.01070582948482,277.22879516746752,-33.9497685000,150.8020698000
To_Austral_NW_S,"10","0","10",0.01105882243086,277.30074854251569,-33.9497234000,150.8017197000
To_Austral_NW_S,"11","0","11",0.01373861282938,277.33787170351138,-33.9493847000,150.7990614000
To_Austral_NW_S,"12","0","12",0.01524500912518,277.38693678636776,-33.9491903000,150.7975676000
To_Austral_NW_S,"13","0","13",0.01605225872730,277.12693284082621,-33.9490869000,150.7967670000
To_Austral_NW_S,"14","0","14",0.01621886352908,321.75633067949246,-33.9490669000,150.7966016000
To_Austral_NW_S,"15","0","15",0.01643752052076,6.56955894861714,-33.9488497000,150.7966268000
To_Austral_NW_S,"16","0","16",0.01655991239176,6.50259245099697,-33.9487281000,150.7966407000
To_Austral_NW_S,"17","0","17",0.01669185639507,6.50192802273788,-33.9485970000,150.7966556000
To_Austral_NW_S,"18","0","18",0.01681515379970,51.17539566051870,-33.9484745000,150.7966696000
To_Austral_NW_S,"19","0","19",0.01690275705018,42.41042646014920,-33.9484834000,150.7967567500
To_Austral_NW_S,"20","0","20",0.01828693485975,348.98996132445643,-33.9471247002,150.7964923960
To_Austral_NW_S,"21","0","21",0.01872942313462,348.99014670005636,-33.9466903563,150.7964078899
To_Austral_NW_S,"22","0","22",0.01991670048797,0.01932383699772,-33.9455249312,150.7961811481
To_Austral_NW_S,"23","0","23",0.02046233434912,11.04809496969385,-33.9449894104,150.7962857125
To_Austral_NW_S,"24","0","24",0.02104514617884,11.04793041945292,-33.9444173993,150.7963973952
To_Austral_NW_S,"25","0","25",0.02273486152239,11.09374398982428,-33.9427590000,150.7967212000
To_Austral_NW_S,"26","0","26",0.02432287973695,10.96079726878144,-33.9412009000,150.7970280000
To_Austral_NW_S,"27","0","27",0.02500713350422,10.78209535413984,-33.9405287264,150.7971560074
To_Austral_NW_S,"28","0","28",0.02567081337899,11.00273014833287,-33.9398767631,150.7972801638
To_Austral_NW_S,"29","0","29",0.02638904163847,11.07949083957084,-33.9391722706,150.7974199569
To_Austral_NW_S,"30","0","30",0.02719571148002,10.93552106011237,-33.9383802488,150.7975729856
To_Austral_NW_S,"31","0","31",0.02859290215573,10.93630968666819,-33.9370084293,150.7978380385
To_Austral_NW_S,"32","0","32",0.03075722035848,10.93397701491959,-33.9348834236,150.7982486772
To_Austral_NW_S,"33","0","33",0.03148892919116,10.93397372591877,-33.9341649904,150.7983874269
To_Austral_NW_S,"34","0","34",0.03278116973407,10.93574809191105,-33.9328962220,150.7986326051
To_Austral_NW_S,"35","0","35",0.03377246831405,10.93428449082109,-33.9319229204,150.7988206396
To_Austral_NW_S,"36","0","36",0.03445273138998,54.75030920733897,-33.9312550070,150.7989496726
To_Austral_NW_S,"37","0","37",0.04135738880865,55.18832920537272,-33.9322835000,150.8057773000
To_Austral_NW_S,"38","0","38",0.04222964375644,11.80983246270918,-33.9314297099,150.8059558248
To_Austral_NW_S,"39","0","39",0.04289345065887,11.80967167803072,-33.9307799534,150.8060916779
To_Austral_NW_S,"40","0","40",0.04361719066240,11.80988296225251,-33.9300715334,150.8062398021
To_Austral_NW_S,"41","0","41",0.04433542763480,11.10778859363094,-33.9293685000,150.8063868000
To_Austral_NW_S,"42","0","42",0.04515614945635,10.40558908022792,-33.9285612762,150.8065350362
To_Austral_NW_S,"43","0","43",0.04586153477083,10.40539160534086,-33.9278674915,150.8066624382
To_Austral_NW_S,"44","0","44",0.04649639847127,10.40520781821539,-33.9272430683,150.8067771010
To_Austral_NW_S,"45","0","45",0.04718905726176,324.20062893542109,-33.9265618000,150.8069022000
To_Austral_NW_S,"46","0","46",0.04799028080124,278.52594286882191,-33.9264503447,150.8061087664
To_Austral_NW_S,"47","0","47",0.04849159966162,278.73210536885648,-33.9263714394,150.8056136961
To_Austral_NW_S,"48","0","48",0.04931990379275,278.40708766958051,-33.9262503172,150.8047942957
To_Austral_NW_S,"49","0","49",0.05022664723337,278.40062998417244,-33.9261177680,150.8038972927
To_Austral_NW_S,"50","0","50",0.05064929706616,278.40576617706694,-33.9260560585,150.8034791721
To_Austral_NW_S,"51","0","51",0.05106722799107,278.40599324696393,-33.9259948905,150.8030657416
To_Austral_NW_S,"52","0","52",0.05152860037237,278.40090647210786,-33.9259275237,150.8026093140
To_Austral_NW_S,"53","0","53",0.05194429375058,278.40596594863308,-33.9258667562,150.8021980862
To_Austral_NW_S,"54","0","54",0.05286008137822,278.40848671782675,-33.9257328784,150.8012921372
To_Austral_NW_S,"55","0","55",0.05364902202863,278.40827901748673,-33.9256174797,150.8005116818
To_Austral_NW_S,"56","0","56",0.05409164730823,278.40570882980433,-33.9255527761,150.8000738113
To_Austral_NW_S,"57","0","57",0.05499560728097,326.21125545399872,-33.9254206338,150.7991795619
To_Austral_NW_S,"58","0","58",0.05790482966823,12.72033034964641,-33.9225980342,150.7998841943
To_Austral_NW_S,"59","0","59",0.05882905032543,11.43790401201695,-33.9216921235,150.8000672505
To_Austral_NW_S,"60","0","60",0.05966794453641,324.73319181875985,-33.9208699304,150.8002338096
To_Austral_NW_S,"61","0","61",0.06182139141080,298.77749977665377,-33.9205696913,150.7981013955
To_Austral_NW_S,"62","0","62",0.06352830583792,319.54108467163809,-33.9192709588,150.7969937625
To_Austral_NW_S,"63","0","63",0.06523520555818,345.49777205212257,-33.9179722175,150.7958861626
To_Austral_NW_S,"64","0","64",0.06704902987273,11.45366986375778,-33.9161945161,150.7962463520
To_Austral_NW_S,"65","0","65",0.06886285288911,35.39731705059769,-33.9144168126,150.7966065244
To_Austral_NW_S,"66","0","66",0.07067371641384,59.34067931030421,-33.9134934099,150.7981642645
To_Austral_NW_S,"67","0","67",0.07248456228593,78.67716624805037,-33.9125699860,150.7997219715
To_Austral_NW_S,"68","0","68",0.07463781551390,98.01420832783208,-33.9128701897,150.8018541950
From_Austral_NW_S,"0","0","0",0.00000000000000,98.01318691578072,-33.9128701897,150.8018541950
From_Austral_NW_S,"1","0","1",0.00215326500472,118.77575489333691,-33.9131703570,150.8039864356
From_Austral_NW_S,"2","0","2",0.00386015665502,139.53780351871748,-33.9144690288,150.8050941046
From_Austral_NW_S,"3","0","3",0.00556706300762,165.49228094978213,-33.9157676916,150.8062018068
From_Austral_NW_S,"4","0","4",0.00738088288680,191.44754769404787,-33.9175454305,150.8058418250
From_Austral_NW_S,"5","0","5",0.00919470406276,215.39358180257136,-33.9193231673,150.8054818261
From_Austral_NW_S,"6","0","6",0.01100564487740,239.33990118228843,-33.9202466608,150.8039240500
From_Austral_NW_S,"7","0","7",0.01281660335629,258.67693450889283,-33.9211701331,150.8023662408
From_Austral_NW_S,"8","0","8",0.01497006201484,234.73268100259045,-33.9208699304,150.8002338096
From_Austral_NW_S,"9","0","9",0.01580895622583,191.43790401201699,-33.9216921235,150.8000672505
From_Austral_NW_S,"10","0","10",0.01673317688302,192.93443726897326,-33.9225980342,150.7998841943
From_Austral_NW_S,"11","0","11",0.01913165301756,193.22601154990863,-33.9249206885,150.7992858925
From_Austral_NW_S,"12","0","12",0.01964278067769,145.20635800741871,-33.9254206338,150.7991795619
From_Austral_NW_S,"13","0","13",0.02054674065043,98.40570882980430,-33.9255527761,150.8000738113
From_Austral_NW_S,"14","0","14",0.02098936593003,98.40570882993948,-33.9256174797,150.8005116818
From_Austral_NW_S,"15","0","15",0.02177831103008,98.40570883226847,-33.9257328090,150.8012921519
From_Austral_NW_S,"16","0","16",0.02269409902418,98.41109381462907,-33.9258666804,150.8021981023
From_Austral_NW_S,"17","0","17",0.02310978759044,98.40624203611495,-33.9259275237,150.8026093140
From_Austral_NW_S,"18","0","18",0.02357115997174,98.40599324696393,-33.9259948905,150.8030657416
From_Austral_NW_S,"19","0","19",0.02398909089664,98.40576617706695,-33.9260560585,150.8034791721
From_Austral_NW_S,"20","0","20",0.02441174072944,98.40062998417240,-33.9261177680,150.8038972927
From_Austral_NW_S,"21","0","21",0.02531848417005,98.40708766958051,-33.9262503172,150.8047942957
From_Austral_NW_S,"22","0","22",0.02614678830118,98.40481074968395,-33.9263714394,150.8056136961
From_Austral_NW_S,"23","0","23",0.02664838620221,98.40343191267362,-33.9264447244,150.8061099116
From_Austral_NW_S,"24","0","24",0.02744927796888,144.40541259542007,-33.9265618000,150.8069022000
From_Austral_NW_S,"25","0","25",0.02814193675976,190.40520781519007,-33.9272430683,150.8067771010
From_Austral_NW_S,"26","0","26",0.02877680046021,190.40539160534087,-33.9278674915,150.8066624382
From_Austral_NW_S,"27","0","27",0.02948218577469,190.40558908022791,-33.9285612762,150.8065350362
From_Austral_NW_S,"28","0","28",0.03030290759624,191.10778859363097,-33.9293685000,150.8063868000
From_Austral_NW_S,"29","0","29",0.03102114456863,191.80988296225254,-33.9300715334,150.8062398021
From_Austral_NW_S,"30","0","30",0.03174488457216,191.80967167803075,-33.9307799534,150.8060916779
From_Austral_NW_S,"31","0","31",0.03240869147460,191.80983246270921,-33.9314297099,150.8059558248
From_Austral_NW_S,"32","0","32",0.03328094642239,235.20409402243433,-33.9322835000,150.8057773000
From_Austral_NW_S,"33","0","33",0.03995717627536,278.12150373525571,-33.9312854000,150.7991761000
From_Austral_NW_S,"34","0","34",0.04018563439438,234.28959424410604,-33.9312550070,150.7989496726
From_Austral_NW_S,"35","0","35",0.04086589747030,190.93428449082109,-33.9319229204,150.7988206396
From_Austral_NW_S,"36","0","36",0.04185719605029,190.93574809191105,-33.9328962220,150.7986326051
From_Austral_NW_S,"37","0","37",0.04314943659320,190.93397372591878,-33.9341649904,150.7983874269
From_Austral_NW_S,"38","0","38",0.04388114542587,190.93397701455021,-33.9348834236,150.7982486772
From_Austral_NW_S,"39","0","39",0.04604546362863,190.93630968687100,-33.9370084293,150.7978380385
From_Austral_NW_S,"40","0","40",0.04744265430434,190.93552106068455,-33.9383802488,150.7975729856
From_Austral_NW_S,"41","0","41",0.04824932414589,191.07949083957087,-33.9391722706,150.7974199569
From_Austral_NW_S,"42","0","42",0.04896755240537,190.92367557617695,-33.9398767631,150.7972801638
From_Austral_NW_S,"43","0","43",0.04963117954392,190.77970579678293,-33.9405290147,150.7971578168
From_Austral_NW_S,"44","0","44",0.05031549103065,191.03746228358051,-33.9412009000,150.7970280000
From_Austral_NW_S,"45","0","45",0.05190350924521,191.09374398982430,-33.9427590000,150.7967212000
From_Austral_NW_S,"46","0","46",0.05359322458876,191.04793041945291,-33.9444173993,150.7963973952
From_Austral_NW_S,"47","0","47",0.05417603641848,191.04809496969389,-33.9449894104,150.7962857125
From_Austral_NW_S,"48","0","48",0.05472167027963,180.01932383699770,-33.9455249312,150.7961811481
From_Austral_NW_S,"49","0","49",0.05590894763298,168.99014670005633,-33.9466903563,150.7964078899
From_Austral_NW_S,"50","0","50",0.05635143590785,168.98996132445643,-33.9471247002,150.7964923960
From_Austral_NW_S,"51","0","51",0.05773561371742,132.41042646107891,-33.9484834000,150.7967567500
From_Austral_NW_S,"52","0","52",0.05782321700221,141.30711564138673,-33.9484923000,150.7968439000
From_Austral_NW_S,"53","0","53",0.05808313641287,186.77899378546670,-33.9487504000,150.7968132000
From_Austral_NW_S,"54","0","54",0.05820690058376,142.28968661168270,-33.9488733000,150.7967986000
From_Austral_NW_S,"55","0","55",0.05918778665257,97.46588519605319,-33.9490065000,150.7977704000
From_Austral_NW_S,"56","0","56",0.06155924164286,97.42210874551490,-33.9493007301,150.8001235314
From_Austral_NW_S,"57","0","57",0.06356971867379,97.15202077339823,-33.9495707000,150.8021158000
From_Austral_NW_S,"58","0","58",0.06374406958433,96.59370114088105,-33.9495907000,150.8022890000
From_Austral_NW_S,"59","0","59",0.06401637445024,97.85725380102917,-33.9496220000,150.8025595000
From_Austral_NW_S,"60","0","60",0.06460601874973,98.48041392988760,-33.9497154000,150.8031417000
From_Austral_NW_S,"61","0","61",0.06624748821950,97.85566630545937,-33.9499395000,150.8047678000
From_Austral_NW_S,"62","0","62",0.06737638361124,97.86425866763511,-33.9500939692,150.8058860773
From_Austral_NW_S,"63","0","63",0.06827134455761,97.82211336440469,-33.9502164187,150.8067726218
From_Austral_NW_S,"64","0","64",0.07019180155975,97.89700181637629,-33.9504764000,150.8086754000
From_Austral_NW_S,"65","0","65",0.07031015733692,97.80189668920121,-33.9504929000,150.8087926000
From_Austral_NW_S,"66","0","66",0.07064176271989,139.07549803680379,-33.9505367000,150.8091213000
From_Austral_NW_S,"67","0","67",0.07085627299938,191.73888204984115,-33.9507512000,150.8091192000
From_Austral_NW_S,"68","0","68",0.07111640458641,189.36472363296420,-33.9509907997,150.8090179061
From_Austral_NW_S,"69","0","69",0.07249617846004,176.10349269829260,-33.9523668903,150.8091186556
From_Austral_NW_S,"70","0","70",0.07361049545978,175.54985017092037,-33.9534790016,150.8091887332
From_Austral_NW_S,"71","0","71",0.07419599601074,221.62618123845482,-33.9540620040,150.8092427621
From_Austral_NW_S,"72","0","72",0.07505953574380,275.42408042147844,-33.9540839000,150.8083795000
From_Austral_NW_S,"73","0","73",0.07555376010594,282.30111625549574,-33.9539786058,150.8078966223
To_Austral_NW_W,"0","0","0",0.00000000000000,11.20448707255419,-33.9206997072,150.7367833845
To_Austral_NW_W,"1","0","1",0.00589346151883,54.52160267921899,-33.9149185754,150.7379285499
To_Austral_NW_W,"2","0","2",0.01289487541189,54.52246488892006,-33.9158734636,150.7448645419
To_Austral_NW_W,"3","0","3",0.01878834983987,54.52072452996653,-33.9100923536,150.7460098838
To_Austral_NW_W,"4","0","4",0.02578943007348,60.85439621276996,-33.9110467749,150.7529456033
To_Austral_NW_W,"5","0","5",0.02670654403575,60.38463441174194,-33.9102081284,150.7533167772
To_Austral_NW_W,"6","0","6",0.02913148556954,96.89447494423703,-33.9104992732,150.7557241775
To_Austral_NW_W,"7","0","7",0.03721472045536,107.22782539305616,-33.9114694201,150.7637489829
To_Austral_NW_W,"8","0","8",0.03825508168674,107.62236217321018,-33.9119508104,150.7646712707
To_Austral_NW_W,"9","0","9",0.04040901843943,97.68148085470864,-33.9122387491,150.7668058749
To_Austral_NW_W,"10","0","10",0.04525541794792,97.67950487723881,-33.9128864779,150.7716087944
To_Austral_NW_W,"11","0","11",0.05010187532642,97.67752887269023,-33.9135340220,150.7764117971
To_Austral_NW_W,"12","0","12",0.05225587495028,97.67623694047322,-33.9138217601,150.7785464918
To_Austral_NW_W,"13","0","13",0.05401560743811,97.67487372657493,-33.9140568026,150.7802904566
To_Austral_NW_W,"14","0","14",0.05985841421407,97.67270843595146,-33.9148370278,150.7860809350
To_Austral_NW_W,"15","0","15",0.06470504575355,97.67061437081284,-33.9154840155,150.7908841885
To_Austral_NW_W,"16","0","16",0.06685912274925,97.03163622899173,-33.9157715064,150.7930189945
To_Austral_NW_W,"17","0","17",0.06796105310931,97.20505322426133,-33.9158942129,150.7941140715
To_Austral_NW_W,"18","0","18",0.07011437663449,54.73500964938984,-33.9161945161,150.7962463520
To_Austral_NW_W,"19","0","19",0.07192819965087,35.39731705059769,-33.9144168126,150.7966065244
To_Austral_NW_W,"20","0","20",0.07373906317560,59.34067931030421,-33.9134934099,150.7981642645
To_Austral_NW_W,"21","0","21",0.07554990904770,78.67716624805037,-33.9125699860,150.7997219715
To_Austral_NW_W,"22","0","22",0.07770316227567,98.01369762180640,-33.9128701897,150.8018541950
To_Austral_NW_W,"23","0","23",0.07985642728039,118.77575489297399,-33.9131703570,150.8039864356
To_Austral_NW_W,"24","0","24",0.08156331893071,139.53780351871748,-33.9144690288,150.8050941046
To_Austral_NW_W,"25","0","25",0.08327022528329,165.49228095014504,-33.9157676916,150.8062018068
To_Austral_NW_W,"26","0","26",0.08508404516247,191.44727773302236,-33.9175454305,150.8058418250
From_Austral_NW_W,"0","0","0",0.00000000000000,191.44781765507338,-33.9175454305,150.8058418250
From_Austral_NW_W,"1","0","1",0.00181382117596,215.39358180280061,-33.9193231673,150.8054818261
From_Austral_NW_W,"2","0","2",0.00362476199062,239.33990118228840,-33.9202466608,150.8039240500
From_Austral_NW_W,"3","0","3",0.00543572046949,258.67693450898514,-33.9211701331,150.8023662408
From_Austral_NW_W,"4","0","4",0.00758917912808,278.01392341944739,-33.9208699304,150.8002338096
From_Austral_NW_W,"5","0","5",0.00974262600243,298.77749977633209,-33.9205696913,150.7981013955
From_Austral_NW_W,"6","0","6",0.01144954042955,319.54108467163809,-33.9192709588,150.7969937625
From_Austral_NW_W,"7","0","7",0.01315644014981,345.49777205212257,-33.9179722175,150.7958861626
From_Austral_NW_W,"8","0","8",0.01497026446436,324.73527986429201,-33.9161945161,150.7962463520
From_Austral_NW_W,"9","0","9",0.01712358798954,277.20505322426135,-33.9158942129,150.7941140715
From_Austral_NW_W,"10","0","10",0.01822551834960,277.03163622899172,-33.9157715064,150.7930189945
From_Austral_NW_W,"11","0","11",0.02037959534529,277.67061437081287,-33.9154840155,150.7908841885
From_Austral_NW_W,"12","0","12",0.02522622688477,277.67259050844649,-33.9148370278,150.7860809350
From_Austral_NW_W,"13","0","13",0.03007280065728,277.67463787215746,-33.9141898554,150.7812777647
From_Austral_NW_W,"14","0","14",0.03282876614877,277.67611901356071,-33.9138217601,150.7785464918
From_Austral_NW_W,"15","0","15",0.03498276577263,277.67752887269017,-33.9135340220,150.7764117971
From_Austral_NW_W,"16","0","16",0.03982922315113,277.67950487723880,-33.9128864779,150.7716087944
From_Austral_NW_W,"17","0","17",0.04467562265962,277.68148085470864,-33.9122387491,150.7668058749
From_Austral_NW_W,"18","0","18",0.04682955941231,287.62236217321015,-33.9119508104,150.7646712707
From_Austral_NW_W,"19","0","19",0.04786992064369,287.22782539305621,-33.9114694201,150.7637489829
From_Austral_NW_W,"20","0","20",0.05595315552951,276.89447494423700,-33.9104992732,150.7557241775
From_Austral_NW_W,"21","0","21",0.05837809706330,240.38463441174193,-33.9102081284,150.7533167772
From_Austral_NW_W,"22","0","22",0.05929521102556,240.85439621277001,-33.9110467749,150.7529456033
From_Austral_NW_W,"23","0","23",0.06629629125918,234.52072452996657,-33.9100923536,150.7460098838
From_Austral_NW_W,"24","0","24",0.07218976568715,234.52246488892010,-33.9158734636,150.7448645419
From_Austral_NW_W,"25","0","25",0.07919117958022,234.52160267921897,-33.9149185754,150.7379285499
From_Austral_NW_W,"26","0","26",0.08508464109905,191.20448707255417,-33.9206997072,150.7367833845
To_KempsCreek_NW_E,"0","0","0",0.00000000000000,191.65263671591683,-33.8805742000,150.7927635000
To_KempsCreek_NW_E,"1","0","1",0.00396712228108,189.88720582317791,-33.8844595603,150.7919622295
To_KempsCreek_NW_E,"2","0","2",0.00456574293646,189.64808375317952,-33.8850521768,150.7918776579
To_KempsCreek_NW_E,"3","0","3",0.00542061959794,190.91002796103663,-33.8858908466,150.7917119863
To_KempsCreek_NW_E,"4","0","4",0.00620490588342,189.89346140308112,-33.8866616341,150.7915671015
To_KempsCreek_NW_E,"5","0","5",0.00678741033918,189.86087335184232,-33.8872367406,150.7914745595
To_KempsCreek_NW_E,"6","0","6",0.00811634767193,189.85723493510937,-33.8885430832,150.7912305446
To_KempsCreek_NW_E,"7","0","7",0.00948480750726,233.48601428557794,-33.8898941908,150.7910133102
To_KempsCreek_NW_E,"8","0","8",0.01433163754347,277.83887567439433,-33.8892332119,150.7862117617
To_KempsCreek_NW_E,"9","0","9",0.01648576539489,277.83677895717034,-33.8889393843,150.7840777673
To_KempsCreek_NW_E,"10","0","10",0.01764364479635,277.83410782204243,-33.8887815643,150.7829306938
To_KempsCreek_NW_E,"11","0","11",0.01863995695346,234.51845295861111,-33.8886457573,150.7819436810
To_KempsCreek_NW_E,"12","0","12",0.02045333080882,215.17639513128029,-33.8904245801,150.7815913825
To_KempsCreek_NW_E,"13","0","13",0.02226347245798,239.15080363666223,-33.8913528000,150.7800373489
To_KempsCreek_NW_E,"14","0","14",0.02407363181080,258.49392899885100,-33.8922809988,150.7784832820
To_KempsCreek_NW_E,"15","0","15",0.02622789445932,277.83700886939425,-33.8919872722,150.7763491376
To_KempsCreek_NW_E,"16","0","16",0.02838214552113,298.57730461504900,-33.8916935093,150.7742150099
To_KempsCreek_NW_E,"17","0","17",0.03009032808359,319.31761050860911,-33.8903981452,150.7731014931
To_KempsCreek_NW_E,"18","0","18",0.03179849582068,345.26340862480868,-33.8891027722,150.7719880095
To_KempsCreek_NW_E,"19","0","19",0.03361187270036,11.20868592734462,-33.8873239842,150.7723404993
From_KempsCreek_NW_E,"0","0","0",0.00000000000000,11.20815508033226,-33.8873239842,150.7723404993
From_KempsCreek_NW_E,"1","0","1",0.00181337565687,35.18015569889159,-33.8855451941,150.7726929723
From_KempsCreek_NW_E,"2","0","2",0.00362344090023,59.15160024806800,-33.8846170652,150.7742469713
From_KempsCreek_NW_E,"3","0","3",0.00543348845150,78.65854160586976,-33.8836889151,150.7758009371
From_KempsCreek_NW_E,"4","0","4",0.00749416938720,97.85047037062844,-33.8839816189,150.7778407239
From_KempsCreek_NW_E,"5","0","5",0.00974167886243,118.42488939083279,-33.8842763350,150.7800688265
From_KempsCreek_NW_E,"6","0","6",0.01144983787934,139.31435626321718,-33.8855716382,150.7811823780
From_KempsCreek_NW_E,"7","0","7",0.01315801171685,165.25792395079768,-33.8868669324,150.7822959627
From_KempsCreek_NW_E,"8","0","8",0.01497138435075,144.51805056096734,-33.8886457573,150.7819436810
From_KempsCreek_NW_E,"9","0","9",0.01712557590930,97.83689703874317,-33.8889393843,150.7840777673
From_KempsCreek_NW_E,"10","0","10",0.01927970376072,97.83887567439427,-33.8892332119,150.7862117617
From_KempsCreek_NW_E,"11","0","11",0.02412653379692,53.48601428557794,-33.8898941908,150.7910133102
From_KempsCreek_NW_E,"12","0","12",0.02549499363226,9.85723493510936,-33.8885430832,150.7912305446
From_KempsCreek_NW_E,"13","0","13",0.02682393096501,9.86087335184235,-33.8872367406,150.7914745595
From_KempsCreek_NW_E,"14","0","14",0.02740643542076,9.89346140308112,-33.8866616341,150.7915671015
From_KempsCreek_NW_E,"15","0","15",0.02819072170625,10.91002796103664,-33.8858908466,150.7917119863
From_KempsCreek_NW_E,"16","0","16",0.02904559836773,9.64808375317953,-33.8850521768,150.7918776579
From_KempsCreek_NW_E,"17","0","17",0.02964421902311,9.88720582317790,-33.8844595603,150.7919622295
From_KempsCreek_NW_E,"18","0","18",0.03361134130419,11.65263671591681,-33.8805742000,150.7927635000
To_KempsCreek_NW_N,"0","0","0",0.00000000000000,189.79805111948303,-33.8764047516,150.7788515514
To_KempsCreek_NW_N,"1","0","1",0.00036618699222,189.79805111877320,-33.8767655973,150.7787892351
To_KempsCreek_NW_N,"2","0","2",0.00083078013717,189.86214061985183,-33.8772234137,150.7787101725
To_KempsCreek_NW_N,"3","0","3",0.00135822036782,189.88720762359978,-33.8777429585,150.7786192523
To_KempsCreek_NW_N,"4","0","4",0.00211559648461,189.84818512478444,-33.8784891742,150.7784897121
To_KempsCreek_NW_N,"5","0","5",0.00271644038779,189.84836415107029,-33.8790811643,150.7783869449
To_KempsCreek_NW_N,"6","0","6",0.00407466086735,189.84872222002068,-33.8804193692,150.7781546290
To_KempsCreek_NW_N,"7","0","7",0.00543288180668,178.91904990114787,-33.8817575730,150.7779223047
To_KempsCreek_NW_N,"8","0","8",0.00624338459180,178.05548673560432,-33.8825503326,150.7780909671
To_KempsCreek_NW_N,"9","0","9",0.00684200524714,189.64808375337168,-33.8831429491,150.7780063955
To_KempsCreek_NW_N,"10","0","10",0.00769688190862,144.35464714206125,-33.8839816189,150.7778407239
To_KempsCreek_NW_N,"11","0","11",0.00994439138385,118.42488939083279,-33.8842763350,150.7800688265
To_KempsCreek_NW_N,"12","0","12",0.01165255040076,139.31435626321718,-33.8855716382,150.7811823780
To_KempsCreek_NW_N,"13","0","13",0.01336072423828,165.25792395044442,-33.8868669324,150.7822959627
To_KempsCreek_NW_N,"14","0","14",0.01517409687214,191.20227761596317,-33.8886457573,150.7819436810
To_KempsCreek_NW_N,"15","0","15",0.01698747072754,215.17639513163348,-33.8904245801,150.7815913825
To_KempsCreek_NW_N,"16","0","16",0.01879761237670,239.15080363666223,-33.8913528000,150.7800373489
To_KempsCreek_NW_N,"17","0","17",0.02060777172952,258.49392899885100,-33.8922809988,150.7784832820
To_KempsCreek_NW_N,"18","0","18",0.02276203437804,277.83649820363598,-33.8919872722,150.7763491376
From_KempsCreek_NW_N,"0","0","0",0.00000000000000,277.83751953515252,-33.8919872722,150.7763491376
From_KempsCreek_NW_N,"1","0","1",0.00215425106181,298.57730461468753,-33.8916935093,150.7742150099
From_KempsCreek_NW_N,"2","0","2",0.00386243362429,319.31761050860916,-33.8903981452,150.7731014931
From_KempsCreek_NW_N,"3","0","3",0.00557060136136,345.26340862517020,-33.8891027722,150.7719880095
From_KempsCreek_NW_N,"4","0","4",0.00738397824104,11.20842050383844,-33.8873239842,150.7723404993
From_KempsCreek_NW_N,"5","0","5",0.00919735389791,35.18015569889159,-33.8855451941,150.7726929723
From_KempsCreek_NW_N,"6","0","6",0.01100741914127,59.15160024806800,-33.8846170652,150.7742469713
From_KempsCreek_NW_N,"7","0","7",0.01281746669254,78.65854160586976,-33.8836889151,150.7758009371
From_KempsCreek_NW_N,"8","0","8",0.01487814762824,54.67021580448724,-33.8839816189,150.7778407239
From_KempsCreek_NW_N,"9","0","9",0.01573302428972,9.64808375337169,-33.8831429491,150.7780063955
From_KempsCreek_NW_N,"10","0","10",0.01633164494507,358.05548673560429,-33.8825503326,150.7780909671
From_KempsCreek_NW_N,"11","0","11",0.01714214773018,358.91904990114790,-33.8817575730,150.7779223047
From_KempsCreek_NW_N,"12","0","12",0.01850036866951,9.84872222013597,-33.8804193692,150.7781546290
From_KempsCreek_NW_N,"13","0","13",0.01928674644072,9.84854317808767,-33.8796445800,150.7782891345
From_KempsCreek_NW_N,"14","0","14",0.01985858914908,9.84836415134380,-33.8790811643,150.7783869449
From_KempsCreek_NW_N,"15","0","15",0.02121680916905,9.88720762325704,-33.8777429585,150.7786192523
From_KempsCreek_NW_N,"16","0","16",0.02174424939969,9.86214062108428,-33.8772234137,150.7787101725
From_KempsCreek_NW_N,"17","0","17",0.02208110218607,9.79805111898155,-33.8768914744,150.7787674968
From_KempsCreek_NW_N,"18","0","18",0.02257502953687,9.79805111743486,-33.8764047516,150.7788515514
To_KempsCreek_NW_S,"0","0","0",0.00000000000000,96.89100057232201,-33.9475022868,150.7566613585
To_KempsCreek_NW_S,"1","0","1",0.00727800833515,53.37961137564078,-33.9483755088,150.7638867919
To_KempsCreek_NW_S,"2","0","2",0.00999449668822,10.95485479380103,-33.9456992122,150.7643523510
To_KempsCreek_NW_S,"3","0","3",0.01080776394704,9.33645372160165,-33.9449038394,150.7645220148
To_KempsCreek_NW_S,"4","0","4",0.01135419685650,8.24937146022950,-33.9443610624,150.7645851179
To_KempsCreek_NW_S,"5","0","5",0.01271243986982,9.86696324769133,-33.9430229116,150.7648178762
To_KempsCreek_NW_S,"6","0","6",0.01678716611954,53.37762249710109,-33.9390084531,150.7655161004
To_KempsCreek_NW_S,"7","0","7",0.01840434563675,53.37548663982076,-33.9392024176,150.7671216058
To_KempsCreek_NW_S,"8","0","8",0.03877791078914,357.34602452641923,-33.9191299301,150.7706112189
To_KempsCreek_NW_S,"9","0","9",0.03925380226728,357.90459043732346,-33.9186706223,150.7704866836
To_KempsCreek_NW_S,"10","0","10",0.04106672129159,10.97903900350900,-33.9168908878,150.7708319669
To_KempsCreek_NW_S,"11","0","11",0.04514578489623,10.97802635386852,-33.9128864779,150.7716087944
To_KempsCreek_NW_S,"12","0","12",0.04922484268866,10.97701388836577,-33.9088820577,150.7723855385
To_KempsCreek_NW_S,"13","0","13",0.05103775539832,8.98596705100458,-33.9071023121,150.7727307314
To_KempsCreek_NW_S,"14","0","14",0.05187035719167,52.31434101690582,-33.9062759082,150.7728321329
To_KempsCreek_NW_S,"15","0","15",0.05410863465455,97.63333730844981,-33.9065732255,150.7750505757
To_KempsCreek_NW_S,"16","0","16",0.05505474299609,54.90762626291742,-33.9066989000,150.7759883000
To_KempsCreek_NW_S,"17","0","17",0.05870943740192,11.07346301973696,-33.9031265000,150.7767595000
To_KempsCreek_NW_S,"18","0","18",0.06079500102360,10.63769861559689,-33.9010724000,150.7771204000
To_KempsCreek_NW_S,"19","0","19",0.06574595285534,12.15712878468988,-33.8962176000,150.7780914000
To_KempsCreek_NW_S,"20","0","20",0.06652991726023,11.72549546026245,-33.8954537405,150.7782678052
To_KempsCreek_NW_S,"21","0","21",0.06785362496689,326.48521911893755,-33.8941519763,150.7785078305
To_KempsCreek_NW_S,"22","0","22",0.06812998083450,279.70468190945996,-33.8940920521,150.7782380497
To_KempsCreek_NW_S,"23","0","23",0.07055451404451,336.68887192877412,-33.8938013626,150.7758310057
To_KempsCreek_NW_S,"24","0","24",0.07094669403395,23.35619286164986,-33.8934860722,150.7760642376
To_KempsCreek_NW_S,"25","0","25",0.07163370011343,10.71367654091673,-33.8928099678,150.7761861400
To_KempsCreek_NW_S,"26","0","26",0.07247238734318,324.52209271365336,-33.8919872722,150.7763491376
To_KempsCreek_NW_S,"27","0","27",0.07462663840499,298.57730461504900,-33.8916935093,150.7742150099
To_KempsCreek_NW_S,"28","0","28",0.07633482096745,319.31761050860911,-33.8903981452,150.7731014931
To_KempsCreek_NW_S,"29","0","29",0.07804298870454,345.26340862480868,-33.8891027722,150.7719880095
To_KempsCreek_NW_S,"30","0","30",0.07985636558422,11.20842050383844,-33.8873239842,150.7723404993
To_KempsCreek_NW_S,"31","0","31",0.08166974124109,35.18015569889159,-33.8855451941,150.7726929723
To_KempsCreek_NW_S,"32","0","32",0.08347980648444,59.15160024806800,-33.8846170652,150.7742469713
To_KempsCreek_NW_S,"33","0","33",0.08528985403571,78.65854160586976,-33.8836889151,150.7758009371
To_KempsCreek_NW_S,"34","0","34",0.08735053497142,98.16603903305440,-33.8839816189,150.7778407239
From_KempsCreek_NW_S,"0","0","0",0.00000000000000,97.53490170820245,-33.8839816189,150.7778407239
From_KempsCreek_NW_S,"1","0","1",0.00224750947523,118.42488939083279,-33.8842763350,150.7800688265
From_KempsCreek_NW_S,"2","0","2",0.00395566849214,139.31435626321718,-33.8855716382,150.7811823780
From_KempsCreek_NW_S,"3","0","3",0.00566384232965,165.25792395044442,-33.8868669324,150.7822959627
From_KempsCreek_NW_S,"4","0","4",0.00747721496352,191.20227761596317,-33.8886457573,150.7819436810
From_KempsCreek_NW_S,"5","0","5",0.00929058881891,215.17639513163348,-33.8904245801,150.7815913825
From_KempsCreek_NW_S,"6","0","6",0.01110073046808,239.15080363666223,-33.8913528000,150.7800373489
From_KempsCreek_NW_S,"7","0","7",0.01291088982089,258.49392899885100,-33.8922809988,150.7784832820
From_KempsCreek_NW_S,"8","0","8",0.01506515246942,234.52158204789504,-33.8919872722,150.7763491376
From_KempsCreek_NW_S,"9","0","9",0.01590383969916,190.71367654091674,-33.8928099678,150.7761861400
From_KempsCreek_NW_S,"10","0","10",0.01659084577865,203.35619286164987,-33.8934860722,150.7760642376
From_KempsCreek_NW_S,"11","0","11",0.01698302576808,156.68887192877415,-33.8938013626,150.7758310057
From_KempsCreek_NW_S,"12","0","12",0.01940755897810,99.70468190946001,-33.8940920521,150.7782380497
From_KempsCreek_NW_S,"13","0","13",0.01968391484570,146.48521911893755,-33.8941519763,150.7785078305
From_KempsCreek_NW_S,"14","0","14",0.02100762255236,191.72549546026247,-33.8954537405,150.7782678052
From_KempsCreek_NW_S,"15","0","15",0.02179158695726,192.15712878468986,-33.8962176000,150.7780914000
From_KempsCreek_NW_S,"16","0","16",0.02674253878899,190.63769861559692,-33.9010724000,150.7771204000
From_KempsCreek_NW_S,"17","0","17",0.02882810241068,191.07346301973695,-33.9031265000,150.7767595000
From_KempsCreek_NW_S,"18","0","18",0.03248279681650,234.90762626291746,-33.9066989000,150.7759883000
From_KempsCreek_NW_S,"19","0","19",0.03342890515804,277.63333730844982,-33.9065732255,150.7750505757
From_KempsCreek_NW_S,"20","0","20",0.03566718262092,232.31434101690581,-33.9062759082,150.7728321329
From_KempsCreek_NW_S,"21","0","21",0.03649978441428,188.98596705100456,-33.9071023121,150.7727307314
From_KempsCreek_NW_S,"22","0","22",0.03831269712393,190.97701388836578,-33.9088820577,150.7723855385
From_KempsCreek_NW_S,"23","0","23",0.04239175491636,190.97802635386853,-33.9128864779,150.7716087944
From_KempsCreek_NW_S,"24","0","24",0.04647081852100,190.97903900350900,-33.9168908878,150.7708319669
From_KempsCreek_NW_S,"25","0","25",0.04828373754531,177.90459043732349,-33.9186706223,150.7704866836
From_KempsCreek_NW_S,"26","0","26",0.04875962902345,177.34602452641920,-33.9191299301,150.7706112189
From_KempsCreek_NW_S,"27","0","27",0.06913319417584,233.37548663982079,-33.9392024176,150.7671216058
From_KempsCreek_NW_S,"28","0","28",0.07075037369305,233.37753259268516,-33.9390084531,150.7655161004
From_KempsCreek_NW_S,"29","0","29",0.07346685739459,189.86669351380809,-33.9416847597,150.7650506261
From_KempsCreek_NW_S,"30","0","30",0.07482509994282,189.86714305643099,-33.9430229116,150.7648178762
From_KempsCreek_NW_S,"31","0","31",0.07618334295614,188.24937146022950,-33.9443610624,150.7645851179
From_KempsCreek_NW_S,"32","0","32",0.07672977586560,189.33645372160166,-33.9449038394,150.7645220148
From_KempsCreek_NW_S,"33","0","33",0.07754304312442,190.95485479380105,-33.9456992122,150.7643523510
From_KempsCreek_NW_S,"34","0","34",0.08025953147748,233.37961137564079,-33.9483755088,150.7638867919
From_KempsCreek_NW_S,"35","0","35",0.08753753981263,276.89100057232201,-33.9475022868,150.7566613585
To_KempsCreek_NW_W,"0","0","0",0.00000000000000,59.31888543511776,-33.8846815079,150.7363188260
To_KempsCreek_NW_W,"1","0","1",0.00633365592877,98.96735082727461,-33.8814497000,150.7417659000
To_KempsCreek_NW_W,"2","0","2",0.00935308846117,119.73056180488332,-33.8837151609,150.7437620613
To_KempsCreek_NW_W,"3","0","3",0.02007970287556,98.87046009579993,-33.8857334593,150.7542970851
To_KempsCreek_NW_W,"4","0","4",0.02654443069498,71.78146577022866,-33.8865096199,150.7607150506
To_KempsCreek_NW_W,"5","0","5",0.02730338515375,40.24941162784253,-33.8859888000,150.7612671000
To_KempsCreek_NW_W,"6","0","6",0.02817056100533,65.36220655646876,-33.8852684557,150.7617499023
To_KempsCreek_NW_W,"7","0","7",0.03140291738613,96.89176563155659,-33.8856563836,150.7649588959
To_KempsCreek_NW_W,"8","0","8",0.03477451123238,106.95706373432982,-33.8860608884,150.7683061366
To_KempsCreek_NW_W,"9","0","9",0.03690779043668,107.43160510336450,-33.8870301566,150.7702065049
To_KempsCreek_NW_W,"10","0","10",0.03906191828810,54.52393024244755,-33.8873239842,150.7723404993
To_KempsCreek_NW_W,"11","0","11",0.04087529394500,35.18015569880431,-33.8855451941,150.7726929723
To_KempsCreek_NW_W,"12","0","12",0.04268535918836,59.15160024806800,-33.8846170652,150.7742469713
To_KempsCreek_NW_W,"13","0","13",0.04449540673963,78.65854160586976,-33.8836889151,150.7758009371
To_KempsCreek_NW_W,"14","0","14",0.04655608767533,97.85047037062844,-33.8839816189,150.7778407239
To_KempsCreek_NW_W,"15","0","15",0.04880359715056,118.42488939083279,-33.8842763350,150.7800688265
To_KempsCreek_NW_W,"16","0","16",0.05051175616747,139.31435626321718,-33.8855716382,150.7811823780
To_KempsCreek_NW_W,"17","0","17",0.05221993000498,165.25792395044442,-33.8868669324,150.7822959627
To_KempsCreek_NW_W,"18","0","18",0.05403330263885,191.20201244791761,-33.8886457573,150.7819436810
From_KempsCreek_NW_W,"0","0","0",0.00000000000000,191.20254278400867,-33.8886457573,150.7819436810
From_KempsCreek_NW_W,"1","0","1",0.00181337385540,215.17639513163348,-33.8904245801,150.7815913825
From_KempsCreek_NW_W,"2","0","2",0.00362351550456,239.15080363666223,-33.8913528000,150.7800373489
From_KempsCreek_NW_W,"3","0","3",0.00543367485738,258.49392899885100,-33.8922809988,150.7784832820
From_KempsCreek_NW_W,"4","0","4",0.00758793750590,277.83700886939425,-33.8919872722,150.7763491376
From_KempsCreek_NW_W,"5","0","5",0.00974218856771,298.57730461468753,-33.8916935093,150.7742150099
From_KempsCreek_NW_W,"6","0","6",0.01145037113019,319.31761050860916,-33.8903981452,150.7731014931
From_KempsCreek_NW_W,"7","0","7",0.01315853886726,345.26340862525745,-33.8891027722,150.7719880095
From_KempsCreek_NW_W,"8","0","8",0.01497191574691,324.52419566612826,-33.8873239842,150.7723404993
From_KempsCreek_NW_W,"9","0","9",0.01712604359833,287.43160510336446,-33.8870301566,150.7702065049
From_KempsCreek_NW_W,"10","0","10",0.01925932280263,286.95706373432978,-33.8860608884,150.7683061366
From_KempsCreek_NW_W,"11","0","11",0.02263091664889,276.89176563155655,-33.8856563836,150.7649588959
From_KempsCreek_NW_W,"12","0","12",0.02586327302969,245.36220655646875,-33.8852684557,150.7617499023
From_KempsCreek_NW_W,"13","0","13",0.02673044888126,220.24941162784253,-33.8859888000,150.7612671000
From_KempsCreek_NW_W,"14","0","14",0.02748940334003,251.78146577022866,-33.8865096199,150.7607150506
From_KempsCreek_NW_W,"15","0","15",0.03395413115946,278.87046009579990,-33.8857334593,150.7542970851
From_KempsCreek_NW_W,"16","0","16",0.04468074557384,299.73056180488334,-33.8837151609,150.7437620613
From_KempsCreek_NW_W,"17","0","17",0.04770017810625,278.96735082727463,-33.8814497000,150.7417659000
From_KempsCreek_NW_W,"18","0","18",0.05403383403501,239.31888543511778,-33.8846815079,150.7363188260
From_Rossmore_NW_E,"0","0","0",0.00000000000000,10.98083974245631,-33.9122387491,150.7668058749
From_Rossmore_NW_E,"1","0","1",0.00181291662728,34.97533140670652,-33.9104590253,150.7671512005
From_Rossmore_NW_E,"2","0","2",0.00362166944319,58.96926643902112,-33.9095266323,150.7687011134
From_Rossmore_NW_E,"3","0","3",0.00543040460200,78.32430562722701,-33.9085942182,150.7702509931
From_Rossmore_NW_E,"4","0","4",0.00758426988411,97.67939156867173,-33.9088820577,150.7723855385
From_Rossmore_NW_E,"5","0","5",0.00973814659379,118.40141684620033,-33.9091698607,150.7745201004
From_Rossmore_NW_E,"6","0","6",0.01144712654797,139.12343113100391,-33.9104620667,150.7756384992
From_Rossmore_NW_E,"7","0","7",0.01315612141167,165.04880014609469,-33.9117542638,150.7767569313
From_Rossmore_NW_E,"8","0","8",0.01496903535973,144.32583217202031,-33.9135340220,150.7764117971
From_Rossmore_NW_E,"9","0","9",0.01596525876596,97.67671934112954,-33.9136671054,150.7773990914
From_Rossmore_NW_E,"10","0","10",0.01712303498362,97.67611901715669,-33.9138217601,150.7785464918
From_Rossmore_NW_E,"11","0","11",0.01888276747144,97.67544743218299,-33.9140568026,150.7802904566
From_Rossmore_NW_E,"12","0","12",0.01987900047512,97.67488994942552,-33.9141898554,150.7812777647
From_Rossmore_NW_E,"13","0","13",0.02083634380087,97.67408499224379,-33.9143177065,150.7822265325
From_Rossmore_NW_E,"14","0","14",0.02472557424781,97.67259051190258,-33.9148370278,150.7860809350
From_Rossmore_NW_E,"15","0","15",0.02861484189419,97.67109601848253,-33.9153562301,150.7899353911
From_Rossmore_NW_E,"16","0","16",0.02957220578746,97.67015397995489,-33.9154840155,150.7908841885
From_Rossmore_NW_E,"17","0","17",0.03172628278314,97.03163622941679,-33.9157715064,150.7930189945
From_Rossmore_NW_E,"18","0","18",0.03282821314319,97.20505322426133,-33.9158942129,150.7941140715
From_Rossmore_NW_E,"19","0","19",0.03498153666838,98.01578967858214,-33.9161945161,150.7962463520
From_Rossmore_NW_E,"20","0","20",0.03982655769204,98.01392399981131,-33.9168700654,150.8010440454
From_Rossmore_NW_E,"21","0","21",0.04371458065886,98.01231367894361,-33.9174120397,150.8048941086
From_Rossmore_NW_E,"22","0","22",0.04467163835433,98.01150744501341,-33.9175454305,150.8058418250
From_Rossmore_NW_E,"23","0","23",0.04566757898798,97.74415890443765,-33.9176842328,150.8068280459
From_Rossmore_NW_E,"24","0","24",0.04754121227615,97.70687072060561,-33.9179280466,150.8086857478
From_Rossmore_NW_E,"25","0","25",0.04897957789755,97.93641546478513,-33.9181266547,150.8101103356
From_Rossmore_NW_E,"26","0","26",0.04993672116213,97.93555701761493,-33.9182588066,150.8110583120
From_Rossmore_NW_E,"27","0","27",0.05382513940622,97.93432832410444,-33.9187956000,150.8149095000
From_Rossmore_NW_E,"28","0","28",0.05545523584630,97.93321309499184,-33.9190205968,150.8165239940
From_Rossmore_NW_E,"29","0","29",0.05771359572551,97.93237088890305,-33.9193322747,150.8187607430
From_Rossmore_NW_E,"30","0","30",0.05867076004177,97.93162087507471,-33.9194643610,150.8197087497
From_Rossmore_NW_E,"31","0","31",0.06082438818324,97.94892872244409,-33.9197615290,150.8218417770
From_Rossmore_NW_E,"32","0","32",0.06173321882649,97.93221766042251,-33.9198874892,150.8227418366
From_Rossmore_NW_E,"33","0","33",0.06215461507439,97.88780419633525,-33.9199453920,150.8231592357
From_Rossmore_NW_E,"34","0","34",0.06359097880091,97.88445791464130,-33.9201422605,150.8245820440
From_Rossmore_NW_E,"35","0","35",0.06425888395283,97.88047243080746,-33.9202339581,150.8252436246
From_Rossmore_NW_E,"36","0","36",0.06472893559397,97.87854013254227,-33.9202983188,150.8257092492
From_Rossmore_NW_E,"37","0","37",0.06561061307271,97.88314354683895,-33.9204193066,150.8265825860
From_Rossmore_NW_E,"38","0","38",0.06692712528394,97.88067052292860,-33.9205997763,150.8278866700
From_Rossmore_NW_E,"39","0","39",0.06782201036494,97.88232674485349,-33.9207225000,150.8287731000
To_Rossmore_NW_E,"0","0","0",0.00000000000000,277.88232674485351,-33.9207225000,150.8287731000
To_Rossmore_NW_E,"1","0","1",0.00089488508100,277.88067052292854,-33.9205997763,150.8278866700
To_Rossmore_NW_E,"2","0","2",0.00221139729224,277.76591322265364,-33.9204193066,150.8265825860
To_Rossmore_NW_E,"3","0","3",0.00312112531592,278.00202969617504,-33.9202981581,150.8256809607
To_Rossmore_NW_E,"4","0","4",0.00356314850004,278.12119231862556,-33.9202339581,150.8252436246
To_Rossmore_NW_E,"5","0","5",0.00423105365196,277.88445791464130,-33.9201422605,150.8245820440
To_Rossmore_NW_E,"6","0","6",0.00566741737847,277.88780419633520,-33.9199453920,150.8231592357
To_Rossmore_NW_E,"7","0","7",0.00608881362638,277.93221766042257,-33.9198874892,150.8227418366
To_Rossmore_NW_E,"8","0","8",0.00699764426963,277.94881063436270,-33.9197615290,150.8218417770
To_Rossmore_NW_E,"9","0","9",0.00815522084636,277.93127122642608,-33.9196018057,150.8206952728
To_Rossmore_NW_E,"10","0","10",0.00915127241112,277.93175811294657,-33.9194643610,150.8197087497
To_Rossmore_NW_E,"11","0","11",0.01010843672737,277.93256414279006,-33.9193322747,150.8187607430
To_Rossmore_NW_E,"12","0","12",0.01399689304655,277.93406058729192,-33.9187956000,150.8149095000
To_Rossmore_NW_E,"13","0","13",0.01788531129064,277.93555701761494,-33.9182588066,150.8110583120
To_Rossmore_NW_E,"14","0","14",0.01884245455521,277.93636302396669,-33.9181266547,150.8101103356
To_Rossmore_NW_E,"15","0","15",0.01983847931396,277.93676509772240,-33.9179891264,150.8091238513
To_Rossmore_NW_E,"16","0","16",0.02028082017662,277.70698880228855,-33.9179280466,150.8086857478
To_Rossmore_NW_E,"17","0","17",0.02215445346479,277.74415890443765,-33.9176842328,150.8068280459
To_Rossmore_NW_E,"18","0","18",0.02315039409844,278.01150744501336,-33.9175454305,150.8058418250
To_Rossmore_NW_E,"19","0","19",0.02410745179391,278.01231367894360,-33.9174120397,150.8048941086
To_Rossmore_NW_E,"20","0","20",0.02799547476073,278.01354270081453,-33.9168700654,150.8010440454
To_Rossmore_NW_E,"21","0","21",0.02962538274338,277.83560329933516,-33.9166428261,150.7994300558
To_Rossmore_NW_E,"22","0","22",0.03120716391549,278.25480261419233,-33.9164320655,150.7978623787
To_Rossmore_NW_E,"23","0","23",0.03188356247357,278.43423882080032,-33.9163279725,150.7971940377
To_Rossmore_NW_E,"24","0","24",0.03284059893516,278.01611351419274,-33.9161945161,150.7962463520
To_Rossmore_NW_E,"25","0","25",0.03383651253088,278.01660049739775,-33.9160556304,150.7952601702
To_Rossmore_NW_E,"26","0","26",0.03499392246037,277.20517133382413,-33.9158942129,150.7941140715
To_Rossmore_NW_E,"27","0","27",0.03609585282042,277.03151829662909,-33.9157715064,150.7930189945
To_Rossmore_NW_E,"28","0","28",0.03725367062293,277.66980478483356,-33.9156169846,150.7918715342
To_Rossmore_NW_E,"29","0","29",0.03824992981612,277.67029103734120,-33.9154840155,150.7908841885
To_Rossmore_NW_E,"30","0","30",0.03920729370939,277.67109601848250,-33.9153562301,150.7899353911
To_Rossmore_NW_E,"31","0","31",0.04309656135577,277.67251036283147,-33.9148370278,150.7860809350
To_Rossmore_NW_E,"32","0","32",0.04630870465419,277.67381136959261,-33.9144081255,150.7828975551
To_Rossmore_NW_E,"33","0","33",0.04698579180279,277.67446522439269,-33.9143177065,150.7822265325
To_Rossmore_NW_E,"34","0","34",0.04794313512853,277.67488994942556,-33.9141898554,150.7812777647
To_Rossmore_NW_E,"35","0","35",0.04893936813221,277.67544743218298,-33.9140568026,150.7802904566
To_Rossmore_NW_E,"36","0","36",0.05069910062003,277.67611901715668,-33.9138217601,150.7785464918
To_Rossmore_NW_E,"37","0","37",0.05185687683769,277.67671934112951,-33.9136671054,150.7773990914
To_Rossmore_NW_E,"38","0","38",0.05285310024392,234.32609334861360,-33.9135340220,150.7764117971
To_Rossmore_NW_E,"39","0","39",0.05466601533947,214.97155713587540,-33.9153137782,150.7760666466
To_Rossmore_NW_E,"40","0","40",0.05647484383442,238.96845860510095,-33.9162462622,150.7745167001
To_Rossmore_NW_E,"41","0","41",0.05828368999807,258.32406178559472,-33.9171787252,150.7729667203
To_Rossmore_NW_E,"42","0","42",0.06043776113637,277.67961823400015,-33.9168908878,150.7708319669
To_Rossmore_NW_E,"43","0","43",0.06259182084003,298.40313398278568,-33.9166030139,150.7686972300
To_Rossmore_NW_E,"44","0","44",0.06430082487543,319.12666062176982,-33.9153107470,150.7675788647
To_Rossmore_NW_E,"45","0","45",0.06600981399647,345.05427205405624,-33.9140184709,150.7664605327
To_Rossmore_NW_E,"46","0","46",0.06782273177238,10.98136260908851,-33.9122387491,150.7668058749
To_Rossmore_NW_N,"0","0","0",0.00000000000000,189.79805111868910,-33.8764047516,150.7788515514
To_Rossmore_NW_N,"1","0","1",0.00083078013717,189.86214062016472,-33.8772234137,150.7787101725
To_Rossmore_NW_N,"2","0","2",0.00135822036782,189.88720762359978,-33.8777429585,150.7786192523
To_Rossmore_NW_N,"3","0","3",0.00211559648461,189.84818512478444,-33.8784891742,150.7784897121
To_Rossmore_NW_N,"4","0","4",0.00271644038779,189.84836415091175,-33.8790811643,150.7783869449
To_Rossmore_NW_N,"5","0","5",0.00328828309614,189.84854317808765,-33.8796445800,150.7782891345
To_Rossmore_NW_N,"6","0","6",0.00407466086735,189.84872222013595,-33.8804193692,150.7781546290
To_Rossmore_NW_N,"7","0","7",0.00543288180668,178.91904990114787,-33.8817575730,150.7779223047
To_Rossmore_NW_N,"8","0","8",0.00624338459180,178.05548673560432,-33.8825503326,150.7780909671
To_Rossmore_NW_N,"9","0","9",0.00684200524714,189.64808375337168,-33.8831429491,150.7780063955
To_Rossmore_NW_N,"10","0","10",0.00769688190862,190.91002796084487,-33.8839816189,150.7778407239
To_Rossmore_NW_N,"11","0","11",0.00848116819414,189.89346140311142,-33.8847524064,150.7776958391
To_Rossmore_NW_N,"12","0","12",0.00906367264987,189.86087335214879,-33.8853275128,150.7776032971
To_Rossmore_NW_N,"13","0","13",0.01039260998259,189.85723493502846,-33.8866338555,150.7773592822
To_Rossmore_NW_N,"14","0","14",0.01176106981798,190.16976630483242,-33.8879849630,150.7771420478
To_Rossmore_NW_N,"15","0","15",0.01313364405274,191.20574780869507,-33.8893313709,150.7768753163
To_Rossmore_NW_N,"16","0","16",0.01446521194363,191.20608475697159,-33.8906375525,150.7766165446
To_Rossmore_NW_N,"17","0","17",0.01503522068368,191.20632454929157,-33.8911966935,150.7765057685
To_Rossmore_NW_N,"18","0","18",0.01584116612343,191.20654555822296,-33.8919872722,150.7763491376
To_Rossmore_NW_N,"19","0","19",0.01667985335319,190.71367654027461,-33.8928099678,150.7761861400
To_Rossmore_NW_N,"20","0","20",0.01736685943266,203.35619285815076,-33.8934860722,150.7760642376
To_Rossmore_NW_N,"21","0","21",0.01775903942209,156.68887192877415,-33.8938013626,150.7758310057
To_Rossmore_NW_N,"22","0","22",0.02018357263211,99.70468190946001,-33.8940920521,150.7782380497
To_Rossmore_NW_N,"23","0","23",0.02045992849972,146.48521911893755,-33.8941519763,150.7785078305
To_Rossmore_NW_N,"24","0","24",0.02178363620637,191.72549546026247,-33.8954537405,150.7782678052
To_Rossmore_NW_N,"25","0","25",0.02256760061127,192.15712878468986,-33.8962176000,150.7780914000
To_Rossmore_NW_N,"26","0","26",0.02751855244300,190.63769861559692,-33.9010724000,150.7771204000
To_Rossmore_NW_N,"27","0","27",0.02960411606469,191.07346301973695,-33.9031265000,150.7767595000
To_Rossmore_NW_N,"28","0","28",0.03325881047052,234.90762626291746,-33.9066989000,150.7759883000
To_Rossmore_NW_N,"29","0","29",0.03420491881205,277.63333730844982,-33.9065732255,150.7750505757
To_Rossmore_NW_N,"30","0","30",0.03644319627493,232.31434101690581,-33.9062759082,150.7728321329
To_Rossmore_NW_N,"31","0","31",0.03727579806829,188.98590664400976,-33.9071023121,150.7727307314
To_Rossmore_NW_N,"32","0","32",0.03825023850713,190.97659915498679,-33.9080589256,150.7725451923
To_Rossmore_NW_N,"33","0","33",0.03908871077795,144.32780572732901,-33.9088820577,150.7723855385
To_Rossmore_NW_N,"34","0","34",0.04124258748763,118.40141684620033,-33.9091698607,150.7745201004
To_Rossmore_NW_N,"35","0","35",0.04295156744182,139.12343113100391,-33.9104620667,150.7756384992
To_Rossmore_NW_N,"36","0","36",0.04466056230552,165.04880014603057,-33.9117542638,150.7767569313
To_Rossmore_NW_N,"37","0","37",0.04647347625360,190.97495120920061,-33.9135340220,150.7764117971
To_Rossmore_NW_N,"38","0","38",0.04828639134912,214.97155713593955,-33.9153137782,150.7760666466
To_Rossmore_NW_N,"39","0","39",0.05009521984407,238.96845860510095,-33.9162462622,150.7745167001
To_Rossmore_NW_N,"40","0","40",0.05190406600772,258.32406178559472,-33.9171787252,150.7729667203
To_Rossmore_NW_N,"41","0","41",0.05405813714602,277.67910824694457,-33.9168908878,150.7708319669
From_Rossmore_NW_N,"0","0","0",0.00000000000000,277.68012822105572,-33.9168908878,150.7708319669
From_Rossmore_NW_N,"1","0","1",0.00215405970367,298.40313398278568,-33.9166030139,150.7686972300
From_Rossmore_NW_N,"2","0","2",0.00386306373906,319.12666062176982,-33.9153107470,150.7675788647
From_Rossmore_NW_N,"3","0","3",0.00557205286010,345.05427205449718,-33.9140184709,150.7664605327
From_Rossmore_NW_N,"4","0","4",0.00738497063602,10.98110117577239,-33.9122387491,150.7668058749
From_Rossmore_NW_N,"5","0","5",0.00919788726329,34.97533140626562,-33.9104590253,150.7671512005
From_Rossmore_NW_N,"6","0","6",0.01100664007920,58.96926643902112,-33.9095266323,150.7687011134
From_Rossmore_NW_N,"7","0","7",0.01281537523801,78.32430562722701,-33.9085942182,150.7702509931
From_Rossmore_NW_N,"8","0","8",0.01496924052012,54.32831560602582,-33.9088820577,150.7723855385
From_Rossmore_NW_N,"9","0","9",0.01580771279094,10.97659915498678,-33.9080589256,150.7725451923
From_Rossmore_NW_N,"10","0","10",0.01678215322978,8.98590664400975,-33.9071023121,150.7727307314
From_Rossmore_NW_N,"11","0","11",0.01761475502313,52.31434101690582,-33.9062759082,150.7728321329
From_Rossmore_NW_N,"12","0","12",0.01985303248602,97.63333730844981,-33.9065732255,150.7750505757
From_Rossmore_NW_N,"13","0","13",0.02079914082755,54.90762626291742,-33.9066989000,150.7759883000
From_Rossmore_NW_N,"14","0","14",0.02445383523338,11.07346301973696,-33.9031265000,150.7767595000
From_Rossmore_NW_N,"15","0","15",0.02653939885506,10.63769861559689,-33.9010724000,150.7771204000
From_Rossmore_NW_N,"16","0","16",0.03149035068680,11.35422909082214,-33.8962176000,150.7780914000
From_Rossmore_NW_N,"17","0","17",0.03359753260706,326.96069514244931,-33.8941519763,150.7785078305
From_Rossmore_NW_N,"18","0","18",0.03387388847467,279.70468190945996,-33.8940920521,150.7782380497
From_Rossmore_NW_N,"19","0","19",0.03629842168469,336.68887192877412,-33.8938013626,150.7758310057
From_Rossmore_NW_N,"20","0","20",0.03669060167412,23.35619285815077,-33.8934860722,150.7760642376
From_Rossmore_NW_N,"21","0","21",0.03737760775359,10.71367654027459,-33.8928099678,150.7761861400
From_Rossmore_NW_N,"22","0","22",0.03821629498336,11.20654555822295,-33.8919872722,150.7763491376
From_Rossmore_NW_N,"23","0","23",0.03902224042310,11.20632454929156,-33.8911966935,150.7765057685
From_Rossmore_NW_N,"24","0","24",0.03959224916315,11.20608475697158,-33.8906375525,150.7766165446
From_Rossmore_NW_N,"25","0","25",0.04092381705404,11.20574780869509,-33.8893313709,150.7768753163
From_Rossmore_NW_N,"26","0","26",0.04229639128880,10.16976630483239,-33.8879849630,150.7771420478
From_Rossmore_NW_N,"27","0","27",0.04366485112419,9.85723493502844,-33.8866338555,150.7773592822
From_Rossmore_NW_N,"28","0","28",0.04499378845691,9.86087335214878,-33.8853275128,150.7776032971
From_Rossmore_NW_N,"29","0","29",0.04557629291264,9.89346140311140,-33.8847524064,150.7776958391
From_Rossmore_NW_N,"30","0","30",0.04636057919816,10.91002796084486,-33.8839816189,150.7778407239
From_Rossmore_NW_N,"31","0","31",0.04721545585964,9.64808375337169,-33.8831429491,150.7780063955
From_Rossmore_NW_N,"32","0","32",0.04781407651498,358.05548673560429,-33.8825503326,150.7780909671
From_Rossmore_NW_N,"33","0","33",0.04862457930010,358.91904990082753,-33.8817575730,150.7779223047
From_Rossmore_NW_N,"34","0","34",0.04949474457917,9.84890126216119,-33.8809002320,150.7780711469
From_Rossmore_NW_N,"35","0","35",0.04998280023943,9.84872222070699,-33.8804193692,150.7781546290
From_Rossmore_NW_N,"36","0","36",0.05076917801064,9.84854317808767,-33.8796445800,150.7782891345
From_Rossmore_NW_N,"37","0","37",0.05134102071899,9.84836415134380,-33.8790811643,150.7783869449
From_Rossmore_NW_N,"38","0","38",0.05269924073897,9.88720762325704,-33.8777429585,150.7786192523
From_Rossmore_NW_N,"39","0","39",0.05322668096961,9.86214062016471,-33.8772234137,150.7787101725
From_Rossmore_NW_N,"40","0","40",0.05405746110678,9.79805111868911,-33.8764047516,150.7788515514
To_Rossmore_NW_S,"0","0","0",0.00000000000000,96.89100057232201,-33.9475022868,150.7566613585
To_Rossmore_NW_S,"1","0","1",0.00727800833515,53.37961137564078,-33.9483755088,150.7638867919
To_Rossmore_NW_S,"2","0","2",0.00999449668822,10.95485479380103,-33.9456992122,150.7643523510
To_Rossmore_NW_S,"3","0","3",0.01080776394704,9.33645372160165,-33.9449038394,150.7645220148
To_Rossmore_NW_S,"4","0","4",0.01135419685650,8.24910173162050,-33.9443610624,150.7645851179
To_Rossmore_NW_S,"5","0","5",0.01678716611946,53.37771240669900,-33.9390084531,150.7655161004
To_Rossmore_NW_S,"6","0","6",0.01840434563667,53.37548663982076,-33.9392024176,150.7671216058
To_Rossmore_NW_S,"7","0","7",0.03877791078906,357.34602452641923,-33.9191299301,150.7706112189
To_Rossmore_NW_S,"8","0","8",0.03925380226720,357.90465088444341,-33.9186706223,150.7704866836
To_Rossmore_NW_S,"9","0","9",0.04022824638558,10.97945391256783,-33.9177140153,150.7706722754
To_Rossmore_NW_S,"10","0","10",0.04106672129150,324.32972571771057,-33.9168908878,150.7708319669
To_Rossmore_NW_S,"11","0","11",0.04322078099511,298.40313398288669,-33.9166030139,150.7686972300
To_Rossmore_NW_S,"12","0","12",0.04492978503051,319.12666062176982,-33.9153107470,150.7675788647
To_Rossmore_NW_S,"13","0","13",0.04663877415155,345.05427205449718,-33.9140184709,150.7664605327
To_Rossmore_NW_S,"14","0","14",0.04845169192746,10.98110117577239,-33.9122387491,150.7668058749
To_Rossmore_NW_S,"15","0","15",0.05026460855474,34.97533140626562,-33.9104590253,150.7671512005
To_Rossmore_NW_S,"16","0","16",0.05207336137064,58.96926643902112,-33.9095266323,150.7687011134
To_Rossmore_NW_S,"17","0","17",0.05388209652945,78.32430562722701,-33.9085942182,150.7702509931
To_Rossmore_NW_S,"18","0","18",0.05603596181157,97.67990144736852,-33.9088820577,150.7723855385
From_Rossmore_NW_S,"0","0","0",0.00000000000000,97.67888168997492,-33.9088820577,150.7723855385
From_Rossmore_NW_S,"1","0","1",0.00215387670968,118.40141684620033,-33.9091698607,150.7745201004
From_Rossmore_NW_S,"2","0","2",0.00386285666386,139.12343113100391,-33.9104620667,150.7756384992
From_Rossmore_NW_S,"3","0","3",0.00557185152757,165.04880014609469,-33.9117542638,150.7767569313
From_Rossmore_NW_S,"4","0","4",0.00738476547563,190.97495120920061,-33.9135340220,150.7764117971
From_Rossmore_NW_S,"5","0","5",0.00919768057117,214.97155713587540,-33.9153137782,150.7760666466
From_Rossmore_NW_S,"6","0","6",0.01100650906612,238.96845860510095,-33.9162462622,150.7745167001
From_Rossmore_NW_S,"7","0","7",0.01281535522977,258.32406178549371,-33.9171787252,150.7729667203
From_Rossmore_NW_S,"8","0","8",0.01496942636813,234.32921573045294,-33.9168908878,150.7708319669
From_Rossmore_NW_S,"9","0","9",0.01580790127405,190.97945391256786,-33.9177140153,150.7706722754
From_Rossmore_NW_S,"10","0","10",0.01678234539244,177.90465088444347,-33.9186706223,150.7704866836
From_Rossmore_NW_S,"11","0","11",0.01725823687058,177.34602452641920,-33.9191299301,150.7706112189
From_Rossmore_NW_S,"12","0","12",0.03763180202296,233.37548663982079,-33.9392024176,150.7671216058
From_Rossmore_NW_S,"13","0","13",0.03924898154017,233.37771240669900,-33.9390084531,150.7655161004
From_Rossmore_NW_S,"14","0","14",0.04468195080314,188.24910173162050,-33.9443610624,150.7645851179
From_Rossmore_NW_S,"15","0","15",0.04522838371260,189.33645372160166,-33.9449038394,150.7645220148
From_Rossmore_NW_S,"16","0","16",0.04604165097142,190.95485479380105,-33.9456992122,150.7643523510
From_Rossmore_NW_S,"17","0","17",0.04875813932448,233.37961137564079,-33.9483755088,150.7638867919
From_Rossmore_NW_S,"18","0","18",0.05603614765963,276.89100057232201,-33.9475022868,150.7566613585
To_Rossmore_NW_W,"0","0","0",0.00000000000000,11.20448707255419,-33.9206997072,150.7367833845
To_Rossmore_NW_W,"1","0","1",0.00589346151883,54.52160267921899,-33.9149185754,150.7379285499
To_Rossmore_NW_W,"2","0","2",0.01289487541189,54.52246488892006,-33.9158734636,150.7448645419
To_Rossmore_NW_W,"3","0","3",0.01878834983987,54.52072452996653,-33.9100923536,150.7460098838
To_Rossmore_NW_W,"4","0","4",0.02578943007348,60.85439621276996,-33.9110467749,150.7529456033
To_Rossmore_NW_W,"5","0","5",0.02670654403575,60.38463441174194,-33.9102081284,150.7533167772
To_Rossmore_NW_W,"6","0","6",0.02913148556954,96.89447494423703,-33.9104992732,150.7557241775
To_Rossmore_NW_W,"7","0","7",0.03721472045536,107.22782539305616,-33.9114694201,150.7637489829
To_Rossmore_NW_W,"8","0","8",0.03825508168674,107.62248009222733,-33.9119508104,150.7646712707
To_Rossmore_NW_W,"9","0","9",0.03941282126948,97.68229036111330,-33.9121055820,150.7658186184
To_Rossmore_NW_W,"10","0","10",0.04040901843948,54.33143757145265,-33.9122387491,150.7668058749
To_Rossmore_NW_W,"11","0","11",0.04222193506675,34.97533140626562,-33.9104590253,150.7671512005
To_Rossmore_NW_W,"12","0","12",0.04403068788266,58.96926643902112,-33.9095266323,150.7687011134
To_Rossmore_NW_W,"13","0","13",0.04583942304147,78.32430562722701,-33.9085942182,150.7702509931
To_Rossmore_NW_W,"14","0","14",0.04799328832358,97.67939156867173,-33.9088820577,150.7723855385
To_Rossmore_NW_W,"15","0","15",0.05014716503326,118.40141684620033,-33.9091698607,150.7745201004
To_Rossmore_NW_W,"16","0","16",0.05185614498744,139.12343113100391,-33.9104620667,150.7756384992
To_Rossmore_NW_W,"17","0","17",0.05356513985114,165.04880014609469,-33.9117542638,150.7767569313
To_Rossmore_NW_W,"18","0","18",0.05537805379920,190.97469003260730,-33.9135340220,150.7764117971
From_Rossmore_NW_W,"0","0","0",0.00000000000000,190.97521238579387,-33.9135340220,150.7764117971
From_Rossmore_NW_W,"1","0","1",0.00181291509555,214.97155713587540,-33.9153137782,150.7760666466
From_Rossmore_NW_W,"2","0","2",0.00362174359050,238.96845860510095,-33.9162462622,150.7745167001
From_Rossmore_NW_W,"3","0","3",0.00543058975415,258.32406178559472,-33.9171787252,150.7729667203
From_Rossmore_NW_W,"4","0","4",0.00758466089245,277.67961823400015,-33.9168908878,150.7708319669
From_Rossmore_NW_W,"5","0","5",0.00973872059611,298.40313398278568,-33.9166030139,150.7686972300
From_Rossmore_NW_W,"6","0","6",0.01144772463151,319.12666062176982,-33.9153107470,150.7675788647
From_Rossmore_NW_W,"7","0","7",0.01315671375255,345.05427205449718,-33.9140184709,150.7664605327
From_Rossmore_NW_W,"8","0","8",0.01496963152846,324.33169900565053,-33.9122387491,150.7668058749
From_Rossmore_NW_W,"9","0","9",0.01596582869846,277.68229036111330,-33.9121055820,150.7658186184
From_Rossmore_NW_W,"10","0","10",0.01712356828120,287.62248009222736,-33.9119508104,150.7646712707
From_Rossmore_NW_W,"11","0","11",0.01816392951258,287.22782539305621,-33.9114694201,150.7637489829
From_Rossmore_NW_W,"12","0","12",0.02624716439840,276.89447494423700,-33.9104992732,150.7557241775
From_Rossmore_NW_W,"13","0","13",0.02867210593219,240.38463441174193,-33.9102081284,150.7533167772
From_Rossmore_NW_W,"14","0","14",0.02958921989446,240.85439621277001,-33.9110467749,150.7529456033
From_Rossmore_NW_W,"15","0","15",0.03659030012807,234.52072452996657,-33.9100923536,150.7460098838
From_Rossmore_NW_W,"16","0","16",0.04248377455605,234.52246488892010,-33.9158734636,150.7448645419
From_Rossmore_NW_W,"17","0","17",0.04948518844912,234.52160267921897,-33.9149185754,150.7379285499
From_Rossmore_NW_W,"18","0","18",0.05537864996794,191.20448707255417,-33.9206997072,150.7367833845
To_KempsCreek_NE_E,"0","0","0",0.00000000000000,191.65263671591683,-33.8805742000,150.7927635000
To_KempsCreek_NE_E,"1","0","1",0.00396712228108,189.88720582317791,-33.8844595603,150.7919622295
To_KempsCreek_NE_E,"2","0","2",0.00456574293646,189.64808375317952,-33.8850521768,150.7918776579
To_KempsCreek_NE_E,"3","0","3",0.00542061959794,144.35464714197147,-33.8858908466,150.7917119863
To_KempsCreek_NE_E,"4","0","4",0.00766812907316,118.42488939074303,-33.8861855628,150.7939400889
To_KempsCreek_NE_E,"5","0","5",0.00937628809007,139.31435626298412,-33.8874808660,150.7950536404
To_KempsCreek_NE_E,"6","0","6",0.01108446192757,165.25792395021136,-33.8887761602,150.7961672251
To_KempsCreek_NE_E,"7","0","7",0.01289783456143,191.20227761602854,-33.8905549850,150.7958149434
To_KempsCreek_NE_E,"8","0","8",0.01471120841681,215.17639513179546,-33.8923338078,150.7954626449
To_KempsCreek_NE_E,"9","0","9",0.01652135006597,239.15080363675872,-33.8932620277,150.7939086113
To_KempsCreek_NE_E,"10","0","10",0.01833150941879,258.49392899847658,-33.8941902265,150.7923545444
To_KempsCreek_NE_E,"11","0","11",0.02048577206731,277.83649820288707,-33.8938965000,150.7902204000
From_KempsCreek_NE_E,"0","0","0",0.00000000000000,277.83751953515252,-33.8938965000,150.7902204000
From_KempsCreek_NE_E,"1","0","1",0.00215425106181,298.57730461504900,-33.8936027370,150.7880862723
From_KempsCreek_NE_E,"2","0","2",0.00386243362427,319.31761050860911,-33.8923073730,150.7869727555
From_KempsCreek_NE_E,"3","0","3",0.00557060136136,345.26340862430277,-33.8910119999,150.7858592719
From_KempsCreek_NE_E,"4","0","4",0.00738397824105,11.20842050390389,-33.8892332119,150.7862117617
From_KempsCreek_NE_E,"5","0","5",0.00919735389789,35.18015569984914,-33.8874544219,150.7865642347
From_KempsCreek_NE_E,"6","0","6",0.01100741914123,59.15160024816456,-33.8865262929,150.7881182337
From_KempsCreek_NE_E,"7","0","7",0.01281746669251,78.65854160558011,-33.8855981429,150.7896721995
From_KempsCreek_NE_E,"8","0","8",0.01487814762822,54.67021580448724,-33.8858908466,150.7917119863
From_KempsCreek_NE_E,"9","0","9",0.01573302428970,9.64808375317953,-33.8850521768,150.7918776579
From_KempsCreek_NE_E,"10","0","10",0.01633164494507,9.88720582317790,-33.8844595603,150.7919622295
From_KempsCreek_NE_E,"11","0","11",0.02029876722615,11.65263671591681,-33.8805742000,150.7927635000
