name,vertex_index,vertex_part,vertex_part_index,distance,angle,shape_pt_lat,shape_pt_lon
FAST_Aerotropolis,"0","0","0",0.00000000000000,277.88004270254402,-33.9207225000,150.8287731000
FAST_Aerotropolis,"1","0","1",0.00089488718921,277.88030478696430,-33.9205998114,150.8278866630
FAST_Aerotropolis,"2","0","2",0.00221139729142,277.88082740271915,-33.9204193066,150.8265825860
FAST_Aerotropolis,"3","0","3",0.00309297251339,277.88124814869343,-33.9202984271,150.8257093374
FAST_Aerotropolis,"4","0","4",0.00356312639706,277.88627287626883,-33.9202339581,150.8252436246
FAST_Aerotropolis,"5","0","5",0.00423103154898,277.88445791464130,-33.9201422605,150.8245820440
FAST_Aerotropolis,"6","0","6",0.00566739527549,277.88780419633520,-33.9199453920,150.8231592357
FAST_Aerotropolis,"7","0","7",0.00608879152340,277.93221766042257,-33.9198874892,150.8227418366
FAST_Aerotropolis,"8","0","8",0.00699762216665,277.94881063426573,-33.9197615290,150.8218417770
FAST_Aerotropolis,"9","0","9",0.00815519874341,277.93127122644182,-33.9196018057,150.8206952728
FAST_Aerotropolis,"10","0","10",0.00915125030814,277.93175811158494,-33.9194643610,150.8197087497
FAST_Aerotropolis,"11","0","11",0.01010841462439,277.93218340728151,-33.9193322747,150.8187607430
FAST_Aerotropolis,"12","0","12",0.01078537241406,277.93264488049374,-33.9192388516,150.8180902626
FAST_Aerotropolis,"13","0","13",0.01236677450363,277.93329335134041,-33.9190205968,150.8165239940
FAST_Aerotropolis,"14","0","14",0.01399687094371,277.93406059274145,-33.9187956000,150.8149095000
FAST_Aerotropolis,"15","0","15",0.01562696069244,277.93482782931244,-33.9185705824,150.8132950157
FAST_Aerotropolis,"16","0","16",0.01720834350152,277.93547628960386,-33.9183522674,150.8117287749
FAST_Aerotropolis,"17","0","17",0.01788528918794,277.93593774654340,-33.9182588066,150.8110583120
FAST_Aerotropolis,"18","0","18",0.01884243245252,277.93636302396669,-33.9181266547,150.8101103356
FAST_Aerotropolis,"19","0","19",0.01983845721127,277.93676509772240,-33.9179891264,150.8091238513
FAST_Aerotropolis,"20","0","20",0.02028079807393,275.93849403667417,-33.9179280466,150.8086857478
FAST_Aerotropolis,"21","0","21",0.02041245705963,277.00626514509952,-33.9179190000,150.8085544000
FAST_Aerotropolis,"22","0","22",0.02064402616378,279.30343396562301,-33.9178785000,150.8083264000
FAST_Aerotropolis,"23","0","23",0.02087852275223,278.19770980802144,-33.9178437000,150.8080945000
FAST_Aerotropolis,"24","0","24",0.02158584921723,277.86117526258010,-33.9177469584,150.8073938205
FAST_Aerotropolis,"25","0","25",0.02210826160974,277.86146378188784,-33.9176755050,150.8068763177
FAST_Aerotropolis,"26","0","26",0.02279068814631,277.86180958510829,-33.9175821622,150.8062003051
FAST_Aerotropolis,"27","0","27",0.02382149506059,277.86218448125220,-33.9174411603,150.8051791874
FAST_Aerotropolis,"28","0","28",0.02424109002926,277.86250246133363,-33.9173837624,150.8047635368
FAST_Aerotropolis,"29","0","29",0.02505443118265,277.86284155542154,-33.9172724983,150.8039578420
FAST_Aerotropolis,"30","0","30",0.02586961023869,277.86316652628295,-33.9171609773,150.8031503273
FAST_Aerotropolis,"31","0","31",0.02616827384101,277.86341216754880,-33.9171201171,150.8028544719
FAST_Aerotropolis,"32","0","32",0.02682865400150,277.86370673877957,-33.9170297679,150.8022003015
FAST_Aerotropolis,"33","0","33",0.02769498319960,277.86409144751502,-33.9169112366,150.8013421193
FAST_Aerotropolis,"34","0","34",0.02854841404787,277.86451193430474,-33.9167944640,150.8004967150
FAST_Aerotropolis,"35","0","35",0.02952357635782,277.84021786071673,-33.9166610279,150.7995307252
FAST_Aerotropolis,"36","0","36",0.03069757967867,277.82984787103891,-33.9165013785,150.7983676277
FAST_Aerotropolis,"37","0","37",0.03433615220823,277.68736039872778,-33.9160048000,150.7947631000
FAST_Aerotropolis,"38","0","38",0.03534073101784,277.63326779959738,-33.9158731419,150.7937671860
FAST_Aerotropolis,"39","0","39",0.03609579409759,277.70267662234971,-33.9157715064,150.7930189945
FAST_Aerotropolis,"40","0","40",0.03725361190010,277.66980478323143,-33.9156169846,150.7918715342
FAST_Aerotropolis,"41","0","41",0.03778020263953,277.67005977520165,-33.9155467014,150.7913496549
FAST_Aerotropolis,"42","0","42",0.03824987109329,277.67029103913745,-33.9154840155,150.7908841885
FAST_Aerotropolis,"43","0","43",0.03920723498656,277.67071577606833,-33.9153562301,150.7899353911
FAST_Aerotropolis,"44","0","44",0.03988433396009,277.67117664501887,-33.9152658489,150.7892643514
FAST_Aerotropolis,"45","0","45",0.04064272415943,277.67144403774728,-33.9151646097,150.7885127489
FAST_Aerotropolis,"46","0","46",0.04146606596549,277.67182427595702,-33.9150546999,150.7876967761
FAST_Aerotropolis,"47","0","47",0.04207929951260,277.67220451415989,-33.9149728299,150.7870890322
FAST_Aerotropolis,"48","0","48",0.04242656678962,277.67220451324135,-33.9149264679,150.7867448736
FAST_Aerotropolis,"49","0","49",0.04254047927659,277.72451308467390,-33.9149112599,150.7866319809
FAST_Aerotropolis,"50","0","50",0.04265058948637,277.62654188572446,-33.9148963604,150.7865228834
FAST_Aerotropolis,"51","0","51",0.04270937937266,277.57423331327021,-33.9148887109,150.7864645933
FAST_Aerotropolis,"52","0","52",0.04275831716208,277.67220451110029,-33.9148821775,150.7864160936
FAST_Aerotropolis,"53","0","53",0.04280661299962,277.96332601179154,-33.9148757297,150.7863682301
FAST_Aerotropolis,"54","0","54",0.04284712089395,277.68837691115033,-33.9148699140,150.7863281419
FAST_Aerotropolis,"55","0","55",0.04289001136639,277.39725541190478,-33.9148645961,150.7862855823
FAST_Aerotropolis,"56","0","56",0.04292767763631,277.11195438084474,-33.9148595675,150.7862482532
FAST_Aerotropolis,"57","0","57",0.04296342488613,277.26242447287348,-33.9148554887,150.7862127395
FAST_Aerotropolis,"58","0","58",0.04309651589878,277.82306061228780,-33.9148370278,150.7860809350
FAST_Aerotropolis,"59","0","59",0.04315660997350,277.67297652281792,-33.9148290041,150.7860213790
FAST_Aerotropolis,"60","0","60",0.04325113992209,277.67297652088359,-33.9148163826,150.7859276954
FAST_Aerotropolis,"61","0","61",0.04345069360325,277.67297652130600,-33.9147897384,150.7857299285
FAST_Aerotropolis,"62","0","62",0.04364832123603,277.67297652254626,-33.9147633514,150.7855340704
FAST_Aerotropolis,"63","0","63",0.04378161624003,277.67297652248175,-33.9147455540,150.7854019689
FAST_Aerotropolis,"64","0","64",0.04402089800076,277.67297652165109,-33.9147136054,150.7851648296
FAST_Aerotropolis,"65","0","65",0.04431878398623,277.67297652197004,-33.9146738320,150.7848696108
FAST_Aerotropolis,"66","0","66",0.04472694602891,277.67335675504376,-33.9146193348,150.7844651033
FAST_Aerotropolis,"67","0","67",0.04544191253948,277.67373698851952,-33.9145238639,150.7837565396
FAST_Aerotropolis,"68","0","68",0.04630865919727,277.67400436970394,-33.9144081255,150.7828975551
FAST_Aerotropolis,"69","0","69",0.04698574634587,277.67446522450626,-33.9143177065,150.7822265325
FAST_Aerotropolis,"70","0","70",0.04794308967158,277.67488994960155,-33.9141898554,150.7812777647
FAST_Aerotropolis,"71","0","71",0.04818990301845,277.67512120011253,-33.9141568920,150.7810331625
FAST_Aerotropolis,"72","0","72",0.04835333369098,277.67512120020768,-33.9141350649,150.7808711959
FAST_Aerotropolis,"73","0","73",0.04860675974199,277.67512120094943,-33.9141012183,150.7806200402
FAST_Aerotropolis,"74","0","74",0.04893932267529,277.67544743236374,-33.9140568026,150.7802904566
FAST_Aerotropolis,"75","0","75",0.04915850523658,277.67577366329630,-33.9140275270,150.7800732380
FAST_Aerotropolis,"76","0","76",0.04945682421702,277.67577366302748,-33.9139876814,150.7797775920
FAST_Aerotropolis,"77","0","77",0.05008013438579,277.67577366361422,-33.9139044276,150.7791598669
FAST_Aerotropolis,"78","0","78",0.05069905516311,277.67611901536810,-33.9138217601,150.7785464918
FAST_Aerotropolis,"79","0","79",0.05185683138076,277.67671934075162,-33.9136671054,150.7773990914
FAST_Aerotropolis,"80","0","80",0.05219114067646,277.67697431554740,-33.9136224457,150.7770677785
FAST_Aerotropolis,"81","0","81",0.05285305478700,277.67720556143439,-33.9135340220,150.7764117971
FAST_Aerotropolis,"82","0","82",0.05381038428624,277.67763027209492,-33.9134061267,150.7754630493
FAST_Aerotropolis,"83","0","83",0.05448745893202,277.67809111019824,-33.9133156677,150.7747920446
FAST_Aerotropolis,"84","0","84",0.05606913409876,277.69013853034681,-33.9131043372,150.7732245511
FAST_Aerotropolis,"85","0","85",0.05687739399374,277.67931107518399,-33.9129960147,150.7724235828
FAST_Aerotropolis,"86","0","86",0.05769951229270,277.66829721827628,-33.9128864779,150.7716087944
FAST_Aerotropolis,"87","0","87",0.05841340022054,277.67989086437228,-33.9127910751,150.7709013099
FAST_Aerotropolis,"88","0","88",0.05932988381063,277.68027107294546,-33.9126685977,150.7699930470
FAST_Aerotropolis,"89","0","89",0.05994174219946,277.68065128168615,-33.9125868219,150.7693866780
FAST_Aerotropolis,"90","0","90",0.06091154010670,277.68091864580822,-33.9124572069,150.7684255807
FAST_Aerotropolis,"91","0","91",0.06158860290647,277.68137946741655,-33.9123667102,150.7677545931
FAST_Aerotropolis,"92","0","92",0.06254591180149,277.68180416337617,-33.9122387491,150.7668058749
FAST_Aerotropolis,"93","0","93",0.06292806852470,277.68203540157702,-33.9121876641,150.7664271479
FAST_Aerotropolis,"94","0","94",0.06354210897146,277.68229036135233,-33.9121055820,150.7658186184
FAST_Aerotropolis,"95","0","95",0.06402890342380,277.68254532094392,-33.9120405052,150.7653361934
FAST_Aerotropolis,"96","0","96",0.06469984855420,287.62248009209998,-33.9119508104,150.7646712707
FAST_Aerotropolis,"97","0","97",0.06574020978558,287.22696760286681,-33.9114694201,150.7637489829
FAST_Aerotropolis,"98","0","98",0.06654853994809,276.89247344325941,-33.9113724286,150.7629464928
FAST_Aerotropolis,"99","0","99",0.07382344467180,276.89437963954731,-33.9104992732,150.7557241775
FAST_Aerotropolis,"100","0","100",0.07463176000070,276.89552334967965,-33.9104022301,150.7549217086
FAST_Aerotropolis,"101","0","101",0.07544007384537,276.89590458220579,-33.9103051818,150.7541192419
FAST_Aerotropolis,"102","0","102",0.07624838620563,240.38482502868300,-33.9102081284,150.7533167772
FAST_Aerotropolis,"103","0","103",0.07716550016789,240.85370368343746,-33.9110467749,150.7529456033
FAST_Aerotropolis,"104","0","104",0.07832337956933,277.83410782456082,-33.9108889549,150.7517985298
FAST_Aerotropolis,"105","0","105",0.07931969172642,277.83459469144367,-33.9107531478,150.7508115170
FAST_Aerotropolis,"106","0","106",0.08027710648120,277.83501996530549,-33.9106226352,150.7498630395
FAST_Aerotropolis,"107","0","107",0.08095424140621,277.83548141815385,-33.9105303251,150.7491922262
FAST_Aerotropolis,"108","0","108",0.08253605732965,277.83612986775813,-33.9103146703,150.7476251797
FAST_Aerotropolis,"109","0","109",0.08416658040246,234.52103028637632,-33.9100923536,150.7460098838
FAST_Aerotropolis,"110","0","110",0.08553915463720,191.20574780886366,-33.9114387615,150.7457431523
FAST_Aerotropolis,"111","0","111",0.08687072252806,191.20608475586107,-33.9127449430,150.7454843806
FAST_Aerotropolis,"112","0","112",0.08744073126811,191.20632454880072,-33.9133040840,150.7453736045
FAST_Aerotropolis,"113","0","113",0.08824667670792,191.20654555402629,-33.9140946628,150.7452169736
FAST_Aerotropolis,"114","0","114",0.08858354018013,191.20666589155982,-33.9144251031,150.7451515047
FAST_Aerotropolis,"115","0","115",0.08908536393770,191.20679858340617,-33.9149173584,150.7450539760
FAST_Aerotropolis,"116","0","116",0.09006005483064,234.52225026371380,-33.9158734636,150.7448645419
FAST_Aerotropolis,"117","0","117",0.09221434907052,277.83960040133962,-33.9155796928,150.7427303717
FAST_Aerotropolis,"118","0","118",0.09490744350482,277.83892833534213,-33.9152122594,150.7400624605
FAST_Aerotropolis,"119","0","119",0.09706146872967,234.51999637357795,-33.9149185754,150.7379285499
FAST_Aerotropolis,"120","0","120",0.09803615570583,191.20390023098599,-33.9158746871,150.7377391693
FAST_Aerotropolis,"121","0","121",0.09887484013049,191.20415310915962,-33.9166973875,150.7375762101
FAST_Aerotropolis,"122","0","122",0.09968078336735,191.20437400987959,-33.9174879700,150.7374196093
FAST_Aerotropolis,"123","0","123",0.10025079084086,191.20461371559443,-33.9180471131,150.7373088506
FAST_Aerotropolis,"124","0","124",0.10158235671417,191.20495058089054,-33.9193532980,150.7370501064
FAST_Aerotropolis,"125","0","125",0.10178277700347,191.20514837012050,-33.9195498979,150.7370111602
FAST_Aerotropolis,"126","0","126",0.10209599229583,191.20514837260089,-33.9198571425,150.7369502954
FAST_Aerotropolis,"127","0","127",0.10229144149781,191.20514837395234,-33.9200488660,150.7369123153
FAST_Aerotropolis,"128","0","128",0.10251444030096,191.20514837263673,-33.9202676140,150.7368689816
FAST_Aerotropolis,"129","0","129",0.10295493024871,191.20514837046133,-33.9206997072,150.7367833845
Aerotropolis_FAST,"0","0","0",0.00000000000000,11.20514837046129,-33.9206997072,150.7367833845
Aerotropolis_FAST,"1","0","1",0.00044048994775,11.20514837263675,-33.9202676140,150.7368689816
Aerotropolis_FAST,"2","0","2",0.00066348875090,11.20514837395233,-33.9200488660,150.7369123153
Aerotropolis_FAST,"3","0","3",0.00085893795288,11.20514837260088,-33.9198571425,150.7369502954
Aerotropolis_FAST,"4","0","4",0.00117215324523,11.20514837012049,-33.9195498979,150.7370111602
Aerotropolis_FAST,"5","0","5",0.00137257353454,11.20495058089051,-33.9193532980,150.7370501064
Aerotropolis_FAST,"6","0","6",0.00270413940784,11.20461371559441,-33.9180471131,150.7373088506
Aerotropolis_FAST,"7","0","7",0.00327414688135,11.20437400987959,-33.9174879700,150.7374196093
Aerotropolis_FAST,"8","0","8",0.00408009011821,11.20408183392212,-33.9166973875,150.7375762101
Aerotropolis_FAST,"9","0","9",0.00589346151903,54.52005770345411,-33.9149185754,150.7379285499
Aerotropolis_FAST,"10","0","10",0.00804748674388,97.83892833534217,-33.9152122594,150.7400624605
Aerotropolis_FAST,"11","0","11",0.01074058117818,97.83960040133960,-33.9155796928,150.7427303717
Aerotropolis_FAST,"12","0","12",0.01289487541806,54.52225026371379,-33.9158734636,150.7448645419
Aerotropolis_FAST,"13","0","13",0.01386956631100,11.20679858296302,-33.9149173584,150.7450539760
Aerotropolis_FAST,"14","0","14",0.01470825354078,11.20654555468645,-33.9140946628,150.7452169736
Aerotropolis_FAST,"15","0","15",0.01551419898059,11.20632454880071,-33.9133040840,150.7453736045
Aerotropolis_FAST,"16","0","16",0.01608420772064,11.20608475586106,-33.9127449430,150.7454843806
Aerotropolis_FAST,"17","0","17",0.01741577561150,11.20574780886365,-33.9114387615,150.7457431523
Aerotropolis_FAST,"18","0","18",0.01878834984625,54.52103028637629,-33.9100923536,150.7460098838
Aerotropolis_FAST,"19","0","19",0.02041887291905,97.83612986775812,-33.9103146703,150.7476251797
Aerotropolis_FAST,"20","0","20",0.02200068884249,97.83548141815388,-33.9105303251,150.7491922262
Aerotropolis_FAST,"21","0","21",0.02267782376751,97.83501996530549,-33.9106226352,150.7498630395
Aerotropolis_FAST,"22","0","22",0.02363523852228,97.83459469144374,-33.9107531478,150.7508115170
Aerotropolis_FAST,"23","0","23",0.02463155067937,97.83410782456085,-33.9108889549,150.7517985298
Aerotropolis_FAST,"24","0","24",0.02578943008081,60.85370368343745,-33.9110467749,150.7529456033
Aerotropolis_FAST,"25","0","25",0.02670654404307,60.38482502868298,-33.9102081284,150.7533167772
Aerotropolis_FAST,"26","0","26",0.02751485640333,96.89590458220580,-33.9103051818,150.7541192419
Aerotropolis_FAST,"27","0","27",0.02832317024800,96.89552334967968,-33.9104022301,150.7549217086
Aerotropolis_FAST,"28","0","28",0.02913148557690,96.89437963954731,-33.9104992732,150.7557241775
Aerotropolis_FAST,"29","0","29",0.03640639030061,96.89247344425944,-33.9113724286,150.7629464928
Aerotropolis_FAST,"30","0","30",0.03721472046312,107.22696760317297,-33.9114694201,150.7637489829
Aerotropolis_FAST,"31","0","31",0.03825508169449,107.62248009161011,-33.9119508104,150.7646712707
Aerotropolis_FAST,"32","0","32",0.03893027869744,97.68254532086520,-33.9120410736,150.7653404071
Aerotropolis_FAST,"33","0","33",0.03941282127723,97.68229036111541,-33.9121055820,150.7658186184
Aerotropolis_FAST,"34","0","34",0.04040901844720,97.68180416330270,-33.9122387491,150.7668058749
Aerotropolis_FAST,"35","0","35",0.04136632734222,97.68137946741659,-33.9123667102,150.7677545931
Aerotropolis_FAST,"36","0","36",0.04204339014199,97.68091864590684,-33.9124572069,150.7684255807
Aerotropolis_FAST,"37","0","37",0.04283765836466,97.68065128171943,-33.9125633621,150.7692127231
Aerotropolis_FAST,"38","0","38",0.04362504643806,97.68027107293776,-33.9126685977,150.7699930470
Aerotropolis_FAST,"39","0","39",0.04441810468029,97.67989086437321,-33.9127745807,150.7707789917
Aerotropolis_FAST,"40","0","40",0.04525541795599,97.67950488695419,-33.9128864779,150.7716087944
Aerotropolis_FAST,"41","0","41",0.04608261982141,97.67911890951363,-33.9129970127,150.7724285779
Aerotropolis_FAST,"42","0","42",0.04688579602303,97.67873869567185,-33.9131043372,150.7732245511
Aerotropolis_FAST,"43","0","43",0.04769594975489,97.67835848172065,-33.9132125833,150.7740274408
Aerotropolis_FAST,"44","0","44",0.04846747118977,97.67809111075182,-33.9133156677,150.7747920446
Aerotropolis_FAST,"45","0","45",0.04914454583552,97.67763027240360,-33.9134061267,150.7754630493
Aerotropolis_FAST,"46","0","46",0.05010187533478,97.67720556034077,-33.9135340220,150.7764117971
Aerotropolis_FAST,"47","0","47",0.05109809874102,97.67671934149533,-33.9136671054,150.7773990914
Aerotropolis_FAST,"48","0","48",0.05167102798496,97.67646436699350,-33.9137436368,150.7779668861
Aerotropolis_FAST,"49","0","49",0.05225587495867,97.67611901518623,-33.9138217601,150.7785464918
Aerotropolis_FAST,"50","0","50",0.05401560744650,97.67544743209061,-33.9140568026,150.7802904566
Aerotropolis_FAST,"51","0","51",0.05446793249777,97.67512120086269,-33.9141172133,150.7807387294
Aerotropolis_FAST,"52","0","52",0.05501184045017,97.67488994942534,-33.9141898554,150.7812777647
Aerotropolis_FAST,"53","0","53",0.05543951967844,97.67465869795798,-33.9142469710,150.7817016129
Aerotropolis_FAST,"54","0","54",0.05596918377592,97.67446522445483,-33.9143177065,150.7822265325
Aerotropolis_FAST,"55","0","55",0.05664627092452,97.67400436975636,-33.9144081255,150.7828975551
Aerotropolis_FAST,"56","0","56",0.05751684281100,97.67373698850737,-33.9145243747,150.7837603306
Aerotropolis_FAST,"57","0","57",0.05822798409288,97.67335675510324,-33.9146193348,150.7844651033
Aerotropolis_FAST,"58","0","58",0.05907283555424,97.67297652183224,-33.9147321383,150.7853023902
Aerotropolis_FAST,"59","0","59",0.05985841422300,97.67259051811801,-33.9148370278,150.7860809350
Aerotropolis_FAST,"60","0","60",0.06039343851412,97.67220451412894,-33.9149084564,150.7866111698
Aerotropolis_FAST,"61","0","61",0.06105183890877,97.67220451252075,-33.9149963565,150.7872636763
Aerotropolis_FAST,"62","0","62",0.06148885089060,97.67182427534748,-33.9150546999,150.7876967761
Aerotropolis_FAST,"63","0","63",0.06232264057544,97.67144403657825,-33.9151660044,150.7885231033
Aerotropolis_FAST,"64","0","64",0.06307058289599,97.67117664517086,-33.9152658489,150.7892643514
Aerotropolis_FAST,"65","0","65",0.06374768186953,97.67071577815391,-33.9153562301,150.7899353911
Aerotropolis_FAST,"66","0","66",0.06470504576280,97.67029103734116,-33.9154840155,150.7908841885
Aerotropolis_FAST,"67","0","67",0.06570130495599,97.66980478483362,-33.9156169846,150.7918715342
Aerotropolis_FAST,"68","0","68",0.06685912275849,97.03151829662910,-33.9157715064,150.7930189945
Aerotropolis_FAST,"69","0","69",0.06796105311855,97.20517133382413,-33.9158942129,150.7941140715
Aerotropolis_FAST,"70","0","70",0.06911846304804,98.01660049739773,-33.9160556304,150.7952601702
Aerotropolis_FAST,"71","0","71",0.07011437664376,98.01611351419277,-33.9161945161,150.7962463520
Aerotropolis_FAST,"72","0","72",0.07107141310534,98.43423882080032,-33.9163279725,150.7971940377
Aerotropolis_FAST,"73","0","73",0.07174781166343,98.25480261419231,-33.9164320655,150.7978623787
Aerotropolis_FAST,"74","0","74",0.07332959283553,97.83560329933520,-33.9166428261,150.7994300558
Aerotropolis_FAST,"75","0","75",0.07495950081818,98.01381050485276,-33.9168700654,150.8010440454
Aerotropolis_FAST,"76","0","76",0.07658941555015,98.01304307130896,-33.9170972838,150.8026580447
Aerotropolis_FAST,"77","0","77",0.07741423320654,98.01266224115054,-33.9172122568,150.8034748099
Aerotropolis_FAST,"78","0","78",0.07817064141564,98.01239442966803,-33.9173176940,150.8042238335
Aerotropolis_FAST,"79","0","79",0.07884752378513,98.01257002652981,-33.9174120397,150.8048941086
Aerotropolis_FAST,"80","0","80",0.07939537351242,98.01152319113223,-33.9174884088,150.8054366094
Aerotropolis_FAST,"81","0","81",0.07980458148094,98.01065438472733,-33.9175454305,150.8058418250
Aerotropolis_FAST,"82","0","82",0.08080052211461,97.74415890655837,-33.9176842328,150.8068280459
Aerotropolis_FAST,"83","0","83",0.08126529295786,97.47704198799093,-33.9177447129,150.8072888648
Aerotropolis_FAST,"84","0","84",0.08169515948587,97.47704198403574,-33.9178006510,150.8077150762
Aerotropolis_FAST,"85","0","85",0.08222782144188,97.47704198442315,-33.9178699657,150.8082432090
Aerotropolis_FAST,"86","0","86",0.08267415540276,97.70698879790204,-33.9179280466,150.8086857478
Aerotropolis_FAST,"87","0","87",0.08311649626540,97.93676509518885,-33.9179891264,150.8091238513
Aerotropolis_FAST,"88","0","88",0.08411252102417,97.93636302599081,-33.9181266547,150.8101103356
Aerotropolis_FAST,"89","0","89",0.08506966428874,97.93593774654342,-33.9182588066,150.8110583120
Aerotropolis_FAST,"90","0","90",0.08574660997516,97.93547628960391,-33.9183522674,150.8117287749
Aerotropolis_FAST,"91","0","91",0.08732799278424,97.93482782931244,-33.9185705824,150.8132950157
Aerotropolis_FAST,"92","0","92",0.08895808253297,97.93406059274143,-33.9187956000,150.8149095000
Aerotropolis_FAST,"93","0","93",0.09058817897305,97.93329335134037,-33.9190205968,150.8165239940
Aerotropolis_FAST,"94","0","94",0.09216958106262,97.93264487840898,-33.9192388516,150.8180902626
Aerotropolis_FAST,"95","0","95",0.09284653885229,97.93218340751372,-33.9193322747,150.8187607430
Aerotropolis_FAST,"96","0","96",0.09380370316855,97.93175811297942,-33.9194643610,150.8197087497
Aerotropolis_FAST,"97","0","97",0.09479975473330,97.93127122561646,-33.9196018057,150.8206952728
Aerotropolis_FAST,"98","0","98",0.09595733131003,97.94881063436274,-33.9197615290,150.8218417770
Aerotropolis_FAST,"99","0","99",0.09686616195328,97.93221766042251,-33.9198874892,150.8227418366
Aerotropolis_FAST,"100","0","100",0.09728755820119,97.89000345826976,-33.9199453920,150.8231592357
Aerotropolis_FAST,"101","0","101",0.09872392238961,97.88192755263725,-33.9201423698,150.8245820294
Aerotropolis_FAST,"102","0","102",0.09939182706725,97.88154325233029,-33.9202339581,150.8252436246
Aerotropolis_FAST,"103","0","103",0.09986198095092,97.88124814869344,-33.9202984271,150.8257093374
Aerotropolis_FAST,"104","0","104",0.10074355617289,97.88082740271918,-33.9204193066,150.8265825860
Aerotropolis_FAST,"105","0","105",0.10206006627510,97.88030478696434,-33.9205998114,150.8278866630
Aerotropolis_FAST,"106","0","106",0.10295495346431,97.88004270254409,-33.9207225000,150.8287731000
E-Tway-FromLeppington,"0","0","0",0.00000000000000,100.69976517246275,-33.9536059000,150.8081771000
E-Tway-FromLeppington,"1","0","1",0.00030754715085,100.19857284054342,-33.9536630000,150.8084793000
E-Tway-FromLeppington,"2","0","2",0.00046783751239,84.37935502119294,-33.9536900000,150.8086373000
E-Tway-FromLeppington,"3","0","3",0.00105826013206,32.72785599307706,-33.9534790016,150.8091887332
E-Tway-FromLeppington,"4","0","4",0.00217257713180,356.10349269829260,-33.9523668903,150.8091186556
E-Tway-FromLeppington,"5","0","5",0.00355235100543,339.23929492515845,-33.9509907997,150.8090179061
E-Tway-FromLeppington,"6","0","6",0.00390852608790,340.09284938698011,-33.9507076000,150.8088019000
E-Tway-FromLeppington,"7","0","7",0.00412342741444,358.21566097079136,-33.9504929000,150.8087926000
E-Tway-FromLeppington,"8","0","8",0.00423924831071,359.67809567650363,-33.9503771000,150.8087904000
E-Tway-FromLeppington,"9","0","9",0.00515427585675,2.34461003917100,-33.9494621000,150.8087975000
E-Tway-FromLeppington,"10","0","10",0.00528262791163,4.24629208561737,-33.9493341000,150.8088070000
E-Tway-FromLeppington,"11","0","11",0.00541088024102,6.62359820838999,-33.9492062000,150.8088165000
E-Tway-FromLeppington,"12","0","12",0.00592551519907,11.38899356248076,-33.9486979000,150.8088970000
E-Tway-FromLeppington,"13","0","13",0.00629247530594,13.51711115626130,-33.9483415000,150.8089844000
E-Tway-FromLeppington,"14","0","14",0.00670897189643,12.11663321544865,-33.9479361000,150.8090799000
E-Tway-FromLeppington,"15","0","15",0.00720627193669,11.39275189635925,-33.9474479000,150.8091746000
E-Tway-FromLeppington,"16","0","16",0.01013402371070,11.50231887019487,-33.9445821000,150.8097737000
E-Tway-FromLeppington,"17","0","17",0.01186319543385,11.19675390884178,-33.9428858420,150.8101094732
E-Tway-FromLeppington,"18","0","18",0.01232495229243,11.19650379545378,-33.9424328739,150.8101991353
E-Tway-FromLeppington,"19","0","19",0.01309212759666,11.35724850405840,-33.9416803000,150.8103481000
E-Tway-FromLeppington,"20","0","20",0.01394436660358,11.51797073966598,-33.9408452236,150.8105182727
E-Tway-FromLeppington,"21","0","21",0.01459356340278,11.51728393822032,-33.9402091000,150.8106479000
E-Tway-FromLeppington,"22","0","22",0.01520216407197,11.51528031099650,-33.9396127526,150.8107694094
E-Tway-FromLeppington,"23","0","23",0.01599017419016,11.16173749521445,-33.9388406000,150.8109267000
E-Tway-FromLeppington,"24","0","24",0.01692869012328,10.48066935116026,-33.9379187373,150.8111027152
E-Tway-FromLeppington,"25","0","25",0.01776653508771,10.67907003426465,-33.9370940092,150.8112503898
E-Tway-FromLeppington,"26","0","26",0.01857248052748,11.20632454852590,-33.9363034305,150.8114070207
E-Tway-FromLeppington,"27","0","27",0.01914248926754,11.20598434231468,-33.9357442895,150.8115177967
E-Tway-FromLeppington,"28","0","28",0.02184663139312,11.20534919460161,-33.9330917000,150.8120433000
E-Tway-FromLeppington,"29","0","29",0.02455077080096,11.20465516775862,-33.9304391059,150.8125687661
E-Tway-FromLeppington,"30","0","30",0.02592672151130,11.20419479384585,-33.9290893803,150.8128361256
E-Tway-FromLeppington,"31","0","31",0.02676540593601,11.20390413188400,-33.9282666800,150.8129990849
E-Tway-FromLeppington,"32","0","32",0.02768674444702,11.29655896600411,-33.9273629000,150.8131781000
E-Tway-FromLeppington,"33","0","33",0.02849554780725,11.38934250809344,-33.9265700237,150.8133378184
E-Tway-FromLeppington,"34","0","34",0.02915089892255,11.38934251609739,-33.9259275778,150.8134672339
E-Tway-FromLeppington,"35","0","35",0.02978769165377,11.38915938006644,-33.9253033248,150.8135929845
E-Tway-FromLeppington,"36","0","36",0.03015827467335,11.38891559925158,-33.9249400389,150.8136661631
E-Tway-FromLeppington,"37","0","37",0.03060613203002,11.69952209605823,-33.9245010000,150.8137546000
E-Tway-FromLeppington,"38","0","38",0.03150784370813,11.67510325590449,-33.9236190262,150.8139422332
E-Tway-FromLeppington,"39","0","39",0.03234664558985,11.33989583912924,-33.9227965998,150.8141071677
E-Tway-FromLeppington,"40","0","40",0.03315270119745,11.33967281188469,-33.9220062797,150.8142656599
E-Tway-FromLeppington,"41","0","41",0.03372278784938,11.33943082717806,-33.9214473217,150.8143777522
E-Tway-FromLeppington,"42","0","42",0.03505453773061,11.33909079915175,-33.9201415675,150.8146395989
E-Tway-FromLeppington,"43","0","43",0.03642729953738,11.33868852255530,-33.9187956000,150.8149095000
E-Tway-FromLeppington,"44","0","44",0.03780006062066,11.33828628229459,-33.9174496313,150.8151793914
E-Tway-FromLeppington,"45","0","45",0.03913180841730,11.33794633514839,-33.9161438737,150.8154412103
E-Tway-FromLeppington,"46","0","46",0.03970189376060,11.33770443851535,-33.9155849135,150.8155532852
E-Tway-FromLeppington,"47","0","47",0.04050794709211,9.58318997361770,-33.9147945896,150.8157117469
E-Tway-FromLeppington,"48","0","48",0.04134526808244,8.83426071160974,-33.9139650728,150.8158258011
E-Tway-FromLeppington,"49","0","49",0.04217951854118,9.83974436981779,-33.9131430945,150.8159683686
E-Tway-FromLeppington,"50","0","50",0.04231568590150,9.83974436999485,-33.9130089302,150.8159916387
E-Tway-FromLeppington,"51","0","51",0.04281577260513,0.36052312611964,-33.9125162000,150.8160771000
E-Tway-FromLeppington,"52","0","52",0.04298298582225,350.88130188438453,-33.9123511000,150.8160506000
E-Tway-ToLeppington,"0","0","0",0.00000000000000,170.88130188438458,-33.9123511000,150.8160506000
E-Tway-ToLeppington,"1","0","1",0.00016721321711,180.36052312592597,-33.9125162000,150.8160771000
E-Tway-ToLeppington,"2","0","2",0.00074603357814,189.83974436794793,-33.9130865057,150.8159781836
E-Tway-ToLeppington,"3","0","3",0.00163771773981,188.83426071207367,-33.9139650728,150.8158258011
E-Tway-ToLeppington,"4","0","4",0.00247503873013,189.58318997361772,-33.9147945896,150.8157117469
E-Tway-ToLeppington,"5","0","5",0.00328109206165,191.33770443851540,-33.9155849135,150.8155532852
E-Tway-ToLeppington,"6","0","6",0.00385117740495,191.33794633514839,-33.9161438737,150.8154412103
E-Tway-ToLeppington,"7","0","7",0.00518292520158,191.33828628296408,-33.9174496313,150.8151793914
E-Tway-ToLeppington,"8","0","8",0.00560478105289,191.33848588017909,-33.9178632538,150.8150964525
E-Tway-ToLeppington,"9","0","9",0.00655568628486,191.33868852225834,-33.9187956000,150.8149095000
E-Tway-ToLeppington,"10","0","10",0.00792844809164,191.33909079915179,-33.9201415675,150.8146395989
E-Tway-ToLeppington,"11","0","11",0.00926019797287,191.33943082717803,-33.9214473217,150.8143777522
E-Tway-ToLeppington,"12","0","12",0.00983028462479,191.33967281188472,-33.9220062797,150.8142656599
E-Tway-ToLeppington,"13","0","13",0.01063634023239,191.33989584141446,-33.9227965998,150.8141071677
E-Tway-ToLeppington,"14","0","14",0.01147514211407,191.67510325604749,-33.9236190262,150.8139422332
E-Tway-ToLeppington,"15","0","15",0.01237685379222,191.69952209391602,-33.9245010000,150.8137546000
E-Tway-ToLeppington,"16","0","16",0.01282471114890,191.38891559925156,-33.9249400389,150.8136661631
E-Tway-ToLeppington,"17","0","17",0.01319529416847,191.38915938006642,-33.9253033248,150.8135929845
E-Tway-ToLeppington,"18","0","18",0.01383208689970,191.38934251609737,-33.9259275778,150.8134672339
E-Tway-ToLeppington,"19","0","19",0.01448743801500,191.38934250809345,-33.9265700237,150.8133378184
E-Tway-ToLeppington,"20","0","20",0.01529624137522,191.29655896600414,-33.9273629000,150.8131781000
E-Tway-ToLeppington,"21","0","21",0.01621757988624,191.20390413188400,-33.9282666800,150.8129990849
E-Tway-ToLeppington,"22","0","22",0.01705626431094,191.20415310688614,-33.9290893803,150.8128361256
E-Tway-ToLeppington,"23","0","23",0.01786220754780,191.20437400909677,-33.9298799628,150.8126795248
E-Tway-ToLeppington,"24","0","24",0.01843221502128,191.20471410965811,-33.9304391059,150.8125687661
E-Tway-ToLeppington,"25","0","25",0.02113635442913,191.20534919460164,-33.9330917000,150.8120433000
E-Tway-ToLeppington,"26","0","26",0.02384049655470,191.20604331059036,-33.9357442895,150.8115177967
E-Tway-ToLeppington,"27","0","27",0.02521645073453,190.67902832875922,-33.9370940092,150.8112503898
E-Tway-ToLeppington,"28","0","28",0.02605429569897,190.48066934911861,-33.9379187373,150.8111027152
E-Tway-ToLeppington,"29","0","29",0.02699281163209,191.16172752184073,-33.9388406000,150.8109267000
E-Tway-ToLeppington,"30","0","30",0.02734220154322,191.51384910744835,-33.9391829590,150.8108569602
E-Tway-ToLeppington,"31","0","31",0.02778082175028,191.51528825544617,-33.9396127526,150.8107694094
E-Tway-ToLeppington,"32","0","32",0.02838942241947,191.51728393822034,-33.9402091000,150.8106479000
E-Tway-ToLeppington,"33","0","33",0.02903861921866,191.51797073966603,-33.9408452236,150.8105182727
E-Tway-ToLeppington,"34","0","34",0.02989085822559,191.35724850405839,-33.9416803000,150.8103481000
E-Tway-ToLeppington,"35","0","35",0.03065803352981,191.19650379545379,-33.9424328739,150.8101991353
E-Tway-ToLeppington,"36","0","36",0.03111979038840,191.19675390884177,-33.9428858420,150.8101094732
E-Tway-ToLeppington,"37","0","37",0.03284896211155,191.50231887019487,-33.9445821000,150.8097737000
E-Tway-ToLeppington,"38","0","38",0.03577671388556,191.39275189635927,-33.9474479000,150.8091746000
E-Tway-ToLeppington,"39","0","39",0.03627401392582,188.01066423939051,-33.9479361000,150.8090799000
E-Tway-ToLeppington,"40","0","40",0.03657999864757,182.46622274625281,-33.9482409000,150.8090530000
E-Tway-ToLeppington,"41","0","41",0.03709569961719,178.96249298907546,-33.9487566000,150.8090540000
E-Tway-ToLeppington,"42","0","42",0.03774057841196,178.28663538839169,-33.9494011000,150.8090761000
E-Tway-ToLeppington,"43","0","43",0.03810879841414,177.42089447697057,-33.9497692000,150.8090855000
E-Tway-ToLeppington,"44","0","44",0.03838497263450,176.78875265187838,-33.9500448000,150.8091033000
E-Tway-ToLeppington,"45","0","45",0.03872966300281,177.29579201069021,-33.9503891000,150.8091197000
E-Tway-ToLeppington,"46","0","46",0.03876600278814,178.68508217291793,-33.9504254000,150.8091214000
E-Tway-ToLeppington,"47","0","47",0.03887730283345,180.30619923164230,-33.9505367000,150.8091213000
E-Tway-ToLeppington,"48","0","48",0.03909181311294,191.73888204984115,-33.9507512000,150.8091192000
E-Tway-ToLeppington,"49","0","49",0.03935194469997,189.36472363296420,-33.9509907997,150.8090179061
E-Tway-ToLeppington,"50","0","50",0.04073171857360,176.10349269829260,-33.9523668903,150.8091186556
E-Tway-ToLeppington,"51","0","51",0.04184603557334,175.54985017092037,-33.9534790016,150.8091887332
E-Tway-ToLeppington,"52","0","52",0.04243153612430,221.62618123845482,-33.9540620040,150.8092427621
E-Tway-ToLeppington,"53","0","53",0.04329507585736,275.42408042147844,-33.9540839000,150.8083795000
E-Tway-ToLeppington,"54","0","54",0.04378930021950,282.30111625549574,-33.9539786058,150.8078966223
B-Tway-ToAirport,"0","0","0",0.00000000000000,277.83804499773839,-33.9204773695,150.7351680982
B-Tway-ToAirport,"1","0","1",0.00076024186264,277.83804499785060,-33.9203736928,150.7344149589
B-Tway-ToAirport,"2","0","2",0.00158179680192,277.83831271599325,-33.9202616545,150.7336010793
B-Tway-ToAirport,"3","0","3",0.00225891972339,277.83877415323531,-33.9201693067,150.7329302833
B-Tway-ToAirport,"4","0","4",0.00321631359999,277.83919941638419,-33.9200387283,150.7319818359
B-Tway-ToAirport,"5","0","5",0.00421259917204,277.83968625667916,-33.9199028376,150.7309948614
B-Tway-ToAirport,"6","0","6",0.00534240971154,284.13012816276557,-33.9197487244,150.7298756112
B-Tway-ToAirport,"7","0","7",0.00568726919122,330.15355736173149,-33.9196284015,150.7295524233
B-Tway-ToAirport,"8","0","8",0.00704551047719,9.88661957085044,-33.9182903316,150.7297856362
B-Tway-ToAirport,"9","0","9",0.00840375129684,9.88625882582046,-33.9169522606,150.7300188407
B-Tway-ToAirport,"10","0","10",0.00976199165017,9.88589811251180,-33.9156141887,150.7302520366
B-Tway-ToAirport,"11","0","11",0.01112023153735,9.88553743053868,-33.9142761157,150.7304852240
B-Tway-ToAirport,"12","0","12",0.01247847095850,53.39594808573978,-33.9129380418,150.7307184030
B-Tway-ToAirport,"13","0","13",0.01328679222764,96.90634844637009,-33.9130352425,150.7315208587
B-Tway-ToAirport,"14","0","14",0.01409511498619,53.39505934728452,-33.9131324381,150.7323233167
B-Tway-ToAirport,"15","0","15",0.01545335373148,9.88378060725731,-33.9117943591,150.7325564628
B-Tway-ToAirport,"16","0","16",0.01681159201105,9.88342008559520,-33.9104562792,150.7327896005
B-Tway-ToAirport,"17","0","17",0.01816982982506,9.88305959511586,-33.9091181982,150.7330227297
B-Tway-ToAirport,"18","0","18",0.01952806717353,9.88269913625583,-33.9077801162,150.7332558504
B-Tway-ToAirport,"19","0","19",0.02088630405665,9.88233870988757,-33.9064420332,150.7334889627
B-Tway-ToAirport,"20","0","20",0.02224454047453,53.39385429433404,-33.9051039491,150.7337220664
B-Tway-ToAirport,"21","0","21",0.02305279115131,96.90535949635344,-33.9052011275,150.7345244537
B-Tway-ToAirport,"22","0","22",0.02386104331624,53.39296590718119,-33.9052983008,150.7353268433
B-Tway-ToAirport,"23","0","23",0.02521927905912,9.88049269951128,-33.9039602118,150.7355599142
B-Tway-ToAirport,"24","0","24",0.02657751680743,9.88022249707835,-33.9026221186,150.7357929730
B-Tway-ToAirport,"25","0","25",0.02793574915023,9.87995232602875,-33.9012840307,150.7360260308
B-Tway-ToAirport,"26","0","26",0.02929398349875,53.39215953016986,-33.8999459386,150.7362590763
B-Tway-ToAirport,"27","0","27",0.03010218811872,72.12451341058265,-33.9000430987,150.7370614195
B-Tway-ToAirport,"28","0","28",0.03160058477576,32.28501428478533,-33.8990278000,150.7381634000
B-Tway-ToAirport,"29","0","29",0.03189875910395,15.20371061581061,-33.8987430000,150.7382517000
B-Tway-ToAirport,"30","0","30",0.03385366810443,12.91007974007217,-33.8968396000,150.7386975000
B-Tway-ToAirport,"31","0","31",0.03523760018364,8.99021874228915,-33.8954892000,150.7390003000
B-Tway-ToAirport,"32","0","32",0.03680470672121,7.77351667754487,-33.8939289000,150.7391462000
B-Tway-ToAirport,"33","0","33",0.03782067916666,11.15146771204966,-33.8929290000,150.7393262000
B-Tway-ToAirport,"34","0","34",0.04056707471726,12.22441245319581,-33.8902436000,150.7399018000
B-Tway-ToAirport,"35","0","35",0.04384995340064,12.11266671749319,-33.8870367000,150.7406040000
B-Tway-ToAirport,"36","0","36",0.04759397254722,11.69068124161667,-33.8833728000,150.7413744000
B-Tway-ToAirport,"37","0","37",0.04955651830721,305.41288837118168,-33.8814497000,150.7417659000
B-Tway-ToAirport,"38","0","38",0.05589017423598,239.31888543511778,-33.8846815079,150.7363188260
B-Tway-FromAirport,"0","0","0",0.00000000000000,59.31888543511776,-33.8846815079,150.7363188260
B-Tway-FromAirport,"1","0","1",0.00633365592877,125.41288837118168,-33.8814497000,150.7417659000
B-Tway-FromAirport,"2","0","2",0.00829620168876,191.69068124161669,-33.8833728000,150.7413744000
B-Tway-FromAirport,"3","0","3",0.01204022083533,192.11266671749317,-33.8870367000,150.7406040000
B-Tway-FromAirport,"4","0","4",0.01532309951872,192.22441245319581,-33.8902436000,150.7399018000
B-Tway-FromAirport,"5","0","5",0.01806949506931,191.15146771204968,-33.8929290000,150.7393262000
B-Tway-FromAirport,"6","0","6",0.01908546751477,187.99590973264077,-33.8939289000,150.7391462000
B-Tway-FromAirport,"7","0","7",0.01976583474649,185.39382610027380,-33.8946058000,150.7390776000
B-Tway-FromAirport,"8","0","8",0.02065261028182,188.81959120908363,-33.8954892000,150.7390003000
B-Tway-FromAirport,"9","0","9",0.02203654236102,192.91007974007218,-33.8968396000,150.7386975000
B-Tway-FromAirport,"10","0","10",0.02399145136151,195.20371061581062,-33.8987430000,150.7382517000
B-Tway-FromAirport,"11","0","11",0.02428962568970,212.28501428478538,-33.8990278000,150.7381634000
B-Tway-FromAirport,"12","0","12",0.02578802234673,252.12451341058264,-33.9000430987,150.7370614195
B-Tway-FromAirport,"13","0","13",0.02659622696671,233.39215953016986,-33.8999459386,150.7362590763
B-Tway-FromAirport,"14","0","14",0.02795446131523,189.87995232602876,-33.9012840307,150.7360260308
B-Tway-FromAirport,"15","0","15",0.02931269365803,189.88022249707836,-33.9026221186,150.7357929730
B-Tway-FromAirport,"16","0","16",0.03067093140634,189.88049269951131,-33.9039602118,150.7355599142
B-Tway-FromAirport,"17","0","17",0.03202916714921,233.39296590718121,-33.9052983008,150.7353268433
B-Tway-FromAirport,"18","0","18",0.03283741931414,276.90535949635347,-33.9052011275,150.7345244537
B-Tway-FromAirport,"19","0","19",0.03364566999093,233.39385429433403,-33.9051039491,150.7337220664
B-Tway-FromAirport,"20","0","20",0.03500390640881,189.88233870988759,-33.9064420332,150.7334889627
B-Tway-FromAirport,"21","0","21",0.03636214329193,189.88269913625584,-33.9077801162,150.7332558504
B-Tway-FromAirport,"22","0","22",0.03772038064039,189.88305959511587,-33.9091181982,150.7330227297
B-Tway-FromAirport,"23","0","23",0.03907861845441,189.88342008559519,-33.9104562792,150.7327896005
B-Tway-FromAirport,"24","0","24",0.04043685673398,189.88378060725734,-33.9117943591,150.7325564628
B-Tway-FromAirport,"25","0","25",0.04179509547926,233.39505934728453,-33.9131324381,150.7323233167
B-Tway-FromAirport,"26","0","26",0.04260341823781,276.90634844637009,-33.9130352425,150.7315208587
B-Tway-FromAirport,"27","0","27",0.04341173950696,233.39594808573980,-33.9129380418,150.7307184030
B-Tway-FromAirport,"28","0","28",0.04476997892811,189.88553743053865,-33.9142761157,150.7304852240
B-Tway-FromAirport,"29","0","29",0.04612821881529,189.88589811251180,-33.9156141887,150.7302520366
B-Tway-FromAirport,"30","0","30",0.04748645916862,189.88625882582045,-33.9169522606,150.7300188407
B-Tway-FromAirport,"31","0","31",0.04884469998826,189.88661957085046,-33.9182903316,150.7297856362
B-Tway-FromAirport,"32","0","32",0.05020294127424,150.15355736173152,-33.9196284015,150.7295524233
B-Tway-FromAirport,"33","0","33",0.05054780075392,104.13012816276557,-33.9197487244,150.7298756112
B-Tway-FromAirport,"34","0","34",0.05167761129342,97.83968625667917,-33.9199028376,150.7309948614
B-Tway-FromAirport,"35","0","35",0.05267389686547,97.83919941638425,-33.9200387283,150.7319818359
B-Tway-FromAirport,"36","0","36",0.05363129074206,97.83877415323533,-33.9201693067,150.7329302833
B-Tway-FromAirport,"37","0","37",0.05430841366354,97.83831271599327,-33.9202616545,150.7336010793
B-Tway-FromAirport,"38","0","38",0.05512996860281,97.83804499785062,-33.9203736928,150.7344149589
B-Tway-FromAirport,"39","0","39",0.05589021046546,97.83804499773839,-33.9204773695,150.7351680982
10thAv-Aerotropolis-Casula,"0","0","0",0.00000000000000,97.83710646420788,-33.9344642654,150.7404433226
10thAv-Aerotropolis-Casula,"1","0","1",0.00072468578370,54.52132822397417,-33.9345630816,150.7411612397
10thAv-Aerotropolis-Casula,"2","0","2",0.00209726001842,11.20534917765962,-33.9332166736,150.7414279711
10thAv-Aerotropolis-Casula,"3","0","3",0.00346983355296,11.20495058261403,-33.9318702645,150.7416946931
10thAv-Aerotropolis-Casula,"4","0","4",0.00480139942627,11.20461371559441,-33.9305640795,150.7419534372
10thAv-Aerotropolis-Casula,"5","0","5",0.00537140689978,11.20437400987959,-33.9300049364,150.7420641959
10thAv-Aerotropolis-Casula,"6","0","6",0.00617735013663,11.20415310882950,-33.9292143539,150.7422207968
10thAv-Aerotropolis-Casula,"7","0","7",0.00701603456134,11.23360257304751,-33.9283916536,150.7423837560
10thAv-Aerotropolis-Casula,"8","0","8",0.00799114826443,54.55456980371022,-33.9274353202,150.7425742111
10thAv-Aerotropolis-Casula,"9","0","9",0.01014413922575,97.84026657929591,-33.9277292258,150.7447070472
10thAv-Aerotropolis-Casula,"10","0","10",0.01499073829734,71.32515299339305,-33.9283898815,150.7495084070
10thAv-Aerotropolis-Casula,"11","0","11",0.01609891539747,27.34499650059518,-33.9276037660,150.7502894825
10thAv-Aerotropolis-Casula,"12","0","12",0.01745715564486,9.87407287350855,-33.9262656461,150.7505224022
10thAv-Aerotropolis-Casula,"13","0","13",0.01881539542713,9.87371288624869,-33.9249275251,150.7507553135
10thAv-Aerotropolis-Casula,"14","0","14",0.02017363474431,53.38500116139741,-33.9235894032,150.7509882162
10thAv-Aerotropolis-Casula,"15","0","15",0.02098206979231,96.89627873722182,-33.9236864766,150.7517908021
10thAv-Aerotropolis-Casula,"16","0","16",0.02179050632622,96.89589737068349,-33.9237835448,150.7525933900
10thAv-Aerotropolis-Casula,"17","0","17",0.02259894434598,96.89551600148246,-33.9238806078,150.7533959801
10thAv-Aerotropolis-Casula,"18","0","18",0.02340738385125,96.89456257093634,-33.9239776657,150.7541985722
10thAv-Aerotropolis-Casula,"19","0","19",0.02906650197168,96.89303707757726,-33.9246569263,150.7598167768
10thAv-Aerotropolis-Casula,"20","0","20",0.02987495335606,96.89208363580074,-33.9247539429,150.7606193860
10thAv-Aerotropolis-Casula,"21","0","21",0.03068340622468,96.89170225481379,-33.9248509543,150.7614219972
10thAv-Aerotropolis-Casula,"22","0","22",0.03149186057721,143.37889467058224,-33.9249479605,150.7622246106
10thAv-Aerotropolis-Casula,"23","0","23",0.03285009834166,148.86572522028052,-33.9262861104,150.7619918775
10thAv-Aerotropolis-Casula,"24","0","24",0.03379303677608,102.62663216310028,-33.9265753833,150.7628893485
10thAv-Aerotropolis-Casula,"25","0","25",0.03462610806751,97.38787535131398,-33.9266825075,150.7637155035
10thAv-Aerotropolis-Casula,"26","0","26",0.03562275971728,97.38742799433827,-33.9268106590,150.7647038819
10thAv-Aerotropolis-Casula,"27","0","27",0.03658050528490,97.38700364287936,-33.9269338002,150.7656536781
10thAv-Aerotropolis-Casula,"28","0","28",0.03725787688519,97.38654319339746,-33.9270208880,150.7663254280
10thAv-Aerotropolis-Casula,"29","0","29",0.03884025443089,97.38589614886709,-33.9272243154,150.7678946750
10thAv-Aerotropolis-Casula,"30","0","30",0.03958132567793,97.38551624999356,-33.9273195763,150.7686295981
10thAv-Aerotropolis-Casula,"31","0","31",0.04047136922888,97.38513058669231,-33.9274339869,150.7695122575
10thAv-Aerotropolis-Casula,"32","0","32",0.04124709475162,97.38474492125052,-33.9275336921,150.7702815487
10thAv-Aerotropolis-Casula,"33","0","33",0.04210249039208,97.38436501877158,-33.9276436374,150.7711298492
10thAv-Aerotropolis-Casula,"34","0","34",0.04282726828203,97.38398511361096,-33.9277367847,150.7718486166
10thAv-Aerotropolis-Casula,"35","0","35",0.04368488627839,97.38371795782871,-33.9278470044,150.7726991225
10thAv-Aerotropolis-Casula,"36","0","36",0.04436226939196,97.38325749679194,-33.9279340544,150.7733708890
10thAv-Aerotropolis-Casula,"37","0","37",0.04532003498508,97.38283313209732,-33.9280571296,150.7743207139
10thAv-Aerotropolis-Casula,"38","0","38",0.04582163504389,97.38260206989480,-33.9281215824,150.7748181558
10thAv-Aerotropolis-Casula,"39","0","39",0.04631671213413,97.38234730603462,-33.9281851971,150.7753091288
10thAv-Aerotropolis-Casula,"40","0","40",0.04672324334488,97.38209254472331,-33.9282374305,150.7757122905
10thAv-Aerotropolis-Casula,"41","0","41",0.04704999621595,97.38209254105230,-33.9282794136,150.7760363350
10thAv-Aerotropolis-Casula,"42","0","42",0.04747501558818,97.38181866804452,-33.9283340225,150.7764578315
10thAv-Aerotropolis-Casula,"43","0","43",0.04863332224918,97.38129002330029,-33.9284828373,150.7776065388
10thAv-Aerotropolis-Casula,"44","0","44",0.04963000729148,97.38080419304748,-33.9286108788,150.7785949651
10thAv-Aerotropolis-Casula,"45","0","45",0.05058778494405,97.38037981676619,-33.9287339143,150.7795448073
10thAv-Aerotropolis-Casula,"46","0","46",0.05126517923428,97.37991933826743,-33.9288209274,150.7802165899
10thAv-Aerotropolis-Casula,"47","0","47",0.05218389152884,97.37965217636260,-33.9289389299,150.7811276923
10thAv-Aerotropolis-Casula,"48","0","48",0.05284760977713,97.37927225367167,-33.9290241801,150.7817859129
10thAv-Aerotropolis-Casula,"49","0","49",0.05447877919324,97.37850664400065,-33.9292336716,150.7834035738
10thAv-Aerotropolis-Casula,"50","0","50",0.05610995496327,97.37754770815326,-33.9294431422,150.7850212439
10thAv-Aerotropolis-Casula,"51","0","51",0.05932760723977,97.37633927213342,-33.9298562793,150.7882122632
10thAv-Aerotropolis-Casula,"52","0","52",0.06148265993992,94.72642510053726,-33.9301329343,150.7903494843
10thAv-Aerotropolis-Casula,"53","0","53",0.06292818329346,94.51100368629986,-33.9301853275,150.7917940578
10thAv-Aerotropolis-Casula,"54","0","54",0.06349330694698,97.77371943046364,-33.9302536589,150.7923550352
10thAv-Aerotropolis-Casula,"55","0","55",0.06387516679643,98.60300766115444,-33.9303107774,150.7927325989
10thAv-Aerotropolis-Casula,"56","0","56",0.06423486885735,98.60246221592563,-33.9303645869,150.7930882534
10thAv-Aerotropolis-Casula,"57","0","57",0.06451847653375,98.60203215955882,-33.9304070036,150.7933686712
10thAv-Aerotropolis-Casula,"58","0","58",0.06490120765695,98.60257760454580,-33.9304642524,150.7937470965
10thAv-Aerotropolis-Casula,"59","0","59",0.06523030980305,98.60218988709154,-33.9305134795,150.7940724961
10thAv-Aerotropolis-Casula,"60","0","60",0.06562511784280,98.60180217042570,-33.9305725295,150.7944628632
10thAv-Aerotropolis-Casula,"61","0","61",0.06618689219971,98.60160781076635,-33.9306565521,150.7950183186
10thAv-Aerotropolis-Casula,"62","0","62",0.06686344130050,98.60114483515464,-33.9307577366,150.7956872583
10thAv-Aerotropolis-Casula,"63","0","63",0.06844389795987,98.60049423721273,-33.9309940946,150.7972499413
10thAv-Aerotropolis-Casula,"64","0","64",0.06925339465324,98.60011225540987,-33.9311151446,150.7980503361
10thAv-Aerotropolis-Casula,"65","0","65",0.07007303346763,98.62837473016222,-33.9312377111,150.7988607590
10thAv-Aerotropolis-Casula,"66","0","66",0.07103815090165,98.58634573316775,-33.9313829735,150.7998148819
10thAv-Aerotropolis-Casula,"67","0","67",0.07170217728800,98.55711911800276,-33.9314813069,150.8004715870
10thAv-Aerotropolis-Casula,"68","0","68",0.07491582130543,98.59754534011768,-33.9319617595,150.8036491132
10thAv-Aerotropolis-Casula,"69","0","69",0.07706819113941,97.97283046401590,-33.9322835000,150.8057773000
10thAv-Aerotropolis-Casula,"70","0","70",0.07851110977906,97.34877994328892,-33.9324680617,150.8072083665
10thAv-Aerotropolis-Casula,"71","0","71",0.08024201244898,97.34981774337203,-33.9326894605,150.8089250512
10thAv-Aerotropolis-Casula,"72","0","72",0.08113217298007,97.35057602631443,-33.9328033517,150.8098078958
10thAv-Aerotropolis-Casula,"73","0","73",0.08238878908693,97.35005576963543,-33.9329641178,150.8110541856
10thAv-Aerotropolis-Casula,"74","0","74",0.08338609769525,97.67375459372845,-33.9330917000,150.8120433000
10thAv-Aerotropolis-Casula,"75","0","75",0.08534762106222,97.99811890430007,-33.9333646140,150.8139857448
10thAv-Aerotropolis-Casula,"76","0","76",0.08947852542766,187.99780864477751,-33.9339394189,150.8180764624
10thAv-Aerotropolis-Casula,"77","0","77",0.09067460646463,187.99709935927768,-33.9337730166,150.8168920131
10thAv-Aerotropolis-Casula,"78","0","78",0.09187068750160,97.99569671054972,-33.9339394189,150.8180764624
10thAv-Aerotropolis-Casula,"79","0","79",0.09283299174646,97.99600696882715,-33.9340732509,150.8190294149
10thAv-Aerotropolis-Casula,"80","0","80",0.09367278384633,97.99771987908204,-33.9341900943,150.8198610388
10thAv-Aerotropolis-Casula,"81","0","81",0.09415150121291,96.59319047999934,-33.9342567000,150.8203351000
10thAv-Aerotropolis-Casula,"82","0","82",0.09442130679106,90.02333279927340,-33.9342811000,150.8206038000
10thAv-Aerotropolis-Casula,"83","0","83",0.09456970399454,72.42346223476164,-33.9342678000,150.8207516000
10thAv-Aerotropolis-Casula,"84","0","84",0.09475124319143,58.11779605263800,-33.9341770000,150.8209088000
10thAv-Aerotropolis-Casula,"85","0","85",0.09492708326084,54.28483256309637,-33.9340793000,150.8210550000
10thAv-Aerotropolis-Casula,"86","0","86",0.09546519665031,40.06557855240542,-33.9337504000,150.8214809000
10thAv-Aerotropolis-Casula,"87","0","87",0.09571256398850,18.17782567010350,-33.9335316000,150.8215963000
10thAv-Aerotropolis-Casula,"88","0","88",0.09589893399680,355.25009498956820,-33.9333473000,150.8216240000
10thAv-Aerotropolis-Casula,"89","0","89",0.09613263166487,342.01838207167356,-33.9331251000,150.8215516000
10thAv-Aerotropolis-Casula,"90","0","90",0.09645380576088,347.30863345805017,-33.9328195000,150.8214528000
10thAv-Aerotropolis-Casula,"91","0","91",0.09664926317316,352.55240522081607,-33.9326257000,150.8214274000
10thAv-Aerotropolis-Casula,"92","0","92",0.09673125128196,36.75567035110080,-33.9325444000,150.8214168000
10thAv-Aerotropolis-Casula,"93","0","93",0.09762854660676,88.60022592733756,-33.9324031000,150.8223029000
10thAv-Aerotropolis-Casula,"94","0","94",0.10716612913588,138.65325786046097,-33.9334432000,150.8317836000
10thAv-Aerotropolis-Casula,"95","0","95",0.10739076655485,177.94268597522517,-33.9336678000,150.8317795000
10thAv-Aerotropolis-Casula,"96","0","96",0.10793999270135,175.73738553035156,-33.9342148000,150.8318289000
10thAv-Aerotropolis-Casula,"97","0","97",0.10834549175191,175.68603344141442,-33.9346196000,150.8318527000
10thAv-Aerotropolis-Casula,"98","0","98",0.10854935123782,173.94813146474408,-33.9348226000,150.8318714000
10thAv-Aerotropolis-Casula,"99","0","99",0.10865429831972,168.38492725215502,-33.9349268000,150.8318839000
10thAv-Aerotropolis-Casula,"100","0","100",0.10870214244162,154.71343103205251,-33.9349727000,150.8318974000
10thAv-Aerotropolis-Casula,"101","0","101",0.10873756136314,137.10494284201511,-33.9350020000,150.8319173000
10thAv-Aerotropolis-Casula,"102","0","102",0.10878795918054,118.28380167386555,-33.9350333000,150.8319568000
10thAv-Aerotropolis-Casula,"103","0","103",0.10885047805768,99.42016001602299,-33.9350528000,150.8320162000
10thAv-Aerotropolis-Casula,"104","0","104",0.10892788329007,89.12029870630089,-33.9350537000,150.8320936000
10thAv-Aerotropolis-Casula,"105","0","105",0.10899404256757,86.23899195973543,-33.9350509000,150.8321597000
10thAv-Aerotropolis-Casula,"106","0","106",0.10940155361037,81.15512825966448,-33.9350147000,150.8325656000
10thAv-Aerotropolis-Casula,"107","0","107",0.10947860735788,71.48135762888484,-33.9349979000,150.8326408000
10thAv-Aerotropolis-Casula,"108","0","108",0.10954385580610,56.07489413761956,-33.9349709000,150.8327002000
10thAv-Aerotropolis-Casula,"109","0","109",0.10958707675010,81.17955223586810,-33.9349412000,150.8327316000
10thAv-Aerotropolis-Casula,"110","0","110",0.10963193664312,113.53058996604079,-33.9349607000,150.8327720000
10thAv-Aerotropolis-Casula,"111","0","111",0.10969086006798,99.77546190434468,-33.9349821000,150.8328269000
10thAv-Aerotropolis-Casula,"112","0","112",0.10976639509298,86.17769238248017,-33.9349798000,150.8329024000
10thAv-Aerotropolis-Casula,"113","0","113",0.11016430268276,83.17877139838230,-33.9349389000,150.8332982000
10thAv-Aerotropolis-Casula,"114","0","114",0.11030236136594,77.69717991113852,-33.9349203000,150.8334350000
10thAv-Aerotropolis-Casula,"115","0","115",0.11037613344737,67.25895533654882,-33.9348989000,150.8335056000
10thAv-Aerotropolis-Casula,"116","0","116",0.11042853583282,56.69322684489806,-33.9348738000,150.8335516000
10thAv-Aerotropolis-Casula,"117","0","117",0.11052535447773,47.32763317006167,-33.9348142000,150.8336279000
10thAv-Aerotropolis-Casula,"118","0","118",0.11056328731308,80.03791144276968,-33.9347863000,150.8336536000
10thAv-Aerotropolis-Casula,"119","0","119",0.11061387288414,109.17349510648906,-33.9348096000,150.8336985000
10thAv-Aerotropolis-Casula,"120","0","120",0.11066296188498,90.55671238286671,-33.9348189000,150.8337467000
10thAv-Aerotropolis-Casula,"121","0","121",0.11071755977867,76.30646289791066,-33.9348096000,150.8338005000
10thAv-Aerotropolis-Casula,"122","0","122",0.11078695699553,70.73259072404154,-33.9347886398,150.8338666562
10thAv-Aerotropolis-Casula,"123","0","123",0.11081698694132,68.37831815529532,-33.9347779000,150.8338947000
10thAv-Aerotropolis-Casula,"124","0","124",0.11133931107438,61.85168794806157,-33.9345798000,150.8343780000
10thAv-Aerotropolis-Casula,"125","0","125",0.11140421199891,50.69670646382990,-33.9345435000,150.8344318000
10thAv-Aerotropolis-Casula,"126","0","126",0.11145462995208,41.72903048846017,-33.9345081000,150.8344677000
10thAv-Aerotropolis-Casula,"127","0","127",0.11151838361863,69.48327064008352,-33.9344579000,150.8345070000
10thAv-Aerotropolis-Casula,"128","0","128",0.11159710655045,95.94432901150981,-33.9344728000,150.8345843000
10thAv-Aerotropolis-Casula,"129","0","129",0.11164981423490,80.72833018838772,-33.9344737000,150.8346370000
10thAv-Aerotropolis-Casula,"130","0","130",0.11170816875486,70.01732071127067,-33.9344542000,150.8346920000
10thAv-Aerotropolis-Casula,"131","0","131",0.11210784163361,70.79952482277757,-33.9343146000,150.8350665000
10thAv-Aerotropolis-Casula,"132","0","132",0.11219509190582,74.56402296798055,-33.9342877000,150.8351495000
10thAv-Aerotropolis-Casula,"133","0","133",0.11230784406767,76.25653367978754,-33.9342625000,150.8352594000
10thAv-Aerotropolis-Casula,"134","0","134",0.11248153143048,77.90491584356890,-33.9342188000,150.8354275000
10thAv-Aerotropolis-Casula,"135","0","135",0.11268742548090,81.59893245235183,-33.9341844000,150.8356305000
10thAv-Aerotropolis-Casula,"136","0","136",0.11284334962912,86.91736005771142,-33.9341649000,150.8357852000
10thAv-Aerotropolis-Casula,"137","0","137",0.11289395763245,85.80203796449585,-33.9341658000,150.8358358000
10thAv-Aerotropolis-Casula,"138","0","138",0.11293369288127,88.54001432499136,-33.9341593000,150.8358750000
10thAv-Aerotropolis-Casula,"139","0","139",0.11299911275595,101.17409807036768,-33.9341667000,150.8359400000
10thAv-Aerotropolis-Casula,"140","0","140",0.11305036204861,106.40863503149617,-33.9341807000,150.8359893000
10thAv-Aerotropolis-Casula,"141","0","141",0.11318094390033,166.95668056919786,-33.9342188000,150.8361142000
10thAv-Aerotropolis-Casula,"142","0","142",0.11322459765161,219.54112140800282,-33.9342486000,150.8360823000
10thAv-Aerotropolis-Casula,"143","0","143",0.11328175287886,200.18398906159027,-33.9342970000,150.8360519000
10thAv-Aerotropolis-Casula,"144","0","144",0.11355961802597,190.64368353051742,-33.9345720000,150.8360121000
10thAv-Aerotropolis-Casula,"145","0","145",0.11380536710534,192.98215042944204,-33.9348114000,150.8359566000
10thAv-Aerotropolis-Casula,"146","0","146",0.11398213684256,203.85544785334253,-33.9349837000,150.8359171000
10thAv-Aerotropolis-Casula,"147","0","147",0.11403803335409,214.83445997113725,-33.9350296000,150.8358852000
10thAv-Aerotropolis-Casula,"148","0","148",0.11425352460682,217.72854911032590,-33.9352064000,150.8357620000
10thAv-Aerotropolis-Casula,"149","0","149",0.11442813193770,166.64395881174477,-33.9353390000,150.8356484000
10thAv-Aerotropolis-Casula,"150","0","150",0.11445533965720,119.39006573898200,-33.9353495000,150.8356735000
10thAv-Aerotropolis-Casula,"151","0","151",0.11449592352099,133.40305951401209,-33.9353734000,150.8357063000
10thAv-Aerotropolis-Casula,"152","0","152",0.11452072533546,147.22389796988776,-33.9353926000,150.8357220000
10thAv-Aerotropolis-Casula,"153","0","153",0.11454760320740,161.72497247343935,-33.9354167000,150.8357339000
10thAv-Aerotropolis-Casula,"154","0","154",0.11457788851733,135.56110372479824,-33.9354465000,150.8357393000
10thAv-Aerotropolis-Casula,"155","0","155",0.11492870143043,103.82702689037198,-33.9355158000,150.8360832000
10thAv-Aerotropolis-Casula,"156","0","156",0.11528797343046,114.38211264777239,-33.9356164000,150.8364281000
10thAv-Aerotropolis-Casula,"157","0","157",0.11571116176915,120.87170468419190,-33.9358438000,150.8367850000
10thAv-Aerotropolis-Casula,"158","0","158",0.11618836672512,115.32354136948085,-33.9360769000,150.8372014000
10thAv-Aerotropolis-Casula,"159","0","159",0.11634754853942,104.64003468435453,-33.9361350000,150.8373496000
10thAv-Aerotropolis-Casula,"160","0","160",0.11680455625268,97.02282958581567,-33.9361976000,150.8378023000
10thAv-Aerotropolis-Casula,"161","0","161",0.11692917876269,87.90883836355029,-33.9362110000,150.8379262000
10thAv-Aerotropolis-Casula,"162","0","162",0.11738927228579,80.95628025948476,-33.9361283000,150.8383788000
10thAv-Aerotropolis-Casula,"163","0","163",0.11788649346396,85.01721178450927,-33.9360614000,150.8388715000
10thAv-Aerotropolis-Casula,"164","0","164",0.11846393198882,92.66505518238482,-33.9360389000,150.8394485000
10thAv-Aerotropolis-Casula,"165","0","165",0.11896993408368,65.89588114079334,-33.9361055000,150.8399501000
10thAv-Aerotropolis-Casula,"166","0","166",0.11901420111430,43.60090853643258,-33.9360689000,150.8399750000
10thAv-Aerotropolis-Casula,"167","0","167",0.11905804127853,61.46322186938986,-33.9360425000,150.8400100000
10thAv-Aerotropolis-Casula,"168","0","168",0.11910413390266,77.85615319595590,-33.9360267000,150.8400533000
10thAv-Aerotropolis-Casula,"169","0","169",0.11915146349173,93.53453316028866,-33.9360232000,150.8401005000
10thAv-Aerotropolis-Casula,"170","0","170",0.11917287937368,101.28798004848120,-33.9360274000,150.8401215000
10thAv-Aerotropolis-Casula,"171","0","171",0.11919847253682,109.48275025036486,-33.9360324000,150.8401466000
10thAv-Aerotropolis-Casula,"172","0","172",0.11924364996484,123.71530726245777,-33.9360534000,150.8401866000
10thAv-Aerotropolis-Casula,"173","0","173",0.11929293140149,112.32734480055838,-33.9360849000,150.8402245000
10thAv-Aerotropolis-Casula,"174","0","174",0.11967975875316,89.35868403874171,-33.9361181000,150.8406099000
10thAv-Aerotropolis-Casula,"175","0","175",0.12013301514858,76.21390030630623,-33.9360691000,150.8410605000
10thAv-Aerotropolis-Casula,"176","0","176",0.12053622707796,63.91190841673517,-33.9359222000,150.8414360000
10thAv-Aerotropolis-Casula,"177","0","177",0.12089448890958,59.94715432629962,-33.9357387000,150.8417437000
10thAv-Aerotropolis-Casula,"178","0","178",0.12107004066835,67.72327885434204,-33.9356528000,150.8418968000
10thAv-Aerotropolis-Casula,"179","0","179",0.12124977616845,78.15959001874424,-33.9356055000,150.8420702000
10thAv-Aerotropolis-Casula,"180","0","180",0.12140474771422,82.38854386136546,-33.9355828000,150.8422235000
10thAv-Aerotropolis-Casula,"181","0","181",0.12156437058225,89.05397647388044,-33.9355639000,150.8423820000
10thAv-Aerotropolis-Casula,"182","0","182",0.12191385198378,96.97702518712148,-33.9355938000,150.8427302000
10thAv-Aerotropolis-Casula,"183","0","183",0.12220578296877,99.00935858081603,-33.9356397000,150.8430185000
10thAv-Aerotropolis-Casula,"184","0","184",0.12230773050429,99.02587200071127,-33.9356556000,150.8431192000
10thAv-Aerotropolis-Casula,"185","0","185",0.12246996305344,98.93395155801454,-33.9356812000,150.8432794000
10thAv-Aerotropolis-Casula,"186","0","186",0.12260282305493,98.36031123323021,-33.9357015000,150.8434107000
10thAv-Aerotropolis-Casula,"187","0","187",0.12361228059740,98.08434235646820,-33.9358408000,150.8444105000
10thAv-Aerotropolis-Casula,"188","0","188",0.12373373346891,97.22361230251025,-33.9358582000,150.8445307000
10thAv-Aerotropolis-Casula,"189","0","189",0.12378734811242,97.06823982494916,-33.9358640000,150.8445840000
10thAv-Aerotropolis-Casula,"190","0","190",0.12579321063267,97.94593877902525,-33.9361406000,150.8465707000
10thAv-Aerotropolis-Casula,"191","0","191",0.12582279610204,89.70530443214838,-33.9361447000,150.8466000000
10thAv-Aerotropolis-Casula,"192","0","192",0.12595051724361,78.24364307695809,-33.9361257000,150.8467263000
10thAv-Aerotropolis-Casula,"193","0","193",0.12610588139649,74.76690683149840,-33.9360856000,150.8468764000
10thAv-Aerotropolis-Casula,"194","0","194",0.12614552480701,79.82247847665062,-33.9360750000,150.8469146000
10thAv-Aerotropolis-Casula,"195","0","195",0.12618576868855,91.14654554828041,-33.9360716000,150.8469547000
10thAv-Aerotropolis-Casula,"196","0","196",0.12623484923460,103.80588774489253,-33.9360777000,150.8470034000
10thAv-Aerotropolis-Casula,"197","0","197",0.12628288297274,117.63502140796099,-33.9360945000,150.8470484000
10thAv-Aerotropolis-Casula,"198","0","198",0.12632879299344,132.68048605382248,-33.9361207000,150.8470861000
10thAv-Aerotropolis-Casula,"199","0","199",0.12637255690550,120.29943657488084,-33.9361545000,150.8471139000
10thAv-Aerotropolis-Casula,"200","0","200",0.12681614402207,96.80782861109920,-33.9362318000,150.8475507000
10thAv-Aerotropolis-Casula,"201","0","201",0.12720690655867,93.48268776490779,-33.9362562000,150.8479407000
10thAv-Aerotropolis-Casula,"202","0","202",0.12855826477916,93.25513957847234,-33.9363360000,150.8492897000
10thAv-Aerotropolis-Casula,"203","0","203",0.12878390028164,93.65547786776754,-33.9363483000,150.8495150000
10thAv-Aerotropolis-Casula,"204","0","204",0.12914967607362,97.09646814162005,-33.9363750000,150.8498798000
10thAv-Aerotropolis-Casula,"205","0","205",0.12945065489348,102.38384720097771,-33.9364273000,150.8501762000
10thAv-Aerotropolis-Casula,"206","0","206",0.12972107948554,106.91180169452596,-33.9364962000,150.8504377000
10thAv-Aerotropolis-Casula,"207","0","207",0.12999235594969,111.48946389562016,-33.9365848000,150.8506941000
10thAv-Aerotropolis-Casula,"208","0","208",0.13043167607217,116.36392424960616,-33.9367629000,150.8510957000
10thAv-Aerotropolis-Casula,"209","0","209",0.13070661071894,123.89603271401779,-33.9368954000,150.8513366000
10thAv-Aerotropolis-Casula,"210","0","210",0.13084618539432,120.49707428817725,-33.9369832000,150.8514451000
10thAv-Aerotropolis-Casula,"211","0","211",0.13125196963501,100.40765410444808,-33.9371353000,150.8518213000
10thAv-Aerotropolis-Casula,"212","0","212",0.13129978009409,93.36339715458060,-33.9371343000,150.8518691000
10thAv-Aerotropolis-Casula,"213","0","213",0.13134329572347,103.41063178753296,-33.9371403000,150.8519122000
10thAv-Aerotropolis-Casula,"214","0","214",0.13138652545863,114.28660168233087,-33.9371543000,150.8519531000
10thAv-Aerotropolis-Casula,"215","0","215",0.13142853605251,125.48485643908239,-33.9371751000,150.8519896000
10thAv-Aerotropolis-Casula,"216","0","216",0.13146899652709,137.49157392718774,-33.9372018000,150.8520200000
10thAv-Aerotropolis-Casula,"217","0","217",0.13150783838592,149.77012807343760,-33.9372331000,150.8520430000
10thAv-Aerotropolis-Casula,"218","0","218",0.13154499010190,164.24861301295977,-33.9372670000,150.8520582000
10thAv-Aerotropolis-Casula,"219","0","219",0.13158249850098,179.37324792494144,-33.9373042000,150.8520630000
10thAv-Aerotropolis-Casula,"220","0","220",0.13161920626580,193.67469033740031,-33.9373407000,150.8520591000
10thAv-Aerotropolis-Casula,"221","0","221",0.13165976400244,179.39254206715685,-33.9373785000,150.8520444000
10thAv-Aerotropolis-Casula,"222","0","222",0.13195940355256,146.85362398367829,-33.9376554000,150.8521589000
10thAv-Aerotropolis-Casula,"223","0","223",0.13280245140406,132.91228026968619,-33.9382636000,150.8527427000
10thAv-Aerotropolis-Casula,"224","0","224",0.13353757779458,126.46285975278649,-33.9387327000,150.8533087000
10thAv-Aerotropolis-Casula,"225","0","225",0.13410261032461,126.21971052670983,-33.9390427000,150.8537811000
10thAv-Aerotropolis-Casula,"226","0","226",0.13479612693578,128.87237206157027,-33.9394807000,150.8543188000
10thAv-Aerotropolis-Casula,"227","0","227",0.13491816123427,128.57141291095974,-33.9395568000,150.8544142000
10thAv-Aerotropolis-Casula,"228","0","228",0.13529978797597,126.74427131778111,-33.9397947000,150.8547126000
10thAv-Aerotropolis-Casula,"229","0","229",0.13570520155495,125.35088558249846,-33.9400268000,150.8550450000
10thAv-Aerotropolis-Casula,"230","0","230",0.13603652183806,125.84751554095101,-33.9402205000,150.8553138000
10thAv-Aerotropolis-Casula,"231","0","231",0.13634114386613,122.57406459744570,-33.9403992000,150.8555605000
10thAv-Aerotropolis-Casula,"232","0","232",0.13658545254384,117.39081699093857,-33.9405185000,150.8557737000
10thAv-Aerotropolis-Casula,"233","0","233",0.13674727973562,114.40850081714531,-33.9405883000,150.8559197000
10thAv-Aerotropolis-Casula,"234","0","234",0.13706273052419,106.16585483040186,-33.9407129000,150.8562095000
10thAv-Aerotropolis-Casula,"235","0","235",0.13817836869581,98.17542817989489,-33.9408887000,150.8573112000
10thAv-Aerotropolis-Casula,"236","0","236",0.13869967630174,97.28138997556799,-33.9409548000,150.8578283000
10thAv-Aerotropolis-Casula,"237","0","237",0.13925616012899,97.50871565660040,-33.9410253000,150.8583803000
10thAv-Aerotropolis-Casula,"238","0","238",0.14150918205745,97.63988450168083,-33.9413287000,150.8606128000
10thAv-Aerotropolis-Casula,"239","0","239",0.14815101989947,97.52996730753991,-33.9422003000,150.8671972000
10thAv-Aerotropolis-Casula,"240","0","240",0.14834206272190,97.95612882347662,-33.9422253000,150.8673866000
10thAv-Aerotropolis-Casula,"241","0","241",0.14846538344199,98.38680707614058,-33.9422433000,150.8675086000
10thAv-Aerotropolis-Casula,"242","0","242",0.14946778760198,98.13440001229129,-33.9423894000,150.8685003000
10thAv-Aerotropolis-Casula,"243","0","243",0.15290995754549,100.80408851506859,-33.9428618000,150.8719099000
10thAv-Aerotropolis-Casula,"244","0","244",0.15305499605764,66.01041082470449,-33.9428962000,150.8720508000
10thAv-Aerotropolis-Casula,"245","0","245",0.15306828439842,35.02029750029900,-33.9428845000,150.8720571000
10thAv-Aerotropolis-Casula,"246","0","246",0.15309066519377,49.70826403073615,-33.9428678000,150.8720720000
10thAv-Aerotropolis-Casula,"247","0","247",0.15311740935198,65.95171280114650,-33.9428535000,150.8720946000
10thAv-Aerotropolis-Casula,"248","0","248",0.15314941450783,81.24174516483339,-33.9428448000,150.8721254000
10thAv-Aerotropolis-Casula,"249","0","249",0.15317242515751,94.80344675677335,-33.9428441000,150.8721484000
10thAv-Aerotropolis-Casula,"250","0","250",0.15320037171367,107.94129118450846,-33.9428496000,150.8721758000
10thAv-Aerotropolis-Casula,"251","0","251",0.15322180673171,122.21880741226481,-33.9428585000,150.8721953000
10thAv-Aerotropolis-Casula,"252","0","252",0.15325126806232,138.40819396935504,-33.9428774000,150.8722179000
10thAv-Aerotropolis-Casula,"253","0","253",0.15326976833259,155.36838426174660,-33.9428929000,150.8722280000
10thAv-Aerotropolis-Casula,"254","0","254",0.15329382035951,128.72114975759010,-33.9429160000,150.8722347000
10thAv-Aerotropolis-Casula,"255","0","255",0.15346185502855,95.81986066863769,-33.9429266000,150.8724024000
10thAv-Aerotropolis-Casula,"256","0","256",0.15559483222018,98.13807879036671,-33.9432243000,150.8745145000
10thAv-Aerotropolis-Casula,"257","0","257",0.15672059123968,98.07335399992633,-33.9433859000,150.8756286000
10thAv-Aerotropolis-Casula,"258","0","258",0.15709049609231,97.89532277939328,-33.9434367000,150.8759950000
10thAv-Aerotropolis-Casula,"259","0","259",0.15825211243174,97.94522963090046,-33.9435963000,150.8771456000
10thAv-Aerotropolis-Casula,"260","0","260",0.15904521189303,97.99333902279500,-33.9437065868,150.8779309939
10thAv-Aerotropolis-Casula,"261","0","261",0.15983993937443,98.17665644027052,-33.9438171000,150.8787180000
10thAv-Aerotropolis-Casula,"262","0","262",0.16127812128921,97.58758571927204,-33.9440262000,150.8801409000
10thAv-Aerotropolis-Casula,"263","0","263",0.16191351090984,96.15604504200209,-33.9441016000,150.8807718000
10thAv-Aerotropolis-Casula,"264","0","264",0.16265783375647,96.63351237668589,-33.9441729000,150.8815127000
10thAv-Aerotropolis-Casula,"265","0","265",0.16328135867978,55.87374501419920,-33.9442572000,150.8821305000
10thAv-Aerotropolis-Casula,"266","0","266",0.16330495740860,23.00405217740348,-33.9442343000,150.8821362000
10thAv-Aerotropolis-Casula,"267","0","267",0.16332890276306,38.18798310114078,-33.9442140000,150.8821489000
10thAv-Aerotropolis-Casula,"268","0","268",0.16335365311661,50.05004864425591,-33.9441963000,150.8821662000
10thAv-Aerotropolis-Casula,"269","0","269",0.16337942014978,61.13674348751675,-33.9441818000,150.8821875000
10thAv-Aerotropolis-Casula,"270","0","270",0.16340602315713,71.54838714001286,-33.9441712000,150.8822119000
10thAv-Aerotropolis-Casula,"271","0","271",0.16343316445409,81.52037275491854,-33.9441649000,150.8822383000
10thAv-Aerotropolis-Casula,"272","0","272",0.16346071694943,91.15929707558951,-33.9441632000,150.8822658000
10thAv-Aerotropolis-Casula,"273","0","273",0.16348816016353,100.87159105256171,-33.9441660000,150.8822931000
10thAv-Aerotropolis-Casula,"274","0","274",0.16351519273647,110.83834482784141,-33.9441734000,150.8823191000
10thAv-Aerotropolis-Casula,"275","0","275",0.16354162548132,121.32970940283550,-33.9441849000,150.8823429000
10thAv-Aerotropolis-Casula,"276","0","276",0.16356712548133,132.66657080043504,-33.9442002000,150.8823633000
10thAv-Aerotropolis-Casula,"277","0","277",0.16359170697842,144.59878173574955,-33.9442186000,150.8823796000
10thAv-Aerotropolis-Casula,"278","0","278",0.16361543565307,157.56518617812196,-33.9442393000,150.8823912000
10thAv-Aerotropolis-Casula,"279","0","279",0.16363848516498,171.19324950242427,-33.9442615000,150.8823974000
10thAv-Aerotropolis-Casula,"280","0","280",0.16366129919577,137.95838373809897,-33.9442843000,150.8823982000
10thAv-Aerotropolis-Casula,"281","0","281",0.16817037795309,97.77253550494062,-33.9449061000,150.8868642000
10thAv-Aerotropolis-Casula,"282","0","282",0.16870439211959,97.60936958033669,-33.9449769000,150.8873935000
10thAv-Aerotropolis-Casula,"283","0","283",0.16891685851694,97.61280222581851,-33.9450050000,150.8876041000
10thAv-Aerotropolis-Casula,"284","0","284",0.16913690453483,94.86940201704783,-33.9450342000,150.8878222000
10thAv-Aerotropolis-Casula,"285","0","285",0.16937826867882,54.54434425088919,-33.9450431000,150.8880634000
10thAv-Aerotropolis-Casula,"286","0","286",0.16939813422689,26.68979403560357,-33.9450241000,150.8880692000
10thAv-Aerotropolis-Casula,"287","0","287",0.16942273503988,44.70916252339740,-33.9450043000,150.8880838000
10thAv-Aerotropolis-Casula,"288","0","288",0.16944251508032,60.35401566231536,-33.9449924000,150.8880996000
10thAv-Aerotropolis-Casula,"289","0","289",0.16946780776702,74.33936875293634,-33.9449828000,150.8881230000
10thAv-Aerotropolis-Casula,"290","0","290",0.16948886791895,86.76892034983892,-33.9449795000,150.8881438000
10thAv-Aerotropolis-Casula,"291","0","291",0.16952029911366,103.64199095911376,-33.9449809000,150.8881752000
10thAv-Aerotropolis-Casula,"292","0","292",0.16953846529101,118.00199364900195,-33.9449885000,150.8881917000
10thAv-Aerotropolis-Casula,"293","0","293",0.16955753621129,127.58770870759108,-33.9449984000,150.8882080000
10thAv-Aerotropolis-Casula,"294","0","294",0.16957599508450,141.85324701700600,-33.9450112000,150.8882213000
10thAv-Aerotropolis-Casula,"295","0","295",0.16959647385398,159.05730545231447,-33.9450289000,150.8882316000
10thAv-Aerotropolis-Casula,"296","0","296",0.16961720378405,177.04651160634052,-33.9450492000,150.8882358000
10thAv-Aerotropolis-Casula,"297","0","297",0.16963308459007,192.74518555243336,-33.9450650000,150.8882342000
10thAv-Aerotropolis-Casula,"298","0","298",0.16964731835276,151.37135729304737,-33.9450784000,150.8882294000
10thAv-Aerotropolis-Casula,"299","0","299",0.16979717975537,100.39969794614844,-33.9451122000,150.8883754000
10thAv-Aerotropolis-Casula,"300","0","300",0.17234705867405,98.23607039791358,-33.9454567000,150.8909019000
10thAv-Aerotropolis-Casula,"301","0","301",0.17280878041928,98.72126233163783,-33.9455266000,150.8913583000
10thAv-Aerotropolis-Casula,"302","0","302",0.17343565137891,98.73698996855568,-33.9456218000,150.8919779000
10thAv-Aerotropolis-Casula,"303","0","303",0.17446044838317,94.47732854306429,-33.9457775000,150.8929908000
10thAv-Aerotropolis-Casula,"304","0","304",0.17459324932442,90.27081604630447,-33.9457780000,150.8931236000
10thAv-Aerotropolis-Casula,"305","0","305",0.17468115074649,63.29611439127387,-33.9457785000,150.8932115000
10thAv-Aerotropolis-Casula,"306","0","306",0.17470583211598,43.77258812777509,-33.9457586000,150.8932261000
10thAv-Aerotropolis-Casula,"307","0","307",0.17472232734501,59.05590677485456,-33.9457482817,150.8932389696
10thAv-Aerotropolis-Casula,"308","0","308",0.17475074970163,73.93016418481361,-33.9457371000,150.8932651000
10thAv-Aerotropolis-Casula,"309","0","309",0.17477190862408,86.48442984733531,-33.9457338000,150.8932860000
10thAv-Aerotropolis-Casula,"310","0","310",0.17478961879065,95.82093915957587,-33.9457344000,150.8933037000
10thAv-Aerotropolis-Casula,"311","0","311",0.17480148850002,104.39162306651029,-33.9457364000,150.8933154000
10thAv-Aerotropolis-Casula,"312","0","312",0.17482106425031,114.97187289908229,-33.9457428000,150.8933339000
10thAv-Aerotropolis-Casula,"313","0","313",0.17484016922350,127.49310745991389,-33.9457526000,150.8933503000
10thAv-Aerotropolis-Casula,"314","0","314",0.17485869758013,142.03471526132725,-33.9457655000,150.8933636000
10thAv-Aerotropolis-Casula,"315","0","315",0.17487926284211,159.12736902360604,-33.9457833000,150.8933739000
10thAv-Aerotropolis-Casula,"316","0","316",0.17489999277216,177.04651160354820,-33.9458036000,150.8933781000
10thAv-Aerotropolis-Casula,"317","0","317",0.17491587357815,143.33395974076043,-33.9458194000,150.8933765000
10thAv-Aerotropolis-Casula,"318","0","318",0.17499265515151,101.38203087022914,-33.9458339000,150.8934519000
10thAv-Aerotropolis-Casula,"319","0","319",0.17534244550298,100.41895378565064,-33.9459059000,150.8937942000
10thAv-Aerotropolis-Casula,"320","0","320",0.17603914593357,99.20732074230894,-33.9460144000,150.8944824000
10thAv-Aerotropolis-Casula,"321","0","321",0.17710745988089,99.91922916321799,-33.9461899000,150.8955362000
10thAv-Aerotropolis-Casula,"322","0","322",0.17785317135994,100.10815153236247,-33.9463243000,150.8962697000
10thAv-Aerotropolis-Casula,"323","0","323",0.17852128639494,99.95215298911161,-33.9464384000,150.8969280000
10thAv-Aerotropolis-Casula,"324","0","324",0.17904109602356,98.86788838022171,-33.9465293000,150.8974398000
10thAv-Aerotropolis-Casula,"325","0","325",0.18076257601764,98.03372250937454,-33.9467589000,150.8991459000
10thAv-Aerotropolis-Casula,"326","0","326",0.18101508671048,98.39247484546826,-33.9467958000,150.8993957000
10thAv-Aerotropolis-Casula,"327","0","327",0.18183828010210,98.03824508448011,-33.9469158000,150.9002101000
10thAv-Aerotropolis-Casula,"328","0","328",0.18202425456274,96.83503206993791,-33.9469407000,150.9003944000
10thAv-Aerotropolis-Casula,"329","0","329",0.18222212977591,94.16218424039253,-33.9469613000,150.9005912000
10thAv-Aerotropolis-Casula,"330","0","330",0.18247834501744,95.24730400643836,-33.9469718000,150.9008472000
10thAv-Aerotropolis-Casula,"331","0","331",0.18293990191535,99.91057548811492,-33.9470372000,150.9013041000
10thAv-Aerotropolis-Casula,"332","0","332",0.18309062022877,97.43081083562932,-33.9470677000,150.9014517000
10thAv-Aerotropolis-Casula,"333","0","333",0.18318777042178,73.12906470092713,-33.9470731000,150.9015487000
10thAv-Aerotropolis-Casula,"334","0","334",0.18320741043195,60.29616101553397,-33.9470613000,150.9015644000
10thAv-Aerotropolis-Casula,"335","0","335",0.18323251819966,74.25275398988138,-33.9470517000,150.9015876000
10thAv-Aerotropolis-Casula,"336","0","336",0.18325357835160,86.30151844536613,-33.9470484000,150.9016084000
10thAv-Aerotropolis-Casula,"337","0","337",0.18327128541234,95.70025084979686,-33.9470489000,150.9016261000
10thAv-Aerotropolis-Casula,"338","0","338",0.18328305656354,104.43263066639251,-33.9470509000,150.9016377000
10thAv-Aerotropolis-Casula,"339","0","339",0.18330263231384,114.91969678324419,-33.9470573000,150.9016562000
10thAv-Aerotropolis-Casula,"340","0","340",0.18332160018140,127.44093129176282,-33.9470670000,150.9016725000
10thAv-Aerotropolis-Casula,"341","0","341",0.18334012853803,141.77304817245258,-33.9470799000,150.9016858000
10thAv-Aerotropolis-Casula,"342","0","342",0.18336057162983,158.73050548163454,-33.9470975000,150.9016962000
10thAv-Aerotropolis-Casula,"343","0","343",0.18338132205151,176.91131503730153,-33.9471178000,150.9017005000
10thAv-Aerotropolis-Casula,"344","0","344",0.18339720285749,141.13273298627362,-33.9471336000,150.9016989000
10thAv-Aerotropolis-Casula,"345","0","345",0.18345919930898,96.47318426108200,-33.9471406000,150.9017605000
10thAv-Aerotropolis-Casula,"346","0","346",0.18353115665748,96.47672250291626,-33.9471487000,150.9018320000
10thAv-Aerotropolis-Casula,"347","0","347",0.18386026581870,98.20781663810736,-33.9471859000,150.9021590000
10thAv-Aerotropolis-Casula,"348","0","348",0.18404533580544,102.99653132310401,-33.9472178000,150.9023413000
10thAv-Aerotropolis-Casula,"349","0","349",0.18423213286110,109.55411361410205,-33.9472695000,150.9025208000
10thAv-Aerotropolis-Casula,"350","0","350",0.18443219210233,112.38999920750099,-33.9473478000,150.9027049000
10thAv-Aerotropolis-Casula,"351","0","351",0.18450076943095,113.25455012673466,-33.9473732000,150.9027686000
10thAv-Aerotropolis-Casula,"352","0","352",0.18457499860311,116.69010460625519,-33.9474043000,150.9028360000
10thAv-Aerotropolis-Casula,"353","0","353",0.18465519037327,118.43805028799881,-33.9474427000,150.9029064000
10thAv-Aerotropolis-Casula,"354","0","354",0.18472149663241,120.31217415876304,-33.9474741000,150.9029648000
10thAv-Aerotropolis-Casula,"355","0","355",0.18485041602581,120.92971602740921,-33.9475431000,150.9030737000
10thAv-Aerotropolis-Casula,"356","0","356",0.18492027302261,103.16921343800450,-33.9475775000,150.9031345000
10thAv-Aerotropolis-Casula,"357","0","357",0.18493840062588,92.21617275406669,-33.9475765000,150.9031526000
10thAv-Aerotropolis-Casula,"358","0","358",0.18495655992102,102.76128154722178,-33.9475789000,150.9031706000
10thAv-Aerotropolis-Casula,"359","0","359",0.18497442748940,113.65184259872419,-33.9475844000,150.9031876000
10thAv-Aerotropolis-Casula,"360","0","360",0.18499175550141,125.23209677576206,-33.9475929000,150.9032027000
10thAv-Aerotropolis-Casula,"361","0","361",0.18500834043432,96.74752847000357,-33.9476038000,150.9032152000
10thAv-Aerotropolis-Casula,"362","0","362",0.18515536322167,67.96245222098402,-33.9475357000,150.9033455000
10thAv-Aerotropolis-Casula,"363","0","363",0.18529917229648,75.41374258849214,-33.9474949000,150.9034834000
10thAv-Aerotropolis-Casula,"364","0","364",0.18543345278651,78.86359854471091,-33.9474654000,150.9036144000
10thAv-Aerotropolis-Casula,"365","0","365",0.18559084872038,83.53352641946299,-33.9474392000,150.9037696000
10thAv-Aerotropolis-Casula,"366","0","366",0.18572087102616,89.06750192568954,-33.9474316000,150.9038994000
10thAv-Aerotropolis-Casula,"367","0","367",0.18587512289810,94.64359994295479,-33.9474356000,150.9040536000
10thAv-Aerotropolis-Casula,"368","0","368",0.18696178007036,97.80005296643687,-33.9475831000,150.9051302000
10thAv-Aerotropolis-Casula,"369","0","369",0.18748279919668,97.68828144662761,-33.9476538000,150.9056464000
10thAv-Aerotropolis-Casula,"370","0","370",0.18793020644965,97.57581423965796,-33.9477128000,150.9060899000
10thAv-Aerotropolis-Casula,"371","0","371",0.18871545724402,98.36635769247739,-33.9478163000,150.9068683000
10thAv-Aerotropolis-Casula,"372","0","372",0.18897304119146,110.09240446303947,-33.9478573000,150.9071226000
10thAv-Aerotropolis-Casula,"373","0","373",0.18914668361140,173.08522539864003,-33.9479468000,150.9072714000
10thAv-Aerotropolis-Casula,"374","0","374",0.18996007112670,226.06269212615422,-33.9485205000,150.9066948000
10thAv-Aerotropolis-Casula,"375","0","375",0.19102992665430,167.63436612572445,-33.9492504000,150.9059126000
10thAv-Aerotropolis-Casula,"376","0","376",0.19343089388645,108.41444808284335,-33.9500038000,150.9081923000
10thAv-Aerotropolis-Casula,"377","0","377",0.19411363080505,108.54131457370926,-33.9502209000,150.9088396000
10thAv-Aerotropolis-Casula,"378","0","378",0.19469163291578,147.63465289269698,-33.9504047000,150.9093876000
10thAv-Aerotropolis-Casula,"379","0","379",0.19482223222661,187.64554499114197,-33.9505344000,150.9093723000
10thAv-Aerotropolis-Casula,"380","0","380",0.19504855529218,193.35286246905838,-33.9507582000,150.9093386000
10thAv-Aerotropolis-Casula,"381","0","381",0.19526533225129,197.86906397152151,-33.9509642000,150.9092711000
10thAv-Aerotropolis-Casula,"382","0","382",0.19558918422363,179.22378887150768,-33.9512729000,150.9091732000
10thAv-Aerotropolis-Casula,"383","0","383",0.19563491430123,148.66431575730778,-33.9513161000,150.9091882000
10thAv-Aerotropolis-Casula,"384","0","384",0.19568704538600,123.52346150412326,-33.9513539000,150.9092241000
10thAv-Aerotropolis-Casula,"385","0","385",0.19573457579733,109.74328433668492,-33.9513706000,150.9092686000
10thAv-Aerotropolis-Casula,"386","0","386",0.19577220823017,102.24828399606720,-33.9513828000,150.9093042000
10thAv-Aerotropolis-Casula,"387","0","387",0.19580717392763,88.66540457173019,-33.9513862000,150.9093390000
10thAv-Aerotropolis-Casula,"388","0","388",0.19583435517119,78.97156840077538,-33.9513823000,150.9093659000
10thAv-Aerotropolis-Casula,"389","0","389",0.19589511082935,76.29596920228575,-33.9513678000,150.9094249000
10thAv-Aerotropolis-Casula,"390","0","390",0.19591424744348,62.68105326778894,-33.9513633000,150.9094435000
10thAv-Aerotropolis-Casula,"391","0","391",0.19595415295688,41.32635834083175,-33.9513371000,150.9094736000
10thAv-Aerotropolis-Casula,"392","0","392",0.19599814068243,26.93422380058100,-33.9513005000,150.9094980000
10thAv-Aerotropolis-Casula,"393","0","393",0.19604075628987,18.07293401101172,-33.9512605000,150.9095127000
10thAv-Aerotropolis-Casula,"394","0","394",0.19611200521972,16.79003291525594,-33.9511920000,150.9095323000
10thAv-Aerotropolis-Casula,"395","0","395",0.19621115283692,25.70987730114823,-33.9510975000,150.9095623000
10thAv-Aerotropolis-Casula,"396","0","396",0.19626543036450,43.19349280036779,-33.9510524000,150.9095925000
10thAv-Aerotropolis-Casula,"397","0","397",0.19631957286168,62.09888237295521,-33.9510195000,150.9096355000
10thAv-Aerotropolis-Casula,"398","0","398",0.19638806782500,77.09617615741841,-33.9509979000,150.9097005000
10thAv-Aerotropolis-Casula,"399","0","399",0.19643062472808,91.99083014794742,-33.9509924000,150.9097427000
10thAv-Aerotropolis-Casula,"400","0","400",0.19649989304697,103.19577774136513,-33.9510061000,150.9098106000
10thAv-Aerotropolis-Casula,"401","0","401",0.19664647739126,107.51535855566432,-33.9510440000,150.9099522000
10thAv-Aerotropolis-Casula,"402","0","402",0.19670832437989,112.93370873366923,-33.9510652000,150.9100103000
10thAv-Aerotropolis-Casula,"403","0","403",0.19676342574102,118.25530405565807,-33.9510892000,150.9100599000
10thAv-Aerotropolis-Casula,"404","0","404",0.19688529403057,121.83294264763840,-33.9511514000,150.9101647000
10thAv-Aerotropolis-Casula,"405","0","405",0.19696098874638,123.85194770601906,-33.9511926000,150.9102282000
10thAv-Aerotropolis-Casula,"406","0","406",0.19703910334169,125.88377028260648,-33.9512371000,150.9102924000
10thAv-Aerotropolis-Casula,"407","0","407",0.19710650363843,121.20300683271692,-33.9512777000,150.9103462000
10thAv-Aerotropolis-Casula,"408","0","408",0.19717489757090,108.57637499045809,-33.9513070000,150.9104080000
10thAv-Aerotropolis-Casula,"409","0","409",0.19723853945962,95.34510726066436,-33.9513200000,150.9104703000
10thAv-Aerotropolis-Casula,"410","0","410",0.19730125094182,79.92292969915464,-33.9513188000,150.9105330000
10thAv-Aerotropolis-Casula,"411","0","411",0.19734198348411,63.95102885153132,-33.9513055000,150.9105715000
10thAv-Aerotropolis-Casula,"412","0","412",0.19737132901187,51.97518664657351,-33.9512895000,150.9105961000
10thAv-Aerotropolis-Casula,"413","0","413",0.19744257766097,36.72860801247165,-33.9512409000,150.9106482000
10thAv-Aerotropolis-Casula,"414","0","414",0.19749463340035,23.66293321417279,-33.9511943000,150.9106714000
10thAv-Aerotropolis-Casula,"415","0","415",0.19754771230386,19.57174447821407,-33.9511447000,150.9106903000
10thAv-Aerotropolis-Casula,"416","0","416",0.19763186080358,16.65732899277812,-33.9510648000,150.9107167000
10thAv-Aerotropolis-Casula,"417","0","417",0.19774368656089,13.41886193384212,-33.9509568000,150.9107457000
10thAv-Aerotropolis-Casula,"418","0","418",0.19788150256140,13.34582240730579,-33.9508219000,150.9107739000
10thAv-Aerotropolis-Casula,"419","0","419",0.19799128621228,24.34833577193127,-33.9507158000,150.9108021000
10thAv-Aerotropolis-Casula,"420","0","420",0.19806927723738,40.18198538085208,-33.9506510000,150.9108455000
10thAv-Aerotropolis-Casula,"421","0","421",0.19813194987895,56.37895190116564,-33.9506079000,150.9108910000
10thAv-Aerotropolis-Casula,"422","0","422",0.19820779656643,74.42134322639237,-33.9505773000,150.9109604000
10thAv-Aerotropolis-Casula,"423","0","423",0.19830610734917,54.25046654815968,-33.9505647000,150.9110579000
10thAv-Aerotropolis-Casula,"424","0","424",0.19839023451480,39.79190901825807,-33.9504890000,150.9110946000
10thAv-Aerotropolis-Casula,"425","0","425",0.19861972664973,42.04733206575893,-33.9503532000,150.9112796000
10thAv-Aerotropolis-Casula,"426","0","426",0.19870990536121,23.43250342542221,-33.9502754000,150.9113252000
10thAv-Aerotropolis-Casula,"427","0","427",0.19909744446887,16.48966100543896,-33.9499038000,150.9114352000
10thAv-Casula-Aerotropolis,"0","0","0",0.00000000000000,196.48966100543896,-33.9499038000,150.9114352000
10thAv-Casula-Aerotropolis,"1","0","1",0.00038753910766,203.43250342542220,-33.9502754000,150.9113252000
10thAv-Casula-Aerotropolis,"2","0","2",0.00047771781914,222.04733206575892,-33.9503532000,150.9112796000
10thAv-Casula-Aerotropolis,"3","0","3",0.00070720995407,219.79190901825805,-33.9504890000,150.9110946000
10thAv-Casula-Aerotropolis,"4","0","4",0.00079133711970,234.25046654815969,-33.9505647000,150.9110579000
10thAv-Casula-Aerotropolis,"5","0","5",0.00088964790244,254.42134322639239,-33.9505773000,150.9109604000
10thAv-Casula-Aerotropolis,"6","0","6",0.00096549458992,236.37895190116564,-33.9506079000,150.9108910000
10thAv-Casula-Aerotropolis,"7","0","7",0.00102816723149,220.18198538085204,-33.9506510000,150.9108455000
10thAv-Casula-Aerotropolis,"8","0","8",0.00110615825659,204.34833577193126,-33.9507158000,150.9108021000
10thAv-Casula-Aerotropolis,"9","0","9",0.00121594190747,193.34582240730580,-33.9508219000,150.9107739000
10thAv-Casula-Aerotropolis,"10","0","10",0.00135375790798,193.41886193384212,-33.9509568000,150.9107457000
10thAv-Casula-Aerotropolis,"11","0","11",0.00146558366529,196.65732899277813,-33.9510648000,150.9107167000
10thAv-Casula-Aerotropolis,"12","0","12",0.00154973216501,199.57174447821407,-33.9511447000,150.9106903000
10thAv-Casula-Aerotropolis,"13","0","13",0.00160281106852,203.66293321417280,-33.9511943000,150.9106714000
10thAv-Casula-Aerotropolis,"14","0","14",0.00165486680790,216.72860801247171,-33.9512409000,150.9106482000
10thAv-Casula-Aerotropolis,"15","0","15",0.00172611545700,231.97518664657355,-33.9512895000,150.9105961000
10thAv-Casula-Aerotropolis,"16","0","16",0.00175546098476,243.95102885153136,-33.9513055000,150.9105715000
10thAv-Casula-Aerotropolis,"17","0","17",0.00179619352705,259.92292969915468,-33.9513188000,150.9105330000
10thAv-Casula-Aerotropolis,"18","0","18",0.00185890500925,275.34510726066435,-33.9513200000,150.9104703000
10thAv-Casula-Aerotropolis,"19","0","19",0.00192254689797,288.57637499045802,-33.9513070000,150.9104080000
10thAv-Casula-Aerotropolis,"20","0","20",0.00199094083044,301.20300683271688,-33.9512777000,150.9103462000
10thAv-Casula-Aerotropolis,"21","0","21",0.00205834112718,305.88377028260646,-33.9512371000,150.9102924000
10thAv-Casula-Aerotropolis,"22","0","22",0.00213645572249,303.85194770601908,-33.9511926000,150.9102282000
10thAv-Casula-Aerotropolis,"23","0","23",0.00221215043830,301.83294264763839,-33.9511514000,150.9101647000
10thAv-Casula-Aerotropolis,"24","0","24",0.00233401872785,298.25530405565809,-33.9510892000,150.9100599000
10thAv-Casula-Aerotropolis,"25","0","25",0.00238912008898,292.93370873366928,-33.9510652000,150.9100103000
10thAv-Casula-Aerotropolis,"26","0","26",0.00245096707761,287.51535855566431,-33.9510440000,150.9099522000
10thAv-Casula-Aerotropolis,"27","0","27",0.00259755142190,283.19577774136513,-33.9510061000,150.9098106000
10thAv-Casula-Aerotropolis,"28","0","28",0.00266681974079,271.99083014794741,-33.9509924000,150.9097427000
10thAv-Casula-Aerotropolis,"29","0","29",0.00270937664387,257.09617615741843,-33.9509979000,150.9097005000
10thAv-Casula-Aerotropolis,"30","0","30",0.00277787160719,242.09888237295522,-33.9510195000,150.9096355000
10thAv-Casula-Aerotropolis,"31","0","31",0.00283201410437,223.19349280036781,-33.9510524000,150.9095925000
10thAv-Casula-Aerotropolis,"32","0","32",0.00288629163195,205.70987730114823,-33.9510975000,150.9095623000
10thAv-Casula-Aerotropolis,"33","0","33",0.00298543924915,196.79003291525595,-33.9511920000,150.9095323000
10thAv-Casula-Aerotropolis,"34","0","34",0.00305668817900,198.07293401101171,-33.9512605000,150.9095127000
10thAv-Casula-Aerotropolis,"35","0","35",0.00309930378644,206.93422380058101,-33.9513005000,150.9094980000
10thAv-Casula-Aerotropolis,"36","0","36",0.00314329151199,221.32635834083172,-33.9513371000,150.9094736000
10thAv-Casula-Aerotropolis,"37","0","37",0.00318319702539,242.60235360380321,-33.9513633000,150.9094435000
10thAv-Casula-Aerotropolis,"38","0","38",0.00326308920273,258.99635692979950,-33.9513823000,150.9093659000
10thAv-Casula-Aerotropolis,"39","0","39",0.00329027044629,268.66540457173016,-33.9513862000,150.9093390000
10thAv-Casula-Aerotropolis,"40","0","40",0.00332523614374,282.70977324544918,-33.9513828000,150.9093042000
10thAv-Casula-Aerotropolis,"41","0","41",0.00341039023939,303.15808105776932,-33.9513539000,150.9092241000
10thAv-Casula-Aerotropolis,"42","0","42",0.00346252132417,328.66431575730775,-33.9513161000,150.9091882000
10thAv-Casula-Aerotropolis,"43","0","43",0.00350825140176,359.22378887150762,-33.9512729000,150.9091732000
10thAv-Casula-Aerotropolis,"44","0","44",0.00383210337411,17.86906397152153,-33.9509642000,150.9092711000
10thAv-Casula-Aerotropolis,"45","0","45",0.00404888033321,13.35286246905836,-33.9507582000,150.9093386000
10thAv-Casula-Aerotropolis,"46","0","46",0.00427520339878,7.64554499114200,-33.9505344000,150.9093723000
10thAv-Casula-Aerotropolis,"47","0","47",0.00440580270961,327.63465289269692,-33.9504047000,150.9093876000
10thAv-Casula-Aerotropolis,"48","0","48",0.00498380482034,288.54131457370931,-33.9502209000,150.9088396000
10thAv-Casula-Aerotropolis,"49","0","49",0.00566654173894,288.41444808284336,-33.9500038000,150.9081923000
10thAv-Casula-Aerotropolis,"50","0","50",0.00806750897109,283.90473784754386,-33.9492504000,150.9059126000
10thAv-Casula-Aerotropolis,"51","0","51",0.00825793242030,343.28792802788900,-33.9492189000,150.9057248000
10thAv-Casula-Aerotropolis,"52","0","52",0.00944550359711,45.39116130743326,-33.9484098000,150.9065941000
10thAv-Casula-Aerotropolis,"53","0","53",0.01021007439175,341.44347619191740,-33.9478573000,150.9071226000
10thAv-Casula-Aerotropolis,"54","0","54",0.01046765833920,278.36635769247744,-33.9478163000,150.9068683000
10thAv-Casula-Aerotropolis,"55","0","55",0.01125290913356,277.57581423965792,-33.9477128000,150.9060899000
10thAv-Casula-Aerotropolis,"56","0","56",0.01170031638654,277.68828144662763,-33.9476538000,150.9056464000
10thAv-Casula-Aerotropolis,"57","0","57",0.01222133551286,277.80005296643685,-33.9475831000,150.9051302000
10thAv-Casula-Aerotropolis,"58","0","58",0.01330799268511,274.64359994295478,-33.9474356000,150.9040536000
10thAv-Casula-Aerotropolis,"59","0","59",0.01346224455706,269.06750192568961,-33.9474316000,150.9038994000
10thAv-Casula-Aerotropolis,"60","0","60",0.01359226686283,263.53352641946299,-33.9474392000,150.9037696000
10thAv-Casula-Aerotropolis,"61","0","61",0.01374966279670,258.86359854471095,-33.9474654000,150.9036144000
10thAv-Casula-Aerotropolis,"62","0","62",0.01388394328674,255.41374258849211,-33.9474949000,150.9034834000
10thAv-Casula-Aerotropolis,"63","0","63",0.01402775236154,247.96245222098401,-33.9475357000,150.9033455000
10thAv-Casula-Aerotropolis,"64","0","64",0.01417477514889,193.65165038857299,-33.9476038000,150.9032152000
10thAv-Casula-Aerotropolis,"65","0","65",0.01419164316597,152.23192167998585,-33.9476176000,150.9032249000
10thAv-Casula-Aerotropolis,"66","0","66",0.01420797044379,167.63900902987729,-33.9476329000,150.9032306000
10thAv-Casula-Aerotropolis,"67","0","67",0.01422401538064,183.61558328845808,-33.9476489000,150.9032318000
10thAv-Casula-Aerotropolis,"68","0","68",0.01424003817692,199.19712011789588,-33.9476646000,150.9032286000
10thAv-Casula-Aerotropolis,"69","0","69",0.01425663004238,213.85713904845423,-33.9476794000,150.9032211000
10thAv-Casula-Aerotropolis,"70","0","70",0.01427222747805,226.91484222057727,-33.9476912000,150.9032109000
10thAv-Casula-Aerotropolis,"71","0","71",0.01428850752719,238.66803383748422,-33.9477010000,150.9031979000
10thAv-Casula-Aerotropolis,"72","0","72",0.01430536961486,249.63297485533124,-33.9477083000,150.9031827000
10thAv-Casula-Aerotropolis,"73","0","73",0.01432266527906,260.01005816781100,-33.9477128000,150.9031660000
10thAv-Casula-Aerotropolis,"74","0","74",0.01434022944714,270.74993210871355,-33.9477143000,150.9031485000
10thAv-Casula-Aerotropolis,"75","0","75",0.01436176360603,282.76105493530474,-33.9477119000,150.9031271000
10thAv-Casula-Aerotropolis,"76","0","76",0.01438282589461,295.81884286705093,-33.9477050000,150.9031072000
10thAv-Casula-Aerotropolis,"77","0","77",0.01440310445472,309.91095278160020,-33.9476941000,150.9030901000
10thAv-Casula-Aerotropolis,"78","0","78",0.01442242413382,325.30179572438095,-33.9476799000,150.9030770000
10thAv-Casula-Aerotropolis,"79","0","79",0.01444089410943,341.99572302313203,-33.9476634000,150.9030687000
10thAv-Casula-Aerotropolis,"80","0","80",0.01445883010675,359.66020539925347,-33.9476457000,150.9030658000
10thAv-Casula-Aerotropolis,"81","0","81",0.01447683371747,348.43749312335643,-33.9476279000,150.9030685000
10thAv-Casula-Aerotropolis,"82","0","82",0.01452681311326,320.56869592119483,-33.9475854000,150.9030422000
10thAv-Casula-Aerotropolis,"83","0","83",0.01459587366637,311.43048855372029,-33.9475384000,150.9029916000
10thAv-Casula-Aerotropolis,"84","0","84",0.01464833060109,309.29925174134632,-33.9475047000,150.9029514000
10thAv-Casula-Aerotropolis,"85","0","85",0.01469991480411,306.39240480626660,-33.9474725000,150.9029111000
10thAv-Casula-Aerotropolis,"86","0","86",0.01475743914678,302.61094865046294,-33.9474402000,150.9028635000
10thAv-Casula-Aerotropolis,"87","0","87",0.01481732654111,300.44089260345902,-33.9474093000,150.9028122000
10thAv-Casula-Aerotropolis,"88","0","88",0.01494100168009,296.43011505820994,-33.9473478000,150.9027049000
10thAv-Casula-Aerotropolis,"89","0","89",0.01514106092133,289.55411361410199,-33.9472695000,150.9025208000
10thAv-Casula-Aerotropolis,"90","0","90",0.01532785797698,282.99653132310402,-33.9472178000,150.9023413000
10thAv-Casula-Aerotropolis,"91","0","91",0.01551292796372,278.20781663810732,-33.9471859000,150.9021590000
10thAv-Casula-Aerotropolis,"92","0","92",0.01584203712494,276.47672250291623,-33.9471487000,150.9018320000
10thAv-Casula-Aerotropolis,"93","0","93",0.01591399447344,276.47318426108200,-33.9471406000,150.9017605000
10thAv-Casula-Aerotropolis,"94","0","94",0.01597599092493,238.28455334766932,-33.9471336000,150.9016989000
10thAv-Casula-Aerotropolis,"95","0","95",0.01599025872086,206.93178748674728,-33.9471470000,150.9016940000
10thAv-Casula-Aerotropolis,"96","0","96",0.01600842517344,220.84798831155786,-33.9471621000,150.9016839000
10thAv-Casula-Aerotropolis,"97","0","97",0.01602647981275,235.32240730772065,-33.9471742000,150.9016705000
10thAv-Casula-Aerotropolis,"98","0","98",0.01605179403799,250.40160663724103,-33.9471858000,150.9016480000
10thAv-Casula-Aerotropolis,"99","0","99",0.01607744749779,264.44188138836921,-33.9471911000,150.9016229000
10thAv-Casula-Aerotropolis,"100","0","100",0.01609874961037,278.53356708360820,-33.9471908000,150.9016016000
10thAv-Casula-Aerotropolis,"101","0","101",0.01613124961037,295.32027473356777,-33.9471817000,150.9015704000
10thAv-Casula-Aerotropolis,"102","0","102",0.01615657351214,312.36476108948267,-33.9471674000,150.9015495000
10thAv-Casula-Aerotropolis,"103","0","103",0.01617553584321,328.33354487758555,-33.9471528000,150.9015374000
10thAv-Casula-Aerotropolis,"104","0","104",0.01619420828278,308.47447957627895,-33.9471357000,150.9015299000
10thAv-Casula-Aerotropolis,"105","0","105",0.01628689927481,279.50265292739675,-33.9471186000,150.9014388000
10thAv-Casula-Aerotropolis,"106","0","106",0.01644619773681,278.17056298659116,-33.9470954000,150.9012812000
10thAv-Casula-Aerotropolis,"107","0","107",0.01669439322427,277.95997447140110,-33.9470610000,150.9010354000
10thAv-Casula-Aerotropolis,"108","0","108",0.01676305362042,277.59565531187701,-33.9470515000,150.9009674000
10thAv-Casula-Aerotropolis,"109","0","109",0.01690115416353,282.08287085182354,-33.9470341000,150.9008304000
10thAv-Casula-Aerotropolis,"110","0","110",0.01715118712135,281.45158790552233,-33.9469613000,150.9005912000
10thAv-Casula-Aerotropolis,"111","0","111",0.01734906233452,276.83503206993788,-33.9469407000,150.9003944000
10thAv-Casula-Aerotropolis,"112","0","112",0.01753503679516,278.03824508448008,-33.9469158000,150.9002101000
10thAv-Casula-Aerotropolis,"113","0","113",0.01835823018678,278.39247484546820,-33.9467958000,150.8993957000
10thAv-Casula-Aerotropolis,"114","0","114",0.01861074087962,278.03372250937451,-33.9467589000,150.8991459000
10thAv-Casula-Aerotropolis,"115","0","115",0.02033222087370,278.86788838022176,-33.9465293000,150.8974398000
10thAv-Casula-Aerotropolis,"116","0","116",0.02085203050232,279.95215298911160,-33.9464384000,150.8969280000
10thAv-Casula-Aerotropolis,"117","0","117",0.02152014553732,280.10815153236251,-33.9463243000,150.8962697000
10thAv-Casula-Aerotropolis,"118","0","118",0.02226585701637,279.91922916321801,-33.9461899000,150.8955362000
10thAv-Casula-Aerotropolis,"119","0","119",0.02333417096369,279.20732074230892,-33.9460144000,150.8944824000
10thAv-Casula-Aerotropolis,"120","0","120",0.02403087139429,280.41895378565061,-33.9459059000,150.8937942000
10thAv-Casula-Aerotropolis,"121","0","121",0.02438066174575,281.38203087022913,-33.9458339000,150.8934519000
10thAv-Casula-Aerotropolis,"122","0","122",0.02445744331911,240.48577999755005,-33.9458194000,150.8933765000
10thAv-Casula-Aerotropolis,"123","0","123",0.02447171111503,207.15086750232382,-33.9458328000,150.8933716000
10thAv-Casula-Aerotropolis,"124","0","124",0.02448985057478,221.18527247923151,-33.9458478000,150.8933614000
10thAv-Casula-Aerotropolis,"125","0","125",0.02450783834841,235.38857002314316,-33.9458598000,150.8933480000
10thAv-Casula-Aerotropolis,"126","0","126",0.02453306373246,250.24039042883666,-33.9458714000,150.8933256000
10thAv-Casula-Aerotropolis,"127","0","127",0.02455873803867,264.67966986621559,-33.9458768000,150.8933005000
10thAv-Casula-Aerotropolis,"128","0","128",0.02458164589758,279.02896372145403,-33.9458762000,150.8932776000
10thAv-Casula-Aerotropolis,"129","0","129",0.02461252631210,295.46870805497366,-33.9458674000,150.8932480000
10thAv-Casula-Aerotropolis,"130","0","130",0.02463785021386,312.26796451897377,-33.9458531000,150.8932271000
10thAv-Casula-Aerotropolis,"131","0","131",0.02465673565798,328.09654764604795,-33.9458386000,150.8932150000
10thAv-Casula-Aerotropolis,"132","0","132",0.02467544848777,345.99291358736730,-33.9458215000,150.8932074000
10thAv-Casula-Aerotropolis,"133","0","133",0.02469950862079,6.46190783285922,-33.9457975000,150.8932057000
10thAv-Casula-Aerotropolis,"134","0","134",0.02471937416885,323.65070526028211,-33.9457785000,150.8932115000
10thAv-Casula-Aerotropolis,"135","0","135",0.02480727559092,270.27081604630450,-33.9457780000,150.8931236000
10thAv-Casula-Aerotropolis,"136","0","136",0.02494007653217,274.47732854306429,-33.9457775000,150.8929908000
10thAv-Casula-Aerotropolis,"137","0","137",0.02596487353644,278.73698996855569,-33.9456218000,150.8919779000
10thAv-Casula-Aerotropolis,"138","0","138",0.02659174449607,278.72126233163783,-33.9455266000,150.8913583000
10thAv-Casula-Aerotropolis,"139","0","139",0.02705346624130,278.23607039791358,-33.9454567000,150.8909019000
10thAv-Casula-Aerotropolis,"140","0","140",0.02960334515997,280.39969794614842,-33.9451122000,150.8883754000
10thAv-Casula-Aerotropolis,"141","0","141",0.02975320656259,248.62521901810069,-33.9450784000,150.8882294000
10thAv-Casula-Aerotropolis,"142","0","142",0.02977134602236,221.06706845131970,-33.9450934000,150.8882192000
10thAv-Casula-Aerotropolis,"143","0","143",0.02978940066164,235.27036600827284,-33.9451055000,150.8882058000
10thAv-Casula-Aerotropolis,"144","0","144",0.02981462604568,250.21683205242277,-33.9451171000,150.8881834000
10thAv-Casula-Aerotropolis,"145","0","145",0.02984020259743,264.65285015744644,-33.9451225000,150.8881584000
10thAv-Casula-Aerotropolis,"146","0","146",0.02986321042216,279.02570241278931,-33.9451219000,150.8881354000
10thAv-Casula-Aerotropolis,"147","0","147",0.02989409083669,295.31162727643414,-33.9451131000,150.8881058000
10thAv-Casula-Aerotropolis,"148","0","148",0.02991944118186,312.09174905633682,-33.9450989000,150.8880848000
10thAv-Casula-Aerotropolis,"149","0","149",0.02993846747949,328.13928738486362,-33.9450843000,150.8880726000
10thAv-Casula-Aerotropolis,"150","0","150",0.02995727173431,346.17359249536031,-33.9450671000,150.8880650000
10thAv-Casula-Aerotropolis,"151","0","151",0.02998132500851,314.14955708196021,-33.9450431000,150.8880634000
10thAv-Casula-Aerotropolis,"152","0","152",0.03022268915249,274.86940201704783,-33.9450342000,150.8878222000
10thAv-Casula-Aerotropolis,"153","0","153",0.03044273517039,277.61280222581848,-33.9450050000,150.8876041000
10thAv-Casula-Aerotropolis,"154","0","154",0.03065520156774,277.60936958033665,-33.9449769000,150.8873935000
10thAv-Casula-Aerotropolis,"155","0","155",0.03118921573424,277.77253550494055,-33.9449061000,150.8868642000
10thAv-Casula-Aerotropolis,"156","0","156",0.03569829449156,235.10611872811225,-33.9442843000,150.8823982000
10thAv-Casula-Aerotropolis,"157","0","157",0.03572132186656,198.87987549969813,-33.9443068000,150.8823933000
10thAv-Casula-Aerotropolis,"158","0","158",0.03574480483912,211.90144110509283,-33.9443280000,150.8823832000
10thAv-Casula-Aerotropolis,"159","0","159",0.03576915273431,224.30514399368977,-33.9443471000,150.8823681000
10thAv-Casula-Aerotropolis,"160","0","160",0.03579450406565,235.73042160350161,-33.9443633000,150.8823486000
10thAv-Casula-Aerotropolis,"161","0","161",0.03582064158657,246.37232685235006,-33.9443759000,150.8823257000
10thAv-Casula-Aerotropolis,"162","0","162",0.03584752094668,256.37767524832554,-33.9443844000,150.8823002000
10thAv-Casula-Aerotropolis,"163","0","163",0.03587494447673,266.32421127053260,-33.9443886000,150.8822731000
10thAv-Casula-Aerotropolis,"164","0","164",0.03590245338437,276.11629832643138,-33.9443879000,150.8822456000
10thAv-Casula-Aerotropolis,"165","0","165",0.03592973433010,285.75271443888255,-33.9443828000,150.8822188000
10thAv-Casula-Aerotropolis,"166","0","166",0.03595657199021,296.01753946785016,-33.9443733000,150.8821937000
10thAv-Casula-Aerotropolis,"167","0","167",0.03598255448431,306.85812252384602,-33.9443598000,150.8821715000
10thAv-Casula-Aerotropolis,"168","0","168",0.03600761161905,318.50611999834359,-33.9443429000,150.8821530000
10thAv-Casula-Aerotropolis,"169","0","169",0.03603177957306,331.10332168786016,-33.9443232000,150.8821390000
10thAv-Casula-Aerotropolis,"170","0","170",0.03605514129382,344.40160956928656,-33.9443016000,150.8821301000
10thAv-Casula-Aerotropolis,"171","0","171",0.03607801070573,0.66977896693574,-33.9442790000,150.8821266000
10thAv-Casula-Aerotropolis,"172","0","172",0.03610015681145,323.95649796755845,-33.9442572000,150.8821305000
10thAv-Casula-Aerotropolis,"173","0","173",0.03672368173476,276.63351237668581,-33.9441729000,150.8815127000
10thAv-Casula-Aerotropolis,"174","0","174",0.03746800458139,276.15604504200212,-33.9441016000,150.8807718000
10thAv-Casula-Aerotropolis,"175","0","175",0.03810339420202,277.58758571927200,-33.9440262000,150.8801409000
10thAv-Casula-Aerotropolis,"176","0","176",0.03954157611680,278.17665644027051,-33.9438171000,150.8787180000
10thAv-Casula-Aerotropolis,"177","0","177",0.04033630359820,277.99333902279494,-33.9437065868,150.8779309939
10thAv-Casula-Aerotropolis,"178","0","178",0.04112940305949,277.94522963090043,-33.9435963000,150.8771456000
10thAv-Casula-Aerotropolis,"179","0","179",0.04229101939892,277.89532277939333,-33.9434367000,150.8759950000
10thAv-Casula-Aerotropolis,"180","0","180",0.04266092425155,278.07962828323787,-33.9433859000,150.8756286000
10thAv-Casula-Aerotropolis,"181","0","181",0.04373629525729,278.12555349701552,-33.9432313000,150.8745644000
10thAv-Casula-Aerotropolis,"182","0","182",0.04378668384727,278.00417532386973,-33.9432243000,150.8745145000
10thAv-Casula-Aerotropolis,"183","0","183",0.04591966103890,275.81986066863766,-33.9429266000,150.8724024000
10thAv-Casula-Aerotropolis,"184","0","184",0.04608769570793,229.05555205201722,-33.9429160000,150.8722347000
10thAv-Casula-Aerotropolis,"185","0","185",0.04611066634137,192.61479579410562,-33.9429389000,150.8722329000
10thAv-Casula-Aerotropolis,"186","0","186",0.04612563597731,207.03076178908350,-33.9429529000,150.8722276000
10thAv-Casula-Aerotropolis,"187","0","187",0.04614310938569,221.04928664940562,-33.9429675000,150.8722180000
10thAv-Casula-Aerotropolis,"188","0","188",0.04616890395877,235.76258604621376,-33.9429845000,150.8721986000
10thAv-Casula-Aerotropolis,"189","0","189",0.04618768826073,248.00001079359538,-33.9429931000,150.8721819000
10thAv-Casula-Aerotropolis,"190","0","190",0.04620815701738,259.74037257405621,-33.9429990000,150.8721623000
10thAv-Casula-Aerotropolis,"191","0","191",0.04624012606492,273.96566363135668,-33.9430011000,150.8721304000
10thAv-Casula-Aerotropolis,"192","0","192",0.04626330752305,287.61675806121104,-33.9429964000,150.8721077000
10thAv-Casula-Aerotropolis,"193","0","193",0.04628784912037,299.57714542324464,-33.9429866000,150.8720852000
10thAv-Casula-Aerotropolis,"194","0","194",0.04630433305197,312.44563536959737,-33.9429770000,150.8720718000
10thAv-Casula-Aerotropolis,"195","0","195",0.04632900895111,328.73568567635931,-33.9429583000,150.8720557000
10thAv-Casula-Aerotropolis,"196","0","196",0.04635324219276,346.92556677528108,-33.9429358000,150.8720467000
10thAv-Casula-Aerotropolis,"197","0","197",0.04637039153674,4.57413814810845,-33.9429187000,150.8720454000
10thAv-Casula-Aerotropolis,"198","0","198",0.04639353046498,328.60789964821288,-33.9428962000,150.8720508000
10thAv-Casula-Aerotropolis,"199","0","199",0.04653856897713,280.80408851506860,-33.9428618000,150.8719099000
10thAv-Casula-Aerotropolis,"200","0","200",0.04998073892064,278.13440001229128,-33.9423894000,150.8685003000
10thAv-Casula-Aerotropolis,"201","0","201",0.05098314308063,278.38680707614060,-33.9422433000,150.8675086000
10thAv-Casula-Aerotropolis,"202","0","202",0.05110646380071,277.95612882347660,-33.9422253000,150.8673866000
10thAv-Casula-Aerotropolis,"203","0","203",0.05129750662315,277.52996730753989,-33.9422003000,150.8671972000
10thAv-Casula-Aerotropolis,"204","0","204",0.05793934446517,277.63988450168085,-33.9413287000,150.8606128000
10thAv-Casula-Aerotropolis,"205","0","205",0.06019236639362,277.50871565660037,-33.9410253000,150.8583803000
10thAv-Casula-Aerotropolis,"206","0","206",0.06074885022088,277.28138997556795,-33.9409548000,150.8578283000
10thAv-Casula-Aerotropolis,"207","0","207",0.06127015782680,278.17542817989482,-33.9408887000,150.8573112000
10thAv-Casula-Aerotropolis,"208","0","208",0.06238579599843,286.16585483040183,-33.9407129000,150.8562095000
10thAv-Casula-Aerotropolis,"209","0","209",0.06270124678700,294.40850081714530,-33.9405883000,150.8559197000
10thAv-Casula-Aerotropolis,"210","0","210",0.06286307397878,297.39081699093856,-33.9405185000,150.8557737000
10thAv-Casula-Aerotropolis,"211","0","211",0.06310738265649,302.57406459744567,-33.9403992000,150.8555605000
10thAv-Casula-Aerotropolis,"212","0","212",0.06341200468456,305.84751554095101,-33.9402205000,150.8553138000
10thAv-Casula-Aerotropolis,"213","0","213",0.06374332496767,305.35088558249851,-33.9400268000,150.8550450000
10thAv-Casula-Aerotropolis,"214","0","214",0.06414873854665,306.74427131778117,-33.9397947000,150.8547126000
10thAv-Casula-Aerotropolis,"215","0","215",0.06453036528835,308.57141291095974,-33.9395568000,150.8544142000
10thAv-Casula-Aerotropolis,"216","0","216",0.06465239958684,308.87237206157033,-33.9394807000,150.8543188000
10thAv-Casula-Aerotropolis,"217","0","217",0.06534591619801,306.21971052670983,-33.9390427000,150.8537811000
10thAv-Casula-Aerotropolis,"218","0","218",0.06591094872803,306.46285975278653,-33.9387327000,150.8533087000
10thAv-Casula-Aerotropolis,"219","0","219",0.06664607511855,312.91228026968616,-33.9382636000,150.8527427000
10thAv-Casula-Aerotropolis,"220","0","220",0.06748912297006,310.27413870048002,-33.9376554000,150.8521589000
10thAv-Casula-Aerotropolis,"221","0","221",0.06780438165753,284.84485411901483,-33.9374774000,150.8518987000
10thAv-Casula-Aerotropolis,"222","0","222",0.06785334531753,270.79452481987340,-33.9374814000,150.8518499000
10thAv-Casula-Aerotropolis,"223","0","223",0.06790183583205,281.93648385525074,-33.9374761000,150.8518017000
10thAv-Casula-Aerotropolis,"224","0","224",0.06794946481483,293.47111812600673,-33.9374617000,150.8517563000
10thAv-Casula-Aerotropolis,"225","0","225",0.06799558205672,305.75685860920811,-33.9374391000,150.8517161000
10thAv-Casula-Aerotropolis,"226","0","226",0.06803997180779,319.10864797351525,-33.9374093000,150.8516832000
10thAv-Casula-Aerotropolis,"227","0","227",0.06808240681692,333.46674158413492,-33.9373741000,150.8516595000
10thAv-Casula-Aerotropolis,"228","0","228",0.06812241244153,349.02283264473789,-33.9373363000,150.8516464000
10thAv-Casula-Aerotropolis,"229","0","229",0.06816075954050,342.40453573598671,-33.9372980000,150.8516445000
10thAv-Casula-Aerotropolis,"230","0","230",0.06853339797114,318.31472562869760,-33.9369832000,150.8514451000
10thAv-Casula-Aerotropolis,"231","0","231",0.06867297264652,303.89603271401779,-33.9368954000,150.8513366000
10thAv-Casula-Aerotropolis,"232","0","232",0.06894790729330,296.36392424960616,-33.9367629000,150.8510957000
10thAv-Casula-Aerotropolis,"233","0","233",0.06938722741577,291.48946389562013,-33.9365848000,150.8506941000
10thAv-Casula-Aerotropolis,"234","0","234",0.06965850387992,286.91180169452593,-33.9364962000,150.8504377000
10thAv-Casula-Aerotropolis,"235","0","235",0.06992892847198,282.38384720097770,-33.9364273000,150.8501762000
10thAv-Casula-Aerotropolis,"236","0","236",0.07022990729184,277.09646814161999,-33.9363750000,150.8498798000
10thAv-Casula-Aerotropolis,"237","0","237",0.07059568308382,273.65547786776756,-33.9363483000,150.8495150000
10thAv-Casula-Aerotropolis,"238","0","238",0.07082131858630,273.25513957847232,-33.9363360000,150.8492897000
10thAv-Casula-Aerotropolis,"239","0","239",0.07217267680679,273.40098542190105,-33.9362562000,150.8479407000
10thAv-Casula-Aerotropolis,"240","0","240",0.07246128978294,273.72912406328248,-33.9362390000,150.8476526000
10thAv-Casula-Aerotropolis,"241","0","241",0.07256344383328,267.51871383368416,-33.9362318000,150.8475507000
10thAv-Casula-Aerotropolis,"242","0","242",0.07301581854521,242.25657458433503,-33.9363026000,150.8471039000
10thAv-Casula-Aerotropolis,"243","0","243",0.07304588064763,228.78576456898290,-33.9363244000,150.8470832000
10thAv-Casula-Aerotropolis,"244","0","244",0.07307688467961,238.98427396052006,-33.9363426000,150.8470581000
10thAv-Casula-Aerotropolis,"245","0","245",0.07310895101709,248.62432134976044,-33.9363567000,150.8470293000
10thAv-Casula-Aerotropolis,"246","0","246",0.07314172783818,261.11092143695936,-33.9363661000,150.8469979000
10thAv-Casula-Aerotropolis,"247","0","247",0.07322414337070,280.05239289054435,-33.9363677000,150.8469155000
10thAv-Casula-Aerotropolis,"248","0","248",0.07330427507478,299.95187743332252,-33.9363387000,150.8468408000
10thAv-Casula-Aerotropolis,"249","0","249",0.07333771188083,303.24401412159932,-33.9363178000,150.8468147000
10thAv-Casula-Aerotropolis,"250","0","250",0.07341036453377,297.80145877269644,-33.9362839141,150.8467504337
10thAv-Casula-Aerotropolis,"251","0","251",0.07348071936316,295.82788943838011,-33.9362511000,150.8466882000
10thAv-Casula-Aerotropolis,"252","0","252",0.07350357535643,293.85432010327048,-33.9362418567,150.8466672964
10thAv-Casula-Aerotropolis,"253","0","253",0.07356677010401,285.69969646773581,-33.9362163000,150.8466095000
10thAv-Casula-Aerotropolis,"254","0","254",0.07565959000310,277.89524699834152,-33.9359415000,150.8445348000
10thAv-Casula-Aerotropolis,"255","0","255",0.07575093424212,277.94643103913080,-33.9359284000,150.8444444000
10thAv-Casula-Aerotropolis,"256","0","256",0.07633180064671,277.64333201501591,-33.9358511000,150.8438687000
10thAv-Casula-Aerotropolis,"257","0","257",0.07685837410786,277.59632782615290,-33.9357811000,150.8433468000
10thAv-Casula-Aerotropolis,"258","0","258",0.07697781049263,278.52881442924212,-33.9357654000,150.8432284000
10thAv-Casula-Aerotropolis,"259","0","259",0.07713527188471,285.71786614033448,-33.9357394000,150.8430731000
10thAv-Casula-Aerotropolis,"260","0","260",0.07724156417042,284.49325429374477,-33.9356997000,150.8429745000
10thAv-Casula-Aerotropolis,"261","0","261",0.07737346280572,277.73123912378702,-33.9356835000,150.8428436000
10thAv-Casula-Aerotropolis,"262","0","262",0.07751366958160,274.23288624571421,-33.9356630000,150.8427049000
10thAv-Casula-Aerotropolis,"263","0","263",0.07780866973411,265.53890190392696,-33.9356627000,150.8424099000
10thAv-Casula-Aerotropolis,"264","0","264",0.07815076324476,256.36511802470051,-33.9357161000,150.8420720000
10thAv-Casula-Aerotropolis,"265","0","265",0.07847420204886,246.62023738710417,-33.9358176000,150.8417649000
10thAv-Casula-Aerotropolis,"266","0","266",0.07888179422247,245.46489338944860,-33.9360119000,150.8414066000
10thAv-Casula-Aerotropolis,"267","0","267",0.07927856382817,256.20714365947612,-33.9361515000,150.8410352000
10thAv-Casula-Aerotropolis,"268","0","268",0.07967651804664,266.69548442697368,-33.9361999000,150.8406402000
10thAv-Casula-Aerotropolis,"269","0","269",0.07998072462118,265.18566700865591,-33.9361979000,150.8403360000
10thAv-Casula-Aerotropolis,"270","0","270",0.08010735040845,249.02954846684261,-33.9362199000,150.8402113000
10thAv-Casula-Aerotropolis,"271","0","271",0.08015083155380,242.44230376362449,-33.9362429000,150.8401744000
10thAv-Casula-Aerotropolis,"272","0","272",0.08019097193247,253.80456271276711,-33.9362587000,150.8401375000
10thAv-Casula-Aerotropolis,"273","0","273",0.08023220359503,267.69981139897192,-33.9362653000,150.8400968000
10thAv-Casula-Aerotropolis,"274","0","274",0.08026952436677,281.45258380603104,-33.9362623000,150.8400596000
10thAv-Casula-Aerotropolis,"275","0","275",0.08032113289319,297.69614064805899,-33.9362461000,150.8400106000
10thAv-Casula-Aerotropolis,"276","0","276",0.08036639325111,317.00303153058417,-33.9362188000,150.8399745000
10thAv-Casula-Aerotropolis,"277","0","277",0.08040888560333,337.93704551168071,-33.9361832000,150.8399513000
10thAv-Casula-Aerotropolis,"278","0","278",0.08044963900810,359.44786149846340,-33.9361432000,150.8399435000
10thAv-Casula-Aerotropolis,"279","0","279",0.08048791236699,323.74657423478061,-33.9361055000,150.8399501000
10thAv-Casula-Aerotropolis,"280","0","280",0.08099391446186,272.66505518238483,-33.9360389000,150.8394485000
10thAv-Casula-Aerotropolis,"281","0","281",0.08157135298672,265.01721178450930,-33.9360614000,150.8388715000
10thAv-Casula-Aerotropolis,"282","0","282",0.08206857416488,260.95628025948480,-33.9361283000,150.8383788000
10thAv-Casula-Aerotropolis,"283","0","283",0.08252866768798,267.90883836355022,-33.9362110000,150.8379262000
10thAv-Casula-Aerotropolis,"284","0","284",0.08265329019799,277.02282958581566,-33.9361976000,150.8378023000
10thAv-Casula-Aerotropolis,"285","0","285",0.08311029791125,284.64003468435448,-33.9361350000,150.8373496000
10thAv-Casula-Aerotropolis,"286","0","286",0.08326947972555,295.32354136948078,-33.9360769000,150.8372014000
10thAv-Casula-Aerotropolis,"287","0","287",0.08374668468153,300.87170468419191,-33.9358438000,150.8367850000
10thAv-Casula-Aerotropolis,"288","0","288",0.08416987302022,294.38211264777232,-33.9356164000,150.8364281000
10thAv-Casula-Aerotropolis,"289","0","289",0.08452914502025,283.82702689037200,-33.9355158000,150.8360832000
10thAv-Casula-Aerotropolis,"290","0","290",0.08487995793334,236.13678380272194,-33.9354465000,150.8357393000
10thAv-Casula-Aerotropolis,"291","0","291",0.08492181029291,203.01451453994224,-33.9354876000,150.8357314000
10thAv-Casula-Aerotropolis,"292","0","292",0.08496975192407,227.02501170838551,-33.9355268000,150.8357038000
10thAv-Casula-Aerotropolis,"293","0","293",0.08502802730480,248.68938757745332,-33.9355569000,150.8356539000
10thAv-Casula-Aerotropolis,"294","0","294",0.08507558579512,266.61560393679133,-33.9355664000,150.8356073000
10thAv-Casula-Aerotropolis,"295","0","295",0.08512385182871,282.78028726800466,-33.9355624000,150.8355592000
10thAv-Casula-Aerotropolis,"296","0","296",0.08516664248192,299.06817145165786,-33.9355472000,150.8355192000
10thAv-Casula-Aerotropolis,"297","0","297",0.08520902384571,316.56204696172449,-33.9355215000,150.8354855000
10thAv-Casula-Aerotropolis,"298","0","298",0.08524602384574,337.42772544579037,-33.9354909000,150.8354647000
10thAv-Casula-Aerotropolis,"299","0","299",0.08529450476985,0.34153840262729,-33.9354433000,150.8354555000
10thAv-Casula-Aerotropolis,"300","0","300",0.08532329504594,21.20951044808510,-33.9354151000,150.8354613000
10thAv-Casula-Aerotropolis,"301","0","301",0.08536450633082,40.78664623756180,-33.9353797000,150.8354824000
10thAv-Casula-Aerotropolis,"302","0","302",0.08540736248557,60.54771605639915,-33.9353526000,150.8355156000
10thAv-Casula-Aerotropolis,"303","0","303",0.08546407553520,79.77827309355645,-33.9353335000,150.8355690000
10thAv-Casula-Aerotropolis,"304","0","304",0.08551668019279,96.13169716101166,-33.9353328000,150.8356216000
10thAv-Casula-Aerotropolis,"305","0","305",0.08554418800987,71.80644929550080,-33.9353390000,150.8356484000
10thAv-Casula-Aerotropolis,"306","0","306",0.08571879534075,37.72854911032591,-33.9352064000,150.8357620000
10thAv-Casula-Aerotropolis,"307","0","307",0.08593428659348,34.83445997113726,-33.9350296000,150.8358852000
10thAv-Casula-Aerotropolis,"308","0","308",0.08599018310501,23.85544785334254,-33.9349837000,150.8359171000
10thAv-Casula-Aerotropolis,"309","0","309",0.08616695284224,12.98215042944203,-33.9348114000,150.8359566000
10thAv-Casula-Aerotropolis,"310","0","310",0.08641270192160,10.64368353051739,-33.9345720000,150.8360121000
10thAv-Casula-Aerotropolis,"311","0","311",0.08669056706872,20.18398906159025,-33.9342970000,150.8360519000
10thAv-Casula-Aerotropolis,"312","0","312",0.08674772229596,39.54112140800282,-33.9342486000,150.8360823000
10thAv-Casula-Aerotropolis,"313","0","313",0.08679137604724,346.95668056919783,-33.9342188000,150.8361142000
10thAv-Casula-Aerotropolis,"314","0","314",0.08692195789897,286.40863503149615,-33.9341807000,150.8359893000
10thAv-Casula-Aerotropolis,"315","0","315",0.08697320719162,281.17409807036762,-33.9341667000,150.8359400000
10thAv-Casula-Aerotropolis,"316","0","316",0.08703862706631,268.54001432499143,-33.9341593000,150.8358750000
10thAv-Casula-Aerotropolis,"317","0","317",0.08707836231512,265.80203796449587,-33.9341658000,150.8358358000
10thAv-Casula-Aerotropolis,"318","0","318",0.08712897031845,266.91736005771145,-33.9341649000,150.8357852000
10thAv-Casula-Aerotropolis,"319","0","319",0.08728489446667,261.59893245235185,-33.9341844000,150.8356305000
10thAv-Casula-Aerotropolis,"320","0","320",0.08749078851710,257.90491584356886,-33.9342188000,150.8354275000
10thAv-Casula-Aerotropolis,"321","0","321",0.08766447587990,256.25653367978748,-33.9342625000,150.8352594000
10thAv-Casula-Aerotropolis,"322","0","322",0.08777722804175,254.56402296798049,-33.9342877000,150.8351495000
10thAv-Casula-Aerotropolis,"323","0","323",0.08786447831396,250.79952482277756,-33.9343146000,150.8350665000
10thAv-Casula-Aerotropolis,"324","0","324",0.08826415119271,250.01732071127066,-33.9344542000,150.8346920000
10thAv-Casula-Aerotropolis,"325","0","325",0.08832250571268,260.72833018838770,-33.9344737000,150.8346370000
10thAv-Casula-Aerotropolis,"326","0","326",0.08837521339712,275.94432901150981,-33.9344728000,150.8345843000
10thAv-Casula-Aerotropolis,"327","0","327",0.08845393632894,249.48327064008353,-33.9344579000,150.8345070000
10thAv-Casula-Aerotropolis,"328","0","328",0.08851768999550,221.72903048846018,-33.9345081000,150.8344677000
10thAv-Casula-Aerotropolis,"329","0","329",0.08856810794866,230.69670646382991,-33.9345435000,150.8344318000
10thAv-Casula-Aerotropolis,"330","0","330",0.08863300887319,241.85168794806162,-33.9345798000,150.8343780000
10thAv-Casula-Aerotropolis,"331","0","331",0.08915533300626,248.37831815529540,-33.9347779000,150.8338947000
10thAv-Casula-Aerotropolis,"332","0","332",0.08918536295204,250.73259072404156,-33.9347886398,150.8338666562
10thAv-Casula-Aerotropolis,"333","0","333",0.08925476016890,256.30646289791071,-33.9348096000,150.8338005000
10thAv-Casula-Aerotropolis,"334","0","334",0.08930935806259,270.55671238286675,-33.9348189000,150.8337467000
10thAv-Casula-Aerotropolis,"335","0","335",0.08935844706344,289.17349510648899,-33.9348096000,150.8336985000
10thAv-Casula-Aerotropolis,"336","0","336",0.08940903263449,260.03791144276965,-33.9347863000,150.8336536000
10thAv-Casula-Aerotropolis,"337","0","337",0.08944696546984,227.32763317006169,-33.9348142000,150.8336279000
10thAv-Casula-Aerotropolis,"338","0","338",0.08954378411475,236.69322684489808,-33.9348738000,150.8335516000
10thAv-Casula-Aerotropolis,"339","0","339",0.08959618650020,247.25895533654884,-33.9348989000,150.8335056000
10thAv-Casula-Aerotropolis,"340","0","340",0.08966995858163,257.69717991113856,-33.9349203000,150.8334350000
10thAv-Casula-Aerotropolis,"341","0","341",0.08980801726481,263.17877139838237,-33.9349389000,150.8332982000
10thAv-Casula-Aerotropolis,"342","0","342",0.09020592485459,266.17769238248019,-33.9349798000,150.8329024000
10thAv-Casula-Aerotropolis,"343","0","343",0.09028145987959,279.77546190434470,-33.9349821000,150.8328269000
10thAv-Casula-Aerotropolis,"344","0","344",0.09034038330446,293.53058996604079,-33.9349607000,150.8327720000
10thAv-Casula-Aerotropolis,"345","0","345",0.09038524319747,261.17955223586807,-33.9349412000,150.8327316000
10thAv-Casula-Aerotropolis,"346","0","346",0.09042846414147,236.07489413761959,-33.9349709000,150.8327002000
10thAv-Casula-Aerotropolis,"347","0","347",0.09049371258970,251.48135762888484,-33.9349979000,150.8326408000
10thAv-Casula-Aerotropolis,"348","0","348",0.09057076633720,261.15512825966454,-33.9350147000,150.8325656000
10thAv-Casula-Aerotropolis,"349","0","349",0.09097827738000,266.23899195973542,-33.9350509000,150.8321597000
10thAv-Casula-Aerotropolis,"350","0","350",0.09104443665750,269.12029870630084,-33.9350537000,150.8320936000
10thAv-Casula-Aerotropolis,"351","0","351",0.09112184188989,279.42016001602292,-33.9350528000,150.8320162000
10thAv-Casula-Aerotropolis,"352","0","352",0.09118436076703,298.28380167386553,-33.9350333000,150.8319568000
10thAv-Casula-Aerotropolis,"353","0","353",0.09123475858443,317.10494284201513,-33.9350020000,150.8319173000
10thAv-Casula-Aerotropolis,"354","0","354",0.09127017750595,334.71343103205254,-33.9349727000,150.8318974000
10thAv-Casula-Aerotropolis,"355","0","355",0.09131802162785,348.38492725215502,-33.9349268000,150.8318839000
10thAv-Casula-Aerotropolis,"356","0","356",0.09142296870976,353.94813146474411,-33.9348226000,150.8318714000
10thAv-Casula-Aerotropolis,"357","0","357",0.09162682819566,355.68603344141439,-33.9346196000,150.8318527000
10thAv-Casula-Aerotropolis,"358","0","358",0.09203232724622,355.73738553035156,-33.9342148000,150.8318289000
10thAv-Casula-Aerotropolis,"359","0","359",0.09258155339272,357.94268597522517,-33.9336678000,150.8317795000
10thAv-Casula-Aerotropolis,"360","0","360",0.09280619081169,318.65325786046094,-33.9334432000,150.8317836000
10thAv-Casula-Aerotropolis,"361","0","361",0.10234377334081,268.60022592733753,-33.9324031000,150.8223029000
10thAv-Casula-Aerotropolis,"362","0","362",0.10324106866561,216.74214438537945,-33.9325444000,150.8214168000
10thAv-Casula-Aerotropolis,"363","0","363",0.10351851417372,167.28664474323111,-33.9328195000,150.8214528000
10thAv-Casula-Aerotropolis,"364","0","364",0.10407338558230,175.28811186408129,-33.9333473000,150.8216240000
10thAv-Casula-Aerotropolis,"365","0","365",0.10425975559060,198.17782567010352,-33.9335316000,150.8215963000
10thAv-Casula-Aerotropolis,"366","0","366",0.10450712292879,220.06557855240544,-33.9337504000,150.8214809000
10thAv-Casula-Aerotropolis,"367","0","367",0.10504523631826,234.28483256309633,-33.9340793000,150.8210550000
10thAv-Casula-Aerotropolis,"368","0","368",0.10522107638766,238.11779605263800,-33.9341770000,150.8209088000
10thAv-Casula-Aerotropolis,"369","0","369",0.10540261558455,252.42346223476167,-33.9342678000,150.8207516000
10thAv-Casula-Aerotropolis,"370","0","370",0.10555101278804,270.02333279927342,-33.9342811000,150.8206038000
10thAv-Casula-Aerotropolis,"371","0","371",0.10582081836619,276.59319047999929,-33.9342567000,150.8203351000
10thAv-Casula-Aerotropolis,"372","0","372",0.10629953573277,277.99771987908201,-33.9341900943,150.8198610388
10thAv-Casula-Aerotropolis,"373","0","373",0.10713932783263,277.99600696882715,-33.9340732509,150.8190294149
10thAv-Casula-Aerotropolis,"374","0","374",0.10810163207750,277.99569671054974,-33.9339394189,150.8180764624
10thAv-Casula-Aerotropolis,"375","0","375",0.10929771311447,277.99855744327209,-33.9337730166,150.8168920131
10thAv-Casula-Aerotropolis,"376","0","376",0.11105707006100,277.99886770341175,-33.9335281610,150.8151497782
10thAv-Casula-Aerotropolis,"377","0","377",0.11223253644402,277.99771987893990,-33.9333646140,150.8139857448
10thAv-Casula-Aerotropolis,"378","0","378",0.11419405981099,277.67375459372846,-33.9330917000,150.8120433000
10thAv-Casula-Aerotropolis,"379","0","379",0.11519136841931,277.35005576963539,-33.9329641178,150.8110541856
10thAv-Casula-Aerotropolis,"380","0","380",0.11644798452617,277.35057602631440,-33.9328033517,150.8098078958
10thAv-Casula-Aerotropolis,"381","0","381",0.11733814505727,277.34981774337206,-33.9326894605,150.8089250512
10thAv-Casula-Aerotropolis,"382","0","382",0.11906904772718,277.34877994440825,-33.9324680617,150.8072083665
10thAv-Casula-Aerotropolis,"383","0","383",0.12051196636684,277.97271198739179,-33.9322835000,150.8057773000
10thAv-Casula-Aerotropolis,"384","0","384",0.12100318975153,278.59666975009480,-33.9322100730,150.8052915955
10thAv-Casula-Aerotropolis,"385","0","385",0.12138813877141,278.59666975476148,-33.9321525316,150.8049109713
10thAv-Casula-Aerotropolis,"386","0","386",0.12166886669815,278.59692591825615,-33.9321105690,150.8046333974
10thAv-Casula-Aerotropolis,"387","0","387",0.12227591925269,278.59718207906246,-33.9320198227,150.8040331658
10thAv-Casula-Aerotropolis,"388","0","388",0.12266433620082,278.59741440730789,-33.9319617595,150.8036491132
10thAv-Casula-Aerotropolis,"389","0","389",0.12362094102435,278.59784110305776,-33.9318187522,150.8027032582
10thAv-Casula-Aerotropolis,"390","0","390",0.12429750301903,278.59830409556997,-33.9317176052,150.8020342998
10thAv-Casula-Aerotropolis,"391","0","391",0.12587798021835,278.59895470602459,-33.9314813069,150.8004715870
10thAv-Casula-Aerotropolis,"392","0","392",0.12750712285462,278.59991256874747,-33.9312377111,150.7988607590
10thAv-Casula-Aerotropolis,"393","0","393",0.13071671502165,278.60095094757986,-33.9307577366,150.7956872583
10thAv-Casula-Aerotropolis,"394","0","394",0.13139326412244,278.60160781069339,-33.9306565521,150.7950183186
10thAv-Casula-Aerotropolis,"395","0","395",0.13234984651913,278.60203448642909,-33.9305134795,150.7940724961
10thAv-Casula-Aerotropolis,"396","0","396",0.13308750701440,278.60226679438250,-33.9304031443,150.7933431340
10thAv-Casula-Aerotropolis,"397","0","397",0.13334528746475,278.60264809391271,-33.9303645869,150.7930882534
10thAv-Casula-Aerotropolis,"398","0","398",0.13403008320867,277.84959574744704,-33.9302621500,150.7924111627
10thAv-Casula-Aerotropolis,"399","0","399",0.13465195143917,274.58665410445246,-33.9301853275,150.7917940578
10thAv-Casula-Aerotropolis,"400","0","400",0.13609747479271,274.72642510053726,-33.9301329343,150.7903494843
10thAv-Casula-Aerotropolis,"401","0","401",0.13825252749285,277.37615218854125,-33.9298562793,150.7882122632
10thAv-Casula-Aerotropolis,"402","0","402",0.13988773091847,277.37698069583615,-33.9296463346,150.7865905932
10thAv-Casula-Aerotropolis,"403","0","403",0.14147017976942,277.37774102860766,-33.9294431422,150.7850212439
10thAv-Casula-Aerotropolis,"404","0","404",0.14310135553945,277.37850664400065,-33.9292336716,150.7834035738
10thAv-Casula-Aerotropolis,"405","0","405",0.14473252495556,277.37927225349057,-33.9290241801,150.7817859129
10thAv-Casula-Aerotropolis,"406","0","406",0.14631495549841,277.37991933839834,-33.9288209274,150.7802165899
10thAv-Casula-Aerotropolis,"407","0","407",0.14699234978864,277.38037981665701,-33.9287339143,150.7795448073
10thAv-Casula-Aerotropolis,"408","0","408",0.14795012744124,277.38080419304322,-33.9286108788,150.7785949651
10thAv-Casula-Aerotropolis,"409","0","409",0.14894681248352,277.38129002340526,-33.9284828373,150.7776065388
10thAv-Casula-Aerotropolis,"410","0","410",0.15010511914451,277.38181866746305,-33.9283340225,150.7764578315
10thAv-Casula-Aerotropolis,"411","0","411",0.15079038211740,277.38209254492659,-33.9282459760,150.7757782485
10thAv-Casula-Aerotropolis,"412","0","412",0.15126342259856,277.38234730555860,-33.9281851971,150.7753091288
10thAv-Casula-Aerotropolis,"413","0","413",0.15174835150922,277.38260206699238,-33.9281228864,150.7748282199
10thAv-Casula-Aerotropolis,"414","0","414",0.15226009974760,277.38283312973959,-33.9280571296,150.7743207139
10thAv-Casula-Aerotropolis,"415","0","415",0.15273268139747,277.38306418952948,-33.9279964017,150.7738520503
10thAv-Casula-Aerotropolis,"416","0","416",0.15321786534073,277.38325749895751,-33.9279340544,150.7733708890
10thAv-Casula-Aerotropolis,"417","0","417",0.15389524845430,277.38371795730257,-33.9278470044,150.7726991225
10thAv-Casula-Aerotropolis,"418","0","418",0.15461836424203,277.38398511275426,-33.9277540707,150.7719820034
10thAv-Casula-Aerotropolis,"419","0","419",0.15547764434062,277.38436501853607,-33.9276436374,150.7711298492
10thAv-Casula-Aerotropolis,"420","0","420",0.15632587606541,277.38474492122191,-33.9275346129,150.7702886532
10thAv-Casula-Aerotropolis,"421","0","421",0.15710876550381,277.38513058662232,-33.9274339869,150.7695122575
10thAv-Casula-Aerotropolis,"422","0","422",0.15873988030180,277.38589614880271,-33.9272243154,150.7678946750
10thAv-Casula-Aerotropolis,"423","0","423",0.16032225784750,277.38654319339747,-33.9270208880,150.7663254280
10thAv-Casula-Aerotropolis,"424","0","424",0.16099962944780,277.38700364287934,-33.9269338002,150.7656536781
10thAv-Casula-Aerotropolis,"425","0","425",0.16195737501542,277.38742799433828,-33.9268106590,150.7647038819
10thAv-Casula-Aerotropolis,"426","0","426",0.16295402666518,277.38787535131399,-33.9266825075,150.7637155035
10thAv-Casula-Aerotropolis,"427","0","427",0.16378709795662,282.62663216314610,-33.9265753833,150.7628893485
10thAv-Casula-Aerotropolis,"428","0","428",0.16419273552512,287.86517266567392,-33.9264509426,150.7625032703
10thAv-Casula-Aerotropolis,"429","0","429",0.16473003639103,328.86572522024585,-33.9262861104,150.7619918775
10thAv-Casula-Aerotropolis,"430","0","430",0.16608827415548,323.37889467058221,-33.9249479605,150.7622246106
10thAv-Casula-Aerotropolis,"431","0","431",0.16689672850801,276.89170225481382,-33.9248509543,150.7614219972
10thAv-Casula-Aerotropolis,"432","0","432",0.16770518137663,276.89208363580076,-33.9247539429,150.7606193860
10thAv-Casula-Aerotropolis,"433","0","433",0.16851363276101,276.89303707757722,-33.9246569263,150.7598167768
10thAv-Casula-Aerotropolis,"434","0","434",0.17417275088144,276.89456257093633,-33.9239776657,150.7541985722
10thAv-Casula-Aerotropolis,"435","0","435",0.17498119038671,276.89551600148246,-33.9238806078,150.7533959801
10thAv-Casula-Aerotropolis,"436","0","436",0.17578962840647,276.89589737068349,-33.9237835448,150.7525933900
10thAv-Casula-Aerotropolis,"437","0","437",0.17659806494038,276.89627873722179,-33.9236864766,150.7517908021
10thAv-Casula-Aerotropolis,"438","0","438",0.17740649998838,233.38500116139738,-33.9235894032,150.7509882162
10thAv-Casula-Aerotropolis,"439","0","439",0.17876473930556,189.87371288624871,-33.9249275251,150.7507553135
10thAv-Casula-Aerotropolis,"440","0","440",0.18012297908783,189.87407287350857,-33.9262656461,150.7505224022
10thAv-Casula-Aerotropolis,"441","0","441",0.18148121933522,207.34499650059516,-33.9276037660,150.7502894825
10thAv-Casula-Aerotropolis,"442","0","442",0.18258939643535,251.32515299339303,-33.9283898815,150.7495084070
10thAv-Casula-Aerotropolis,"443","0","443",0.18743599550694,277.84026657929593,-33.9277292258,150.7447070472
10thAv-Casula-Aerotropolis,"444","0","444",0.18958898646826,234.55456980371022,-33.9274353202,150.7425742111
10thAv-Casula-Aerotropolis,"445","0","445",0.19056410017135,191.23360257304751,-33.9283916536,150.7423837560
10thAv-Casula-Aerotropolis,"446","0","446",0.19140278459606,191.20415310882953,-33.9292143539,150.7422207968
10thAv-Casula-Aerotropolis,"447","0","447",0.19220872783292,191.20437400987959,-33.9300049364,150.7420641959
10thAv-Casula-Aerotropolis,"448","0","448",0.19277873530643,191.20461371559443,-33.9305640795,150.7419534372
10thAv-Casula-Aerotropolis,"449","0","449",0.19411030117973,191.20495058261403,-33.9318702645,150.7416946931
10thAv-Casula-Aerotropolis,"450","0","450",0.19548287471427,191.20534917765966,-33.9332166736,150.7414279711
10thAv-Casula-Aerotropolis,"451","0","451",0.19685544894899,234.52132822397419,-33.9345630816,150.7411612397
10thAv-Casula-Aerotropolis,"452","0","452",0.19758013473269,277.83710646420781,-33.9344642654,150.7404433226
20thAv-BadgerysCreek-Austral,"0","0","0",0.00000000000000,96.89423419400386,-33.8985530061,150.7586211926
20thAv-BadgerysCreek-Austral,"1","0","1",0.00080820793918,96.89404363676169,-33.8986500209,150.7594235567
20thAv-BadgerysCreek-Austral,"2","0","2",0.00161641736069,96.89366252046783,-33.8987470305,150.7602259229
20thAv-BadgerysCreek-Austral,"3","0","3",0.00242462826449,96.89328140415152,-33.8988440350,150.7610282913
20thAv-BadgerysCreek-Austral,"4","0","4",0.00323284065037,94.84219161492680,-33.8989410344,150.7618306618
20thAv-BadgerysCreek-Austral,"5","0","5",0.00867499895601,95.37026218343755,-33.8992060564,150.7672663632
20thAv-BadgerysCreek-Austral,"6","0","6",0.01082803850517,97.94878320796631,-33.8995038123,150.7693987142
20thAv-BadgerysCreek-Austral,"7","0","7",0.01246172961212,97.94795344951662,-33.8997297193,150.7710167107
20thAv-BadgerysCreek-Austral,"8","0","8",0.01404272743266,97.94719195577703,-33.8999483190,150.7725825231
20thAv-BadgerysCreek-Austral,"9","0","9",0.01489605649837,97.94681144459113,-33.9000662949,150.7734276575
20thAv-BadgerysCreek-Austral,"10","0","10",0.01567242035917,97.94642516127077,-33.9001736301,150.7741965658
20thAv-BadgerysCreek-Austral,"11","0","11",0.01666949682904,97.94603887587211,-33.9003114664,150.7751840690
20thAv-BadgerysCreek-Austral,"12","0","12",0.01730211999989,97.94565835992721,-33.9003989205,150.7758106182
20thAv-BadgerysCreek-Austral,"13","0","13",0.01833133018813,97.94527784436615,-33.9005411854,150.7768299485
20thAv-BadgerysCreek-Austral,"14","0","14",0.01888313716671,97.94501025947274,-33.9006174601,150.7773764585
20thAv-BadgerysCreek-Austral,"15","0","15",0.01955993018780,97.94454905605305,-33.9007110051,150.7780467555
20thAv-BadgerysCreek-Austral,"16","0","16",0.02051686154169,97.94412400441404,-33.9008432639,150.7789945030
20thAv-BadgerysCreek-Austral,"17","0","17",0.02151267068827,97.94363739820606,-33.9009808880,150.7799807562
20thAv-BadgerysCreek-Austral,"18","0","18",0.02266996554653,97.66259520484158,-33.9011408197,150.7811269469
20thAv-BadgerysCreek-Austral,"19","0","19",0.02357361722395,97.38180818652955,-33.9012569216,150.7820231092
20thAv-BadgerysCreek-Austral,"20","0","20",0.02444737805675,97.38098875219136,-33.9013691830,150.7828896283
20thAv-BadgerysCreek-Austral,"21","0","21",0.02544375800447,97.37993842065353,-33.9014971703,150.7838777539
20thAv-BadgerysCreek-Austral,"22","0","22",0.02599457137594,97.37970752370080,-33.9015679192,150.7844240047
20thAv-BadgerysCreek-Austral,"23","0","23",0.02640124246826,97.37951435018734,-33.9016201538,150.7848273072
20thAv-BadgerysCreek-Austral,"24","0","24",0.02707842939645,97.37905420287238,-33.9017071301,150.7854988854
20thAv-BadgerysCreek-Austral,"25","0","25",0.02866037552225,97.37840757867356,-33.9019102970,150.7870677311
20thAv-BadgerysCreek-Austral,"26","0","26",0.02916135856591,97.37802792833899,-33.9019746309,150.7875645662
20thAv-BadgerysCreek-Austral,"27","0","27",0.02984780684096,97.37802792828735,-33.9020627814,150.7882453311
20thAv-BadgerysCreek-Austral,"28","0","28",0.03029104558977,97.37745556838094,-33.9021197000,150.7886849000
20thAv-BadgerysCreek-Austral,"29","0","29",0.03350368639227,97.37605577163649,-33.9025321886,150.7918709499
20thAv-BadgerysCreek-Austral,"30","0","30",0.03729278211148,143.96023634571216,-33.9030185828,150.7956286975
20thAv-BadgerysCreek-Austral,"31","0","31",0.04129744736937,190.54544364745271,-33.9069556121,150.7948957961
20thAv-BadgerysCreek-Austral,"32","0","32",0.04159907931758,190.54564293843708,-33.9072521493,150.7948405918
20thAv-BadgerysCreek-Austral,"33","0","33",0.04183034464344,190.54564294204260,-33.9074795084,150.7947982659
20thAv-BadgerysCreek-Austral,"34","0","34",0.04209020541126,190.54564293976313,-33.9077349800,150.7947507065
20thAv-BadgerysCreek-Austral,"35","0","35",0.04229582427787,190.54564293990290,-33.9079371258,150.7947130744
20thAv-BadgerysCreek-Austral,"36","0","36",0.04251307993530,190.44031790668771,-33.9081507119,150.7946733125
20thAv-BadgerysCreek-Austral,"37","0","37",0.04273902492785,190.52281758341618,-33.9083729911,150.7946327773
20thAv-BadgerysCreek-Austral,"38","0","38",0.04302748233376,190.62814262031847,-33.9086564231,150.7945791678
20thAv-BadgerysCreek-Austral,"39","0","39",0.04328888204917,190.54564294151780,-33.9089134076,150.7945313267
20thAv-BadgerysCreek-Austral,"40","0","40",0.04361667053288,149.11541934495500,-33.9092356595,150.7944713353
20thAv-BadgerysCreek-Austral,"41","0","41",0.04496911492924,101.35194599374638,-33.9096465144,150.7957598632
20thAv-BadgerysCreek-Austral,"42","0","42",0.04527301687574,96.39575531222829,-33.9096731000,150.7960626000
20thAv-BadgerysCreek-Austral,"43","0","43",0.04532625501156,97.83667926448283,-33.9096803002,150.7961153490
20thAv-BadgerysCreek-Austral,"44","0","44",0.04539087470869,97.87169542899355,-33.9096891824,150.7961793553
20thAv-BadgerysCreek-Austral,"45","0","45",0.04552585488250,97.84284671487815,-33.9097076014,150.7963130729
20thAv-BadgerysCreek-Austral,"46","0","46",0.04573917348331,97.84284671530501,-33.9097367101,150.7965243961
20thAv-BadgerysCreek-Austral,"47","0","47",0.04679621959293,97.87360196008504,-33.9098809508,150.7975715547
20thAv-BadgerysCreek-Austral,"48","0","48",0.04888369403109,97.75875352031807,-33.9101680200,150.7996391961
20thAv-BadgerysCreek-Austral,"49","0","49",0.04981248890116,97.61288417273384,-33.9102910704,150.8005598038
20thAv-BadgerysCreek-Austral,"50","0","50",0.05112870599038,97.61220487855424,-33.9104654358,150.8018644202
20thAv-BadgerysCreek-Austral,"51","0","51",0.05330794443272,97.61129247729090,-33.9107540986,150.8040244559
20thAv-BadgerysCreek-Austral,"52","0","52",0.05534361656504,97.61050415629171,-33.9110237093,150.8060421950
20thAv-BadgerysCreek-Austral,"53","0","53",0.05575479123685,97.61004441712547,-33.9110781625,150.8064497480
20thAv-BadgerysCreek-Austral,"54","0","54",0.05678184232393,97.60962911270020,-33.9112141720,150.8074677536
20thAv-BadgerysCreek-Austral,"55","0","55",0.05782613162430,97.60913579819189,-33.9113524554,150.8085028467
20thAv-BadgerysCreek-Austral,"56","0","56",0.05887925765796,97.56783258986404,-33.9114919000,150.8095467000
20thAv-BadgerysCreek-Austral,"57","0","57",0.06005247197095,97.52651243222104,-33.9116455788,150.8107098056
20thAv-BadgerysCreek-Austral,"58","0","58",0.06112081223782,97.52606124751462,-33.9117855104,150.8117689421
20thAv-BadgerysCreek-Austral,"59","0","59",0.06162523587150,97.52572618518170,-33.9118515767,150.8122690205
20thAv-BadgerysCreek-Austral,"60","0","60",0.06238066265272,97.52524614497567,-33.9119505140,150.8130179404
20thAv-BadgerysCreek-Austral,"61","0","61",0.06442362639066,97.52455328574830,-33.9122180551,150.8150433102
20thAv-BadgerysCreek-Austral,"62","0","62",0.06543966464687,97.52419144154338,-33.9123511000,150.8160506000
20thAv-Austral-BadgerysCreek,"0","0","0",0.00000000000000,277.52419144154334,-33.9123511000,150.8160506000
20thAv-Austral-BadgerysCreek,"1","0","1",0.00101603825621,277.52455328574831,-33.9122180551,150.8150433102
20thAv-Austral-BadgerysCreek,"2","0","2",0.00305900199416,277.52524614497565,-33.9119505140,150.8130179404
20thAv-Austral-BadgerysCreek,"3","0","3",0.00381442877538,277.52572618518167,-33.9118515767,150.8122690205
20thAv-Austral-BadgerysCreek,"4","0","4",0.00431885240905,277.52606124751458,-33.9117855104,150.8117689421
20thAv-Austral-BadgerysCreek,"5","0","5",0.00538719267592,277.52651243222101,-33.9116455788,150.8107098056
20thAv-Austral-BadgerysCreek,"6","0","6",0.00656040698892,277.56783258986400,-33.9114919000,150.8095467000
20thAv-Austral-BadgerysCreek,"7","0","7",0.00761353302258,277.60913579819186,-33.9113524554,150.8085028467
20thAv-Austral-BadgerysCreek,"8","0","8",0.00865782232294,277.60962911270019,-33.9112141720,150.8074677536
20thAv-Austral-BadgerysCreek,"9","0","9",0.00968487341002,277.61004441712544,-33.9110781625,150.8064497480
20thAv-Austral-BadgerysCreek,"10","0","10",0.01009604808183,277.61050415629171,-33.9110237093,150.8060421950
20thAv-Austral-BadgerysCreek,"11","0","11",0.01213172021415,277.61129247729087,-33.9107540986,150.8040244559
20thAv-Austral-BadgerysCreek,"12","0","12",0.01431095865649,277.61220487855422,-33.9104654358,150.8018644202
20thAv-Austral-BadgerysCreek,"13","0","13",0.01562717574571,277.61288417273380,-33.9102910704,150.8005598038
20thAv-Austral-BadgerysCreek,"14","0","14",0.01655597061579,277.75253902877608,-33.9101680200,150.7996391961
20thAv-Austral-BadgerysCreek,"15","0","15",0.01887983803844,277.87613118725528,-33.9098489414,150.7973373384
20thAv-Austral-BadgerysCreek,"16","0","16",0.01970000680812,277.80700065722698,-33.9097367761,150.7965248757
20thAv-Austral-BadgerysCreek,"17","0","17",0.01996151958841,277.90275248632923,-33.9097014943,150.7962657538
20thAv-Austral-BadgerysCreek,"18","0","18",0.02007311111516,277.94734225733458,-33.9096858638,150.7961552624
20thAv-Austral-BadgerysCreek,"19","0","19",0.02011693903697,277.84284671235827,-33.9096798832,150.7961118444
20thAv-Austral-BadgerysCreek,"20","0","20",0.02016664844564,276.43077148000413,-33.9096731000,150.7960626000
20thAv-Austral-BadgerysCreek,"21","0","21",0.02047055039215,281.35194599374637,-33.9096465144,150.7957598632
20thAv-Austral-BadgerysCreek,"22","0","22",0.02182299478850,329.11541934555180,-33.9092356595,150.7944713353
20thAv-Austral-BadgerysCreek,"23","0","23",0.02217804491016,10.54564294128644,-33.9088866064,150.7945363161
20thAv-Austral-BadgerysCreek,"24","0","24",0.02244337468961,10.54564293806266,-33.9086257582,150.7945848764
20thAv-Austral-BadgerysCreek,"25","0","25",0.02268402569177,10.54564294049844,-33.9083891719,150.7946289201
20thAv-Austral-BadgerysCreek,"26","0","26",0.02296341466961,10.54564294300431,-33.9081145020,150.7946800535
20thAv-Austral-BadgerysCreek,"27","0","27",0.02314308060642,10.54564294041072,-33.9079378707,150.7947129357
20thAv-Austral-BadgerysCreek,"28","0","28",0.02349227923866,10.54564294010947,-33.9075945702,150.7947768456
20thAv-Austral-BadgerysCreek,"29","0","29",0.02376546093211,10.54564294044168,-33.9073260028,150.7948268430
20thAv-Austral-BadgerysCreek,"30","0","30",0.02431361930888,10.54543473701270,-33.9067871031,150.7949271662
20thAv-Austral-BadgerysCreek,"31","0","31",0.02814688048675,323.96003425094074,-33.9030185828,150.7956286975
20thAv-Austral-BadgerysCreek,"32","0","32",0.03030127339869,277.37547669984394,-33.9027420446,150.7934921266
20thAv-Austral-BadgerysCreek,"33","0","33",0.03351794060075,277.37668426958430,-33.9023290820,150.7903020780
20thAv-Austral-BadgerysCreek,"34","0","34",0.03514861700858,277.37764251785165,-33.9021197000,150.7886849000
20thAv-Austral-BadgerysCreek,"35","0","35",0.03576636152755,277.37802792811345,-33.9020403722,150.7880722701
20thAv-Austral-BadgerysCreek,"36","0","36",0.03625733625319,277.37802792836078,-33.9019773235,150.7875853604
20thAv-Austral-BadgerysCreek,"37","0","37",0.03677928707610,277.37840757883498,-33.9019102970,150.7870677311
20thAv-Austral-BadgerysCreek,"38","0","38",0.03761506904281,277.37878722901149,-33.9018029588,150.7862388704
20thAv-Austral-BadgerysCreek,"39","0","39",0.03836123320190,277.37905420289752,-33.9017071301,150.7854988854
20thAv-Austral-BadgerysCreek,"40","0","40",0.03903842013009,277.37951435022302,-33.9016201538,150.7848273072
20thAv-Austral-BadgerysCreek,"41","0","41",0.03999590459388,277.37993842062718,-33.9014971703,150.7838777539
20thAv-Austral-BadgerysCreek,"42","0","42",0.04099228454160,277.38098875204020,-33.9013691830,150.7828896283
20thAv-Austral-BadgerysCreek,"43","0","43",0.04186077398644,277.38180818496994,-33.9012575988,150.7820283369
20thAv-Austral-BadgerysCreek,"44","0","44",0.04276969705181,277.66259520395573,-33.9011408197,150.7811269469
20thAv-Austral-BadgerysCreek,"45","0","45",0.04392699191008,277.94363739960448,-33.9009808880,150.7799807562
20thAv-Austral-BadgerysCreek,"46","0","46",0.04440117667915,277.94389257435955,-33.9009153541,150.7795111218
20thAv-Austral-BadgerysCreek,"47","0","47",0.04492280105669,277.94412400359096,-33.9008432639,150.7789945030
20thAv-Austral-BadgerysCreek,"48","0","48",0.04587973241054,277.94454905678106,-33.9007110051,150.7780467555
20thAv-Austral-BadgerysCreek,"49","0","49",0.04655652543164,277.94501026158758,-33.9006174601,150.7773764585
20thAv-Austral-BadgerysCreek,"50","0","50",0.04754505743507,277.94527784317938,-33.9004808181,150.7763974158
20thAv-Austral-BadgerysCreek,"51","0","51",0.04813754259846,277.94565836080847,-33.9003989205,150.7758106182
20thAv-Austral-BadgerysCreek,"52","0","52",0.04905048568581,277.94603887806159,-33.9002727149,150.7749064405
20thAv-Austral-BadgerysCreek,"53","0","53",0.04976724223918,277.94642516133842,-33.9001736301,150.7741965658
20thAv-Austral-BadgerysCreek,"54","0","54",0.05139693516569,277.94738556947317,-33.8999483190,150.7725825231
20thAv-Austral-BadgerysCreek,"55","0","55",0.05461162409311,277.94845869062823,-33.8995038123,150.7693987142
20thAv-Austral-BadgerysCreek,"56","0","56",0.05560740634226,277.94921284722921,-33.8993661048,150.7684124998
20thAv-Austral-BadgerysCreek,"57","0","57",0.05676466364229,275.37038019526290,-33.8992060564,150.7672663632
20thAv-Austral-BadgerysCreek,"58","0","58",0.06220682194793,274.84219161492672,-33.8989410344,150.7618306618
20thAv-Austral-BadgerysCreek,"59","0","59",0.06301503433381,276.89328140415148,-33.8988440350,150.7610282913
20thAv-Austral-BadgerysCreek,"60","0","60",0.06382324523761,276.89366252046779,-33.8987470305,150.7602259229
20thAv-Austral-BadgerysCreek,"61","0","61",0.06463145465912,276.89404363676175,-33.8986500209,150.7594235567
20thAv-Austral-BadgerysCreek,"62","0","62",0.06543966259830,276.89423419400390,-33.8985530061,150.7586211926
25thAv-BusinessPark-ElizabethDrive,"0","0","0",0.00000000000000,59.31888543511776,-33.8846815079,150.7363188260
25thAv-BusinessPark-ElizabethDrive,"1","0","1",0.00633365592877,98.96735082727461,-33.8814497000,150.7417659000
25thAv-BusinessPark-ElizabethDrive,"2","0","2",0.00935308846117,119.73056180488332,-33.8837151609,150.7437620613
25thAv-BusinessPark-ElizabethDrive,"3","0","3",0.02007970287556,98.87112682357612,-33.8857334593,150.7542970851
25thAv-BusinessPark-ElizabethDrive,"4","0","4",0.02088778866612,96.89675576391694,-33.8858304974,150.7550993234
25thAv-BusinessPark-ElizabethDrive,"5","0","5",0.02169587593895,96.89637477955780,-33.8859275304,150.7559015638
25thAv-BusinessPark-ElizabethDrive,"6","0","6",0.02250396469401,96.89599379479705,-33.8860245582,150.7567038063
25thAv-BusinessPark-ElizabethDrive,"7","0","7",0.02331205493104,96.89561280910998,-33.8861215809,150.7575060509
25thAv-BusinessPark-ElizabethDrive,"8","0","8",0.02412014664986,96.89523182052017,-33.8862185983,150.7583082977
25thAv-BusinessPark-ElizabethDrive,"9","0","9",0.02492823985038,96.89485082902728,-33.8863156107,150.7591105465
25thAv-BusinessPark-ElizabethDrive,"10","0","10",0.02573633453239,96.89446984049560,-33.8864126178,150.7599127975
25thAv-BusinessPark-ElizabethDrive,"11","0","11",0.02654443069573,71.78079904322259,-33.8865096199,150.7607150506
25thAv-BusinessPark-ElizabethDrive,"12","0","12",0.02730338515450,40.24941162784253,-33.8859888000,150.7612671000
25thAv-BusinessPark-ElizabethDrive,"13","0","13",0.02817056100608,65.36249229346424,-33.8852684557,150.7617499023
25thAv-BusinessPark-ElizabethDrive,"14","0","14",0.02897864788042,96.89328958007027,-33.8853654454,150.7625521475
25thAv-BusinessPark-ElizabethDrive,"15","0","15",0.02978673623543,96.89290859952015,-33.8854624300,150.7633543948
25thAv-BusinessPark-ElizabethDrive,"16","0","16",0.03059482607101,96.89252761456493,-33.8855594094,150.7641566443
25thAv-BusinessPark-ElizabethDrive,"17","0","17",0.03140291738697,96.89147989323108,-33.8856563836,150.7649588959
25thAv-BusinessPark-ElizabethDrive,"18","0","18",0.03477451123322,106.95706373432982,-33.8860608884,150.7683061366
25thAv-BusinessPark-ElizabethDrive,"19","0","19",0.03690779043752,107.43172317870119,-33.8870301566,150.7702065049
25thAv-BusinessPark-ElizabethDrive,"20","0","20",0.03806563271689,97.83968625775474,-33.8871880935,150.7713535248
25thAv-BusinessPark-ElizabethDrive,"21","0","21",0.03906191828896,97.83919941503038,-33.8873239842,150.7723404993
25thAv-BusinessPark-ElizabethDrive,"22","0","22",0.04001931216549,97.83877415302015,-33.8874545625,150.7732889466
25thAv-BusinessPark-ElizabethDrive,"23","0","23",0.04069643508700,97.83831271645663,-33.8875469104,150.7739597426
25thAv-BusinessPark-ElizabethDrive,"24","0","24",0.04227823188891,97.83766428298797,-33.8877626254,150.7755267615
25thAv-BusinessPark-ElizabethDrive,"25","0","25",0.04390874832546,97.83689707849648,-33.8879849630,150.7771420478
25thAv-BusinessPark-ElizabethDrive,"26","0","26",0.04432866334347,97.83651058780021,-33.8880422171,150.7775580413
25thAv-BusinessPark-ElizabethDrive,"27","0","27",0.04501980327475,97.83651058750553,-33.8881364519,150.7782427268
25thAv-BusinessPark-ElizabethDrive,"28","0","28",0.04553927139824,97.83612986714441,-33.8882072797,150.7787573437
25thAv-BusinessPark-ElizabethDrive,"29","0","29",0.04612752673303,97.83574914697158,-33.8882874788,150.7793401065
25thAv-BusinessPark-ElizabethDrive,"30","0","30",0.04648865013190,97.83574914677878,-33.8883367121,150.7796978580
25thAv-BusinessPark-ElizabethDrive,"31","0","31",0.04680533316891,97.83574914664545,-33.8883798866,150.7800115842
25thAv-BusinessPark-ElizabethDrive,"32","0","32",0.04712108732170,97.83548141944145,-33.8884229346,150.7803243901
25thAv-BusinessPark-ElizabethDrive,"33","0","33",0.04743869883420,97.83521369204252,-33.8884662328,150.7806390365
25thAv-BusinessPark-ElizabethDrive,"34","0","34",0.04779822224669,97.83501996671716,-33.8885152446,150.7809952035
25thAv-BusinessPark-ElizabethDrive,"35","0","35",0.04875563700150,97.83459469109312,-33.8886457573,150.7819436810
25thAv-BusinessPark-ElizabethDrive,"36","0","36",0.04919285555650,97.83436313881455,-33.8887053544,150.7823768186
25thAv-BusinessPark-ElizabethDrive,"37","0","37",0.04975194915858,97.83410782237564,-33.8887815643,150.7829306938
25thAv-BusinessPark-ElizabethDrive,"38","0","38",0.05090982856004,97.83689703174292,-33.8889393843,150.7840777673
25thAv-BusinessPark-ElizabethDrive,"39","0","39",0.05206767083941,97.83968625711928,-33.8890973212,150.7852247872
25thAv-BusinessPark-ElizabethDrive,"40","0","40",0.05306395641148,97.83919941569518,-33.8892332119,150.7862117617
25thAv-BusinessPark-ElizabethDrive,"41","0","41",0.05402135028802,97.83877415449454,-33.8893637903,150.7871602090
25thAv-BusinessPark-ElizabethDrive,"42","0","42",0.05469847320952,97.83831271645663,-33.8894561381,150.7878310050
25thAv-BusinessPark-ElizabethDrive,"43","0","43",0.05628027001144,97.83766428303284,-33.8896718531,150.7893980239
25thAv-BusinessPark-ElizabethDrive,"44","0","44",0.05694003794245,97.83728356915526,-33.8897618193,150.7900516292
25thAv-BusinessPark-ElizabethDrive,"45","0","45",0.05791078644799,53.48563309746714,-33.8898941908,150.7910133102
25thAv-BusinessPark-ElizabethDrive,"46","0","46",0.05863216772102,9.13398262658258,-33.8891819567,150.7911278249
25thAv-BusinessPark-ElizabethDrive,"47","0","47",0.05927924628332,9.85723493577872,-33.8885430832,150.7912305446
25thAv-BusinessPark-ElizabethDrive,"48","0","48",0.06002510270919,10.58048724359598,-33.8878099079,150.7913674962
25thAv-BusinessPark-ElizabethDrive,"49","0","49",0.06060818361607,9.86087335147708,-33.8872367406,150.7914745595
25thAv-BusinessPark-ElizabethDrive,"50","0","50",0.06119068807183,9.89346140234684,-33.8866616341,150.7915671015
25thAv-BusinessPark-ElizabethDrive,"51","0","51",0.06171454434511,10.64566334689595,-33.8861467942,150.7916638759
25thAv-BusinessPark-ElizabethDrive,"52","0","52",0.06197497435731,10.91002796198662,-33.8858908466,150.7917119863
25thAv-BusinessPark-ElizabethDrive,"53","0","53",0.06234948940143,11.17439257580394,-33.8855234317,150.7917845658
25thAv-BusinessPark-ElizabethDrive,"54","0","54",0.06282985101879,9.64808375304913,-33.8850521768,150.7918776579
25thAv-BusinessPark-ElizabethDrive,"55","0","55",0.06315155755509,8.12177493052654,-33.8847336970,150.7919231078
25thAv-BusinessPark-ElizabethDrive,"56","0","56",0.06342847167417,9.88720582380676,-33.8844595603,150.7919622295
25thAv-BusinessPark-ElizabethDrive,"57","0","57",0.06739559395525,11.65263671591681,-33.8805742000,150.7927635000
25thAv-ElizabethDrive-BusinessPark,"0","0","0",0.00000000000000,191.65263671591683,-33.8805742000,150.7927635000
25thAv-ElizabethDrive-BusinessPark,"1","0","1",0.00396712228108,189.88720582380680,-33.8844595603,150.7919622295
25thAv-ElizabethDrive-BusinessPark,"2","0","2",0.00424403640016,188.12177493052656,-33.8847336970,150.7919231078
25thAv-ElizabethDrive-BusinessPark,"3","0","3",0.00456574293646,189.64808375268692,-33.8850521768,150.7918776579
25thAv-ElizabethDrive-BusinessPark,"4","0","4",0.00503448561046,191.17439257590971,-33.8855120330,150.7917868175
25thAv-ElizabethDrive-BusinessPark,"5","0","5",0.00542061959794,190.91002796046689,-33.8858908466,150.7917119863
25thAv-ElizabethDrive-BusinessPark,"6","0","6",0.00573628033847,190.64566334598658,-33.8862010744,150.7916536728
25thAv-ElizabethDrive-BusinessPark,"7","0","7",0.00620490588342,189.89346140342514,-33.8866616341,150.7915671015
25thAv-ElizabethDrive-BusinessPark,"8","0","8",0.00678741033918,189.86087335214620,-33.8872367406,150.7914745595
25thAv-ElizabethDrive-BusinessPark,"9","0","9",0.00749699802567,190.58048724363141,-33.8879342638,150.7913442674
25thAv-ElizabethDrive-BusinessPark,"10","0","10",0.00811634767193,189.85723493433593,-33.8885430832,150.7912305446
25thAv-ElizabethDrive-BusinessPark,"11","0","11",0.00883600703148,189.13398262658950,-33.8892536172,150.7911163032
25thAv-ElizabethDrive-BusinessPark,"12","0","12",0.00948480750726,233.48563309831371,-33.8898941908,150.7910133102
25thAv-ElizabethDrive-BusinessPark,"13","0","13",0.01111532394381,277.83766428298799,-33.8896718531,150.7893980239
25thAv-ElizabethDrive-BusinessPark,"14","0","14",0.01269712074573,277.83831271645664,-33.8894561381,150.7878310050
25thAv-ElizabethDrive-BusinessPark,"15","0","15",0.01337424366723,277.83877415449450,-33.8893637903,150.7871602090
25thAv-ElizabethDrive-BusinessPark,"16","0","16",0.01433163754377,277.83919941427831,-33.8892332119,150.7862117617
25thAv-ElizabethDrive-BusinessPark,"17","0","17",0.01532792311583,277.83968625612897,-33.8890973212,150.7852247872
25thAv-ElizabethDrive-BusinessPark,"18","0","18",0.01648576539523,277.83689703296221,-33.8889393843,150.7840777673
25thAv-ElizabethDrive-BusinessPark,"19","0","19",0.01711898437006,277.83385251200207,-33.8888530760,150.7834504578
25thAv-ElizabethDrive-BusinessPark,"20","0","20",0.01764364479667,277.83410782353121,-33.8887815643,150.7829306938
25thAv-ElizabethDrive-BusinessPark,"21","0","21",0.01823519400180,277.83436313654448,-33.8887009304,150.7823446660
25thAv-ElizabethDrive-BusinessPark,"22","0","22",0.01863995695375,277.83459469020693,-33.8886457573,150.7819436810
25thAv-ElizabethDrive-BusinessPark,"23","0","23",0.01911531520483,277.83482624472720,-33.8885809575,150.7814727601
25thAv-ElizabethDrive-BusinessPark,"24","0","24",0.01959737170853,277.83501996693212,-33.8885152446,150.7809952035
25thAv-ElizabethDrive-BusinessPark,"25","0","25",0.01996690546961,277.83521369246779,-33.8884648681,150.7806291196
25thAv-ElizabethDrive-BusinessPark,"26","0","26",0.02027450663355,277.83548142048204,-33.8884229346,150.7803243901
25thAv-ElizabethDrive-BusinessPark,"27","0","27",0.02069527862865,277.83574914354051,-33.8883655692,150.7799075469
25thAv-ElizabethDrive-BusinessPark,"28","0","28",0.02133772539223,277.83574914977555,-33.8882779820,150.7792710987
25thAv-ElizabethDrive-BusinessPark,"29","0","29",0.02185632255699,277.83612986719362,-33.8882072797,150.7787573437
25thAv-ElizabethDrive-BusinessPark,"30","0","30",0.02236085622592,277.83651058479171,-33.8881384881,150.7782575218
25thAv-ElizabethDrive-BusinessPark,"31","0","31",0.02294639924984,277.83651058752008,-33.8880586512,150.7776774471
25thAv-ElizabethDrive-BusinessPark,"32","0","32",0.02348684562979,277.83689707819047,-33.8879849630,150.7771420478
25thAv-ElizabethDrive-BusinessPark,"33","0","33",0.02511736206633,277.83766428298799,-33.8877626254,150.7755267615
25thAv-ElizabethDrive-BusinessPark,"34","0","34",0.02669915886825,277.83831271645664,-33.8875469104,150.7739597426
25thAv-ElizabethDrive-BusinessPark,"35","0","35",0.02737628178976,277.83877415386263,-33.8874545625,150.7732889466
25thAv-ElizabethDrive-BusinessPark,"36","0","36",0.02833367566629,277.83919941506326,-33.8873239842,150.7723404993
25thAv-ElizabethDrive-BusinessPark,"37","0","37",0.02932996123836,277.83968625632667,-33.8871880935,150.7713535248
25thAv-ElizabethDrive-BusinessPark,"38","0","38",0.03048780351775,287.43172317851122,-33.8870301566,150.7702065049
25thAv-ElizabethDrive-BusinessPark,"39","0","39",0.03262108272204,286.95706373475826,-33.8860608884,150.7683061366
25thAv-ElizabethDrive-BusinessPark,"40","0","40",0.03599267656829,276.89147989323106,-33.8856563836,150.7649588959
25thAv-ElizabethDrive-BusinessPark,"41","0","41",0.03680076788424,276.89252761456493,-33.8855594094,150.7641566443
25thAv-ElizabethDrive-BusinessPark,"42","0","42",0.03760885771983,276.89290859952013,-33.8854624300,150.7633543948
25thAv-ElizabethDrive-BusinessPark,"43","0","43",0.03841694607484,276.89328958007025,-33.8853654454,150.7625521475
25thAv-ElizabethDrive-BusinessPark,"44","0","44",0.03922503294918,245.36249229346424,-33.8852684557,150.7617499023
25thAv-ElizabethDrive-BusinessPark,"45","0","45",0.04009220880076,220.24941162784253,-33.8859888000,150.7612671000
25thAv-ElizabethDrive-BusinessPark,"46","0","46",0.04085116325953,251.78079904147205,-33.8865096199,150.7607150506
25thAv-ElizabethDrive-BusinessPark,"47","0","47",0.04165925942287,276.89446984049562,-33.8864126178,150.7599127975
25thAv-ElizabethDrive-BusinessPark,"48","0","48",0.04246735410488,276.89485083077778,-33.8863156107,150.7591105465
25thAv-ElizabethDrive-BusinessPark,"49","0","49",0.04327544730539,276.89523182052011,-33.8862185983,150.7583082977
25thAv-ElizabethDrive-BusinessPark,"50","0","50",0.04408353902422,276.89561280910999,-33.8861215809,150.7575060509
25thAv-ElizabethDrive-BusinessPark,"51","0","51",0.04489162926125,276.89599379491807,-33.8860245582,150.7567038063
25thAv-ElizabethDrive-BusinessPark,"52","0","52",0.04569971801628,276.89637478043716,-33.8859275304,150.7559015638
25thAv-ElizabethDrive-BusinessPark,"53","0","53",0.04650780528917,276.89675576379597,-33.8858304974,150.7550993234
25thAv-ElizabethDrive-BusinessPark,"54","0","54",0.04731589107970,278.87112682269674,-33.8857334593,150.7542970851
25thAv-ElizabethDrive-BusinessPark,"55","0","55",0.05804250549408,299.73056180488334,-33.8837151609,150.7437620613
25thAv-ElizabethDrive-BusinessPark,"56","0","56",0.06106193802649,278.96735082727463,-33.8814497000,150.7417659000
25thAv-ElizabethDrive-BusinessPark,"57","0","57",0.06739559395526,239.31888543511778,-33.8846815079,150.7363188260
20thAv-FAST-Austral,"0","0","0",0.00000000000000,277.88232676873702,-33.9207225000,150.8287731000
20thAv-FAST-Austral,"1","0","1",0.00089488508105,277.88067053487032,-33.9205997763,150.8278866700
20thAv-FAST-Austral,"2","0","2",0.00221139729229,277.88005111752869,-33.9204193066,150.8265825860
20thAv-FAST-Austral,"3","0","3",0.00309297251426,277.88124814869343,-33.9202984271,150.8257093374
20thAv-FAST-Austral,"4","0","4",0.00356312639793,277.88627287626883,-33.9202339581,150.8252436246
20thAv-FAST-Austral,"5","0","5",0.00423103154985,277.88445791464130,-33.9201422605,150.8245820440
20thAv-FAST-Austral,"6","0","6",0.00566739527636,277.88780417049793,-33.9199453920,150.8231592357
20thAv-FAST-Austral,"7","0","7",0.00608879152421,277.89007831076037,-33.9198874892,150.8227418366
20thAv-FAST-Austral,"8","0","8",0.00724046393519,277.87796442946535,-33.9197295499,150.8216010454
20thAv-FAST-Austral,"9","0","9",0.00781675619730,277.87861903202071,-33.9196506047,150.8210301860
20thAv-FAST-Austral,"10","0","10",0.00823632436469,277.88379126088853,-33.9195930561,150.8206145833
20thAv-FAST-Austral,"11","0","11",0.00912733660521,277.88415609609291,-33.9194708386,150.8197319930
20thAv-FAST-Austral,"12","0","12",0.01000385857831,277.88453186699832,-33.9193506023,150.8188637568
20thAv-FAST-Austral,"13","0","13",0.01053019126666,277.94473468299753,-33.9192784000,150.8183424000
20thAv-FAST-Austral,"14","0","14",0.01083339934244,278.00496006488100,-33.9192361766,150.8180421462
20thAv-FAST-Austral,"15","0","15",0.01212238867085,278.00575439481565,-33.9190566692,150.8167657174
20thAv-FAST-Austral,"16","0","16",0.01296689986873,278.00594074856156,-33.9189390432,150.8159294380
20thAv-FAST-Austral,"17","0","17",0.01399687530922,324.67200374446975,-33.9187956000,150.8149095000
20thAv-FAST-Austral,"18","0","18",0.01536963639250,11.33828628229459,-33.9174496313,150.8151793914
20thAv-FAST-Austral,"19","0","19",0.01670138418913,11.33794633546296,-33.9161438737,150.8154412103
20thAv-FAST-Austral,"20","0","20",0.01699575814192,11.33780598549288,-33.9158552444,150.8154990822
20thAv-FAST-Austral,"21","0","21",0.01727146953244,11.33770443817948,-33.9155849135,150.8155532852
20thAv-FAST-Austral,"22","0","22",0.01807752286395,9.58318997361770,-33.9147945896,150.8157117469
20thAv-FAST-Austral,"23","0","23",0.01891484385427,8.83426071188451,-33.9139650728,150.8158258011
20thAv-FAST-Austral,"24","0","24",0.02038534837697,0.36052312621735,-33.9125162000,150.8160771000
20thAv-FAST-Austral,"25","0","25",0.02055256159408,350.88130188438453,-33.9123511000,150.8160506000
20thAv-Austral-FAST,"0","0","0",0.00000000000000,170.88130188438458,-33.9123511000,150.8160506000
20thAv-Austral-FAST,"1","0","1",0.00016721321711,180.36052312550709,-33.9125162000,150.8160771000
20thAv-Austral-FAST,"2","0","2",0.00074300378047,189.83974436779698,-33.9130835204,150.8159787014
20thAv-Austral-FAST,"3","0","3",0.00163771773981,188.83426071234160,-33.9139650728,150.8158258011
20thAv-Austral-FAST,"4","0","4",0.00247503873013,189.58318997304730,-33.9147945896,150.8157117469
20thAv-Austral-FAST,"5","0","5",0.00297759201255,191.33760289189064,-33.9152873360,150.8156129501
20thAv-Austral-FAST,"6","0","6",0.00328109206165,191.30649962663173,-33.9155849135,150.8155532852
20thAv-Austral-FAST,"7","0","7",0.00369004384811,191.31128244058712,-33.9159859720,150.8154733248
20thAv-Austral-FAST,"8","0","8",0.00549463685312,191.34716851825146,-33.9177552906,150.8151182651
20thAv-Austral-FAST,"9","0","9",0.00655568656561,144.67634506215978,-33.9187956000,150.8149095000
20thAv-Austral-FAST,"10","0","10",0.00758566200611,98.00594074856151,-33.9189390432,150.8159294380
20thAv-Austral-FAST,"11","0","11",0.00843017320398,98.00575439481563,-33.9190566692,150.8167657174
20thAv-Austral-FAST,"12","0","12",0.00971916253240,98.00496006488098,-33.9192361766,150.8180421462
20thAv-Austral-FAST,"13","0","13",0.01002237060817,97.94473468299756,-33.9192784000,150.8183424000
20thAv-Austral-FAST,"14","0","14",0.01054870329653,97.88453186699837,-33.9193506023,150.8188637568
20thAv-Austral-FAST,"15","0","15",0.01142522526962,97.88415609609295,-33.9194708386,150.8197319930
20thAv-Austral-FAST,"16","0","16",0.01231623751014,97.88379126088853,-33.9195930561,150.8206145833
20thAv-Austral-FAST,"17","0","17",0.01273580567753,97.87861903202071,-33.9196506047,150.8210301860
20thAv-Austral-FAST,"18","0","18",0.01331209793964,97.87796442946535,-33.9197295499,150.8216010454
20thAv-Austral-FAST,"19","0","19",0.01446377035062,97.89007831076040,-33.9198874892,150.8227418366
20thAv-Austral-FAST,"20","0","20",0.01488516659847,97.88780417049797,-33.9199453920,150.8231592357
20thAv-Austral-FAST,"21","0","21",0.01632153032499,97.88445791464130,-33.9201422605,150.8245820440
20thAv-Austral-FAST,"22","0","22",0.01698943547691,97.88627287626881,-33.9202339581,150.8252436246
20thAv-Austral-FAST,"23","0","23",0.01745958936057,97.88124814869344,-33.9202984271,150.8257093374
20thAv-Austral-FAST,"24","0","24",0.01834116458255,97.88005111752875,-33.9204193066,150.8265825860
20thAv-Austral-FAST,"25","0","25",0.01965767679378,97.88067053487038,-33.9205997763,150.8278866700
20thAv-Austral-FAST,"26","0","26",0.02055256187483,97.88232676873703,-33.9207225000,150.8287731000
25thAv-ElizabethDrive-Cabramatta,"0","0","0",0.00000000000000,102.78801060408597,-33.8805742000,150.7927635000
25thAv-ElizabethDrive-Cabramatta,"1","0","1",0.00048431304957,100.83229776843926,-33.8806814000,150.7932358000
25thAv-ElizabethDrive-Cabramatta,"2","0","2",0.00070141325685,98.21025307051143,-33.8807149000,150.7934503000
25thAv-ElizabethDrive-Cabramatta,"3","0","3",0.00088802850276,95.83228125993683,-33.8807394000,150.7936353000
25thAv-ElizabethDrive-Cabramatta,"4","0","4",0.00116775159799,93.21887867154530,-33.8807595000,150.7939143000
25thAv-ElizabethDrive-Cabramatta,"5","0","5",0.00425207345699,91.45409434106611,-33.8808842000,150.7969961000
25thAv-ElizabethDrive-Cabramatta,"6","0","6",0.00467859615276,89.92262628147293,-33.8808886000,150.7974226000
25thAv-ElizabethDrive-Cabramatta,"7","0","7",0.00501662479059,87.85700186431841,-33.8808842000,150.7977606000
25thAv-ElizabethDrive-Cabramatta,"8","0","8",0.00530327178603,86.54409497631850,-33.8808665000,150.7980467000
25thAv-ElizabethDrive-Cabramatta,"9","0","9",0.00556342208875,86.66555272932956,-33.8808512000,150.7983064000
25thAv-ElizabethDrive-Cabramatta,"10","0","10",0.00611283159905,86.62219611638081,-33.8808196000,150.7988549000
25thAv-ElizabethDrive-Cabramatta,"11","0","11",0.00644603839668,87.13507550969055,-33.8807995000,150.7991875000
25thAv-ElizabethDrive-Cabramatta,"12","0","12",0.00678160207173,88.47488423578400,-33.8807862000,150.7995228000
25thAv-ElizabethDrive-Cabramatta,"13","0","13",0.00703912585704,89.86328980203095,-33.8807827000,150.7997803000
25thAv-ElizabethDrive-Cabramatta,"14","0","14",0.01028205197397,89.48992064377407,-33.8808113000,150.8030231000
25thAv-ElizabethDrive-Cabramatta,"15","0","15",0.01339985695346,88.15616726155187,-33.8807283000,150.8061398000
25thAv-ElizabethDrive-Cabramatta,"16","0","16",0.01446271367944,83.22113013368624,-33.8806882000,150.8072019000
25thAv-ElizabethDrive-Cabramatta,"17","0","17",0.01465959488728,75.33972466677427,-33.8806493000,150.8073949000
25thAv-ElizabethDrive-Cabramatta,"18","0","18",0.01476974138064,69.34302514269412,-33.8806154000,150.8074997000
25thAv-ElizabethDrive-Cabramatta,"19","0","19",0.01488435939845,64.99092330331084,-33.8805699000,150.8076049000
25thAv-ElizabethDrive-Cabramatta,"20","0","20",0.01496423179666,53.88904701951751,-33.8805341000,150.8076763000
25thAv-ElizabethDrive-Cabramatta,"21","0","21",0.01500524618439,50.11059185332734,-33.8805048000,150.8077050000
25thAv-ElizabethDrive-Cabramatta,"22","0","22",0.01505650240353,67.67426954795455,-33.8804760000,150.8077474000
25thAv-ElizabethDrive-Cabramatta,"23","0","23",0.01512036475550,83.94904225769008,-33.8804644000,150.8078102000
25thAv-ElizabethDrive-Cabramatta,"24","0","24",0.01518689189283,96.19983321573378,-33.8804625000,150.8078767000
25thAv-ElizabethDrive-Cabramatta,"25","0","25",0.01525286158282,108.73246815252543,-33.8804785000,150.8079407000
25thAv-ElizabethDrive-Cabramatta,"26","0","26",0.01529536581792,124.21434640613364,-33.8804954000,150.8079797000
25thAv-ElizabethDrive-Cabramatta,"27","0","27",0.01531771039220,119.43121968113468,-33.8805112000,150.8079955000
25thAv-ElizabethDrive-Cabramatta,"28","0","28",0.01557356240021,99.84783113918917,-33.8805725000,150.8082439000
25thAv-ElizabethDrive-Cabramatta,"29","0","29",0.01575952532661,92.63014210869214,-33.8805914000,150.8084289000
25thAv-ElizabethDrive-Cabramatta,"30","0","30",0.01586953082648,87.48212141352802,-33.8805903000,150.8085389000
25thAv-ElizabethDrive-Cabramatta,"31","0","31",0.01601346723606,83.58672392949269,-33.8805791000,150.8086824000
25thAv-ElizabethDrive-Cabramatta,"32","0","32",0.01624583859831,80.46878517317070,-33.8805453000,150.8089123000
25thAv-ElizabethDrive-Cabramatta,"33","0","33",0.01644622185609,79.28946493742932,-33.8805081000,150.8091092000
25thAv-ElizabethDrive-Cabramatta,"34","0","34",0.01669292931444,79.35155681161342,-33.8804622000,150.8093516000
25thAv-ElizabethDrive-Cabramatta,"35","0","35",0.01874345319383,79.46700536865271,-33.8800859000,150.8113673000
25thAv-ElizabethDrive-Cabramatta,"36","0","36",0.01998460272551,79.52010564589182,-33.8798599000,150.8125877000
25thAv-ElizabethDrive-Cabramatta,"37","0","37",0.02119159241063,80.12748842221617,-33.8796406000,150.8137746000
25thAv-ElizabethDrive-Cabramatta,"38","0","38",0.02161280126621,83.51595127684361,-33.8795727000,150.8141903000
25thAv-ElizabethDrive-Cabramatta,"39","0","39",0.02194208442702,85.72761369294412,-33.8795515000,150.8145189000
25thAv-ElizabethDrive-Cabramatta,"40","0","40",0.02212764977938,86.07784359191092,-33.8795358000,150.8147038000
25thAv-ElizabethDrive-Cabramatta,"41","0","41",0.02234805000625,88.33337903075646,-33.8795243000,150.8149239000
25thAv-ElizabethDrive-Cabramatta,"42","0","42",0.02248195239608,89.63640884467623,-33.8795235000,150.8150578000
25thAv-ElizabethDrive-Cabramatta,"43","0","43",0.02282436012087,91.80698608538795,-33.8795212000,150.8154002000
25thAv-ElizabethDrive-Cabramatta,"44","0","44",0.02321009921664,95.59452137538794,-33.8795481000,150.8157850000
25thAv-ElizabethDrive-Cabramatta,"45","0","45",0.02354805687670,98.68813322675494,-33.8795904000,150.8161203000
25thAv-ElizabethDrive-Cabramatta,"46","0","46",0.02401400077890,102.23538413377348,-33.8796728000,150.8165789000
25thAv-ElizabethDrive-Cabramatta,"47","0","47",0.02429364698395,105.44672568318134,-33.8797418000,150.8168499000
25thAv-ElizabethDrive-Cabramatta,"48","0","48",0.02462110904284,108.93981718305548,-33.8798354000,150.8171637000
25thAv-ElizabethDrive-Cabramatta,"49","0","49",0.02513051176170,112.35761911510825,-33.8800202000,150.8176384000
25thAv-ElizabethDrive-Cabramatta,"50","0","50",0.02584684746513,113.04314325603676,-33.8803052000,150.8182956000
25thAv-ElizabethDrive-Cabramatta,"51","0","51",0.02646585520337,110.20404698612666,-33.8805435000,150.8188669000
25thAv-ElizabethDrive-Cabramatta,"52","0","52",0.02675032145794,105.20359953214874,-33.8806303000,150.8191378000
25thAv-ElizabethDrive-Cabramatta,"53","0","53",0.02712684837600,99.25936538789928,-33.8807127000,150.8195052000
25thAv-ElizabethDrive-Cabramatta,"54","0","54",0.02741003716460,94.07840627492560,-33.8807417000,150.8197869000
25thAv-ElizabethDrive-Cabramatta,"55","0","55",0.02768915796284,90.85983116639486,-33.8807528000,150.8200658000
25thAv-ElizabethDrive-Cabramatta,"56","0","56",0.02791446870380,86.41978056628116,-33.8807506000,150.8202911000
25thAv-ElizabethDrive-Cabramatta,"57","0","57",0.02822502745832,80.94786501656090,-33.8807149000,150.8205996000
25thAv-ElizabethDrive-Cabramatta,"58","0","58",0.02864924868598,74.32449550501595,-33.8806303000,150.8210153000
25thAv-ElizabethDrive-Cabramatta,"59","0","59",0.02910842449108,68.00582457236023,-33.8804744000,150.8214472000
25thAv-ElizabethDrive-Cabramatta,"60","0","60",0.02940232801266,62.16094470544788,-33.8803542000,150.8217154000
25thAv-ElizabethDrive-Cabramatta,"61","0","61",0.02969178068584,57.59035062761945,-33.8802028000,150.8219621000
25thAv-ElizabethDrive-Cabramatta,"62","0","62",0.03016667157858,55.55988540578501,-33.8799422000,150.8223591000
25thAv-ElizabethDrive-Cabramatta,"63","0","63",0.03114279192462,54.40227570289529,-33.8793740000,150.8231528000
25thAv-ElizabethDrive-Cabramatta,"64","0","64",0.03128864791525,54.57525926189404,-33.8792891000,150.8232714000
25thAv-ElizabethDrive-Cabramatta,"65","0","65",0.03217364053103,54.74723026915099,-33.8787783000,150.8239941000
25thAv-ElizabethDrive-Cabramatta,"66","0","66",0.03410454925234,54.69788401510463,-33.8776638000,150.8255709000
25thAv-ElizabethDrive-Cabramatta,"67","0","67",0.03590048016696,54.64923124855472,-33.8766247000,150.8270357000
25thAv-ElizabethDrive-Cabramatta,"68","0","68",0.03631304524061,54.91724776312976,-33.8763860000,150.8273722000
25thAv-ElizabethDrive-Cabramatta,"69","0","69",0.03683570131300,56.63571423790238,-33.8760876000,150.8278013000
25thAv-ElizabethDrive-Cabramatta,"70","0","70",0.03712644850557,59.55930177557826,-33.8759339000,150.8280481000
25thAv-ElizabethDrive-Cabramatta,"71","0","71",0.03746671947111,64.10405478633773,-33.8757691000,150.8283458000
25thAv-ElizabethDrive-Cabramatta,"72","0","72",0.03766754382224,69.00908411319632,-33.8756912000,150.8285309000
25thAv-ElizabethDrive-Cabramatta,"73","0","73",0.03794575153242,72.04450915009390,-33.8755999000,150.8287937000
25thAv-ElizabethDrive-Cabramatta,"74","0","74",0.03816986382569,76.25476586745998,-33.8755353000,150.8290083000
25thAv-ElizabethDrive-Cabramatta,"75","0","75",0.03842106191487,80.47249956592952,-33.8754885000,150.8292551000
25thAv-ElizabethDrive-Cabramatta,"76","0","76",0.03869757043191,83.65981101401212,-33.8754485000,150.8295287000
25thAv-ElizabethDrive-Cabramatta,"77","0","77",0.03899071984774,87.81863563903866,-33.8754262000,150.8298210000
25thAv-ElizabethDrive-Cabramatta,"78","0","78",0.03920801984775,91.60030602358901,-33.8754262000,150.8300383000
25thAv-ElizabethDrive-Cabramatta,"79","0","79",0.03940682995814,95.80647866786103,-33.8754373000,150.8302368000
25thAv-ElizabethDrive-Cabramatta,"80","0","80",0.03965085546909,99.74732083097996,-33.8754730000,150.8304782000
25thAv-ElizabethDrive-Cabramatta,"81","0","81",0.04028762997395,101.00048860568278,-33.8755954000,150.8311031000
25thAv-ElizabethDrive-Cabramatta,"82","0","82",0.04079022851154,100.85996466489024,-33.8756906000,150.8315966000
25thAv-ElizabethDrive-Cabramatta,"83","0","83",0.04109065104731,99.78739225865927,-33.8757469000,150.8318917000
25thAv-ElizabethDrive-Cabramatta,"84","0","84",0.04144074754830,97.21974407702255,-33.8758003000,150.8322377000
25thAv-ElizabethDrive-Cabramatta,"85","0","85",0.04173448261599,94.04606677522730,-33.8758293000,150.8325300000
25thAv-ElizabethDrive-Cabramatta,"86","0","86",0.04204866425136,90.35414371755056,-33.8758426000,150.8328439000
25thAv-ElizabethDrive-Cabramatta,"87","0","87",0.04241893066896,86.66031028414440,-33.8758315000,150.8332140000
25thAv-ElizabethDrive-Cabramatta,"88","0","88",0.04277968238414,83.69743568467308,-33.8758003000,150.8335734000
25thAv-ElizabethDrive-Cabramatta,"89","0","89",0.04305785407572,80.83421991002373,-33.8757633000,150.8338491000
25thAv-ElizabethDrive-Cabramatta,"90","0","90",0.04330534761102,78.20570819978168,-33.8757174000,150.8340923000
25thAv-ElizabethDrive-Cabramatta,"91","0","91",0.04568686033403,77.16226829371863,-33.8751857000,150.8364137000
25thAv-ElizabethDrive-Cabramatta,"92","0","92",0.04646245894802,77.25127578780885,-33.8750142000,150.8371701000
25thAv-ElizabethDrive-Cabramatta,"93","0","93",0.04688564930706,77.64498179999806,-33.8749210000,150.8375829000
25thAv-ElizabethDrive-Cabramatta,"94","0","94",0.04718753236390,78.59097248811349,-33.8748583000,150.8378782000
25thAv-ElizabethDrive-Cabramatta,"95","0","95",0.04743605942480,79.02162247277784,-33.8748116000,150.8381223000
25thAv-ElizabethDrive-Cabramatta,"96","0","96",0.04764386515138,81.01687383219934,-33.8747715000,150.8383262000
25thAv-ElizabethDrive-Cabramatta,"97","0","97",0.04790582974822,84.24648705542387,-33.8747403000,150.8385863000
25thAv-ElizabethDrive-Cabramatta,"98","0","98",0.04815164471929,86.94697356110537,-33.8747203000,150.8388313000
25thAv-ElizabethDrive-Cabramatta,"99","0","99",0.04845424017531,90.63674218554191,-33.8747127000,150.8391338000
25thAv-ElizabethDrive-Cabramatta,"100","0","100",0.04871413140255,95.01454529577663,-33.8747250000,150.8393934000
25thAv-ElizabethDrive-Cabramatta,"101","0","101",0.04897404763904,98.90608374858046,-33.8747581000,150.8396512000
25thAv-ElizabethDrive-Cabramatta,"102","0","102",0.04926664323026,101.98074603438485,-33.8748114000,150.8399389000
25thAv-ElizabethDrive-Cabramatta,"103","0","103",0.04956381260958,105.96775768154448,-33.8748806000,150.8402279000
25thAv-ElizabethDrive-Cabramatta,"104","0","104",0.04982390999518,110.01567612095701,-33.8749630000,150.8404746000
25thAv-ElizabethDrive-Cabramatta,"105","0","105",0.05011669840001,113.98732324801976,-33.8750706000,150.8407469000
25thAv-ElizabethDrive-Cabramatta,"106","0","106",0.05038645858982,115.33487602730693,-33.8751906000,150.8409885000
25thAv-ElizabethDrive-Cabramatta,"107","0","107",0.05086500769909,119.72333061025100,-33.8753872000,150.8414248000
25thAv-ElizabethDrive-Cabramatta,"108","0","108",0.05154313916128,125.30518016664118,-33.8757780000,150.8419790000
25thAv-ElizabethDrive-Cabramatta,"109","0","109",0.05198035907162,125.15478709826101,-33.8760314000,150.8423353000
25thAv-ElizabethDrive-Cabramatta,"110","0","110",0.05210361271255,127.66182413037590,-33.8761019000,150.8424364000
25thAv-ElizabethDrive-Cabramatta,"111","0","111",0.05360844398547,129.63529310665953,-33.8770779000,150.8435818000
25thAv-ElizabethDrive-Cabramatta,"112","0","112",0.05550640146656,122.79472103838900,-33.8782681000,150.8450602000
25thAv-ElizabethDrive-Cabramatta,"113","0","113",0.05671777547154,116.70261118140122,-33.8788134000,150.8461419000
25thAv-ElizabethDrive-Cabramatta,"114","0","114",0.05754373521032,118.19444019371295,-33.8791839000,150.8468801000
25thAv-ElizabethDrive-Cabramatta,"115","0","115",0.05862111332870,125.22921480294394,-33.8797183000,150.8478156000
25thAv-ElizabethDrive-Cabramatta,"116","0","116",0.05939167370270,131.78187684466866,-33.8802210000,150.8483996000
25thAv-ElizabethDrive-Cabramatta,"117","0","117",0.06066126485735,134.49803845155236,-33.8810843000,150.8493305000
25thAv-ElizabethDrive-Cabramatta,"118","0","118",0.06146894455871,133.19805654485796,-33.8816668000,150.8498900000
25thAv-ElizabethDrive-Cabramatta,"119","0","119",0.06276565012671,127.44582481833962,-33.8825045000,150.8508798000
25thAv-ElizabethDrive-Cabramatta,"120","0","120",0.06380935387777,120.14229084279587,-33.8830979000,150.8517384000
25thAv-ElizabethDrive-Cabramatta,"121","0","121",0.06463613707183,109.18009231677870,-33.8834556000,150.8524838000
25thAv-ElizabethDrive-Cabramatta,"122","0","122",0.06558360808988,99.25434715702220,-33.8836643000,150.8534080000
25thAv-ElizabethDrive-Cabramatta,"123","0","123",0.06637051399275,91.73405957054639,-33.8837436000,150.8541909000
25thAv-ElizabethDrive-Cabramatta,"124","0","124",0.06775154174412,87.25719361101628,-33.8836878000,150.8555708000
25thAv-ElizabethDrive-Cabramatta,"125","0","125",0.06965214988364,86.82600182414019,-33.8835827000,150.8574685000
25thAv-ElizabethDrive-Cabramatta,"126","0","126",0.06982892174227,86.79282631950886,-33.8835729000,150.8576450000
25thAv-ElizabethDrive-Cabramatta,"127","0","127",0.06992457429057,86.65352117670322,-33.8835675000,150.8577405000
25thAv-ElizabethDrive-Cabramatta,"128","0","128",0.07156986755621,86.60885352547247,-33.8834683000,150.8593828000
25thAv-ElizabethDrive-Cabramatta,"129","0","129",0.07270758353133,86.56078072546774,-33.8834023000,150.8605186000
25thAv-ElizabethDrive-Cabramatta,"130","0","130",0.07424062984830,86.71893061598739,-33.8833073000,150.8620487000
25thAv-ElizabethDrive-Cabramatta,"131","0","131",0.07432825067917,86.81084295348464,-33.8833027000,150.8621362000
25thAv-ElizabethDrive-Cabramatta,"132","0","132",0.07540370927900,88.48942717946132,-33.8832395000,150.8632098000
25thAv-ElizabethDrive-Cabramatta,"133","0","133",0.07576611595664,91.63376125428722,-33.8832417000,150.8635722000
25thAv-ElizabethDrive-Cabramatta,"134","0","134",0.07599581412816,92.93138177981099,-33.8832534000,150.8638016000
25thAv-ElizabethDrive-Cabramatta,"135","0","135",0.07609514514046,94.68245361046550,-33.8832585000,150.8639008000
25thAv-ElizabethDrive-Cabramatta,"136","0","136",0.07621137443969,96.41789782175283,-33.8832715000,150.8640163000
25thAv-ElizabethDrive-Cabramatta,"137","0","137",0.07652020750138,98.36855414555370,-33.8833060000,150.8643232000
25thAv-ElizabethDrive-Cabramatta,"138","0","138",0.07671607812196,99.90673325936046,-33.8833411000,150.8645159000
25thAv-ElizabethDrive-Cabramatta,"139","0","139",0.07685072090861,101.18804581919763,-33.8833633000,150.8646487000
25thAv-ElizabethDrive-Cabramatta,"140","0","140",0.07702829278137,104.60667469154838,-33.8834029000,150.8648218000
25thAv-ElizabethDrive-Cabramatta,"141","0","141",0.07710654883545,106.32360682061164,-33.8834249000,150.8648969000
25thAv-ElizabethDrive-Cabramatta,"142","0","142",0.07729160493508,106.33161505861260,-33.8834769000,150.8650745000
25thAv-ElizabethDrive-Cabramatta,"143","0","143",0.07770667737451,109.74785500454379,-33.8835937000,150.8654728000
25thAv-ElizabethDrive-Cabramatta,"144","0","144",0.07843536266326,112.81243520298247,-33.8838802000,150.8661428000
25thAv-ElizabethDrive-Cabramatta,"145","0","145",0.07922621911673,112.31385872240463,-33.8841825000,150.8668736000
25thAv-ElizabethDrive-Cabramatta,"146","0","146",0.08240696227831,110.58019536119666,-33.8853820000,150.8698195000
25thAv-ElizabethDrive-Cabramatta,"147","0","147",0.08451592653594,110.13666511094893,-33.8860688000,150.8718135000
25thAv-ElizabethDrive-Cabramatta,"148","0","148",0.08686726569694,110.73463782125185,-33.8869217000,150.8740047000
25thAv-ElizabethDrive-Cabramatta,"149","0","149",0.08778235773604,107.57397358531816,-33.8872377000,150.8748635000
25thAv-ElizabethDrive-Cabramatta,"150","0","150",0.08892574222953,103.81795939121645,-33.8875326000,150.8759682000
25thAv-ElizabethDrive-Cabramatta,"151","0","151",0.09028463249002,101.08728951050637,-33.8878311000,150.8772939000
25thAv-ElizabethDrive-Cabramatta,"152","0","152",0.09098308164350,96.74983947571275,-33.8879462000,150.8779828000
25thAv-ElizabethDrive-Cabramatta,"153","0","153",0.09216438001816,93.33406919210812,-33.8880289000,150.8791612000
25thAv-ElizabethDrive-Cabramatta,"154","0","154",0.09325294738859,95.38020219344983,-33.8880793000,150.8802486000
25thAv-ElizabethDrive-Cabramatta,"155","0","155",0.09363375270632,100.24896420742802,-33.8881330000,150.8806256000
25thAv-ElizabethDrive-Cabramatta,"156","0","156",0.09397254482547,104.24128951183840,-33.8882057000,150.8809565000
25thAv-ElizabethDrive-Cabramatta,"157","0","157",0.09417206169193,107.65240965192457,-33.8882610000,150.8811482000
25thAv-ElizabethDrive-Cabramatta,"158","0","158",0.09427446569576,110.67638661226546,-33.8882947000,150.8812449000
25thAv-ElizabethDrive-Cabramatta,"159","0","159",0.09446339541814,112.14420791349606,-33.8883659000,150.8814199000
25thAv-ElizabethDrive-Cabramatta,"160","0","160",0.09471431157945,115.13439239256549,-33.8884605000,150.8816523000
25thAv-ElizabethDrive-Cabramatta,"161","0","161",0.09507861170297,120.63761816482170,-33.8886322000,150.8819736000
25thAv-ElizabethDrive-Cabramatta,"162","0","162",0.09529564759861,123.16493867600019,-33.8887509000,150.8821553000
25thAv-ElizabethDrive-Cabramatta,"163","0","163",0.09547127279611,124.52075829846817,-33.8888470000,150.8823023000
25thAv-ElizabethDrive-Cabramatta,"164","0","164",0.09568956622248,125.87311398847663,-33.8889749000,150.8824792000
25thAv-ElizabethDrive-Cabramatta,"165","0","165",0.09607006312135,124.31855217209419,-33.8891979000,150.8827875000
25thAv-ElizabethDrive-Cabramatta,"166","0","166",0.09625080835637,122.48224211038496,-33.8892957000,150.8829395000
25thAv-ElizabethDrive-Cabramatta,"167","0","167",0.09636863844592,121.70975051964039,-33.8893585000,150.8830392000
25thAv-ElizabethDrive-Cabramatta,"168","0","168",0.09852427602449,121.12394338519555,-33.8904756000,150.8848828000
25thAv-ElizabethDrive-Cabramatta,"169","0","169",0.09956179181226,117.64346063346159,-33.8910105000,150.8857718000
25thAv-ElizabethDrive-Cabramatta,"170","0","170",0.09978674462956,117.94999566229262,-33.8911029000,150.8859769000
25thAv-ElizabethDrive-Cabramatta,"171","0","171",0.10205624427485,121.51563679301630,-33.8922937000,150.8879089000
25thAv-ElizabethDrive-Cabramatta,"172","0","172",0.10227400186944,121.89196048047252,-33.8924071000,150.8880948000
25thAv-ElizabethDrive-Cabramatta,"173","0","173",0.10255375256200,128.32670719604823,-33.8925570000,150.8883310000
25thAv-ElizabethDrive-Cabramatta,"174","0","174",0.10272729131850,128.48490185134960,-33.8926781000,150.8884553000
25thAv-ElizabethDrive-Cabramatta,"175","0","175",0.10276484993936,114.19140054907106,-33.8926984000,150.8884869000
25thAv-ElizabethDrive-Cabramatta,"176","0","176",0.10321258202441,102.89186077345641,-33.8928193000,150.8889180000
25thAv-ElizabethDrive-Cabramatta,"177","0","177",0.10374140597433,101.93201984177148,-33.8929122000,150.8894386000
25thAv-ElizabethDrive-Cabramatta,"178","0","178",0.10407681278701,101.22999441781580,-33.8929919000,150.8897644000
25thAv-ElizabethDrive-Cabramatta,"179","0","179",0.10505834206830,98.45474870855664,-33.8931406000,150.8907346000
25thAv-ElizabethDrive-Cabramatta,"180","0","180",0.10555218576827,97.61249317420396,-33.8932110000,150.8912234000
25thAv-ElizabethDrive-Cabramatta,"181","0","181",0.10627945204688,97.83444473931223,-33.8933000000,150.8919452000
25thAv-ElizabethDrive-Cabramatta,"182","0","182",0.10639395130451,98.22009284446042,-33.8933172000,150.8920584000
25thAv-ElizabethDrive-Cabramatta,"183","0","183",0.10682423289837,97.80201830811768,-33.8933756000,150.8924847000
25thAv-ElizabethDrive-Cabramatta,"184","0","184",0.10757841696076,97.80264030897473,-33.8934780000,150.8932319000
25thAv-ElizabethDrive-Cabramatta,"185","0","185",0.10874087716654,97.80130230342166,-33.8936358000,150.8943836000
25thAv-ElizabethDrive-Cabramatta,"186","0","186",0.11036248364470,97.87783044506807,-33.8938559000,150.8959902000
25thAv-ElizabethDrive-Cabramatta,"187","0","187",0.11170793029543,98.36608532199800,-33.8940421000,150.8973227000
25thAv-ElizabethDrive-Cabramatta,"188","0","188",0.11179181265356,98.61201811193750,-33.8940549000,150.8974056000
25thAv-ElizabethDrive-Cabramatta,"189","0","189",0.11193001171287,98.01830918939199,-33.8940752000,150.8975423000
25thAv-ElizabethDrive-Cabramatta,"190","0","190",0.11384700683023,97.66864759874116,-33.8943284000,150.8994425000
25thAv-ElizabethDrive-Cabramatta,"191","0","191",0.11526979398227,97.71523639020553,-33.8945202000,150.9008523000
25thAv-ElizabethDrive-Cabramatta,"192","0","192",0.11747034897590,97.74618652453071,-33.8948144000,150.9030331000
25thAv-ElizabethDrive-Cabramatta,"193","0","193",0.11876858909237,97.82574933168354,-33.8949908000,150.9043193000
25thAv-ElizabethDrive-Cabramatta,"194","0","194",0.11917387953145,97.84239476118374,-33.8950461000,150.9047208000
25thAv-ElizabethDrive-Cabramatta,"195","0","195",0.12048716306517,97.76222856504057,-33.8952253000,150.9060218000
25thAv-ElizabethDrive-Cabramatta,"196","0","196",0.12307407924665,97.81357818562957,-33.8955711000,150.9085855000
25thAv-ElizabethDrive-Cabramatta,"197","0","197",0.12424027410173,97.57868576063437,-33.8957323000,150.9097405000
25thAv-ElizabethDrive-Cabramatta,"198","0","198",0.12539924359659,99.40925212159361,-33.8958778000,150.9108903000
25thAv-ElizabethDrive-Cabramatta,"199","0","199",0.12561148331954,104.77671631967500,-33.8959205000,150.9110982000
25thAv-ElizabethDrive-Cabramatta,"200","0","200",0.12580457899533,112.97655093306534,-33.8959800000,150.9112819000
25thAv-ElizabethDrive-Cabramatta,"201","0","201",0.12604820857067,122.46732400630555,-33.8960944000,150.9114970000
25thAv-ElizabethDrive-Cabramatta,"202","0","202",0.12659512885740,126.70636904304541,-33.8964230000,150.9119342000
25thAv-ElizabethDrive-Cabramatta,"203","0","203",0.12709126010012,125.06276604460430,-33.8967180000,150.9123331000
25thAv-ElizabethDrive-Cabramatta,"204","0","204",0.12758061679008,118.26181192363083,-33.8969891000,150.9127405000
25thAv-ElizabethDrive-Cabramatta,"205","0","205",0.12787791221554,114.40563365964269,-33.8971047000,150.9130144000
25thAv-ElizabethDrive-Cabramatta,"206","0","206",0.12793028415457,114.90672071958306,-33.8971276000,150.9130615000
25thAv-ElizabethDrive-Cabramatta,"207","0","207",0.12822097803134,113.88099136420303,-33.8972453000,150.9133273000
25thAv-ElizabethDrive-Cabramatta,"208","0","208",0.12905648700198,114.21950411364702,-33.8975835000,150.9140913000
25thAv-ElizabethDrive-Cabramatta,"209","0","209",0.13023073808674,114.52651515115579,-33.8980716000,150.9151593000
25thAv-ElizabethDrive-Cabramatta,"210","0","210",0.13143587336957,115.90183880114145,-33.8985712000,150.9162560000
25thAv-ElizabethDrive-Cabramatta,"211","0","211",0.13186805260325,113.55881578131748,-33.8987695000,150.9166400000
25thAv-ElizabethDrive-Cabramatta,"212","0","212",0.13216023578208,110.73887085381877,-33.8988685000,150.9169149000
25thAv-ElizabethDrive-Cabramatta,"213","0","213",0.13249790504336,109.77103566096837,-33.8989932000,150.9172287000
25thAv-ElizabethDrive-Cabramatta,"214","0","214",0.13279609070696,107.08683008100837,-33.8990847000,150.9175125000
25thAv-ElizabethDrive-Cabramatta,"215","0","215",0.13311668279984,104.99022373538685,-33.8991747000,150.9178202000
25thAv-ElizabethDrive-Cabramatta,"216","0","216",0.13348379195253,101.98151890682806,-33.8992615000,150.9181769000
25thAv-ElizabethDrive-Cabramatta,"217","0","217",0.13384499744809,97.97617726405994,-33.8993260000,150.9185323000
25thAv-ElizabethDrive-Cabramatta,"218","0","218",0.13413873251577,95.26927053729437,-33.8993550000,150.9188246000
25thAv-ElizabethDrive-Cabramatta,"219","0","219",0.13427412180635,94.87177481188418,-33.8993665000,150.9189595000
25thAv-ElizabethDrive-Cabramatta,"220","0","220",0.13442486622582,94.64845827965972,-33.8993793000,150.9191097000
25thAv-ElizabethDrive-Cabramatta,"221","0","221",0.13456999902706,93.90934115384331,-33.8993905000,150.9192544000
25thAv-ElizabethDrive-Cabramatta,"222","0","222",0.13496709499783,92.92657047993890,-33.8994140000,150.9196508000
25thAv-ElizabethDrive-Cabramatta,"223","0","223",0.13501834224166,92.48300434859992,-33.8994162000,150.9197020000
25thAv-ElizabethDrive-Cabramatta,"224","0","224",0.13537518339681,91.97224654679026,-33.8994318000,150.9200585000
25thAv-ElizabethDrive-Cabramatta,"225","0","225",0.13566987632172,91.45890370018921,-33.8994392000,150.9203531000
25thAv-ElizabethDrive-Cabramatta,"226","0","226",0.13572799568165,89.36826511297224,-33.8994407000,150.9204112000
25thAv-ElizabethDrive-Cabramatta,"227","0","227",0.13616900073831,86.61224388560552,-33.8994196000,150.9208517000
25thAv-ElizabethDrive-Cabramatta,"228","0","228",0.13656568310496,87.89658388016372,-33.8993917000,150.9212474000
25thAv-ElizabethDrive-Cabramatta,"229","0","229",0.13679658416601,82.28020203108561,-33.8993910000,150.9214783000
25thAv-ElizabethDrive-Cabramatta,"230","0","230",0.13698306424537,73.89953847003038,-33.8993419000,150.9216582000
25thAv-ElizabethDrive-Cabramatta,"231","0","231",0.13783960765351,73.22179465803649,-33.8990924000,150.9224776000
25thAv-ElizabethDrive-Cabramatta,"232","0","232",0.13836120201697,73.08099223707494,-33.8989432000,150.9229774000
25thAv-ElizabethDrive-Cabramatta,"233","0","233",0.13960754765921,69.34056764229911,-33.8985743000,150.9241679000
25thAv-ElizabethDrive-Cabramatta,"234","0","234",0.13995723391861,62.91350342939283,-33.8984315000,150.9244871000
25thAv-ElizabethDrive-Cabramatta,"235","0","235",0.14019712097538,59.99971593080823,-33.8983113000,150.9246947000
25thAv-ElizabethDrive-Cabramatta,"236","0","236",0.14046228381215,57.82530421043295,-33.8981790000,150.9249245000
25thAv-ElizabethDrive-Cabramatta,"237","0","237",0.14089359817545,57.06801501695674,-33.8979352000,150.9252803000
25thAv-ElizabethDrive-Cabramatta,"238","0","238",0.14138835470147,59.26940351178187,-33.8976771000,150.9257024000
25thAv-ElizabethDrive-Cabramatta,"239","0","239",0.14188230378788,63.61381328245299,-33.8974300000,150.9261301000
25thAv-ElizabethDrive-Cabramatta,"240","0","240",0.14214212759357,68.73707934877633,-33.8973295000,150.9263697000
25thAv-ElizabethDrive-Cabramatta,"241","0","241",0.14241352471955,70.42615526297010,-33.8972377000,150.9266251000
25thAv-ElizabethDrive-Cabramatta,"242","0","242",0.14266730021088,72.14406189954815,-33.8971535000,150.9268645000
25thAv-ElizabethDrive-Cabramatta,"243","0","243",0.14326606871373,74.98358083395003,-33.8969851000,150.9274391000
25thAv-ElizabethDrive-Cabramatta,"244","0","244",0.14367736777768,76.77781719614094,-33.8968877000,150.9278387000
25thAv-ElizabethDrive-Cabramatta,"245","0","245",0.14453582199894,77.25254926015599,-33.8966983000,150.9286760000
25thAv-ElizabethDrive-Cabramatta,"246","0","246",0.14482946123336,77.90631989313778,-33.8966335000,150.9289624000
25thAv-ElizabethDrive-Cabramatta,"247","0","247",0.14573004840294,77.28232730561855,-33.8964549000,150.9298451000
25thAv-ElizabethDrive-Cabramatta,"248","0","248",0.14597728927742,76.83004714589894,-33.8963951000,150.9300850000
25thAv-ElizabethDrive-Cabramatta,"249","0","249",0.14727170927880,77.41460361127062,-33.8961184000,150.9313495000
25thAv-ElizabethDrive-Cabramatta,"250","0","250",0.14804911185147,78.80527432045132,-33.8959458000,150.9321075000
25thAv-ElizabethDrive-Cabramatta,"251","0","251",0.14839045398188,83.06552516978469,-33.8958891000,150.9324441000
25thAv-ElizabethDrive-Cabramatta,"252","0","252",0.14867405498682,86.57501333769834,-33.8958678000,150.9327269000
25thAv-ElizabethDrive-Cabramatta,"253","0","253",0.14903471007134,89.70635105639346,-33.8958518000,150.9330872000
25thAv-ElizabethDrive-Cabramatta,"254","0","254",0.14941863363145,92.96274214841742,-33.8958649000,150.9334709000
25thAv-ElizabethDrive-Cabramatta,"255","0","255",0.14998048188499,94.21642759630576,-33.8959038000,150.9340314000
25thAv-ElizabethDrive-Cabramatta,"256","0","256",0.15046755864485,93.43204026099535,-33.8959417000,150.9345170000
25thAv-ElizabethDrive-Cabramatta,"257","0","257",0.15068474936748,89.87452935516437,-33.8959508000,150.9347340000
25thAv-ElizabethDrive-Cabramatta,"258","0","258",0.15129199986768,87.16667211711747,-33.8959227000,150.9353406000
25thAv-ElizabethDrive-Cabramatta,"259","0","259",0.15166661820681,86.85018929064171,-33.8959030000,150.9357147000
25thAv-ElizabethDrive-Cabramatta,"260","0","260",0.15201038314103,83.29070241140560,-33.8958833000,150.9360579000
25thAv-ElizabethDrive-Cabramatta,"261","0","261",0.15312212534137,79.89699050317638,-33.8956877000,150.9371523000
25thAv-ElizabethDrive-Cabramatta,"262","0","262",0.15376879256646,79.92509500131261,-33.8955746000,150.9377890000
25thAv-ElizabethDrive-Cabramatta,"263","0","263",0.15395110510031,80.61902190497618,-33.8955427000,150.9379685000
25thAv-ElizabethDrive-Cabramatta,"264","0","264",0.15440541421314,46.06862191501286,-33.8954741000,150.9384176000
25thAv-ElizabethDrive-Cabramatta,"265","0","265",0.15449062976335,10.93866314112206,-33.8953904000,150.9384336000
25thAv-ElizabethDrive-Cabramatta,"266","0","266",0.15494954605200,11.05528624259481,-33.8949400000,150.9385216000
25thAv-Cabramatta-ElizabethDrive,"0","0","0",0.00000000000000,191.31465322340406,-33.8949400000,150.9385216000
25thAv-Cabramatta-ElizabethDrive,"1","0","1",0.00023802615402,191.04522890000467,-33.8951734000,150.9384749000
25thAv-Cabramatta-ElizabethDrive,"2","0","2",0.00045892135541,230.33410350453823,-33.8953904000,150.9384336000
25thAv-Cabramatta-ElizabethDrive,"3","0","3",0.00056542154317,272.97139460344516,-33.8953906000,150.9383271000
25thAv-Cabramatta-ElizabethDrive,"4","0","4",0.00108722822195,276.49000222726841,-33.8953356000,150.9378082000
25thAv-Cabramatta-ElizabethDrive,"5","0","5",0.00133090827861,277.55903631222060,-33.8953062000,150.9375663000
25thAv-Cabramatta-ElizabethDrive,"6","0","6",0.00208075298249,278.18827879561047,-33.8951994000,150.9368241000
25thAv-Cabramatta-ElizabethDrive,"7","0","7",0.00303073728762,278.18539520405187,-33.8950641000,150.9358838000
25thAv-Cabramatta-ElizabethDrive,"8","0","8",0.00528044088589,234.80687189837246,-33.8947439000,150.9336570000
25thAv-Cabramatta-ElizabethDrive,"9","0","9",0.00580923000262,191.42756169298315,-33.8952622000,150.9335522000
25thAv-Cabramatta-ElizabethDrive,"10","0","10",0.00588799039877,191.43366620050497,-33.8953394000,150.9335366000
25thAv-Cabramatta-ElizabethDrive,"11","0","11",0.00609867853323,187.86397660271902,-33.8955459000,150.9334948000
25thAv-Cabramatta-ElizabethDrive,"12","0","12",0.00641857259381,228.12003926160028,-33.8958649000,150.9334709000
25thAv-Cabramatta-ElizabethDrive,"13","0","13",0.00680249615392,269.70635105639343,-33.8958518000,150.9330872000
25thAv-Cabramatta-ElizabethDrive,"14","0","14",0.00716315123844,266.57501333769841,-33.8958678000,150.9327269000
25thAv-Cabramatta-ElizabethDrive,"15","0","15",0.00744675224338,263.06552516978468,-33.8958891000,150.9324441000
25thAv-Cabramatta-ElizabethDrive,"16","0","16",0.00778809437380,258.80527432045130,-33.8959458000,150.9321075000
25thAv-Cabramatta-ElizabethDrive,"17","0","17",0.00856549694646,257.41460361127065,-33.8961184000,150.9313495000
25thAv-Cabramatta-ElizabethDrive,"18","0","18",0.00985991694784,256.83004714589902,-33.8963951000,150.9300850000
25thAv-Cabramatta-ElizabethDrive,"19","0","19",0.01010715782232,257.43921089984320,-33.8964549000,150.9298451000
25thAv-Cabramatta-ElizabethDrive,"20","0","20",0.01088354643634,257.73820848215775,-33.8966047000,150.9290833000
25thAv-Cabramatta-ElizabethDrive,"21","0","21",0.01100782937968,256.92609047137785,-33.8966335000,150.9289624000
25thAv-Cabramatta-ElizabethDrive,"22","0","22",0.01130146861410,257.25254926015600,-33.8966983000,150.9286760000
25thAv-Cabramatta-ElizabethDrive,"23","0","23",0.01215992283536,256.77781719614097,-33.8968877000,150.9278387000
25thAv-Cabramatta-ElizabethDrive,"24","0","24",0.01257122189931,254.98358083395001,-33.8969851000,150.9274391000
25thAv-Cabramatta-ElizabethDrive,"25","0","25",0.01316999040216,252.14406189954812,-33.8971535000,150.9268645000
25thAv-Cabramatta-ElizabethDrive,"26","0","26",0.01342376589350,250.42615526297007,-33.8972377000,150.9266251000
25thAv-Cabramatta-ElizabethDrive,"27","0","27",0.01369516301947,248.73707934877632,-33.8973295000,150.9263697000
25thAv-Cabramatta-ElizabethDrive,"28","0","28",0.01395498682516,243.61381328245301,-33.8974300000,150.9261301000
25thAv-Cabramatta-ElizabethDrive,"29","0","29",0.01444893591157,239.26940351178186,-33.8976771000,150.9257024000
25thAv-Cabramatta-ElizabethDrive,"30","0","30",0.01494369243759,237.06801501695676,-33.8979352000,150.9252803000
25thAv-Cabramatta-ElizabethDrive,"31","0","31",0.01537500680089,237.82530421043296,-33.8981790000,150.9249245000
25thAv-Cabramatta-ElizabethDrive,"32","0","32",0.01564016963767,239.99971593080826,-33.8983113000,150.9246947000
25thAv-Cabramatta-ElizabethDrive,"33","0","33",0.01588005669443,242.91350342939282,-33.8984315000,150.9244871000
25thAv-Cabramatta-ElizabethDrive,"34","0","34",0.01622974295383,249.34056764229913,-33.8985743000,150.9241679000
25thAv-Cabramatta-ElizabethDrive,"35","0","35",0.01747608859607,252.76025934753923,-33.8989432000,150.9229774000
25thAv-Cabramatta-ElizabethDrive,"36","0","36",0.01777599851590,253.49171222892997,-33.8990322000,150.9226910000
25thAv-Cabramatta-ElizabethDrive,"37","0","37",0.01799772717888,253.65562509281000,-33.8990924000,150.9224776000
25thAv-Cabramatta-ElizabethDrive,"38","0","38",0.01885427058702,253.89953847003039,-33.8993419000,150.9216582000
25thAv-Cabramatta-ElizabethDrive,"39","0","39",0.01904075066638,249.95952359651955,-33.8993910000,150.9214783000
25thAv-Cabramatta-ElizabethDrive,"40","0","40",0.01917108477552,253.59305082320412,-33.8994457000,150.9213600000
25thAv-Cabramatta-ElizabethDrive,"41","0","41",0.01954764840892,263.00477107352361,-33.8994981000,150.9209871000
25thAv-Cabramatta-ElizabethDrive,"42","0","42",0.01975457883201,265.26763646377447,-33.8995197000,150.9207813000
25thAv-Cabramatta-ElizabethDrive,"43","0","43",0.02003850030003,268.04810599118389,-33.8995369000,150.9204979000
25thAv-Cabramatta-ElizabethDrive,"44","0","44",0.02042431119928,271.19075879393165,-33.8995398000,150.9201121000
25thAv-Cabramatta-ElizabethDrive,"45","0","45",0.02095424939380,273.63492237371042,-33.8995138000,150.9195828000
25thAv-Cabramatta-ElizabethDrive,"46","0","46",0.02120771611746,274.47574748203613,-33.8994941000,150.9193301000
25thAv-Cabramatta-ElizabethDrive,"47","0","47",0.02130471431332,273.53401404909346,-33.8994865000,150.9192334000
25thAv-Cabramatta-ElizabethDrive,"48","0","48",0.02146057158776,273.65195132414402,-33.8994795000,150.9190777000
25thAv-Cabramatta-ElizabethDrive,"49","0","49",0.02178317011536,276.28166883706729,-33.8994529000,150.9187562000
25thAv-Cabramatta-ElizabethDrive,"50","0","50",0.02189249028733,277.85798694057752,-33.8994380000,150.9186479000
25thAv-Cabramatta-ElizabethDrive,"51","0","51",0.02211489159128,279.28785165227151,-33.8994075000,150.9184276000
25thAv-Cabramatta-ElizabethDrive,"52","0","52",0.02239190206040,281.71659282272844,-33.8993561000,150.9181554000
25thAv-Cabramatta-ElizabethDrive,"53","0","53",0.02264810951540,284.85661054534694,-33.8992996000,150.9179055000
25thAv-Cabramatta-ElizabethDrive,"54","0","54",0.02286631441911,287.44956202684961,-33.8992359000,150.9176968000
25thAv-Cabramatta-ElizabethDrive,"55","0","55",0.02308692362109,288.83705898805579,-33.8991680000,150.9174869000
25thAv-Cabramatta-ElizabethDrive,"56","0","56",0.02326627188565,291.78838413452854,-33.8991074000,150.9173181000
25thAv-Cabramatta-ElizabethDrive,"57","0","57",0.02359597599544,296.18047847744089,-33.8989742000,150.9170165000
25thAv-Cabramatta-ElizabethDrive,"58","0","58",0.02402452510577,297.92234015922492,-33.8987695000,150.9166400000
25thAv-Cabramatta-ElizabethDrive,"59","0","59",0.02445670433945,295.90183880114142,-33.8985712000,150.9162560000
25thAv-Cabramatta-ElizabethDrive,"60","0","60",0.02566183962227,294.49177038382282,-33.8980716000,150.9151593000
25thAv-Cabramatta-ElizabethDrive,"61","0","61",0.02643204303699,294.59295192844769,-33.8977523000,150.9144584000
25thAv-Cabramatta-ElizabethDrive,"62","0","62",0.02683609235329,294.28573502814692,-33.8975835000,150.9140913000
25thAv-Cabramatta-ElizabethDrive,"63","0","63",0.02767160132392,293.88099136420306,-33.8972453000,150.9133273000
25thAv-Cabramatta-ElizabethDrive,"64","0","64",0.02796229520070,294.90672071958301,-33.8971276000,150.9130615000
25thAv-Cabramatta-ElizabethDrive,"65","0","65",0.02801466713972,294.40563365964266,-33.8971047000,150.9130144000
25thAv-Cabramatta-ElizabethDrive,"66","0","66",0.02831196256518,298.26181192363077,-33.8969891000,150.9127405000
25thAv-Cabramatta-ElizabethDrive,"67","0","67",0.02880131925515,305.06276604460430,-33.8967180000,150.9123331000
25thAv-Cabramatta-ElizabethDrive,"68","0","68",0.02929745049787,306.70636904304547,-33.8964230000,150.9119342000
25thAv-Cabramatta-ElizabethDrive,"69","0","69",0.02984437078460,302.46732400630560,-33.8960944000,150.9114970000
25thAv-Cabramatta-ElizabethDrive,"70","0","70",0.03008800035994,292.97655093306537,-33.8959800000,150.9112819000
25thAv-Cabramatta-ElizabethDrive,"71","0","71",0.03028109603573,284.77671631967502,-33.8959205000,150.9110982000
25thAv-Cabramatta-ElizabethDrive,"72","0","72",0.03049333575868,279.40925212159357,-33.8958778000,150.9108903000
25thAv-Cabramatta-ElizabethDrive,"73","0","73",0.03165230525354,277.57868576063436,-33.8957323000,150.9097405000
25thAv-Cabramatta-ElizabethDrive,"74","0","74",0.03281850010862,277.81357818562952,-33.8955711000,150.9085855000
25thAv-Cabramatta-ElizabethDrive,"75","0","75",0.03540541629010,277.76222856504052,-33.8952253000,150.9060218000
25thAv-Cabramatta-ElizabethDrive,"76","0","76",0.03671869982382,277.84239476118375,-33.8950461000,150.9047208000
25thAv-Cabramatta-ElizabethDrive,"77","0","77",0.03712399026290,277.84090435038547,-33.8949908000,150.9043193000
25thAv-Cabramatta-ElizabethDrive,"78","0","78",0.03833733038420,277.60786537717968,-33.8948253000,150.9031173000
25thAv-Cabramatta-ElizabethDrive,"79","0","79",0.03842223297547,277.52960460090679,-33.8948144000,150.9030331000
25thAv-Cabramatta-ElizabethDrive,"80","0","80",0.04062278796909,277.71523639020552,-33.8945202000,150.9008523000
25thAv-Cabramatta-ElizabethDrive,"81","0","81",0.04204557512114,277.66864759874113,-33.8943284000,150.8994425000
25thAv-Cabramatta-ElizabethDrive,"82","0","82",0.04396257023849,278.01830918939197,-33.8940752000,150.8975423000
25thAv-Cabramatta-ElizabethDrive,"83","0","83",0.04410076929781,278.61201811193746,-33.8940549000,150.8974056000
25thAv-Cabramatta-ElizabethDrive,"84","0","84",0.04418465165593,278.36608532199801,-33.8940421000,150.8973227000
25thAv-Cabramatta-ElizabethDrive,"85","0","85",0.04553009830667,277.87783044506807,-33.8938559000,150.8959902000
25thAv-Cabramatta-ElizabethDrive,"86","0","86",0.04715170478482,277.80130230342166,-33.8936358000,150.8943836000
25thAv-Cabramatta-ElizabethDrive,"87","0","87",0.04831416499061,277.80264030897473,-33.8934780000,150.8932319000
25thAv-Cabramatta-ElizabethDrive,"88","0","88",0.04906834905300,277.80201830811768,-33.8933756000,150.8924847000
25thAv-Cabramatta-ElizabethDrive,"89","0","89",0.04949863064686,278.22009284446045,-33.8933172000,150.8920584000
25thAv-Cabramatta-ElizabethDrive,"90","0","90",0.04961312990448,277.83444473931223,-33.8933000000,150.8919452000
25thAv-Cabramatta-ElizabethDrive,"91","0","91",0.05034039618310,277.61249317420396,-33.8932110000,150.8912234000
25thAv-Cabramatta-ElizabethDrive,"92","0","92",0.05083423988306,278.45474870855662,-33.8931406000,150.8907346000
25thAv-Cabramatta-ElizabethDrive,"93","0","93",0.05181576916435,277.78724410453043,-33.8929919000,150.8897644000
25thAv-Cabramatta-ElizabethDrive,"94","0","94",0.05199323995068,270.20923997273081,-33.8929707000,150.8895882000
25thAv-Cabramatta-ElizabethDrive,"95","0","95",0.05213584040650,260.73298048619574,-33.8929867000,150.8894465000
25thAv-Cabramatta-ElizabethDrive,"96","0","96",0.05227093777878,250.46309853441559,-33.8930150000,150.8893144000
25thAv-Cabramatta-ElizabethDrive,"97","0","97",0.05237540964102,237.31815821274378,-33.8930624000,150.8892213000
25thAv-Cabramatta-ElizabethDrive,"98","0","98",0.05250731555447,268.89010763616847,-33.8931443000,150.8891179000
25thAv-Cabramatta-ElizabethDrive,"99","0","99",0.05279541755031,306.89529454184157,-33.8929743000,150.8888853000
25thAv-Cabramatta-ElizabethDrive,"100","0","100",0.05298721436990,305.20955230521798,-33.8928572000,150.8887334000
25thAv-Cabramatta-ElizabethDrive,"101","0","101",0.05328043730554,302.75365049106773,-33.8926984000,150.8884869000
25thAv-Cabramatta-ElizabethDrive,"102","0","102",0.05331799592640,297.78442121848957,-33.8926781000,150.8884553000
25thAv-Cabramatta-ElizabethDrive,"103","0","103",0.05350030511432,297.03882613744679,-33.8926073000,150.8882873000
25thAv-Cabramatta-ElizabethDrive,"104","0","104",0.05388667831472,301.10795580514559,-33.8924070000,150.8879569000
25thAv-Cabramatta-ElizabethDrive,"105","0","105",0.05630136150100,312.03623419012854,-33.8911637000,150.8858869000
25thAv-Cabramatta-ElizabethDrive,"106","0","106",0.05649298156781,312.09457675109957,-33.8910105000,150.8857718000
25thAv-Cabramatta-ElizabethDrive,"107","0","107",0.05741974566399,300.76917020566316,-33.8905317000,150.8849783000
25thAv-Cabramatta-ElizabethDrive,"108","0","108",0.05753050423021,300.82227351528792,-33.8904756000,150.8848828000
25thAv-Cabramatta-ElizabethDrive,"109","0","109",0.05968614180878,301.70975051964041,-33.8893585000,150.8830392000
25thAv-Cabramatta-ElizabethDrive,"110","0","110",0.05980397189833,302.48224211038496,-33.8892957000,150.8829395000
25thAv-Cabramatta-ElizabethDrive,"111","0","111",0.05998471713335,299.80027042779972,-33.8891979000,150.8827875000
25thAv-Cabramatta-ElizabethDrive,"112","0","112",0.06058510842248,298.01789663624965,-33.8889268000,150.8822518000
25thAv-Cabramatta-ElizabethDrive,"113","0","113",0.06101031919375,297.98748076030711,-33.8887194000,150.8818806000
25thAv-Cabramatta-ElizabethDrive,"114","0","114",0.06135342391534,292.88172346219943,-33.8885648000,150.8815743000
25thAv-Cabramatta-ElizabethDrive,"115","0","115",0.06169468084202,288.97000166707943,-33.8884538000,150.8812516000
25thAv-Cabramatta-ElizabethDrive,"116","0","116",0.06179164031810,288.96181677333129,-33.8884223000,150.8811599000
25thAv-Cabramatta-ElizabethDrive,"117","0","117",0.06189410250624,288.96232971241625,-33.8883890000,150.8810630000
25thAv-Cabramatta-ElizabethDrive,"118","0","118",0.06201506469040,285.84659674342544,-33.8883497000,150.8809486000
25thAv-Cabramatta-ElizabethDrive,"119","0","119",0.06222103063420,282.72324851286288,-33.8883043000,150.8807477000
25thAv-Cabramatta-ElizabethDrive,"120","0","120",0.06252549409670,278.65895932727830,-33.8882373000,150.8804507000
25thAv-Cabramatta-ElizabethDrive,"121","0","121",0.06285927176222,274.26474122648602,-33.8882105000,150.8801180000
25thAv-Cabramatta-ElizabethDrive,"122","0","122",0.06341016326696,271.96203831248948,-33.8881728000,150.8795684000
25thAv-Cabramatta-ElizabethDrive,"123","0","123",0.06385206326696,270.47384980871271,-33.8881728000,150.8791265000
25thAv-Cabramatta-ElizabethDrive,"124","0","124",0.06480129311266,272.88892597112152,-33.8881571000,150.8781774000
25thAv-Cabramatta-ElizabethDrive,"125","0","125",0.06510176016578,278.30910021805829,-33.8881318000,150.8778780000
25thAv-Cabramatta-ElizabethDrive,"126","0","126",0.06582327693622,282.19920779470743,-33.8879844000,150.8771717000
25thAv-Cabramatta-ElizabethDrive,"127","0","127",0.06711862424484,283.86903784428608,-33.8877016000,150.8759076000
25thAv-Cabramatta-ElizabethDrive,"128","0","128",0.06829001706111,288.19610014889884,-33.8873959000,150.8747768000
25thAv-Cabramatta-ElizabethDrive,"129","0","129",0.06886270805982,291.27350850309949,-33.8871882000,150.8742431000
25thAv-Cabramatta-ElizabethDrive,"130","0","130",0.06911286850833,291.20776426874039,-33.8870974000,150.8740100000
25thAv-Cabramatta-ElizabethDrive,"131","0","131",0.07154675722602,291.18938926498845,-33.8862199000,150.8717398000
25thAv-Cabramatta-ElizabethDrive,"132","0","132",0.07204845534241,291.24891774300153,-33.8860381000,150.8712722000
25thAv-Cabramatta-ElizabethDrive,"133","0","133",0.07243000252168,290.86451435540175,-33.8858998000,150.8709166000
25thAv-Cabramatta-ElizabethDrive,"134","0","134",0.07365116419810,291.11289298071074,-33.8854726000,150.8697726000
25thAv-Cabramatta-ElizabethDrive,"135","0","135",0.07682735430890,293.00085312595331,-33.8842957000,150.8668225000
25thAv-Cabramatta-ElizabethDrive,"136","0","136",0.07760663234659,293.08022019814808,-33.8839756000,150.8661120000
25thAv-Cabramatta-ElizabethDrive,"137","0","137",0.07835842121321,288.30673570314809,-33.8836951000,150.8654145000
25thAv-Cabramatta-ElizabethDrive,"138","0","138",0.07893945499020,282.86364567973283,-33.8835476000,150.8648525000
25thAv-Cabramatta-ElizabethDrive,"139","0","139",0.07897450138802,282.73797628136759,-33.8835409000,150.8648181000
25thAv-Cabramatta-ElizabethDrive,"140","0","140",0.07905422497301,282.34289108805893,-33.8835210000,150.8647409000
25thAv-Cabramatta-ElizabethDrive,"141","0","141",0.07922819120534,279.35218254260150,-33.8834901000,150.8645697000
25thAv-Cabramatta-ElizabethDrive,"142","0","142",0.07964625437044,276.83379623301028,-33.8834285000,150.8641562000
25thAv-Cabramatta-ElizabethDrive,"143","0","143",0.07970589931993,275.20745451228117,-33.8834231000,150.8640968000
25thAv-Cabramatta-ElizabethDrive,"144","0","144",0.08004440345579,273.61444911302050,-33.8833923000,150.8637597000
25thAv-Cabramatta-ElizabethDrive,"145","0","145",0.08057512948681,269.83315554230978,-33.8833737000,150.8632293000
25thAv-Cabramatta-ElizabethDrive,"146","0","146",0.08145116129556,267.24373962992655,-33.8834095000,150.8623540000
25thAv-Cabramatta-ElizabethDrive,"147","0","147",0.08195743617152,266.43559774998488,-33.8834375000,150.8618485000
25thAv-Cabramatta-ElizabethDrive,"148","0","148",0.08264407418387,266.38924613828550,-33.8834849000,150.8611635000
25thAv-Cabramatta-ElizabethDrive,"149","0","149",0.08475048938749,266.57582899103704,-33.8836048000,150.8590605000
25thAv-Cabramatta-ElizabethDrive,"150","0","150",0.08591627095364,266.62841505422176,-33.8836777000,150.8578970000
25thAv-Cabramatta-ElizabethDrive,"151","0","151",0.08606149147561,266.42420965123688,-33.8836857000,150.8577520000
25thAv-Cabramatta-ElizabethDrive,"152","0","152",0.08615912855874,266.29998607423477,-33.8836925000,150.8576546000
25thAv-Cabramatta-ElizabethDrive,"153","0","153",0.08747355087290,266.68115178115960,-33.8837706000,150.8563425000
25thAv-Cabramatta-ElizabethDrive,"154","0","154",0.08919618966848,268.09228083665056,-33.8838677000,150.8546226000
25thAv-Cabramatta-ElizabethDrive,"155","0","155",0.08990242637100,274.30735861459459,-33.8838749000,150.8539164000
25thAv-Cabramatta-ElizabethDrive,"156","0","156",0.09044226903326,281.16768900246092,-33.8837886000,150.8533835000
25thAv-Cabramatta-ElizabethDrive,"157","0","157",0.09140763133312,287.46112624782461,-33.8835692000,150.8524434000
25thAv-Cabramatta-ElizabethDrive,"158","0","158",0.09228951709670,298.34123104017010,-33.8832419000,150.8516245000
25thAv-Cabramatta-ElizabethDrive,"159","0","159",0.09331416464588,308.81786211775488,-33.8826557000,150.8507841000
25thAv-Cabramatta-ElizabethDrive,"160","0","160",0.09467095677806,313.02874147493333,-33.8817349000,150.8497876000
25thAv-Cabramatta-ElizabethDrive,"161","0","161",0.09673129249103,312.13511798878176,-33.8803214000,150.8482886000
25thAv-Cabramatta-ElizabethDrive,"162","0","162",0.09748851326462,306.38951375085037,-33.8798251000,150.8477167000
25thAv-Cabramatta-ElizabethDrive,"163","0","163",0.09853883843809,299.10839324720706,-33.8792712000,150.8468243000
25thAv-Cabramatta-ElizabethDrive,"164","0","164",0.09935621456326,297.33047553512478,-33.8789079000,150.8460921000
25thAv-Cabramatta-ElizabethDrive,"165","0","165",0.10087907080400,300.54189202880383,-33.8781866000,150.8447509000
25thAv-Cabramatta-ElizabethDrive,"166","0","166",0.10173182827244,306.95806808816735,-33.8777245000,150.8440342000
25thAv-Cabramatta-ElizabethDrive,"167","0","167",0.10248005019806,310.71566421390952,-33.8772326000,150.8434704000
25thAv-Cabramatta-ElizabethDrive,"168","0","168",0.10308160522468,310.29554015761050,-33.8768433000,150.8430118000
25thAv-Cabramatta-ElizabethDrive,"169","0","169",0.10388571532285,310.25947861570671,-33.8763236000,150.8423982000
25thAv-Cabramatta-ElizabethDrive,"170","0","170",0.10409772532263,310.23133556434215,-33.8761866000,150.8422364000
25thAv-Cabramatta-ElizabethDrive,"171","0","171",0.10479170226747,308.87252448318259,-33.8757386000,150.8417064000
25thAv-Cabramatta-ElizabethDrive,"172","0","172",0.10536992155112,307.28494900990648,-33.8753863000,150.8412479000
25thAv-Cabramatta-ElizabethDrive,"173","0","173",0.10569486285351,301.72259581285766,-33.8751906000,150.8409885000
25thAv-Cabramatta-ElizabethDrive,"174","0","174",0.10596462304332,293.98732324801978,-33.8750706000,150.8407469000
25thAv-Cabramatta-ElizabethDrive,"175","0","175",0.10625741144815,290.01567612095698,-33.8749630000,150.8404746000
25thAv-Cabramatta-ElizabethDrive,"176","0","176",0.10651750883375,285.96775768154447,-33.8748806000,150.8402279000
25thAv-Cabramatta-ElizabethDrive,"177","0","177",0.10681467821307,281.98074603438482,-33.8748114000,150.8399389000
25thAv-Cabramatta-ElizabethDrive,"178","0","178",0.10710727380429,278.90608374858044,-33.8747581000,150.8396512000
25thAv-Cabramatta-ElizabethDrive,"179","0","179",0.10736719004078,275.01454529577660,-33.8747250000,150.8393934000
25thAv-Cabramatta-ElizabethDrive,"180","0","180",0.10762708126802,270.99695538420872,-33.8747127000,150.8391338000
25thAv-Cabramatta-ElizabethDrive,"181","0","181",0.10787420071285,267.31871888794171,-33.8747158000,150.8388867000
25thAv-Cabramatta-ElizabethDrive,"182","0","182",0.10792978317409,265.34467376198569,-33.8747203000,150.8388313000
25thAv-Cabramatta-ElizabethDrive,"183","0","183",0.10817559814516,264.24648705542387,-33.8747403000,150.8385863000
25thAv-Cabramatta-ElizabethDrive,"184","0","184",0.10843756274200,261.01687383219934,-33.8747715000,150.8383262000
25thAv-Cabramatta-ElizabethDrive,"185","0","185",0.10864536846858,259.02162247277784,-33.8748116000,150.8381223000
25thAv-Cabramatta-ElizabethDrive,"186","0","186",0.10889389552949,258.59097248811349,-33.8748583000,150.8378782000
25thAv-Cabramatta-ElizabethDrive,"187","0","187",0.10919577858632,257.64498179999805,-33.8749210000,150.8375829000
25thAv-Cabramatta-ElizabethDrive,"188","0","188",0.10961896894537,257.25127578780882,-33.8750142000,150.8371701000
25thAv-Cabramatta-ElizabethDrive,"189","0","189",0.11039456755935,257.16226829371868,-33.8751857000,150.8364137000
25thAv-Cabramatta-ElizabethDrive,"190","0","190",0.11277608028236,258.20570819978167,-33.8757174000,150.8340923000
25thAv-Cabramatta-ElizabethDrive,"191","0","191",0.11302357381766,260.83421991002376,-33.8757633000,150.8338491000
25thAv-Cabramatta-ElizabethDrive,"192","0","192",0.11330174550925,263.69743568467311,-33.8758003000,150.8335734000
25thAv-Cabramatta-ElizabethDrive,"193","0","193",0.11366249722443,266.66031028414443,-33.8758315000,150.8332140000
25thAv-Cabramatta-ElizabethDrive,"194","0","194",0.11403276364202,270.35414371755058,-33.8758426000,150.8328439000
25thAv-Cabramatta-ElizabethDrive,"195","0","195",0.11434694527739,274.04606677522730,-33.8758293000,150.8325300000
25thAv-Cabramatta-ElizabethDrive,"196","0","196",0.11464068034508,277.21974407702254,-33.8758003000,150.8322377000
25thAv-Cabramatta-ElizabethDrive,"197","0","197",0.11499077684607,279.78739225865928,-33.8757469000,150.8318917000
25thAv-Cabramatta-ElizabethDrive,"198","0","198",0.11529119938184,280.85996466489019,-33.8756906000,150.8315966000
25thAv-Cabramatta-ElizabethDrive,"199","0","199",0.11579379791944,281.00048860568279,-33.8755954000,150.8311031000
25thAv-Cabramatta-ElizabethDrive,"200","0","200",0.11643057242429,279.74732083097996,-33.8754730000,150.8304782000
25thAv-Cabramatta-ElizabethDrive,"201","0","201",0.11667459793525,275.80647866786103,-33.8754373000,150.8302368000
25thAv-Cabramatta-ElizabethDrive,"202","0","202",0.11687340804563,271.60030602358904,-33.8754262000,150.8300383000
25thAv-Cabramatta-ElizabethDrive,"203","0","203",0.11709070804564,267.81863563903863,-33.8754262000,150.8298210000
25thAv-Cabramatta-ElizabethDrive,"204","0","204",0.11738385746147,263.65981101401212,-33.8754485000,150.8295287000
25thAv-Cabramatta-ElizabethDrive,"205","0","205",0.11766036597851,260.47249956592958,-33.8754885000,150.8292551000
25thAv-Cabramatta-ElizabethDrive,"206","0","206",0.11791156406769,256.25476586745998,-33.8755353000,150.8290083000
25thAv-Cabramatta-ElizabethDrive,"207","0","207",0.11813567636096,252.04450915009386,-33.8755999000,150.8287937000
25thAv-Cabramatta-ElizabethDrive,"208","0","208",0.11841388407115,249.00908411319631,-33.8756912000,150.8285309000
25thAv-Cabramatta-ElizabethDrive,"209","0","209",0.11861470842227,244.10405478633774,-33.8757691000,150.8283458000
25thAv-Cabramatta-ElizabethDrive,"210","0","210",0.11895497938781,239.55930177557826,-33.8759339000,150.8280481000
25thAv-Cabramatta-ElizabethDrive,"211","0","211",0.11924572658038,236.63571423790239,-33.8760876000,150.8278013000
25thAv-Cabramatta-ElizabethDrive,"212","0","212",0.11976838265277,234.91724776312972,-33.8763860000,150.8273722000
25thAv-Cabramatta-ElizabethDrive,"213","0","213",0.12018094772642,234.64923124855474,-33.8766247000,150.8270357000
25thAv-Cabramatta-ElizabethDrive,"214","0","214",0.12197687864104,234.69788401510468,-33.8776638000,150.8255709000
25thAv-Cabramatta-ElizabethDrive,"215","0","215",0.12390778736235,234.74723026915100,-33.8787783000,150.8239941000
25thAv-Cabramatta-ElizabethDrive,"216","0","216",0.12479277997813,234.57525926189408,-33.8792891000,150.8232714000
25thAv-Cabramatta-ElizabethDrive,"217","0","217",0.12493863596876,234.40227570289531,-33.8793740000,150.8231528000
25thAv-Cabramatta-ElizabethDrive,"218","0","218",0.12591475631480,235.55988540578500,-33.8799422000,150.8223591000
25thAv-Cabramatta-ElizabethDrive,"219","0","219",0.12638964720754,237.59035062761947,-33.8802028000,150.8219621000
25thAv-Cabramatta-ElizabethDrive,"220","0","220",0.12667909988072,242.16094470544792,-33.8803542000,150.8217154000
25thAv-Cabramatta-ElizabethDrive,"221","0","221",0.12697300340230,248.00582457236030,-33.8804744000,150.8214472000
25thAv-Cabramatta-ElizabethDrive,"222","0","222",0.12743217920740,254.32449550501593,-33.8806303000,150.8210153000
25thAv-Cabramatta-ElizabethDrive,"223","0","223",0.12785640043506,260.94786501656091,-33.8807149000,150.8205996000
25thAv-Cabramatta-ElizabethDrive,"224","0","224",0.12816695918958,266.41978056628119,-33.8807506000,150.8202911000
25thAv-Cabramatta-ElizabethDrive,"225","0","225",0.12839226993054,270.85983116639488,-33.8807528000,150.8200658000
25thAv-Cabramatta-ElizabethDrive,"226","0","226",0.12867139072878,274.07840627492561,-33.8807417000,150.8197869000
25thAv-Cabramatta-ElizabethDrive,"227","0","227",0.12895457951738,279.25936538789927,-33.8807127000,150.8195052000
25thAv-Cabramatta-ElizabethDrive,"228","0","228",0.12933110643544,285.20359953214870,-33.8806303000,150.8191378000
25thAv-Cabramatta-ElizabethDrive,"229","0","229",0.12961557269001,290.20404698612668,-33.8805435000,150.8188669000
25thAv-Cabramatta-ElizabethDrive,"230","0","230",0.13023458042825,293.04314325603679,-33.8803052000,150.8182956000
25thAv-Cabramatta-ElizabethDrive,"231","0","231",0.13095091613168,292.35761911510826,-33.8800202000,150.8176384000
25thAv-Cabramatta-ElizabethDrive,"232","0","232",0.13146031885055,288.93981718305548,-33.8798354000,150.8171637000
25thAv-Cabramatta-ElizabethDrive,"233","0","233",0.13178778090943,285.44672568318128,-33.8797418000,150.8168499000
25thAv-Cabramatta-ElizabethDrive,"234","0","234",0.13206742711449,282.23538413377344,-33.8796728000,150.8165789000
25thAv-Cabramatta-ElizabethDrive,"235","0","235",0.13253337101669,278.68813322675499,-33.8795904000,150.8161203000
25thAv-Cabramatta-ElizabethDrive,"236","0","236",0.13287132867675,275.59452137538790,-33.8795481000,150.8157850000
25thAv-Cabramatta-ElizabethDrive,"237","0","237",0.13325706777252,271.80698608538796,-33.8795212000,150.8154002000
25thAv-Cabramatta-ElizabethDrive,"238","0","238",0.13359947549731,269.63640884467623,-33.8795235000,150.8150578000
25thAv-Cabramatta-ElizabethDrive,"239","0","239",0.13373337788714,268.33337903075648,-33.8795243000,150.8149239000
25thAv-Cabramatta-ElizabethDrive,"240","0","240",0.13395377811400,266.07784359191095,-33.8795358000,150.8147038000
25thAv-Cabramatta-ElizabethDrive,"241","0","241",0.13413934346637,261.24893390529928,-33.8795515000,150.8145189000
25thAv-Cabramatta-ElizabethDrive,"242","0","242",0.13440878253183,259.17016542087532,-33.8796105000,150.8142560000
25thAv-Cabramatta-ElizabethDrive,"243","0","243",0.13457989430816,260.71564078584566,-33.8796373000,150.8140870000
25thAv-Cabramatta-ElizabethDrive,"244","0","244",0.13512252679890,259.95418718618629,-33.8797274000,150.8135519000
25thAv-Cabramatta-ElizabethDrive,"245","0","245",0.13737397007155,259.37833485185240,-33.8801390000,150.8113384000
25thAv-Cabramatta-ElizabethDrive,"246","0","246",0.13871767471916,258.86286579274548,-33.8803887000,150.8100181000
25thAv-Cabramatta-ElizabethDrive,"247","0","247",0.13929530128537,258.97749586933395,-33.8805045000,150.8094522000
25thAv-Cabramatta-ElizabethDrive,"248","0","248",0.13987090365683,259.89609105278618,-33.8806092000,150.8088862000
25thAv-Cabramatta-ElizabethDrive,"249","0","249",0.14006621174677,263.00389012524829,-33.8806422000,150.8086937000
25thAv-Cabramatta-ElizabethDrive,"250","0","250",0.14017110216577,266.98391322530108,-33.8806500000,150.8085891000
25thAv-Cabramatta-ElizabethDrive,"251","0","251",0.14029105924144,269.59049330641432,-33.8806537000,150.8084692000
25thAv-Cabramatta-ElizabethDrive,"252","0","252",0.14038167165780,268.43361925289628,-33.8806522000,150.8083786000
25thAv-Cabramatta-ElizabethDrive,"253","0","253",0.14047581038522,261.98047360097939,-33.8806589000,150.8082847000
25thAv-Cabramatta-ElizabethDrive,"254","0","254",0.14053131479944,254.99252385192494,-33.8806704000,150.8082304000
25thAv-Cabramatta-ElizabethDrive,"255","0","255",0.14060325817997,252.47363691538732,-33.8806927000,150.8081620000
25thAv-Cabramatta-ElizabethDrive,"256","0","256",0.14076439545061,244.23743233160124,-33.8807398000,150.8080079000
25thAv-Cabramatta-ElizabethDrive,"257","0","257",0.14083443386866,244.05819311293365,-33.8807795000,150.8079502000
25thAv-Cabramatta-ElizabethDrive,"258","0","258",0.14089478086527,260.87187707279298,-33.8807975000,150.8078926000
25thAv-Cabramatta-ElizabethDrive,"259","0","259",0.14097099031350,275.63362635394498,-33.8807987000,150.8078164000
25thAv-Cabramatta-ElizabethDrive,"260","0","260",0.14113702130459,284.67208153773714,-33.8807637000,150.8076541000
25thAv-Cabramatta-ElizabethDrive,"261","0","261",0.14121897574316,284.56837029029640,-33.8807395000,150.8075758000
25thAv-Cabramatta-ElizabethDrive,"262","0","262",0.14132753305522,280.14974793047924,-33.8807170000,150.8074696000
25thAv-Cabramatta-ElizabethDrive,"263","0","263",0.14146821994156,276.03876408006028,-33.8806966000,150.8073304000
25thAv-Cabramatta-ElizabethDrive,"264","0","264",0.14159699420145,270.78894309403643,-33.8806882000,150.8072019000
25thAv-Cabramatta-ElizabethDrive,"265","0","265",0.14265985092743,268.15616726155190,-33.8807283000,150.8061398000
25thAv-Cabramatta-ElizabethDrive,"266","0","266",0.14577765590692,269.48992064377410,-33.8808113000,150.8030231000
25thAv-Cabramatta-ElizabethDrive,"267","0","267",0.14902058202385,269.86328980203098,-33.8807827000,150.7997803000
25thAv-Cabramatta-ElizabethDrive,"268","0","268",0.14927810580916,268.47488423578403,-33.8807862000,150.7995228000
25thAv-Cabramatta-ElizabethDrive,"269","0","269",0.14961366948421,267.13507550969052,-33.8807995000,150.7991875000
25thAv-Cabramatta-ElizabethDrive,"270","0","270",0.14994687628184,266.62219611638074,-33.8808196000,150.7988549000
25thAv-Cabramatta-ElizabethDrive,"271","0","271",0.15049628579214,266.66555272932959,-33.8808512000,150.7983064000
25thAv-Cabramatta-ElizabethDrive,"272","0","272",0.15075643609486,266.54409497631849,-33.8808665000,150.7980467000
25thAv-Cabramatta-ElizabethDrive,"273","0","273",0.15104308309030,267.85700186431842,-33.8808842000,150.7977606000
25thAv-Cabramatta-ElizabethDrive,"274","0","274",0.15138111172814,269.92262628147296,-33.8808886000,150.7974226000
25thAv-Cabramatta-ElizabethDrive,"275","0","275",0.15180763442390,271.45409434106614,-33.8808842000,150.7969961000
25thAv-Cabramatta-ElizabethDrive,"276","0","276",0.15489195628291,273.21887867154527,-33.8807595000,150.7939143000
25thAv-Cabramatta-ElizabethDrive,"277","0","277",0.15517167937813,275.83228125993685,-33.8807394000,150.7936353000
25thAv-Cabramatta-ElizabethDrive,"278","0","278",0.15535829462404,278.21025307051144,-33.8807149000,150.7934503000
25thAv-Cabramatta-ElizabethDrive,"279","0","279",0.15557539483132,280.83229776843928,-33.8806814000,150.7932358000
25thAv-Cabramatta-ElizabethDrive,"280","0","280",0.15605970788089,282.78801060408597,-33.8805742000,150.7927635000
20thAv-BadgerysCreek-Aerotropolis,"0","0","0",0.00000000000000,189.86462915864843,-33.8985530061,150.7586211926
20thAv-BadgerysCreek-Aerotropolis,"1","0","1",0.00014135137837,189.86462915936266,-33.8986922676,150.7585969761
20thAv-BadgerysCreek-Aerotropolis,"2","0","2",0.00033290009804,189.86462916462492,-33.8988809844,150.7585641598
20thAv-BadgerysCreek-Aerotropolis,"3","0","3",0.00047481663058,189.86462916236925,-33.8990208027,150.7585398465
20thAv-BadgerysCreek-Aerotropolis,"4","0","4",0.00066062141600,189.86462916037289,-33.8992038604,150.7585080143
20thAv-BadgerysCreek-Aerotropolis,"5","0","5",0.00089810782430,189.86462916066498,-33.8994378356,150.7584673279
20thAv-BadgerysCreek-Aerotropolis,"6","0","6",0.00116594518124,189.86462916008338,-33.8997017131,150.7584214417
20thAv-BadgerysCreek-Aerotropolis,"7","0","7",0.00135823006659,189.86480878235292,-33.8998911551,150.7583884993
20thAv-BadgerysCreek-Aerotropolis,"8","0","8",0.00271646059591,233.38041090351538,-33.9012293031,150.7581557976
20thAv-BadgerysCreek-Aerotropolis,"9","0","9",0.00837404626991,276.89659567591599,-33.9005500271,150.7525391385
20thAv-BadgerysCreek-Aerotropolis,"10","0","10",0.00918226686014,276.89754851038668,-33.9004529670,150.7517367671
20thAv-BadgerysCreek-Aerotropolis,"11","0","11",0.00999048596625,276.89792964097643,-33.9003559018,150.7509343978
20thAv-BadgerysCreek-Aerotropolis,"12","0","12",0.01079870358807,276.89831076990123,-33.9002588314,150.7501320307
20thAv-BadgerysCreek-Aerotropolis,"13","0","13",0.01160691972538,276.89869189654036,-33.9001617559,150.7493296656
20thAv-BadgerysCreek-Aerotropolis,"14","0","14",0.01241513437803,276.89907302316038,-33.9000646752,150.7485273027
20thAv-BadgerysCreek-Aerotropolis,"15","0","15",0.01322334754592,233.38567008744238,-33.8999675893,150.7477249419
20thAv-BadgerysCreek-Aerotropolis,"16","0","16",0.01458157994564,189.87225645319481,-33.9013057104,150.7474920743
20thAv-BadgerysCreek-Aerotropolis,"17","0","17",0.01593981280904,189.87261619915463,-33.9026438304,150.7472591983
20thAv-BadgerysCreek-Aerotropolis,"18","0","18",0.01729804613628,174.25940253718045,-33.9039819495,150.7470263138
20thAv-BadgerysCreek-Aerotropolis,"19","0","19",0.01765158974894,174.92488830977922,-33.9043112218,150.7471550492
20thAv-BadgerysCreek-Aerotropolis,"20","0","20",0.01862627672513,191.20390023105287,-33.9052673335,150.7469656687
20thAv-BadgerysCreek-Aerotropolis,"21","0","21",0.01946496114976,191.20415310900472,-33.9060900339,150.7468027094
20thAv-BadgerysCreek-Aerotropolis,"22","0","22",0.02027090438667,191.20437400974419,-33.9068806164,150.7466461086
20thAv-BadgerysCreek-Aerotropolis,"23","0","23",0.02084091186016,191.20461371589170,-33.9074397595,150.7465353499
20thAv-BadgerysCreek-Aerotropolis,"24","0","24",0.02217247773344,191.20495058273198,-33.9087459444,150.7462766057
20thAv-BadgerysCreek-Aerotropolis,"25","0","25",0.02354505126797,191.20534917745789,-33.9100923536,150.7460098838
20thAv-BadgerysCreek-Aerotropolis,"26","0","26",0.02491762550275,191.20574780941644,-33.9114387615,150.7457431523
20thAv-BadgerysCreek-Aerotropolis,"27","0","27",0.02624919339360,191.20608475357577,-33.9127449430,150.7454843806
20thAv-BadgerysCreek-Aerotropolis,"28","0","28",0.02681920213363,191.20632454672639,-33.9133040840,150.7453736045
20thAv-BadgerysCreek-Aerotropolis,"29","0","29",0.02762514757344,191.20654555681574,-33.9140946628,150.7452169736
20thAv-BadgerysCreek-Aerotropolis,"30","0","30",0.02846383480321,191.20679858296302,-33.9149173584,150.7450539760
20thAv-BadgerysCreek-Aerotropolis,"31","0","31",0.02943852569616,234.52225026371380,-33.9158734636,150.7448645419
20thAv-BadgerysCreek-Aerotropolis,"32","0","32",0.03159281993604,277.83960040133962,-33.9155796928,150.7427303717
20thAv-BadgerysCreek-Aerotropolis,"33","0","33",0.03428591437034,277.83892833534213,-33.9152122594,150.7400624605
20thAv-BadgerysCreek-Aerotropolis,"34","0","34",0.03643993959518,234.51999637357795,-33.9149185754,150.7379285499
20thAv-BadgerysCreek-Aerotropolis,"35","0","35",0.03741462657135,191.20390023098599,-33.9158746871,150.7377391693
20thAv-BadgerysCreek-Aerotropolis,"36","0","36",0.03825331099601,191.20415310915962,-33.9166973875,150.7375762101
20thAv-BadgerysCreek-Aerotropolis,"37","0","37",0.03905925423287,191.20437400987959,-33.9174879700,150.7374196093
20thAv-BadgerysCreek-Aerotropolis,"38","0","38",0.03962926170638,191.20461371559443,-33.9180471131,150.7373088506
20thAv-BadgerysCreek-Aerotropolis,"39","0","39",0.04096082757968,191.20495058261403,-33.9193532980,150.7370501064
20thAv-BadgerysCreek-Aerotropolis,"40","0","40",0.04233340111422,191.20514837157876,-33.9206997072,150.7367833845
20thAv-Aerotropolis-BadgerysCreek,"0","0","0",0.00000000000000,11.20514837157875,-33.9206997072,150.7367833845
20thAv-Aerotropolis-BadgerysCreek,"1","0","1",0.00137257353454,11.20495058261403,-33.9193532980,150.7370501064
20thAv-Aerotropolis-BadgerysCreek,"2","0","2",0.00270413940784,11.20461371559441,-33.9180471131,150.7373088506
20thAv-Aerotropolis-BadgerysCreek,"3","0","3",0.00327414688135,11.20437400987959,-33.9174879700,150.7374196093
20thAv-Aerotropolis-BadgerysCreek,"4","0","4",0.00408009011821,11.20415310915959,-33.9166973875,150.7375762101
20thAv-Aerotropolis-BadgerysCreek,"5","0","5",0.00491877454287,11.20390023098599,-33.9158746871,150.7377391693
20thAv-Aerotropolis-BadgerysCreek,"6","0","6",0.00589346151904,54.51999637357795,-33.9149185754,150.7379285499
20thAv-Aerotropolis-BadgerysCreek,"7","0","7",0.00804748674388,97.83892833534217,-33.9152122594,150.7400624605
20thAv-Aerotropolis-BadgerysCreek,"8","0","8",0.01074058117818,97.83960040133960,-33.9155796928,150.7427303717
20thAv-Aerotropolis-BadgerysCreek,"9","0","9",0.01289487541806,54.52225026371379,-33.9158734636,150.7448645419
20thAv-Aerotropolis-BadgerysCreek,"10","0","10",0.01386956631101,11.20679858296302,-33.9149173584,150.7450539760
20thAv-Aerotropolis-BadgerysCreek,"11","0","11",0.01470825354078,11.20654555681572,-33.9140946628,150.7452169736
20thAv-Aerotropolis-BadgerysCreek,"12","0","12",0.01551419898059,11.20632454672636,-33.9133040840,150.7453736045
20thAv-Aerotropolis-BadgerysCreek,"13","0","13",0.01608420772062,11.20608475357574,-33.9127449430,150.7454843806
20thAv-Aerotropolis-BadgerysCreek,"14","0","14",0.01741577561147,11.20574780941641,-33.9114387615,150.7457431523
20thAv-Aerotropolis-BadgerysCreek,"15","0","15",0.01878834984625,11.20534917745790,-33.9100923536,150.7460098838
20thAv-Aerotropolis-BadgerysCreek,"16","0","16",0.02016092338078,11.20495058273196,-33.9087459444,150.7462766057
20thAv-Aerotropolis-BadgerysCreek,"17","0","17",0.02149248925407,11.20461371589173,-33.9074397595,150.7465353499
20thAv-Aerotropolis-BadgerysCreek,"18","0","18",0.02206249672755,11.20437400974418,-33.9068806164,150.7466461086
20thAv-Aerotropolis-BadgerysCreek,"19","0","19",0.02286843996446,11.20415310900472,-33.9060900339,150.7468027094
20thAv-Aerotropolis-BadgerysCreek,"20","0","20",0.02370712438909,11.20390023105290,-33.9052673335,150.7469656687
20thAv-Aerotropolis-BadgerysCreek,"21","0","21",0.02468181136528,354.92488830977925,-33.9043112218,150.7471550492
20thAv-Aerotropolis-BadgerysCreek,"22","0","22",0.02503535497794,354.25940253718045,-33.9039819495,150.7470263138
20thAv-Aerotropolis-BadgerysCreek,"23","0","23",0.02639358830518,9.87261619915463,-33.9026438304,150.7472591983
20thAv-Aerotropolis-BadgerysCreek,"24","0","24",0.02775182116858,9.87225645319484,-33.9013057104,150.7474920743
20thAv-Aerotropolis-BadgerysCreek,"25","0","25",0.02911005356830,53.38567008744234,-33.8999675893,150.7477249419
20thAv-Aerotropolis-BadgerysCreek,"26","0","26",0.02991826673619,96.89907302316041,-33.9000646752,150.7485273027
20thAv-Aerotropolis-BadgerysCreek,"27","0","27",0.03072648138884,96.89869189654037,-33.9001617559,150.7493296656
20thAv-Aerotropolis-BadgerysCreek,"28","0","28",0.03153469752615,96.89831076990122,-33.9002588314,150.7501320307
20thAv-Aerotropolis-BadgerysCreek,"29","0","29",0.03234291514797,96.89792964097641,-33.9003559018,150.7509343978
20thAv-Aerotropolis-BadgerysCreek,"30","0","30",0.03315113425408,96.89754851038668,-33.9004529670,150.7517367671
20thAv-Aerotropolis-BadgerysCreek,"31","0","31",0.03395935484432,96.89659567591600,-33.9005500271,150.7525391385
20thAv-Aerotropolis-BadgerysCreek,"32","0","32",0.03961694051831,53.38041090351535,-33.9012293031,150.7581557976
20thAv-Aerotropolis-BadgerysCreek,"33","0","33",0.04097517104763,9.86480878235293,-33.8998911551,150.7583884993
20thAv-Aerotropolis-BadgerysCreek,"34","0","34",0.04116745593298,9.86462916008337,-33.8997017131,150.7584214417
20thAv-Aerotropolis-BadgerysCreek,"35","0","35",0.04143529328992,9.86462916066501,-33.8994378356,150.7584673279
20thAv-Aerotropolis-BadgerysCreek,"36","0","36",0.04167277969823,9.86462916037290,-33.8992038604,150.7585080143
20thAv-Aerotropolis-BadgerysCreek,"37","0","37",0.04185858448365,9.86462916236924,-33.8990208027,150.7585398465
20thAv-Aerotropolis-BadgerysCreek,"38","0","38",0.04200050101618,9.86462916462492,-33.8988809844,150.7585641598
20thAv-Aerotropolis-BadgerysCreek,"39","0","39",0.04219204973585,9.86462915936266,-33.8986922676,150.7585969761
20thAv-Aerotropolis-BadgerysCreek,"40","0","40",0.04233340111422,9.86462915864841,-33.8985530061,150.7586211926
E-Tway-BadgerysCreek-BusinessPark,"0","0","0",0.00000000000000,9.86426994934141,-33.8985530061,150.7586211926
E-Tway-BadgerysCreek-BusinessPark,"1","0","1",0.00135822960402,9.86409036108808,-33.8972148561,150.7588538773
E-Tway-BadgerysCreek-BusinessPark,"2","0","2",0.00271645874552,9.86373119786344,-33.8958767051,150.7590865536
E-Tway-BadgerysCreek-BusinessPark,"3","0","3",0.00407468742470,9.86337206577363,-33.8945385530,150.7593192214
E-Tway-BadgerysCreek-BusinessPark,"4","0","4",0.00543291564155,9.86301296656485,-33.8932004000,150.7595518808
E-Tway-BadgerysCreek-BusinessPark,"5","0","5",0.00679114339628,9.86265389728435,-33.8918622460,150.7597845317
E-Tway-BadgerysCreek-BusinessPark,"6","0","6",0.00814937068901,9.86229486042287,-33.8905240910,150.7600171741
E-Tway-BadgerysCreek-BusinessPark,"7","0","7",0.00950759751979,9.86193585536421,-33.8891859349,150.7602498081
E-Tway-BadgerysCreek-BusinessPark,"8","0","8",0.01086582388873,9.86157687992594,-33.8878477779,150.7604824336
E-Tway-BadgerysCreek-BusinessPark,"9","0","9",0.01222404979598,323.37783837356380,-33.8865096199,150.7607150506
E-Tway-BadgerysCreek-BusinessPark,"10","0","10",0.01303214595933,276.89446984049562,-33.8864126178,150.7599127975
E-Tway-BadgerysCreek-BusinessPark,"11","0","11",0.01384024064134,276.89485082902729,-33.8863156107,150.7591105465
E-Tway-BadgerysCreek-BusinessPark,"12","0","12",0.01464833384185,276.89523182052011,-33.8862185983,150.7583082977
E-Tway-BadgerysCreek-BusinessPark,"13","0","13",0.01545642556067,276.89561280910999,-33.8861215809,150.7575060509
E-Tway-BadgerysCreek-BusinessPark,"14","0","14",0.01626451579771,276.89599379479705,-33.8860245582,150.7567038063
E-Tway-BadgerysCreek-BusinessPark,"15","0","15",0.01707260455277,276.89637477955779,-33.8859275304,150.7559015638
E-Tway-BadgerysCreek-BusinessPark,"16","0","16",0.01788069182559,276.89675576391693,-33.8858304974,150.7550993234
E-Tway-BadgerysCreek-BusinessPark,"17","0","17",0.01868877761616,278.87112682357611,-33.8857334593,150.7542970851
E-Tway-BadgerysCreek-BusinessPark,"18","0","18",0.02941539203054,299.73056180488334,-33.8837151609,150.7437620613
E-Tway-BadgerysCreek-BusinessPark,"19","0","19",0.03243482456295,278.96735082727463,-33.8814497000,150.7417659000
E-Tway-BadgerysCreek-BusinessPark,"20","0","20",0.03876848049171,239.31888543511778,-33.8846815079,150.7363188260
E-Tway-BusinessPark-BadgerysCreek,"0","0","0",0.00000000000000,59.31888543511776,-33.8846815079,150.7363188260
E-Tway-BusinessPark-BadgerysCreek,"1","0","1",0.00633365592877,98.96735082727461,-33.8814497000,150.7417659000
E-Tway-BusinessPark-BadgerysCreek,"2","0","2",0.00935308846117,119.73056180488332,-33.8837151609,150.7437620613
E-Tway-BusinessPark-BadgerysCreek,"3","0","3",0.02007970287556,98.87112682357612,-33.8857334593,150.7542970851
E-Tway-BusinessPark-BadgerysCreek,"4","0","4",0.02088778866612,96.89675576391694,-33.8858304974,150.7550993234
E-Tway-BusinessPark-BadgerysCreek,"5","0","5",0.02169587593895,96.89637477955780,-33.8859275304,150.7559015638
E-Tway-BusinessPark-BadgerysCreek,"6","0","6",0.02250396469401,96.89599379479705,-33.8860245582,150.7567038063
E-Tway-BusinessPark-BadgerysCreek,"7","0","7",0.02331205493104,96.89561280910998,-33.8861215809,150.7575060509
E-Tway-BusinessPark-BadgerysCreek,"8","0","8",0.02412014664986,96.89523182052017,-33.8862185983,150.7583082977
E-Tway-BusinessPark-BadgerysCreek,"9","0","9",0.02492823985038,96.89485082902728,-33.8863156107,150.7591105465
E-Tway-BusinessPark-BadgerysCreek,"10","0","10",0.02573633453239,96.89446984049560,-33.8864126178,150.7599127975
E-Tway-BusinessPark-BadgerysCreek,"11","0","11",0.02654443069573,143.37783837356378,-33.8865096199,150.7607150506
E-Tway-BusinessPark-BadgerysCreek,"12","0","12",0.02790265660298,189.86157687992599,-33.8878477779,150.7604824336
E-Tway-BusinessPark-BadgerysCreek,"13","0","13",0.02926088297192,189.86193585536424,-33.8891859349,150.7602498081
E-Tway-BusinessPark-BadgerysCreek,"14","0","14",0.03061910980270,189.86229486042291,-33.8905240910,150.7600171741
E-Tway-BusinessPark-BadgerysCreek,"15","0","15",0.03197733709543,189.86265389728436,-33.8918622460,150.7597845317
E-Tway-BusinessPark-BadgerysCreek,"16","0","16",0.03333556485016,189.86301296656487,-33.8932004000,150.7595518808
E-Tway-BusinessPark-BadgerysCreek,"17","0","17",0.03469379306701,189.86337206577360,-33.8945385530,150.7593192214
E-Tway-BusinessPark-BadgerysCreek,"18","0","18",0.03605202174620,189.86373119786344,-33.8958767051,150.7590865536
E-Tway-BusinessPark-BadgerysCreek,"19","0","19",0.03741025088769,189.86409036108807,-33.8972148561,150.7588538773
E-Tway-BusinessPark-BadgerysCreek,"20","0","20",0.03876848049171,189.86426994934143,-33.8985530061,150.7586211926
Connection-ToCasula,"0","0","0",0.00000000000000,80.93973580750276,-33.9325444000,150.8214168000
Connection-ToCasula,"1","0","1",0.00089729532480,88.60022592733756,-33.9324031000,150.8223029000
Connection-ToCasula,"2","0","2",0.01043487785392,138.65325786046097,-33.9334432000,150.8317836000
Connection-ToCasula,"3","0","3",0.01065951527290,177.94268597522517,-33.9336678000,150.8317795000
Connection-ToCasula,"4","0","4",0.01120874141939,175.73738553035156,-33.9342148000,150.8318289000
Connection-ToCasula,"5","0","5",0.01161424046995,175.68603344141442,-33.9346196000,150.8318527000
Connection-ToCasula,"6","0","6",0.01181809995586,173.94813146474408,-33.9348226000,150.8318714000
Connection-ToCasula,"7","0","7",0.01192304703776,168.38492725215502,-33.9349268000,150.8318839000
Connection-ToCasula,"8","0","8",0.01197089115966,154.71343103205251,-33.9349727000,150.8318974000
Connection-ToCasula,"9","0","9",0.01200631008118,137.10494284201511,-33.9350020000,150.8319173000
Connection-ToCasula,"10","0","10",0.01205670789858,118.28380167386555,-33.9350333000,150.8319568000
Connection-ToCasula,"11","0","11",0.01211922677572,99.42016001602299,-33.9350528000,150.8320162000
Connection-ToCasula,"12","0","12",0.01219663200811,89.12029870630089,-33.9350537000,150.8320936000
Connection-ToCasula,"13","0","13",0.01226279128562,86.23899195973543,-33.9350509000,150.8321597000
Connection-ToCasula,"14","0","14",0.01267030232841,81.15512825966448,-33.9350147000,150.8325656000
Connection-ToCasula,"15","0","15",0.01274735607592,71.48135762888484,-33.9349979000,150.8326408000
Connection-ToCasula,"16","0","16",0.01281260452414,56.07489413761956,-33.9349709000,150.8327002000
Connection-ToCasula,"17","0","17",0.01285582546814,81.17955223586810,-33.9349412000,150.8327316000
Connection-ToCasula,"18","0","18",0.01290068536116,113.53058996604079,-33.9349607000,150.8327720000
Connection-ToCasula,"19","0","19",0.01295960878602,99.77546190434468,-33.9349821000,150.8328269000
Connection-ToCasula,"20","0","20",0.01303514381102,86.17769238248017,-33.9349798000,150.8329024000
Connection-ToCasula,"21","0","21",0.01343305140080,83.17877139838230,-33.9349389000,150.8332982000
Connection-ToCasula,"22","0","22",0.01357111008398,77.69717991113852,-33.9349203000,150.8334350000
Connection-ToCasula,"23","0","23",0.01364488216541,67.25895533654882,-33.9348989000,150.8335056000
Connection-ToCasula,"24","0","24",0.01369728455086,56.69322684489806,-33.9348738000,150.8335516000
Connection-ToCasula,"25","0","25",0.01379410319577,47.32763317006167,-33.9348142000,150.8336279000
Connection-ToCasula,"26","0","26",0.01383203603113,80.03791144276968,-33.9347863000,150.8336536000
Connection-ToCasula,"27","0","27",0.01388262160218,109.17349510648906,-33.9348096000,150.8336985000
Connection-ToCasula,"28","0","28",0.01393171060302,90.55671238286671,-33.9348189000,150.8337467000
Connection-ToCasula,"29","0","29",0.01398630849672,76.30646289791066,-33.9348096000,150.8338005000
Connection-ToCasula,"30","0","30",0.01405570571357,70.73259072404154,-33.9347886398,150.8338666562
Connection-ToCasula,"31","0","31",0.01408573565936,68.37831815529532,-33.9347779000,150.8338947000
Connection-ToCasula,"32","0","32",0.01460805979242,61.85168794806157,-33.9345798000,150.8343780000
Connection-ToCasula,"33","0","33",0.01467296071695,50.69670646382990,-33.9345435000,150.8344318000
Connection-ToCasula,"34","0","34",0.01472337867012,41.72903048846017,-33.9345081000,150.8344677000
Connection-ToCasula,"35","0","35",0.01478713233667,69.48327064008352,-33.9344579000,150.8345070000
Connection-ToCasula,"36","0","36",0.01486585526849,95.94432901150981,-33.9344728000,150.8345843000
Connection-ToCasula,"37","0","37",0.01491856295294,80.72833018838772,-33.9344737000,150.8346370000
Connection-ToCasula,"38","0","38",0.01497691747290,70.01732071127067,-33.9344542000,150.8346920000
Connection-ToCasula,"39","0","39",0.01537659035165,70.79952482277757,-33.9343146000,150.8350665000
Connection-ToCasula,"40","0","40",0.01546384062386,74.56402296798055,-33.9342877000,150.8351495000
Connection-ToCasula,"41","0","41",0.01557659278571,76.25653367978754,-33.9342625000,150.8352594000
Connection-ToCasula,"42","0","42",0.01575028014852,77.90491584356890,-33.9342188000,150.8354275000
Connection-ToCasula,"43","0","43",0.01595617419894,81.59893245235183,-33.9341844000,150.8356305000
Connection-ToCasula,"44","0","44",0.01611209834716,86.91736005771142,-33.9341649000,150.8357852000
Connection-ToCasula,"45","0","45",0.01616270635049,85.80203796449585,-33.9341658000,150.8358358000
Connection-ToCasula,"46","0","46",0.01620244159931,88.54001432499136,-33.9341593000,150.8358750000
Connection-ToCasula,"47","0","47",0.01626786147399,101.17409807036768,-33.9341667000,150.8359400000
Connection-ToCasula,"48","0","48",0.01631911076665,106.40863503149617,-33.9341807000,150.8359893000
Connection-ToCasula,"49","0","49",0.01644969261837,166.95668056919786,-33.9342188000,150.8361142000
Connection-ToCasula,"50","0","50",0.01649334636965,219.54112140800282,-33.9342486000,150.8360823000
Connection-ToCasula,"51","0","51",0.01655050159690,200.18398906159027,-33.9342970000,150.8360519000
Connection-ToCasula,"52","0","52",0.01682836674401,190.61434133873462,-33.9345720000,150.8360121000
Connection-ToCasula,"53","0","53",0.01725088525249,203.89624000423058,-33.9349837000,150.8359171000
Connection-ToCasula,"54","0","54",0.01730678176403,214.83445997113725,-33.9350296000,150.8358852000
Connection-ToCasula,"55","0","55",0.01752227301675,217.72854911032590,-33.9352064000,150.8357620000
Connection-ToCasula,"56","0","56",0.01769688034764,166.64395881174477,-33.9353390000,150.8356484000
Connection-ToCasula,"57","0","57",0.01772408806714,119.39006573898200,-33.9353495000,150.8356735000
Connection-ToCasula,"58","0","58",0.01776467193092,133.40305951401209,-33.9353734000,150.8357063000
Connection-ToCasula,"59","0","59",0.01778947374539,147.22389796988776,-33.9353926000,150.8357220000
Connection-ToCasula,"60","0","60",0.01781635161733,161.72497247343935,-33.9354167000,150.8357339000
Connection-ToCasula,"61","0","61",0.01784663692727,135.56110372479824,-33.9354465000,150.8357393000
Connection-ToCasula,"62","0","62",0.01819744984036,103.82702689037198,-33.9355158000,150.8360832000
Connection-ToCasula,"63","0","63",0.01855672184039,114.38211264777239,-33.9356164000,150.8364281000
Connection-ToCasula,"64","0","64",0.01897991017908,120.87170468419190,-33.9358438000,150.8367850000
Connection-ToCasula,"65","0","65",0.01945711513506,115.32354136948085,-33.9360769000,150.8372014000
Connection-ToCasula,"66","0","66",0.01961629694935,104.45788279052194,-33.9361350000,150.8373496000
Connection-ToCasula,"67","0","67",0.02019788405374,88.57687019999754,-33.9362110000,150.8379262000
Connection-ToCasula,"68","0","68",0.02065797757683,80.95628025948476,-33.9361283000,150.8383788000
Connection-ToCasula,"69","0","69",0.02115519875500,85.01721178450927,-33.9360614000,150.8388715000
Connection-ToCasula,"70","0","70",0.02173263727986,92.66505518238482,-33.9360389000,150.8394485000
Connection-ToCasula,"71","0","71",0.02223863937472,65.89588114079334,-33.9361055000,150.8399501000
Connection-ToCasula,"72","0","72",0.02228290640535,43.60090853643258,-33.9360689000,150.8399750000
Connection-ToCasula,"73","0","73",0.02232674656957,61.46322186938986,-33.9360425000,150.8400100000
Connection-ToCasula,"74","0","74",0.02237283919371,77.85615319595590,-33.9360267000,150.8400533000
Connection-ToCasula,"75","0","75",0.02242016878277,93.53453316028866,-33.9360232000,150.8401005000
Connection-ToCasula,"76","0","76",0.02244158466473,101.28798004848120,-33.9360274000,150.8401215000
Connection-ToCasula,"77","0","77",0.02246717782786,109.48275025036486,-33.9360324000,150.8401466000
Connection-ToCasula,"78","0","78",0.02251235525588,123.71530726245777,-33.9360534000,150.8401866000
Connection-ToCasula,"79","0","79",0.02256163669254,112.32734480055838,-33.9360849000,150.8402245000
Connection-ToCasula,"80","0","80",0.02294846404420,89.35868403874171,-33.9361181000,150.8406099000
Connection-ToCasula,"81","0","81",0.02340172043963,76.21390030630623,-33.9360691000,150.8410605000
Connection-ToCasula,"82","0","82",0.02380493236900,63.91190841673517,-33.9359222000,150.8414360000
Connection-ToCasula,"83","0","83",0.02416319420062,59.94715432629962,-33.9357387000,150.8417437000
Connection-ToCasula,"84","0","84",0.02433874595940,67.72327885434204,-33.9356528000,150.8418968000
Connection-ToCasula,"85","0","85",0.02451848145949,78.15959001874424,-33.9356055000,150.8420702000
Connection-ToCasula,"86","0","86",0.02467345300526,82.38854386136546,-33.9355828000,150.8422235000
Connection-ToCasula,"87","0","87",0.02483307587330,89.05397647388044,-33.9355639000,150.8423820000
Connection-ToCasula,"88","0","88",0.02518255727483,96.97702518712148,-33.9355938000,150.8427302000
Connection-ToCasula,"89","0","89",0.02547448825982,99.00935858081603,-33.9356397000,150.8430185000
Connection-ToCasula,"90","0","90",0.02557643579533,99.02587200071127,-33.9356556000,150.8431192000
Connection-ToCasula,"91","0","91",0.02573866834448,98.93395155801454,-33.9356812000,150.8432794000
Connection-ToCasula,"92","0","92",0.02587152834598,98.36031123323021,-33.9357015000,150.8434107000
Connection-ToCasula,"93","0","93",0.02688098588844,98.08434235646820,-33.9358408000,150.8444105000
Connection-ToCasula,"94","0","94",0.02700243875995,97.22361230251025,-33.9358582000,150.8445307000
Connection-ToCasula,"95","0","95",0.02705605340347,97.06823982494916,-33.9358640000,150.8445840000
Connection-ToCasula,"96","0","96",0.02906191592372,97.94593877902525,-33.9361406000,150.8465707000
Connection-ToCasula,"97","0","97",0.02909150139309,89.70530443214838,-33.9361447000,150.8466000000
Connection-ToCasula,"98","0","98",0.02921922253465,78.24364307695809,-33.9361257000,150.8467263000
Connection-ToCasula,"99","0","99",0.02937458668754,74.76690683149840,-33.9360856000,150.8468764000
Connection-ToCasula,"100","0","100",0.02941423009806,79.82247847665062,-33.9360750000,150.8469146000
Connection-ToCasula,"101","0","101",0.02945447397959,91.14654554828041,-33.9360716000,150.8469547000
Connection-ToCasula,"102","0","102",0.02950355452564,103.80588774489253,-33.9360777000,150.8470034000
Connection-ToCasula,"103","0","103",0.02955158826379,117.63502140796099,-33.9360945000,150.8470484000
Connection-ToCasula,"104","0","104",0.02959749828448,132.68048605382248,-33.9361207000,150.8470861000
Connection-ToCasula,"105","0","105",0.02964126219654,120.29943657488084,-33.9361545000,150.8471139000
Connection-ToCasula,"106","0","106",0.03008484931312,96.80782861109920,-33.9362318000,150.8475507000
Connection-ToCasula,"107","0","107",0.03047561184972,93.48268776490779,-33.9362562000,150.8479407000
Connection-ToCasula,"108","0","108",0.03182697007020,93.25513957847234,-33.9363360000,150.8492897000
Connection-ToCasula,"109","0","109",0.03205260557269,93.65547786776754,-33.9363483000,150.8495150000
Connection-ToCasula,"110","0","110",0.03241838136467,97.09646814162005,-33.9363750000,150.8498798000
Connection-ToCasula,"111","0","111",0.03271936018452,102.38384720097771,-33.9364273000,150.8501762000
Connection-ToCasula,"112","0","112",0.03298978477659,106.91180169452596,-33.9364962000,150.8504377000
Connection-ToCasula,"113","0","113",0.03326106124074,111.48946389562016,-33.9365848000,150.8506941000
Connection-ToCasula,"114","0","114",0.03370038136321,116.36392424960616,-33.9367629000,150.8510957000
Connection-ToCasula,"115","0","115",0.03397531600998,123.89603271401779,-33.9368954000,150.8513366000
Connection-ToCasula,"116","0","116",0.03411489068536,120.49707428817725,-33.9369832000,150.8514451000
Connection-ToCasula,"117","0","117",0.03452067492605,100.40765410444808,-33.9371353000,150.8518213000
Connection-ToCasula,"118","0","118",0.03456848538513,93.36339715458060,-33.9371343000,150.8518691000
Connection-ToCasula,"119","0","119",0.03461200101452,103.41063178753296,-33.9371403000,150.8519122000
Connection-ToCasula,"120","0","120",0.03465523074967,114.28660168233087,-33.9371543000,150.8519531000
Connection-ToCasula,"121","0","121",0.03469724134356,125.48485643908239,-33.9371751000,150.8519896000
Connection-ToCasula,"122","0","122",0.03473770181814,137.49157392718774,-33.9372018000,150.8520200000
Connection-ToCasula,"123","0","123",0.03477654367697,149.77012807343760,-33.9372331000,150.8520430000
Connection-ToCasula,"124","0","124",0.03481369539295,164.24861301295977,-33.9372670000,150.8520582000
Connection-ToCasula,"125","0","125",0.03485120379202,179.37324792494144,-33.9373042000,150.8520630000
Connection-ToCasula,"126","0","126",0.03488791155685,193.67469033740031,-33.9373407000,150.8520591000
Connection-ToCasula,"127","0","127",0.03492846929348,179.39254206715685,-33.9373785000,150.8520444000
Connection-ToCasula,"128","0","128",0.03522810884360,146.85362398367829,-33.9376554000,150.8521589000
Connection-ToCasula,"129","0","129",0.03607115669511,132.91228026968619,-33.9382636000,150.8527427000
Connection-ToCasula,"130","0","130",0.03680628308563,126.46285975278649,-33.9387327000,150.8533087000
Connection-ToCasula,"131","0","131",0.03737131561565,126.21971052670983,-33.9390427000,150.8537811000
Connection-ToCasula,"132","0","132",0.03806483222682,128.87237206157027,-33.9394807000,150.8543188000
Connection-ToCasula,"133","0","133",0.03818686652531,128.57141291095974,-33.9395568000,150.8544142000
Connection-ToCasula,"134","0","134",0.03856849326701,126.74427131778111,-33.9397947000,150.8547126000
Connection-ToCasula,"135","0","135",0.03897390684599,125.35088558249846,-33.9400268000,150.8550450000
Connection-ToCasula,"136","0","136",0.03930522712910,125.84751554095101,-33.9402205000,150.8553138000
Connection-ToCasula,"137","0","137",0.03960984915717,122.57406459744570,-33.9403992000,150.8555605000
Connection-ToCasula,"138","0","138",0.03985415783488,117.39081699093857,-33.9405185000,150.8557737000
Connection-ToCasula,"139","0","139",0.04001598502666,114.40850081714531,-33.9405883000,150.8559197000
Connection-ToCasula,"140","0","140",0.04033143581523,106.16585483040186,-33.9407129000,150.8562095000
Connection-ToCasula,"141","0","141",0.04144707398686,98.17542817989489,-33.9408887000,150.8573112000
Connection-ToCasula,"142","0","142",0.04196838159278,97.28138997556799,-33.9409548000,150.8578283000
Connection-ToCasula,"143","0","143",0.04252486542004,97.50871565660040,-33.9410253000,150.8583803000
Connection-ToCasula,"144","0","144",0.04477788734849,97.63988450168083,-33.9413287000,150.8606128000
Connection-ToCasula,"145","0","145",0.05141972519051,97.52996730753991,-33.9422003000,150.8671972000
Connection-ToCasula,"146","0","146",0.05161076801295,97.95612882347662,-33.9422253000,150.8673866000
Connection-ToCasula,"147","0","147",0.05173408873303,98.38680707614058,-33.9422433000,150.8675086000
Connection-ToCasula,"148","0","148",0.05273649289302,98.13440001229129,-33.9423894000,150.8685003000
Connection-ToCasula,"149","0","149",0.05617866283653,100.80408851506859,-33.9428618000,150.8719099000
Connection-ToCasula,"150","0","150",0.05632370134868,66.01041082470449,-33.9428962000,150.8720508000
Connection-ToCasula,"151","0","151",0.05633698968946,35.02029750029900,-33.9428845000,150.8720571000
Connection-ToCasula,"152","0","152",0.05635937048481,49.70826403073615,-33.9428678000,150.8720720000
Connection-ToCasula,"153","0","153",0.05638611464302,65.95171280114650,-33.9428535000,150.8720946000
Connection-ToCasula,"154","0","154",0.05641811979887,81.24174516483339,-33.9428448000,150.8721254000
Connection-ToCasula,"155","0","155",0.05644113044855,94.80344675677335,-33.9428441000,150.8721484000
Connection-ToCasula,"156","0","156",0.05646907700471,107.94129118450846,-33.9428496000,150.8721758000
Connection-ToCasula,"157","0","157",0.05649051202275,122.21880741226481,-33.9428585000,150.8721953000
Connection-ToCasula,"158","0","158",0.05651997335336,138.40819396935504,-33.9428774000,150.8722179000
Connection-ToCasula,"159","0","159",0.05653847362363,155.36838426174660,-33.9428929000,150.8722280000
Connection-ToCasula,"160","0","160",0.05656252565056,128.72114975759010,-33.9429160000,150.8722347000
Connection-ToCasula,"161","0","161",0.05673056031959,95.81986066863769,-33.9429266000,150.8724024000
Connection-ToCasula,"162","0","162",0.05886353751122,98.13807879036671,-33.9432243000,150.8745145000
Connection-ToCasula,"163","0","163",0.05998929653072,98.07335399992633,-33.9433859000,150.8756286000
Connection-ToCasula,"164","0","164",0.06035920138335,97.90071857501124,-33.9434367000,150.8759950000
Connection-ToCasula,"165","0","165",0.06166755879202,97.95062542648353,-33.9436167055,150.8772909156
Connection-ToCasula,"166","0","166",0.06231391700037,97.99333902276014,-33.9437065868,150.8779309939
Connection-ToCasula,"167","0","167",0.06310864448177,98.17665644027052,-33.9438171000,150.8787180000
Connection-ToCasula,"168","0","168",0.06454682639654,97.58758571927204,-33.9440262000,150.8801409000
Connection-ToCasula,"169","0","169",0.06518221601717,96.15604504200209,-33.9441016000,150.8807718000
Connection-ToCasula,"170","0","170",0.06592653886380,96.63351237668589,-33.9441729000,150.8815127000
Connection-ToCasula,"171","0","171",0.06655006378711,55.87374501419920,-33.9442572000,150.8821305000
Connection-ToCasula,"172","0","172",0.06657366251593,23.00405217740348,-33.9442343000,150.8821362000
Connection-ToCasula,"173","0","173",0.06659760787039,38.18798310114078,-33.9442140000,150.8821489000
Connection-ToCasula,"174","0","174",0.06662235822395,50.05004864425591,-33.9441963000,150.8821662000
Connection-ToCasula,"175","0","175",0.06664812525711,61.13674348751675,-33.9441818000,150.8821875000
Connection-ToCasula,"176","0","176",0.06667472826446,71.54838714001286,-33.9441712000,150.8822119000
Connection-ToCasula,"177","0","177",0.06670186956143,81.52037275491854,-33.9441649000,150.8822383000
Connection-ToCasula,"178","0","178",0.06672942205677,91.15929707558951,-33.9441632000,150.8822658000
Connection-ToCasula,"179","0","179",0.06675686527086,100.87159105256171,-33.9441660000,150.8822931000
Connection-ToCasula,"180","0","180",0.06678389784380,110.83834482784141,-33.9441734000,150.8823191000
Connection-ToCasula,"181","0","181",0.06681033058865,121.32970940283550,-33.9441849000,150.8823429000
Connection-ToCasula,"182","0","182",0.06683583058867,132.66657080043504,-33.9442002000,150.8823633000
Connection-ToCasula,"183","0","183",0.06686041208576,144.59878173574955,-33.9442186000,150.8823796000
Connection-ToCasula,"184","0","184",0.06688414076040,157.56518617812196,-33.9442393000,150.8823912000
Connection-ToCasula,"185","0","185",0.06690719027231,171.19324950242427,-33.9442615000,150.8823974000
Connection-ToCasula,"186","0","186",0.06693000430310,137.95838373809897,-33.9442843000,150.8823982000
Connection-ToCasula,"187","0","187",0.07143908306043,97.76986569670461,-33.9449061000,150.8868642000
Connection-ToCasula,"188","0","188",0.07218556361612,97.61951253600687,-33.9450050000,150.8876041000
Connection-ToCasula,"189","0","189",0.07240560963402,94.86940201704783,-33.9450342000,150.8878222000
Connection-ToCasula,"190","0","190",0.07264697377801,54.54434425088919,-33.9450431000,150.8880634000
Connection-ToCasula,"191","0","191",0.07266683932607,26.68979403560357,-33.9450241000,150.8880692000
Connection-ToCasula,"192","0","192",0.07269144013906,44.70916252339740,-33.9450043000,150.8880838000
Connection-ToCasula,"193","0","193",0.07271122017951,60.35401566231536,-33.9449924000,150.8880996000
Connection-ToCasula,"194","0","194",0.07273651286621,74.33936875293634,-33.9449828000,150.8881230000
Connection-ToCasula,"195","0","195",0.07275757301814,86.76892034983892,-33.9449795000,150.8881438000
Connection-ToCasula,"196","0","196",0.07278900421285,103.64199095911376,-33.9449809000,150.8881752000
Connection-ToCasula,"197","0","197",0.07280717039019,118.00199364900195,-33.9449885000,150.8881917000
Connection-ToCasula,"198","0","198",0.07282624131047,127.58770870759108,-33.9449984000,150.8882080000
Connection-ToCasula,"199","0","199",0.07284470018369,141.85324701700600,-33.9450112000,150.8882213000
Connection-ToCasula,"200","0","200",0.07286517895316,159.05730545231447,-33.9450289000,150.8882316000
Connection-ToCasula,"201","0","201",0.07288590888324,177.04651160634052,-33.9450492000,150.8882358000
Connection-ToCasula,"202","0","202",0.07290178968926,192.74518555243336,-33.9450650000,150.8882342000
Connection-ToCasula,"203","0","203",0.07291602345194,151.37135729304737,-33.9450784000,150.8882294000
Connection-ToCasula,"204","0","204",0.07306588485455,100.39969794614844,-33.9451122000,150.8883754000
Connection-ToCasula,"205","0","205",0.07561576377323,98.23607039791358,-33.9454567000,150.8909019000
Connection-ToCasula,"206","0","206",0.07607748551846,98.72126233163783,-33.9455266000,150.8913583000
Connection-ToCasula,"207","0","207",0.07670435647809,98.73698996855568,-33.9456218000,150.8919779000
Connection-ToCasula,"208","0","208",0.07772915348236,94.47732854306429,-33.9457775000,150.8929908000
Connection-ToCasula,"209","0","209",0.07786195442361,90.27081604630447,-33.9457780000,150.8931236000
Connection-ToCasula,"210","0","210",0.07794985584568,63.29611439127387,-33.9457785000,150.8932115000
Connection-ToCasula,"211","0","211",0.07797453721517,43.77258812777509,-33.9457586000,150.8932261000
Connection-ToCasula,"212","0","212",0.07799103244419,59.05590677485456,-33.9457482817,150.8932389696
Connection-ToCasula,"213","0","213",0.07801945480081,73.93016418481361,-33.9457371000,150.8932651000
Connection-ToCasula,"214","0","214",0.07804061372326,86.48442984733531,-33.9457338000,150.8932860000
Connection-ToCasula,"215","0","215",0.07805832388984,95.82093915957587,-33.9457344000,150.8933037000
Connection-ToCasula,"216","0","216",0.07807019359920,104.39162306651029,-33.9457364000,150.8933154000
Connection-ToCasula,"217","0","217",0.07808976934949,114.97187289908229,-33.9457428000,150.8933339000
Connection-ToCasula,"218","0","218",0.07810887432268,127.49310745991389,-33.9457526000,150.8933503000
Connection-ToCasula,"219","0","219",0.07812740267932,142.03471526132725,-33.9457655000,150.8933636000
Connection-ToCasula,"220","0","220",0.07814796794130,159.12736902360604,-33.9457833000,150.8933739000
Connection-ToCasula,"221","0","221",0.07816869787135,177.04651160354820,-33.9458036000,150.8933781000
Connection-ToCasula,"222","0","222",0.07818457867734,143.33395974076043,-33.9458194000,150.8933765000
Connection-ToCasula,"223","0","223",0.07826136025070,101.38203087022914,-33.9458339000,150.8934519000
Connection-ToCasula,"224","0","224",0.07861115060216,100.41895378565064,-33.9459059000,150.8937942000
Connection-ToCasula,"225","0","225",0.07930785103275,99.20732074230894,-33.9460144000,150.8944824000
Connection-ToCasula,"226","0","226",0.08037616498008,99.91922916321799,-33.9461899000,150.8955362000
Connection-ToCasula,"227","0","227",0.08112187645912,100.10815153236247,-33.9463243000,150.8962697000
Connection-ToCasula,"228","0","228",0.08178999149413,99.95215298911161,-33.9464384000,150.8969280000
Connection-ToCasula,"229","0","229",0.08230980112274,98.86788838022171,-33.9465293000,150.8974398000
Connection-ToCasula,"230","0","230",0.08403128111683,98.03372250937454,-33.9467589000,150.8991459000
Connection-ToCasula,"231","0","231",0.08428379180967,98.39247484546826,-33.9467958000,150.8993957000
Connection-ToCasula,"232","0","232",0.08510698520128,98.03824508448011,-33.9469158000,150.9002101000
Connection-ToCasula,"233","0","233",0.08529295966193,96.83503206993791,-33.9469407000,150.9003944000
Connection-ToCasula,"234","0","234",0.08549083487510,94.16218424039253,-33.9469613000,150.9005912000
Connection-ToCasula,"235","0","235",0.08574705011662,95.24730400643836,-33.9469718000,150.9008472000
Connection-ToCasula,"236","0","236",0.08620860701454,99.91057548811492,-33.9470372000,150.9013041000
Connection-ToCasula,"237","0","237",0.08635932532795,97.43081083562932,-33.9470677000,150.9014517000
Connection-ToCasula,"238","0","238",0.08645647552096,73.12906470092713,-33.9470731000,150.9015487000
Connection-ToCasula,"239","0","239",0.08647611553114,60.29616101553397,-33.9470613000,150.9015644000
Connection-ToCasula,"240","0","240",0.08650122329885,74.25275398988138,-33.9470517000,150.9015876000
Connection-ToCasula,"241","0","241",0.08652228345079,86.30151844536613,-33.9470484000,150.9016084000
Connection-ToCasula,"242","0","242",0.08653999051153,95.70025084979686,-33.9470489000,150.9016261000
Connection-ToCasula,"243","0","243",0.08655176166273,104.43263066639251,-33.9470509000,150.9016377000
Connection-ToCasula,"244","0","244",0.08657133741302,114.91969678324419,-33.9470573000,150.9016562000
Connection-ToCasula,"245","0","245",0.08659030528059,127.44093129176282,-33.9470670000,150.9016725000
Connection-ToCasula,"246","0","246",0.08660883363722,141.77304817245258,-33.9470799000,150.9016858000
Connection-ToCasula,"247","0","247",0.08662927672901,158.73050548163454,-33.9470975000,150.9016962000
Connection-ToCasula,"248","0","248",0.08665002715069,176.91131503730153,-33.9471178000,150.9017005000
Connection-ToCasula,"249","0","249",0.08666590795668,141.13273298627362,-33.9471336000,150.9016989000
Connection-ToCasula,"250","0","250",0.08672790440817,96.48420279165235,-33.9471406000,150.9017605000
Connection-ToCasula,"251","0","251",0.08712897091140,98.20540751578861,-33.9471859000,150.9021590000
Connection-ToCasula,"252","0","252",0.08731404089814,102.99653132310401,-33.9472178000,150.9023413000
Connection-ToCasula,"253","0","253",0.08750083795380,109.55411361410205,-33.9472695000,150.9025208000
Connection-ToCasula,"254","0","254",0.08770089719503,112.38999920750099,-33.9473478000,150.9027049000
Connection-ToCasula,"255","0","255",0.08776947452365,113.25455012673466,-33.9473732000,150.9027686000
Connection-ToCasula,"256","0","256",0.08784370369581,116.69010460625519,-33.9474043000,150.9028360000
Connection-ToCasula,"257","0","257",0.08792389546596,118.43805028799881,-33.9474427000,150.9029064000
Connection-ToCasula,"258","0","258",0.08799020172511,120.31217415876304,-33.9474741000,150.9029648000
Connection-ToCasula,"259","0","259",0.08811912111851,120.92971602740921,-33.9475431000,150.9030737000
Connection-ToCasula,"260","0","260",0.08818897811531,103.16921343800450,-33.9475775000,150.9031345000
Connection-ToCasula,"261","0","261",0.08820710571858,92.21617275406669,-33.9475765000,150.9031526000
Connection-ToCasula,"262","0","262",0.08822526501372,102.76128154722178,-33.9475789000,150.9031706000
Connection-ToCasula,"263","0","263",0.08824313258210,113.65184259872419,-33.9475844000,150.9031876000
Connection-ToCasula,"264","0","264",0.08826046059411,125.23209677576206,-33.9475929000,150.9032027000
Connection-ToCasula,"265","0","265",0.08827704552702,96.74752847000357,-33.9476038000,150.9032152000
Connection-ToCasula,"266","0","266",0.08842406831437,67.96245222098402,-33.9475357000,150.9033455000
Connection-ToCasula,"267","0","267",0.08856787738918,75.41374258849214,-33.9474949000,150.9034834000
Connection-ToCasula,"268","0","268",0.08870215787921,78.86359854471091,-33.9474654000,150.9036144000
Connection-ToCasula,"269","0","269",0.08885955381308,83.53352641946299,-33.9474392000,150.9037696000
Connection-ToCasula,"270","0","270",0.08898957611886,89.06750192568954,-33.9474316000,150.9038994000
Connection-ToCasula,"271","0","271",0.08914382799080,94.64359994295479,-33.9474356000,150.9040536000
Connection-ToCasula,"272","0","272",0.09023048516306,97.80005296643687,-33.9475831000,150.9051302000
Connection-ToCasula,"273","0","273",0.09075150428938,97.68828144662761,-33.9476538000,150.9056464000
Connection-ToCasula,"274","0","274",0.09119891154235,97.57581423965796,-33.9477128000,150.9060899000
Connection-ToCasula,"275","0","275",0.09198416233672,98.36635769247739,-33.9478163000,150.9068683000
Connection-ToCasula,"276","0","276",0.09224174628416,110.09240446303947,-33.9478573000,150.9071226000
Connection-ToCasula,"277","0","277",0.09241538870410,173.08522539864003,-33.9479468000,150.9072714000
Connection-ToCasula,"278","0","278",0.09322877621940,226.06269212615422,-33.9485205000,150.9066948000
Connection-ToCasula,"279","0","279",0.09429863174700,167.63436612572445,-33.9492504000,150.9059126000
Connection-ToCasula,"280","0","280",0.09669959897915,108.41444808284335,-33.9500038000,150.9081923000
Connection-ToCasula,"281","0","281",0.09738233589775,108.54131457370926,-33.9502209000,150.9088396000
Connection-ToCasula,"282","0","282",0.09796033800848,148.21661521472947,-33.9504047000,150.9093876000
Connection-ToCasula,"283","0","283",0.09831721789021,193.01705758293369,-33.9507582000,150.9093386000
Connection-ToCasula,"284","0","284",0.09853399484932,197.86906397152151,-33.9509642000,150.9092711000
Connection-ToCasula,"285","0","285",0.09885784682167,179.22378887150768,-33.9512729000,150.9091732000
Connection-ToCasula,"286","0","286",0.09890357689926,148.66431575730778,-33.9513161000,150.9091882000
Connection-ToCasula,"287","0","287",0.09895570798404,123.15808105776938,-33.9513539000,150.9092241000
Connection-ToCasula,"288","0","288",0.09904086207968,102.70977324544926,-33.9513828000,150.9093042000
Connection-ToCasula,"289","0","289",0.09907582777714,86.74497576096398,-33.9513862000,150.9093390000
Connection-ToCasula,"290","0","290",0.09916367634003,77.15462778301908,-33.9513678000,150.9094249000
Connection-ToCasula,"291","0","291",0.09918281295416,62.68105326778894,-33.9513633000,150.9094435000
Connection-ToCasula,"292","0","292",0.09922271846757,41.32635834083175,-33.9513371000,150.9094736000
Connection-ToCasula,"293","0","293",0.09926670619311,26.93422380058100,-33.9513005000,150.9094980000
Connection-ToCasula,"294","0","294",0.09930932180055,18.07293401101172,-33.9512605000,150.9095127000
Connection-ToCasula,"295","0","295",0.09938057073040,16.79003291525594,-33.9511920000,150.9095323000
Connection-ToCasula,"296","0","296",0.09947971834761,25.70987730114823,-33.9510975000,150.9095623000
Connection-ToCasula,"297","0","297",0.09953399587519,43.19349280036779,-33.9510524000,150.9095925000
Connection-ToCasula,"298","0","298",0.09958813837237,62.09888237295521,-33.9510195000,150.9096355000
Connection-ToCasula,"299","0","299",0.09965663333568,77.09617615741841,-33.9509979000,150.9097005000
Connection-ToCasula,"300","0","300",0.09969919023876,91.99083014794742,-33.9509924000,150.9097427000
Connection-ToCasula,"301","0","301",0.09976845855765,103.19577774136513,-33.9510061000,150.9098106000
Connection-ToCasula,"302","0","302",0.09991504290195,107.51535855566432,-33.9510440000,150.9099522000
Connection-ToCasula,"303","0","303",0.09997688989057,112.93370873366923,-33.9510652000,150.9100103000
Connection-ToCasula,"304","0","304",0.10003199125170,118.25530405565807,-33.9510892000,150.9100599000
Connection-ToCasula,"305","0","305",0.10015385954125,121.83294264763840,-33.9511514000,150.9101647000
Connection-ToCasula,"306","0","306",0.10022955425706,123.85194770601906,-33.9511926000,150.9102282000
Connection-ToCasula,"307","0","307",0.10030766885238,125.88377028260648,-33.9512371000,150.9102924000
Connection-ToCasula,"308","0","308",0.10037506914911,121.20300683271692,-33.9512777000,150.9103462000
Connection-ToCasula,"309","0","309",0.10044346308158,108.57637499045809,-33.9513070000,150.9104080000
Connection-ToCasula,"310","0","310",0.10050710497031,95.34510726066436,-33.9513200000,150.9104703000
Connection-ToCasula,"311","0","311",0.10056981645251,79.92292969915464,-33.9513188000,150.9105330000
Connection-ToCasula,"312","0","312",0.10061054899479,63.95102885153132,-33.9513055000,150.9105715000
Connection-ToCasula,"313","0","313",0.10063989452256,51.97518664657351,-33.9512895000,150.9105961000
Connection-ToCasula,"314","0","314",0.10071114317166,36.72860801247165,-33.9512409000,150.9106482000
Connection-ToCasula,"315","0","315",0.10076319891103,23.66293321417279,-33.9511943000,150.9106714000
Connection-ToCasula,"316","0","316",0.10081627781454,19.57174447821407,-33.9511447000,150.9106903000
Connection-ToCasula,"317","0","317",0.10090042631427,16.65732899277812,-33.9510648000,150.9107167000
Connection-ToCasula,"318","0","318",0.10101225207158,13.41886193384212,-33.9509568000,150.9107457000
Connection-ToCasula,"319","0","319",0.10115006807208,13.34582240730579,-33.9508219000,150.9107739000
Connection-ToCasula,"320","0","320",0.10125985172297,24.34833577193127,-33.9507158000,150.9108021000
Connection-ToCasula,"321","0","321",0.10133784274807,40.18198538085208,-33.9506510000,150.9108455000
Connection-ToCasula,"322","0","322",0.10140051538964,56.37895190116564,-33.9506079000,150.9108910000
Connection-ToCasula,"323","0","323",0.10147636207712,74.42134322639237,-33.9505773000,150.9109604000
Connection-ToCasula,"324","0","324",0.10157467285985,54.25046654815968,-33.9505647000,150.9110579000
Connection-ToCasula,"325","0","325",0.10165880002548,39.79190901825807,-33.9504890000,150.9110946000
Connection-ToCasula,"326","0","326",0.10188829216042,42.04733206575893,-33.9503532000,150.9112796000
Connection-ToCasula,"327","0","327",0.10197847087190,23.43250342542221,-33.9502754000,150.9113252000
Connection-ToCasula,"328","0","328",0.10236600997955,16.48966100543896,-33.9499038000,150.9114352000
Connection-FromCasula,"0","0","0",0.00000000000000,196.48966100543896,-33.9499038000,150.9114352000
Connection-FromCasula,"1","0","1",0.00038753910766,203.43250342542220,-33.9502754000,150.9113252000
Connection-FromCasula,"2","0","2",0.00047771781914,222.04733206575892,-33.9503532000,150.9112796000
Connection-FromCasula,"3","0","3",0.00070720995407,219.79190901825805,-33.9504890000,150.9110946000
Connection-FromCasula,"4","0","4",0.00079133711970,234.25046654815969,-33.9505647000,150.9110579000
Connection-FromCasula,"5","0","5",0.00088964790244,254.42134322639239,-33.9505773000,150.9109604000
Connection-FromCasula,"6","0","6",0.00096549458992,236.37895190116564,-33.9506079000,150.9108910000
Connection-FromCasula,"7","0","7",0.00102816723149,220.18198538085204,-33.9506510000,150.9108455000
Connection-FromCasula,"8","0","8",0.00110615825659,204.34833577193126,-33.9507158000,150.9108021000
Connection-FromCasula,"9","0","9",0.00121594190747,193.34582240730580,-33.9508219000,150.9107739000
Connection-FromCasula,"10","0","10",0.00135375790798,193.41886193384212,-33.9509568000,150.9107457000
Connection-FromCasula,"11","0","11",0.00146558366529,196.65732899277813,-33.9510648000,150.9107167000
Connection-FromCasula,"12","0","12",0.00154973216501,199.57174447821407,-33.9511447000,150.9106903000
Connection-FromCasula,"13","0","13",0.00160281106852,203.66293321417280,-33.9511943000,150.9106714000
Connection-FromCasula,"14","0","14",0.00165486680790,216.72860801247171,-33.9512409000,150.9106482000
Connection-FromCasula,"15","0","15",0.00172611545700,231.97518664657355,-33.9512895000,150.9105961000
Connection-FromCasula,"16","0","16",0.00175546098476,243.95102885153136,-33.9513055000,150.9105715000
Connection-FromCasula,"17","0","17",0.00179619352705,259.92292969915468,-33.9513188000,150.9105330000
Connection-FromCasula,"18","0","18",0.00185890500925,275.34510726066435,-33.9513200000,150.9104703000
Connection-FromCasula,"19","0","19",0.00192254689797,288.57637499045802,-33.9513070000,150.9104080000
Connection-FromCasula,"20","0","20",0.00199094083044,301.20300683271688,-33.9512777000,150.9103462000
Connection-FromCasula,"21","0","21",0.00205834112718,305.88377028260646,-33.9512371000,150.9102924000
Connection-FromCasula,"22","0","22",0.00213645572249,303.85194770601908,-33.9511926000,150.9102282000
Connection-FromCasula,"23","0","23",0.00221215043830,301.83294264763839,-33.9511514000,150.9101647000
Connection-FromCasula,"24","0","24",0.00233401872785,298.25530405565809,-33.9510892000,150.9100599000
Connection-FromCasula,"25","0","25",0.00238912008898,292.93370873366928,-33.9510652000,150.9100103000
Connection-FromCasula,"26","0","26",0.00245096707761,287.51535855566431,-33.9510440000,150.9099522000
Connection-FromCasula,"27","0","27",0.00259755142190,283.19577774136513,-33.9510061000,150.9098106000
Connection-FromCasula,"28","0","28",0.00266681974079,271.99083014794741,-33.9509924000,150.9097427000
Connection-FromCasula,"29","0","29",0.00270937664387,257.09617615741843,-33.9509979000,150.9097005000
Connection-FromCasula,"30","0","30",0.00277787160719,242.09888237295522,-33.9510195000,150.9096355000
Connection-FromCasula,"31","0","31",0.00283201410437,223.19349280036781,-33.9510524000,150.9095925000
Connection-FromCasula,"32","0","32",0.00288629163195,205.70987730114823,-33.9510975000,150.9095623000
Connection-FromCasula,"33","0","33",0.00298543924915,196.79003291525595,-33.9511920000,150.9095323000
Connection-FromCasula,"34","0","34",0.00305668817900,198.07293401101171,-33.9512605000,150.9095127000
Connection-FromCasula,"35","0","35",0.00309930378644,206.93422380058101,-33.9513005000,150.9094980000
Connection-FromCasula,"36","0","36",0.00314329151199,221.32635834083172,-33.9513371000,150.9094736000
Connection-FromCasula,"37","0","37",0.00318319702539,242.60235360380321,-33.9513633000,150.9094435000
Connection-FromCasula,"38","0","38",0.00326308920273,258.99635692979950,-33.9513823000,150.9093659000
Connection-FromCasula,"39","0","39",0.00329027044629,268.66540457173016,-33.9513862000,150.9093390000
Connection-FromCasula,"40","0","40",0.00332523614374,282.24828399606719,-33.9513828000,150.9093042000
Connection-FromCasula,"41","0","41",0.00336286857658,289.74328433668489,-33.9513706000,150.9092686000
Connection-FromCasula,"42","0","42",0.00341039898791,303.52346150412325,-33.9513539000,150.9092241000
Connection-FromCasula,"43","0","43",0.00346253007269,328.66431575730775,-33.9513161000,150.9091882000
Connection-FromCasula,"44","0","44",0.00350826015028,359.22378887150762,-33.9512729000,150.9091732000
Connection-FromCasula,"45","0","45",0.00383211212263,17.86906397152153,-33.9509642000,150.9092711000
Connection-FromCasula,"46","0","46",0.00404888908174,13.35286246905836,-33.9507582000,150.9093386000
Connection-FromCasula,"47","0","47",0.00427521214731,7.64554499114200,-33.9505344000,150.9093723000
Connection-FromCasula,"48","0","48",0.00440581145814,327.63465289269692,-33.9504047000,150.9093876000
Connection-FromCasula,"49","0","49",0.00498381356887,288.54131457370931,-33.9502209000,150.9088396000
Connection-FromCasula,"50","0","50",0.00566655048746,288.41444808284336,-33.9500038000,150.9081923000
Connection-FromCasula,"51","0","51",0.00806751771962,283.90473784754386,-33.9492504000,150.9059126000
Connection-FromCasula,"52","0","52",0.00825794116882,343.28792802788900,-33.9492189000,150.9057248000
Connection-FromCasula,"53","0","53",0.00944551234564,45.39116130743326,-33.9484098000,150.9065941000
Connection-FromCasula,"54","0","54",0.01021008314027,341.44347619191740,-33.9478573000,150.9071226000
Connection-FromCasula,"55","0","55",0.01046766708772,278.36635769247744,-33.9478163000,150.9068683000
Connection-FromCasula,"56","0","56",0.01125291788208,277.57581423965792,-33.9477128000,150.9060899000
Connection-FromCasula,"57","0","57",0.01170032513506,277.68828144662763,-33.9476538000,150.9056464000
Connection-FromCasula,"58","0","58",0.01222134426138,277.80005296643685,-33.9475831000,150.9051302000
Connection-FromCasula,"59","0","59",0.01330800143363,274.64359994295478,-33.9474356000,150.9040536000
Connection-FromCasula,"60","0","60",0.01346225330558,269.06750192568961,-33.9474316000,150.9038994000
Connection-FromCasula,"61","0","61",0.01359227561136,263.53352641946299,-33.9474392000,150.9037696000
Connection-FromCasula,"62","0","62",0.01374967154523,258.86359854471095,-33.9474654000,150.9036144000
Connection-FromCasula,"63","0","63",0.01388395203526,255.41374258849211,-33.9474949000,150.9034834000
Connection-FromCasula,"64","0","64",0.01402776111007,247.96245222098401,-33.9475357000,150.9033455000
Connection-FromCasula,"65","0","65",0.01417478389741,193.65165038857299,-33.9476038000,150.9032152000
Connection-FromCasula,"66","0","66",0.01419165191449,152.23192167998585,-33.9476176000,150.9032249000
Connection-FromCasula,"67","0","67",0.01420797919231,167.63900902987729,-33.9476329000,150.9032306000
Connection-FromCasula,"68","0","68",0.01422402412917,183.61558328845808,-33.9476489000,150.9032318000
Connection-FromCasula,"69","0","69",0.01424004692544,199.19712011789588,-33.9476646000,150.9032286000
Connection-FromCasula,"70","0","70",0.01425663879091,213.85713904845423,-33.9476794000,150.9032211000
Connection-FromCasula,"71","0","71",0.01427223622657,226.91484222057727,-33.9476912000,150.9032109000
Connection-FromCasula,"72","0","72",0.01428851627572,238.66803383748422,-33.9477010000,150.9031979000
Connection-FromCasula,"73","0","73",0.01430537836339,249.63297485533124,-33.9477083000,150.9031827000
Connection-FromCasula,"74","0","74",0.01432267402758,260.01005816781100,-33.9477128000,150.9031660000
Connection-FromCasula,"75","0","75",0.01434023819566,270.74993210871355,-33.9477143000,150.9031485000
Connection-FromCasula,"76","0","76",0.01436177235455,282.76105493530474,-33.9477119000,150.9031271000
Connection-FromCasula,"77","0","77",0.01438283464313,295.81884286705093,-33.9477050000,150.9031072000
Connection-FromCasula,"78","0","78",0.01440311320325,309.91095278160020,-33.9476941000,150.9030901000
Connection-FromCasula,"79","0","79",0.01442243288234,325.30179572438095,-33.9476799000,150.9030770000
Connection-FromCasula,"80","0","80",0.01444090285795,341.99572302313203,-33.9476634000,150.9030687000
Connection-FromCasula,"81","0","81",0.01445883885527,359.66020539925347,-33.9476457000,150.9030658000
Connection-FromCasula,"82","0","82",0.01447684246599,348.43749312335643,-33.9476279000,150.9030685000
Connection-FromCasula,"83","0","83",0.01452682186178,320.56869592119483,-33.9475854000,150.9030422000
Connection-FromCasula,"84","0","84",0.01459588241489,311.43048855372029,-33.9475384000,150.9029916000
Connection-FromCasula,"85","0","85",0.01464833934962,309.29925174134632,-33.9475047000,150.9029514000
Connection-FromCasula,"86","0","86",0.01469992355263,306.39240480626660,-33.9474725000,150.9029111000
Connection-FromCasula,"87","0","87",0.01475744789530,302.61094865046294,-33.9474402000,150.9028635000
Connection-FromCasula,"88","0","88",0.01481733528963,300.44089260345902,-33.9474093000,150.9028122000
Connection-FromCasula,"89","0","89",0.01494101042861,296.43011505820994,-33.9473478000,150.9027049000
Connection-FromCasula,"90","0","90",0.01514106966985,289.55411361410199,-33.9472695000,150.9025208000
Connection-FromCasula,"91","0","91",0.01532786672551,282.99653132310402,-33.9472178000,150.9023413000
Connection-FromCasula,"92","0","92",0.01551293671225,278.20781663810732,-33.9471859000,150.9021590000
Connection-FromCasula,"93","0","93",0.01584204587347,276.47672250291623,-33.9471487000,150.9018320000
Connection-FromCasula,"94","0","94",0.01591400322196,276.47318426108200,-33.9471406000,150.9017605000
Connection-FromCasula,"95","0","95",0.01597599967345,238.28455334766932,-33.9471336000,150.9016989000
Connection-FromCasula,"96","0","96",0.01599026746938,206.93178748674728,-33.9471470000,150.9016940000
Connection-FromCasula,"97","0","97",0.01600843392196,220.84798831155786,-33.9471621000,150.9016839000
Connection-FromCasula,"98","0","98",0.01602648856127,235.32240730772065,-33.9471742000,150.9016705000
Connection-FromCasula,"99","0","99",0.01605180278651,250.40160663724103,-33.9471858000,150.9016480000
Connection-FromCasula,"100","0","100",0.01607745624631,264.44188138836921,-33.9471911000,150.9016229000
Connection-FromCasula,"101","0","101",0.01609875835889,278.53356708360820,-33.9471908000,150.9016016000
Connection-FromCasula,"102","0","102",0.01613125835889,295.32027473356777,-33.9471817000,150.9015704000
Connection-FromCasula,"103","0","103",0.01615658226066,312.36476108948267,-33.9471674000,150.9015495000
Connection-FromCasula,"104","0","104",0.01617554459173,328.33354487758555,-33.9471528000,150.9015374000
Connection-FromCasula,"105","0","105",0.01619421703130,308.47447957627895,-33.9471357000,150.9015299000
Connection-FromCasula,"106","0","106",0.01628690802333,279.50265292739675,-33.9471186000,150.9014388000
Connection-FromCasula,"107","0","107",0.01644620648534,278.17056298659116,-33.9470954000,150.9012812000
Connection-FromCasula,"108","0","108",0.01669440197279,277.95997447140110,-33.9470610000,150.9010354000
Connection-FromCasula,"109","0","109",0.01676306236895,277.59565531187701,-33.9470515000,150.9009674000
Connection-FromCasula,"110","0","110",0.01690116291205,282.08287085182354,-33.9470341000,150.9008304000
Connection-FromCasula,"111","0","111",0.01715119586987,281.45158790552233,-33.9469613000,150.9005912000
Connection-FromCasula,"112","0","112",0.01734907108305,276.83503206993788,-33.9469407000,150.9003944000
Connection-FromCasula,"113","0","113",0.01753504554369,278.03824508448008,-33.9469158000,150.9002101000
Connection-FromCasula,"114","0","114",0.01835823893530,278.39247484546820,-33.9467958000,150.8993957000
Connection-FromCasula,"115","0","115",0.01861074962815,278.03372250937451,-33.9467589000,150.8991459000
Connection-FromCasula,"116","0","116",0.02033222962223,278.86788838022176,-33.9465293000,150.8974398000
Connection-FromCasula,"117","0","117",0.02085203925084,279.95215298911160,-33.9464384000,150.8969280000
Connection-FromCasula,"118","0","118",0.02152015428585,280.10815153236251,-33.9463243000,150.8962697000
Connection-FromCasula,"119","0","119",0.02226586576489,279.91922916321801,-33.9461899000,150.8955362000
Connection-FromCasula,"120","0","120",0.02333417971222,279.20732074230892,-33.9460144000,150.8944824000
Connection-FromCasula,"121","0","121",0.02403088014281,280.41895378565061,-33.9459059000,150.8937942000
Connection-FromCasula,"122","0","122",0.02438067049427,281.38203087022913,-33.9458339000,150.8934519000
Connection-FromCasula,"123","0","123",0.02445745206763,240.48577999755005,-33.9458194000,150.8933765000
Connection-FromCasula,"124","0","124",0.02447171986355,207.15086750232382,-33.9458328000,150.8933716000
Connection-FromCasula,"125","0","125",0.02448985932330,221.18527247923151,-33.9458478000,150.8933614000
Connection-FromCasula,"126","0","126",0.02450784709693,235.38857002314316,-33.9458598000,150.8933480000
Connection-FromCasula,"127","0","127",0.02453307248099,250.24039042883666,-33.9458714000,150.8933256000
Connection-FromCasula,"128","0","128",0.02455874678719,264.67966986621559,-33.9458768000,150.8933005000
Connection-FromCasula,"129","0","129",0.02458165464611,279.02896372145403,-33.9458762000,150.8932776000
Connection-FromCasula,"130","0","130",0.02461253506062,295.46870805497366,-33.9458674000,150.8932480000
Connection-FromCasula,"131","0","131",0.02463785896238,312.26796451897377,-33.9458531000,150.8932271000
Connection-FromCasula,"132","0","132",0.02465674440650,328.09654764604795,-33.9458386000,150.8932150000
Connection-FromCasula,"133","0","133",0.02467545723630,345.99291358736730,-33.9458215000,150.8932074000
Connection-FromCasula,"134","0","134",0.02469951736931,6.46190783285922,-33.9457975000,150.8932057000
Connection-FromCasula,"135","0","135",0.02471938291737,323.65070526028211,-33.9457785000,150.8932115000
Connection-FromCasula,"136","0","136",0.02480728433944,270.27081604630450,-33.9457780000,150.8931236000
Connection-FromCasula,"137","0","137",0.02494008528069,274.47732854306429,-33.9457775000,150.8929908000
Connection-FromCasula,"138","0","138",0.02596488228496,278.73698996855569,-33.9456218000,150.8919779000
Connection-FromCasula,"139","0","139",0.02659175324459,278.72126233163783,-33.9455266000,150.8913583000
Connection-FromCasula,"140","0","140",0.02705347498982,278.23607039791358,-33.9454567000,150.8909019000
Connection-FromCasula,"141","0","141",0.02960335390850,280.39969794614842,-33.9451122000,150.8883754000
Connection-FromCasula,"142","0","142",0.02975321531111,248.62521901810069,-33.9450784000,150.8882294000
Connection-FromCasula,"143","0","143",0.02977135477088,221.06706845131970,-33.9450934000,150.8882192000
Connection-FromCasula,"144","0","144",0.02978940941017,235.27036600827284,-33.9451055000,150.8882058000
Connection-FromCasula,"145","0","145",0.02981463479420,250.21683205242277,-33.9451171000,150.8881834000
Connection-FromCasula,"146","0","146",0.02984021134596,264.65285015744644,-33.9451225000,150.8881584000
Connection-FromCasula,"147","0","147",0.02986321917068,279.02570241278931,-33.9451219000,150.8881354000
Connection-FromCasula,"148","0","148",0.02989409958522,295.31162727643414,-33.9451131000,150.8881058000
Connection-FromCasula,"149","0","149",0.02991944993039,312.09174905633682,-33.9450989000,150.8880848000
Connection-FromCasula,"150","0","150",0.02993847622802,328.13928738486362,-33.9450843000,150.8880726000
Connection-FromCasula,"151","0","151",0.02995728048283,346.17359249536031,-33.9450671000,150.8880650000
Connection-FromCasula,"152","0","152",0.02998133375703,314.14955708196021,-33.9450431000,150.8880634000
Connection-FromCasula,"153","0","153",0.03022269790102,274.86940201704783,-33.9450342000,150.8878222000
Connection-FromCasula,"154","0","154",0.03044274391892,277.61280222581848,-33.9450050000,150.8876041000
Connection-FromCasula,"155","0","155",0.03065521031627,277.60936958033665,-33.9449769000,150.8873935000
Connection-FromCasula,"156","0","156",0.03118922448276,277.77253550494055,-33.9449061000,150.8868642000
Connection-FromCasula,"157","0","157",0.03569830324008,235.10611872811225,-33.9442843000,150.8823982000
Connection-FromCasula,"158","0","158",0.03572133061508,198.87987549969813,-33.9443068000,150.8823933000
Connection-FromCasula,"159","0","159",0.03574481358765,211.90144110509283,-33.9443280000,150.8823832000
Connection-FromCasula,"160","0","160",0.03576916148284,224.30514399368977,-33.9443471000,150.8823681000
Connection-FromCasula,"161","0","161",0.03579451281417,235.73042160350161,-33.9443633000,150.8823486000
Connection-FromCasula,"162","0","162",0.03582065033509,246.37232685235006,-33.9443759000,150.8823257000
Connection-FromCasula,"163","0","163",0.03584752969520,256.37767524832554,-33.9443844000,150.8823002000
Connection-FromCasula,"164","0","164",0.03587495322525,266.32421127053260,-33.9443886000,150.8822731000
Connection-FromCasula,"165","0","165",0.03590246213289,276.11629832643138,-33.9443879000,150.8822456000
Connection-FromCasula,"166","0","166",0.03592974307862,285.75271443888255,-33.9443828000,150.8822188000
Connection-FromCasula,"167","0","167",0.03595658073873,296.01753946785016,-33.9443733000,150.8821937000
Connection-FromCasula,"168","0","168",0.03598256323284,306.85812252384602,-33.9443598000,150.8821715000
Connection-FromCasula,"169","0","169",0.03600762036757,318.50611999834359,-33.9443429000,150.8821530000
Connection-FromCasula,"170","0","170",0.03603178832158,331.10332168786016,-33.9443232000,150.8821390000
Connection-FromCasula,"171","0","171",0.03605515004234,344.40160956928656,-33.9443016000,150.8821301000
Connection-FromCasula,"172","0","172",0.03607801945426,0.66977896693574,-33.9442790000,150.8821266000
Connection-FromCasula,"173","0","173",0.03610016555997,323.95649796755845,-33.9442572000,150.8821305000
Connection-FromCasula,"174","0","174",0.03672369048328,276.63351237668581,-33.9441729000,150.8815127000
Connection-FromCasula,"175","0","175",0.03746801332991,276.15604504200212,-33.9441016000,150.8807718000
Connection-FromCasula,"176","0","176",0.03810340295054,277.58758571927200,-33.9440262000,150.8801409000
Connection-FromCasula,"177","0","177",0.03954158486532,278.17665644027051,-33.9438171000,150.8787180000
Connection-FromCasula,"178","0","178",0.04033631234672,277.99333902279494,-33.9437065868,150.8779309939
Connection-FromCasula,"179","0","179",0.04112941180802,277.94522963090043,-33.9435963000,150.8771456000
Connection-FromCasula,"180","0","180",0.04229102814745,277.89532277939333,-33.9434367000,150.8759950000
Connection-FromCasula,"181","0","181",0.04266093300007,278.07962828323787,-33.9433859000,150.8756286000
Connection-FromCasula,"182","0","182",0.04373630400582,278.12555349701552,-33.9432313000,150.8745644000
Connection-FromCasula,"183","0","183",0.04378669259579,278.00417532386973,-33.9432243000,150.8745145000
Connection-FromCasula,"184","0","184",0.04591966978742,275.81986066863766,-33.9429266000,150.8724024000
Connection-FromCasula,"185","0","185",0.04608770445646,229.05555205201722,-33.9429160000,150.8722347000
Connection-FromCasula,"186","0","186",0.04611067508989,192.61479579410562,-33.9429389000,150.8722329000
Connection-FromCasula,"187","0","187",0.04612564472584,207.03076178908350,-33.9429529000,150.8722276000
Connection-FromCasula,"188","0","188",0.04614311813421,221.04928664940562,-33.9429675000,150.8722180000
Connection-FromCasula,"189","0","189",0.04616891270729,235.76258604621376,-33.9429845000,150.8721986000
Connection-FromCasula,"190","0","190",0.04618769700925,248.00001079359538,-33.9429931000,150.8721819000
Connection-FromCasula,"191","0","191",0.04620816576590,259.74037257405621,-33.9429990000,150.8721623000
Connection-FromCasula,"192","0","192",0.04624013481344,273.96566363135668,-33.9430011000,150.8721304000
Connection-FromCasula,"193","0","193",0.04626331627157,287.61675806121104,-33.9429964000,150.8721077000
Connection-FromCasula,"194","0","194",0.04628785786890,299.57714542324464,-33.9429866000,150.8720852000
Connection-FromCasula,"195","0","195",0.04630434180049,312.44563536959737,-33.9429770000,150.8720718000
Connection-FromCasula,"196","0","196",0.04632901769964,328.73568567635931,-33.9429583000,150.8720557000
Connection-FromCasula,"197","0","197",0.04635325094129,346.92556677528108,-33.9429358000,150.8720467000
Connection-FromCasula,"198","0","198",0.04637040028527,4.57413814810845,-33.9429187000,150.8720454000
Connection-FromCasula,"199","0","199",0.04639353921350,328.60789964821288,-33.9428962000,150.8720508000
Connection-FromCasula,"200","0","200",0.04653857772565,280.80408851506860,-33.9428618000,150.8719099000
Connection-FromCasula,"201","0","201",0.04998074766916,278.13440001229128,-33.9423894000,150.8685003000
Connection-FromCasula,"202","0","202",0.05098315182915,278.38680707614060,-33.9422433000,150.8675086000
Connection-FromCasula,"203","0","203",0.05110647254924,277.95612882347660,-33.9422253000,150.8673866000
Connection-FromCasula,"204","0","204",0.05129751537167,277.52996730753989,-33.9422003000,150.8671972000
Connection-FromCasula,"205","0","205",0.05793935321369,277.63988450168085,-33.9413287000,150.8606128000
Connection-FromCasula,"206","0","206",0.06019237514215,277.50871565660037,-33.9410253000,150.8583803000
Connection-FromCasula,"207","0","207",0.06074885896940,277.88859075021855,-33.9409548000,150.8578283000
Connection-FromCasula,"208","0","208",0.06238563294584,285.88214290274379,-33.9407129000,150.8562095000
Connection-FromCasula,"209","0","209",0.06270108373441,294.40850081714530,-33.9405883000,150.8559197000
Connection-FromCasula,"210","0","210",0.06286291092620,297.39081699093856,-33.9405185000,150.8557737000
Connection-FromCasula,"211","0","211",0.06310721960390,302.57406459744567,-33.9403992000,150.8555605000
Connection-FromCasula,"212","0","212",0.06341184163198,305.84751554095101,-33.9402205000,150.8553138000
Connection-FromCasula,"213","0","213",0.06374316191509,305.35088558249851,-33.9400268000,150.8550450000
Connection-FromCasula,"214","0","214",0.06414857549407,306.74427131778117,-33.9397947000,150.8547126000
Connection-FromCasula,"215","0","215",0.06453020223577,308.82075824589140,-33.9395568000,150.8544142000
Connection-FromCasula,"216","0","216",0.06534574770968,306.17583513822808,-33.9390427000,150.8537811000
Connection-FromCasula,"217","0","217",0.06591078023970,306.46285975278653,-33.9387327000,150.8533087000
Connection-FromCasula,"218","0","218",0.06664590663022,312.91228026968616,-33.9382636000,150.8527427000
Connection-FromCasula,"219","0","219",0.06748895448173,310.27413870048002,-33.9376554000,150.8521589000
Connection-FromCasula,"220","0","220",0.06780421316920,284.84485411901483,-33.9374774000,150.8518987000
Connection-FromCasula,"221","0","221",0.06785317682920,270.79452481987340,-33.9374814000,150.8518499000
Connection-FromCasula,"222","0","222",0.06790166734372,281.93648385525074,-33.9374761000,150.8518017000
Connection-FromCasula,"223","0","223",0.06794929632650,293.47111812600673,-33.9374617000,150.8517563000
Connection-FromCasula,"224","0","224",0.06799541356839,305.75685860920811,-33.9374391000,150.8517161000
Connection-FromCasula,"225","0","225",0.06803980331946,319.10864797351525,-33.9374093000,150.8516832000
Connection-FromCasula,"226","0","226",0.06808223832859,333.46674158413492,-33.9373741000,150.8516595000
Connection-FromCasula,"227","0","227",0.06812224395320,349.02283264473789,-33.9373363000,150.8516464000
Connection-FromCasula,"228","0","228",0.06816059105217,342.40453573598671,-33.9372980000,150.8516445000
Connection-FromCasula,"229","0","229",0.06853322948281,318.31472562869760,-33.9369832000,150.8514451000
Connection-FromCasula,"230","0","230",0.06867280415819,303.89603271401779,-33.9368954000,150.8513366000
Connection-FromCasula,"231","0","231",0.06894773880496,296.36392424960616,-33.9367629000,150.8510957000
Connection-FromCasula,"232","0","232",0.06938705892744,291.48946389562013,-33.9365848000,150.8506941000
Connection-FromCasula,"233","0","233",0.06965833539159,286.91180169452593,-33.9364962000,150.8504377000
Connection-FromCasula,"234","0","234",0.06992875998365,282.38384720097770,-33.9364273000,150.8501762000
Connection-FromCasula,"235","0","235",0.07022973880351,277.09646814161999,-33.9363750000,150.8498798000
Connection-FromCasula,"236","0","236",0.07059551459549,273.76708586164716,-33.9363483000,150.8495150000
Connection-FromCasula,"237","0","237",0.07217250632025,273.38235034537468,-33.9362562000,150.8479407000
Connection-FromCasula,"238","0","238",0.07246111929640,273.72912406328248,-33.9362390000,150.8476526000
Connection-FromCasula,"239","0","239",0.07256327334674,267.51871383368416,-33.9362318000,150.8475507000
Connection-FromCasula,"240","0","240",0.07301564805867,242.25657458433503,-33.9363026000,150.8471039000
Connection-FromCasula,"241","0","241",0.07304571016108,228.78576456898290,-33.9363244000,150.8470832000
Connection-FromCasula,"242","0","242",0.07307671419306,238.98427396052006,-33.9363426000,150.8470581000
Connection-FromCasula,"243","0","243",0.07310878053055,248.62432134976044,-33.9363567000,150.8470293000
Connection-FromCasula,"244","0","244",0.07314155735164,261.11092143695936,-33.9363661000,150.8469979000
Connection-FromCasula,"245","0","245",0.07322397288415,280.05239289054435,-33.9363677000,150.8469155000
Connection-FromCasula,"246","0","246",0.07330410458823,299.95187743332252,-33.9363387000,150.8468408000
Connection-FromCasula,"247","0","247",0.07333754139428,303.24401412159932,-33.9363178000,150.8468147000
Connection-FromCasula,"248","0","248",0.07341019404723,297.80145877269644,-33.9362839141,150.8467504337
Connection-FromCasula,"249","0","249",0.07348054887662,295.82788944181419,-33.9362511000,150.8466882000
Connection-FromCasula,"250","0","250",0.07356659961747,284.50240313927793,-33.9362163000,150.8466095000
Connection-FromCasula,"251","0","251",0.07366837515530,276.40896049728678,-33.9362071634,150.8465081354
Connection-FromCasula,"252","0","252",0.07565951292944,277.95642799531907,-33.9359415000,150.8445348000
Connection-FromCasula,"253","0","253",0.07575085716846,277.94643103913080,-33.9359284000,150.8444444000
Connection-FromCasula,"254","0","254",0.07633172357305,277.64333201501591,-33.9358511000,150.8438687000
Connection-FromCasula,"255","0","255",0.07685829703420,277.59632782615290,-33.9357811000,150.8433468000
Connection-FromCasula,"256","0","256",0.07697773341897,278.52881442924212,-33.9357654000,150.8432284000
Connection-FromCasula,"257","0","257",0.07713519481105,285.71786614033448,-33.9357394000,150.8430731000
Connection-FromCasula,"258","0","258",0.07724148709676,284.49325429374477,-33.9356997000,150.8429745000
Connection-FromCasula,"259","0","259",0.07737338573206,277.73123912378702,-33.9356835000,150.8428436000
Connection-FromCasula,"260","0","260",0.07751359250794,274.23288624571421,-33.9356630000,150.8427049000
Connection-FromCasula,"261","0","261",0.07780859266045,265.53890190392696,-33.9356627000,150.8424099000
Connection-FromCasula,"262","0","262",0.07815068617110,256.36511802470051,-33.9357161000,150.8420720000
Connection-FromCasula,"263","0","263",0.07847412497520,246.62023738710417,-33.9358176000,150.8417649000
Connection-FromCasula,"264","0","264",0.07888171714881,245.46489338944860,-33.9360119000,150.8414066000
Connection-FromCasula,"265","0","265",0.07927848675451,256.20714365947612,-33.9361515000,150.8410352000
Connection-FromCasula,"266","0","266",0.07967644097298,266.69548442697368,-33.9361999000,150.8406402000
Connection-FromCasula,"267","0","267",0.07998064754752,265.18566700865591,-33.9361979000,150.8403360000
Connection-FromCasula,"268","0","268",0.08010727333479,249.02954846684261,-33.9362199000,150.8402113000
Connection-FromCasula,"269","0","269",0.08015075448014,242.44230376362449,-33.9362429000,150.8401744000
Connection-FromCasula,"270","0","270",0.08019089485881,253.80456271276711,-33.9362587000,150.8401375000
Connection-FromCasula,"271","0","271",0.08023212652137,267.69981139897192,-33.9362653000,150.8400968000
Connection-FromCasula,"272","0","272",0.08026944729311,281.45258380603104,-33.9362623000,150.8400596000
Connection-FromCasula,"273","0","273",0.08032105581953,297.69614064805899,-33.9362461000,150.8400106000
Connection-FromCasula,"274","0","274",0.08036631617745,317.00303153058417,-33.9362188000,150.8399745000
Connection-FromCasula,"275","0","275",0.08040880852967,337.93704551168071,-33.9361832000,150.8399513000
Connection-FromCasula,"276","0","276",0.08044956193444,359.44786149846340,-33.9361432000,150.8399435000
Connection-FromCasula,"277","0","277",0.08048783529333,323.74657423478061,-33.9361055000,150.8399501000
Connection-FromCasula,"278","0","278",0.08099383738820,272.66505518238483,-33.9360389000,150.8394485000
Connection-FromCasula,"279","0","279",0.08157127591306,265.01721178450930,-33.9360614000,150.8388715000
Connection-FromCasula,"280","0","280",0.08206849709122,260.95628025948480,-33.9361283000,150.8383788000
Connection-FromCasula,"281","0","281",0.08252859061432,268.57687019999753,-33.9362110000,150.8379262000
Connection-FromCasula,"282","0","282",0.08311017771870,284.45788279052192,-33.9361350000,150.8373496000
Connection-FromCasula,"283","0","283",0.08326935953300,295.32354136948078,-33.9360769000,150.8372014000
Connection-FromCasula,"284","0","284",0.08374656448897,300.87170468419191,-33.9358438000,150.8367850000
Connection-FromCasula,"285","0","285",0.08416975282766,294.38211264777232,-33.9356164000,150.8364281000
Connection-FromCasula,"286","0","286",0.08452902482769,283.82702689037200,-33.9355158000,150.8360832000
Connection-FromCasula,"287","0","287",0.08487983774079,236.13678380272194,-33.9354465000,150.8357393000
Connection-FromCasula,"288","0","288",0.08492169010036,203.01451453994224,-33.9354876000,150.8357314000
Connection-FromCasula,"289","0","289",0.08496963173152,227.02501170838551,-33.9355268000,150.8357038000
Connection-FromCasula,"290","0","290",0.08502790711225,247.03743540483825,-33.9355569000,150.8356539000
Connection-FromCasula,"291","0","291",0.08505604392088,261.50116149376424,-33.9355641000,150.8356267000
Connection-FromCasula,"292","0","292",0.08508013527469,270.63592026992950,-33.9355650127,150.8356026259
Connection-FromCasula,"293","0","293",0.08512363974199,282.12491431457465,-33.9355624000,150.8355592000
Connection-FromCasula,"294","0","294",0.08516643039519,299.06817145165786,-33.9355472000,150.8355192000
Connection-FromCasula,"295","0","295",0.08520881175899,316.56204696172449,-33.9355215000,150.8354855000
Connection-FromCasula,"296","0","296",0.08524581175902,337.42772544579037,-33.9354909000,150.8354647000
Connection-FromCasula,"297","0","297",0.08529429268312,0.34153840262729,-33.9354433000,150.8354555000
Connection-FromCasula,"298","0","298",0.08532308295921,21.20951044808510,-33.9354151000,150.8354613000
Connection-FromCasula,"299","0","299",0.08536429424410,40.78664623756180,-33.9353797000,150.8354824000
Connection-FromCasula,"300","0","300",0.08540715039885,60.54771605639915,-33.9353526000,150.8355156000
Connection-FromCasula,"301","0","301",0.08546386344848,79.77827309355645,-33.9353335000,150.8355690000
Connection-FromCasula,"302","0","302",0.08551646810607,96.13169716101166,-33.9353328000,150.8356216000
Connection-FromCasula,"303","0","303",0.08554397592315,71.80644929550080,-33.9353390000,150.8356484000
Connection-FromCasula,"304","0","304",0.08571858325403,37.72122078703456,-33.9352064000,150.8357620000
Connection-FromCasula,"305","0","305",0.08598997098406,23.92449203216259,-33.9349837000,150.8359171000
Connection-FromCasula,"306","0","306",0.08641248949254,10.61434133873460,-33.9345720000,150.8360121000
Connection-FromCasula,"307","0","307",0.08669035463965,20.18398906159025,-33.9342970000,150.8360519000
Connection-FromCasula,"308","0","308",0.08674750986690,39.54112140800282,-33.9342486000,150.8360823000
Connection-FromCasula,"309","0","309",0.08679116361818,346.95668056919783,-33.9342188000,150.8361142000
Connection-FromCasula,"310","0","310",0.08692174546991,286.40863503149615,-33.9341807000,150.8359893000
Connection-FromCasula,"311","0","311",0.08697299476256,281.17409807036762,-33.9341667000,150.8359400000
Connection-FromCasula,"312","0","312",0.08703841463724,268.54001432499143,-33.9341593000,150.8358750000
Connection-FromCasula,"313","0","313",0.08707814988606,265.80203796449587,-33.9341658000,150.8358358000
Connection-FromCasula,"314","0","314",0.08712875788939,266.91736005771145,-33.9341649000,150.8357852000
Connection-FromCasula,"315","0","315",0.08728468203761,261.59893245235185,-33.9341844000,150.8356305000
Connection-FromCasula,"316","0","316",0.08749057608803,258.23116682740283,-33.9342188000,150.8354275000
Connection-FromCasula,"317","0","317",0.08777698699914,254.06143965648323,-33.9342877000,150.8351495000
Connection-FromCasula,"318","0","318",0.08786423727135,250.79952482277756,-33.9343146000,150.8350665000
Connection-FromCasula,"319","0","319",0.08826391015010,250.01732071127066,-33.9344542000,150.8346920000
Connection-FromCasula,"320","0","320",0.08832226467007,260.72833018838770,-33.9344737000,150.8346370000
Connection-FromCasula,"321","0","321",0.08837497235451,275.94432901150981,-33.9344728000,150.8345843000
Connection-FromCasula,"322","0","322",0.08845369528633,249.48327064008353,-33.9344579000,150.8345070000
Connection-FromCasula,"323","0","323",0.08851744895289,221.72903048846018,-33.9345081000,150.8344677000
Connection-FromCasula,"324","0","324",0.08856786690605,230.69670646382991,-33.9345435000,150.8344318000
Connection-FromCasula,"325","0","325",0.08863276783058,241.85168794806162,-33.9345798000,150.8343780000
Connection-FromCasula,"326","0","326",0.08915509196365,248.37831815529540,-33.9347779000,150.8338947000
Connection-FromCasula,"327","0","327",0.08918512190943,250.73259072404156,-33.9347886398,150.8338666562
Connection-FromCasula,"328","0","328",0.08925451912629,256.30646289791071,-33.9348096000,150.8338005000
Connection-FromCasula,"329","0","329",0.08930911701998,270.55671238286675,-33.9348189000,150.8337467000
Connection-FromCasula,"330","0","330",0.08935820602083,289.17349510648899,-33.9348096000,150.8336985000
Connection-FromCasula,"331","0","331",0.08940879159188,260.03791144276965,-33.9347863000,150.8336536000
Connection-FromCasula,"332","0","332",0.08944672442723,227.32763317006169,-33.9348142000,150.8336279000
Connection-FromCasula,"333","0","333",0.08954354307214,236.69322684489808,-33.9348738000,150.8335516000
Connection-FromCasula,"334","0","334",0.08959594545759,247.25895533654884,-33.9348989000,150.8335056000
Connection-FromCasula,"335","0","335",0.08966971753902,257.69717991113856,-33.9349203000,150.8334350000
Connection-FromCasula,"336","0","336",0.08980777622220,263.17877139838237,-33.9349389000,150.8332982000
Connection-FromCasula,"337","0","337",0.09020568381198,266.17769238248019,-33.9349798000,150.8329024000
Connection-FromCasula,"338","0","338",0.09028121883698,279.77546190434470,-33.9349821000,150.8328269000
Connection-FromCasula,"339","0","339",0.09034014226185,293.53058996604079,-33.9349607000,150.8327720000
Connection-FromCasula,"340","0","340",0.09038500215486,261.17955223586807,-33.9349412000,150.8327316000
Connection-FromCasula,"341","0","341",0.09042822309886,236.07489413761959,-33.9349709000,150.8327002000
Connection-FromCasula,"342","0","342",0.09049347154709,251.48135762888484,-33.9349979000,150.8326408000
Connection-FromCasula,"343","0","343",0.09057052529459,261.15512825966454,-33.9350147000,150.8325656000
Connection-FromCasula,"344","0","344",0.09097803633739,266.23899195973542,-33.9350509000,150.8321597000
Connection-FromCasula,"345","0","345",0.09104419561489,269.12029870630084,-33.9350537000,150.8320936000
Connection-FromCasula,"346","0","346",0.09112160084728,279.42016001602292,-33.9350528000,150.8320162000
Connection-FromCasula,"347","0","347",0.09118411972442,298.28380167386553,-33.9350333000,150.8319568000
Connection-FromCasula,"348","0","348",0.09123451754182,317.10494284201513,-33.9350020000,150.8319173000
Connection-FromCasula,"349","0","349",0.09126993646334,334.71343103205254,-33.9349727000,150.8318974000
Connection-FromCasula,"350","0","350",0.09131778058524,348.38492725215502,-33.9349268000,150.8318839000
Connection-FromCasula,"351","0","351",0.09142272766715,353.94813146474411,-33.9348226000,150.8318714000
Connection-FromCasula,"352","0","352",0.09162658715305,355.68603344141439,-33.9346196000,150.8318527000
Connection-FromCasula,"353","0","353",0.09203208620361,355.73738553035156,-33.9342148000,150.8318289000
Connection-FromCasula,"354","0","354",0.09258131235011,357.94268597522517,-33.9336678000,150.8317795000
Connection-FromCasula,"355","0","355",0.09280594976908,318.65325786046094,-33.9334432000,150.8317836000
Connection-FromCasula,"356","0","356",0.10234353229820,268.60022592733753,-33.9324031000,150.8223029000
Connection-FromCasula,"357","0","357",0.10324082762300,260.93973580750281,-33.9325444000,150.8214168000
Connection-ToMtDruitt,"0","0","0",0.00000000000000,7.55667073606356,-33.8804351000,150.7921182000
Connection-ToMtDruitt,"1","0","1",0.00105508308030,8.69785300783307,-33.8793891800,150.7922569506
Connection-ToMtDruitt,"2","0","2",0.00241330072121,9.83885656206511,-33.8780509394,150.7924890439
Connection-ToMtDruitt,"3","0","3",0.00377151790373,9.83849914343371,-33.8767126979,150.7927211288
Connection-ToMtDruitt,"4","0","4",0.00512973462803,9.83814175689223,-33.8753744553,150.7929532053
Connection-ToMtDruitt,"5","0","5",0.00648795089419,9.69071750328511,-33.8740362117,150.7931852733
Connection-ToMtDruitt,"6","0","6",0.00768285162467,10.76594528511397,-33.8728578483,150.7933833830
Connection-ToMtDruitt,"7","0","7",0.00784629759461,10.91283352880569,-33.8726979672,150.7934173330
Connection-ToMtDruitt,"8","0","8",0.00920451294482,9.83706978390022,-33.8713597216,150.7936493842
Connection-ToMtDruitt,"9","0","9",0.01056272783727,9.83671252263649,-33.8700214751,150.7938814270
Connection-ToMtDruitt,"10","0","10",0.01192094227196,9.83635529300065,-33.8686832275,150.7941134613
Connection-ToMtDruitt,"11","0","11",0.01327915624911,9.83599809345292,-33.8673449790,150.7943454873
Connection-ToMtDruitt,"12","0","12",0.01463736976878,9.83564091887668,-33.8660067294,150.7945775048
Connection-ToMtDruitt,"13","0","13",0.01496792005938,9.83546234664860,-33.8656810374,150.7946339692
Connection-ToMtDruitt,"14","0","14",0.01599558283109,9.83528379249455,-33.8646684789,150.7948095139
Connection-ToMtDruitt,"15","0","15",0.01735379543613,9.83492668372997,-33.8633302274,150.7950415146
Connection-ToMtDruitt,"16","0","16",0.01871200758402,9.83456961072067,-33.8619919748,150.7952735068
Connection-ToMtDruitt,"17","0","17",0.02007021927488,9.83421256872356,-33.8606537213,150.7955054907
Connection-ToMtDruitt,"18","0","18",0.02142843050880,9.83385555717364,-33.8593154668,150.7957374661
Connection-ToMtDruitt,"19","0","19",0.02278664128589,9.83349857822894,-33.8579772113,150.7959694331
Connection-ToMtDruitt,"20","0","20",0.02414485160631,9.83314163029677,-33.8566389548,150.7962013917
Connection-ToMtDruitt,"21","0","21",0.02550306147011,9.83278471214463,-33.8553006973,150.7964333419
Connection-ToMtDruitt,"22","0","22",0.02686127087745,9.83242782569826,-33.8539624388,150.7966652836
Connection-ToMtDruitt,"23","0","23",0.02821947982837,9.83207097103452,-33.8526241793,150.7968972170
Connection-ToMtDruitt,"24","0","24",0.02957768832299,9.83171414815556,-33.8512859188,150.7971291419
Connection-ToMtDruitt,"25","0","25",0.03093589636152,9.83135735585241,-33.8499476573,150.7973610585
Connection-ToMtDruitt,"26","0","26",0.03229410394392,53.35472976523867,-33.8486093948,150.7975929666
Connection-ToMtDruitt,"27","0","27",0.03471742657186,53.35217270949479,-33.8488996131,150.7999988481
Connection-ToMtDruitt,"28","0","28",0.06052327769663,18.96767719688822,-33.8234723244,150.8044028169
Connection-ToMtDruitt,"29","0","29",0.06675537495274,337.98848598298935,-33.8179753000,150.8073391000
Connection-ToMtDruitt,"30","0","30",0.06699492922638,279.04258426191797,-33.8179018000,150.8071111000
Connection-ToMtDruitt,"31","0","31",0.06818043776704,271.71770124180711,-33.8178973000,150.8059256000
Connection-ToMtDruitt,"32","0","32",0.06833898775914,274.84831607534710,-33.8178884000,150.8057673000
Connection-ToMtDruitt,"33","0","33",0.06845774616938,278.27527227587933,-33.8178750000,150.8056493000
Connection-ToMtDruitt,"34","0","34",0.06857210857579,283.06284225626945,-33.8178550000,150.8055367000
Connection-ToMtDruitt,"35","0","35",0.06878979798753,286.44931728762396,-33.8177948000,150.8053275000
Connection-ToMtDruitt,"36","0","36",0.06899719678217,284.87873607614978,-33.8177347000,150.8051290000
Connection-ToMtDruitt,"37","0","37",0.06910728061386,282.30495371949388,-33.8177101000,150.8050217000
Connection-ToMtDruitt,"38","0","38",0.06920592928339,280.79304392868482,-33.8176901000,150.8049251000
Connection-ToMtDruitt,"39","0","39",0.06932296816583,277.57160876527723,-33.8176700000,150.8048098000
Connection-ToMtDruitt,"40","0","40",0.06944417748890,273.92452701765035,-33.8176589000,150.8046891000
Connection-ToMtDruitt,"41","0","41",0.06954357940034,271.28893032465459,-33.8176544000,150.8045898000
Connection-ToMtDruitt,"42","0","42",0.07430417960619,269.98277732122335,-33.8176558000,150.7998292000
Connection-ToMtDruitt,"43","0","43",0.07723477974440,277.28940101138500,-33.8176567000,150.7968986000
Connection-ToMtDruitt,"44","0","44",0.07788475777480,333.18812357955147,-33.8174929000,150.7962696000
Connection-ToMtDruitt,"45","0","45",0.07980934153498,332.71252813490804,-33.8157057000,150.7969837000
Connection-ToMtDruitt,"46","0","46",0.08006876368131,284.27953169448944,-33.8156445000,150.7967316000
Connection-ToMtDruitt,"47","0","47",0.08053113932944,286.75729295285294,-33.8155255000,150.7962848000
Connection-ToMtDruitt,"48","0","48",0.08092459156289,289.47463576728813,-33.8154000000,150.7959119000
Connection-ToMtDruitt,"49","0","49",0.08138673156333,289.33475493394218,-33.8152393000,150.7954786000
Connection-ToMtDruitt,"50","0","50",0.08187951026619,287.37609399769997,-33.8150844000,150.7950108000
Connection-ToMtDruitt,"51","0","51",0.08243030471970,285.34256278063287,-33.8149286000,150.7944825000
Connection-ToMtDruitt,"52","0","52",0.08295382164395,284.25126734596438,-33.8147997000,150.7939751000
Connection-ToMtDruitt,"53","0","53",0.08326788318252,284.24716807218221,-33.8147224000,150.7936707000
Connection-ToMtDruitt,"54","0","54",0.08440897241652,282.98479241270218,-33.8144416000,150.7925647000
Connection-ToMtDruitt,"55","0","55",0.08526676755525,279.91723606546310,-33.8142673000,150.7917248000
Connection-ToMtDruitt,"56","0","56",0.08734354029199,278.00713959577524,-33.8139743000,150.7896688000
Connection-ToMtDruitt,"57","0","57",0.08815949131992,277.98103421354983,-33.8138621000,150.7888606000
Connection-ToMtDruitt,"58","0","58",0.08857751903430,280.56787749565052,-33.8138035000,150.7884467000
Connection-ToMtDruitt,"59","0","59",0.08889926334272,286.46362543752622,-33.8137307000,150.7881333000
Connection-ToMtDruitt,"60","0","60",0.08920790088094,292.82987525008400,-33.8136259000,150.7878430000
Connection-ToMtDruitt,"61","0","61",0.08953703395434,296.82647610474407,-33.8134826000,150.7875467000
Connection-ToMtDruitt,"62","0","62",0.08985584239211,298.89709758660933,-33.8133337000,150.7872648000
Connection-ToMtDruitt,"63","0","63",0.09130658685276,351.19295060107578,-33.8126094000,150.7860078000
Connection-ToMtDruitt,"64","0","64",0.09139032149312,41.52469458448495,-33.8125476000,150.7860643000
Connection-ToMtDruitt,"65","0","65",0.09148372090426,38.18678418222888,-33.8124767000,150.7861251000
Connection-ToMtDruitt,"66","0","66",0.09170344220498,33.66469487422979,-33.8122984000,150.7862535000
Connection-ToMtDruitt,"67","0","67",0.09194640071997,29.03046782274489,-33.8120914000,150.7863807000
Connection-ToMtDruitt,"68","0","68",0.09225578334717,25.82201573178328,-33.8118145000,150.7865187000
Connection-ToMtDruitt,"69","0","69",0.09270420632828,24.15537187346114,-33.8114086000,150.7867093000
Connection-ToMtDruitt,"70","0","70",0.09312250934044,25.13280496981104,-33.8110240000,150.7868738000
Connection-ToMtDruitt,"71","0","71",0.09335359499554,27.83063427013673,-33.8108183000,150.7869791000
Connection-ToMtDruitt,"72","0","72",0.09355214315094,28.97079131999919,-33.8106439000,150.7870740000
Connection-ToMtDruitt,"73","0","73",0.09428839035128,29.44361868292307,-33.8100024000,150.7874353000
Connection-ToMtDruitt,"74","0","74",0.09518846912558,31.36645130729656,-33.8092190000,150.7878785000
Connection-ToMtDruitt,"75","0","75",0.09562436632679,34.78648606892592,-33.8088544000,150.7881174000
Connection-ToMtDruitt,"76","0","76",0.09602770366697,39.16023754040297,-33.8085295000,150.7883564000
Connection-ToMtDruitt,"77","0","77",0.09626675449842,43.63742756605361,-33.8083518000,150.7885163000
Connection-ToMtDruitt,"78","0","78",0.09651565933967,47.28288399701000,-33.8081767000,150.7886932000
Connection-ToMtDruitt,"79","0","79",0.09695982552477,48.75014479015753,-33.8078869000,150.7890298000
Connection-ToMtDruitt,"80","0","80",0.09736047131597,49.20229581171639,-33.8076200000,150.7893286000
Connection-ToMtDruitt,"81","0","81",0.09871380839519,51.14735416914869,-33.8067533000,150.7903680000
Connection-ToMtDruitt,"82","0","82",0.09966569701261,53.66044962712257,-33.8061688000,150.7911193000
Connection-ToMtDruitt,"83","0","83",0.10137457557180,56.08853087567508,-33.8051936000,150.7925226000
Connection-ToMtDruitt,"84","0","84",0.10188684785292,57.70782231878644,-33.8049144000,150.7929521000
Connection-ToMtDruitt,"85","0","85",0.10260929021740,58.68068250094285,-33.8045363000,150.7935677000
Connection-ToMtDruitt,"86","0","86",0.10668335046240,58.04323450093805,-33.8024331000,150.7970569000
Connection-ToMtDruitt,"87","0","87",0.10851351114659,54.46043159013102,-33.8014408000,150.7985947000
Connection-ToMtDruitt,"88","0","88",0.10915805706431,53.43873329102122,-33.8010418000,150.7991009000
Connection-ToMtDruitt,"89","0","89",0.10954385054531,56.28374806867705,-33.8008212000,150.7994174000
Connection-ToMtDruitt,"90","0","90",0.11084856679798,57.14999749590310,-33.8001191000,150.8005171000
Connection-ToMtDruitt,"91","0","91",0.11097659741933,57.35527203043242,-33.8000491000,150.8006243000
Connection-ToMtDruitt,"92","0","92",0.11330823933006,58.51674275546352,-33.7988085000,150.8025985000
Connection-ToMtDruitt,"93","0","93",0.11432003267360,58.62027770732943,-33.7982901000,150.8034674000
Connection-ToMtDruitt,"94","0","94",0.11449243084644,57.39939907601080,-33.7981989000,150.8036137000
Connection-ToMtDruitt,"95","0","95",0.11499819281616,56.24073726398397,-33.7979215000,150.8040366000
Connection-ToMtDruitt,"96","0","96",0.11546169515704,56.13128421502201,-33.7976606000,150.8044197000
Connection-ToMtDruitt,"97","0","97",0.11593444152665,53.68357418043867,-33.7973998000,150.8048140000
Connection-ToMtDruitt,"98","0","98",0.11662278707941,47.92440369922083,-33.7969652000,150.8053478000
Connection-ToMtDruitt,"99","0","99",0.11712723705712,41.45632603929507,-33.7966085000,150.8057045000
Connection-ToMtDruitt,"100","0","100",0.11760749659113,35.16762723443589,-33.7962296000,150.8059996000
Connection-ToMtDruitt,"101","0","101",0.11803255641044,30.48067368556545,-33.7958708000,150.8062275000
Connection-ToMtDruitt,"102","0","102",0.11845976467347,27.49955956893013,-33.7954955000,150.8064316000
Connection-ToMtDruitt,"103","0","103",0.11880246502363,24.54631178791091,-33.7951887000,150.8065843000
Connection-ToMtDruitt,"104","0","104",0.11947863427019,22.08764127309887,-33.7945646000,150.8068445000
Connection-ToMtDruitt,"105","0","105",0.12009219647568,20.81304230531395,-33.7939939000,150.8070698000
Connection-ToMtDruitt,"106","0","106",0.12063095523435,18.98774376322321,-33.7934879000,150.8072548000
Connection-ToMtDruitt,"107","0","107",0.12101503107317,14.63852238120944,-33.7931224000,150.8073728000
Connection-ToMtDruitt,"108","0","108",0.12172224606878,22.63757525132189,-33.7924291000,150.8075124000
Connection-ToMtDruitt,"109","0","109",0.12180151321204,17.63599587045571,-33.7923633000,150.8075566000
Connection-ToMtDruitt,"110","0","110",0.12249421454737,0.08176708733087,-33.7916708000,150.8075733000
Connection-ToMtDruitt,"111","0","111",0.12262124324493,357.18854488180688,-33.7915438000,150.8075706000
Connection-ToMtDruitt,"112","0","112",0.12345972005442,351.93914000567264,-33.7907078000,150.8075062000
Connection-ToMtDruitt,"113","0","113",0.12428011413651,347.47368382622591,-33.7899045000,150.8073396000
Connection-ToMtDruitt,"114","0","114",0.12448647886220,342.92872494339372,-33.7897037000,150.8072920000
Connection-ToMtDruitt,"115","0","115",0.12521167274662,338.56983089187594,-33.7890258000,150.8070344000
Connection-ToMtDruitt,"116","0","116",0.12613104070885,337.57536375669252,-33.7881737000,150.8066892000
Connection-ToMtDruitt,"117","0","117",0.12759086295829,340.98079683965767,-33.7868279000,150.8061236000
Connection-ToMtDruitt,"118","0","118",0.12783619363310,350.74715406495756,-33.7865912000,150.8060591000
Connection-ToMtDruitt,"119","0","119",0.12805054110798,1.02305132126469,-33.7863772000,150.8060469000
Connection-ToMtDruitt,"120","0","120",0.12814564909926,357.73770089924977,-33.7862825000,150.8060557000
Connection-ToMtDruitt,"121","0","121",0.12864041823732,326.97753138668190,-33.7857950000,150.8059712000
Connection-ToMtDruitt,"122","0","122",0.12868878816603,313.04493472101871,-33.7857681000,150.8059310000
Connection-ToMtDruitt,"123","0","123",0.12873441293997,332.66220852635541,-33.7857320000,150.8059031000
Connection-ToMtDruitt,"124","0","124",0.12877790834202,354.12089955055171,-33.7856904000,150.8058904000
Connection-ToMtDruitt,"125","0","125",0.12882078607519,16.00735302991871,-33.7856477000,150.8058943000
Connection-ToMtDruitt,"126","0","126",0.12886515002451,36.89408742606168,-33.7856081000,150.8059143000
Connection-ToMtDruitt,"127","0","127",0.12891396989752,56.10461141833310,-33.7855748000,150.8059500000
Connection-ToMtDruitt,"128","0","128",0.12896573755150,73.52077104426958,-33.7855531000,150.8059970000
Connection-ToMtDruitt,"129","0","129",0.12901918069888,89.83337563221011,-33.7855455000,150.8060499000
Connection-ToMtDruitt,"130","0","130",0.12907268107271,87.09927252584258,-33.7855528000,150.8061029000
Connection-ToMtDruitt,"131","0","131",0.12956487016239,73.96566321601583,-33.7854367000,150.8065812000
Connection-ToMtDruitt,"132","0","132",0.13244406077084,71.52029590978597,-33.7845267000,150.8093128000
Connection-ToMtDruitt,"133","0","133",0.13311727907870,71.61217558046482,-33.7843127000,150.8099511000
Connection-ToMtDruitt,"134","0","134",0.13405205370393,71.74840447959650,-33.7840201000,150.8108389000
Connection-ToMtDruitt,"135","0","135",0.13425118323464,69.67016591538223,-33.7839577000,150.8110280000
Connection-ToMtDruitt,"136","0","136",0.13442964611595,66.13612107681432,-33.7838897000,150.8111930000
Connection-ToMtDruitt,"137","0","137",0.13468488547419,63.37453480912450,-33.7837805000,150.8114237000
Connection-ToMtDruitt,"138","0","138",0.13490036858259,60.69277605590908,-33.7836796000,150.8116141000
Connection-ToMtDruitt,"139","0","139",0.13512957898809,58.07351904452334,-33.7835626000,150.8118112000
Connection-ToMtDruitt,"140","0","140",0.13559962436889,52.51588921931017,-33.7833055000,150.8122047000
Connection-ToMtDruitt,"141","0","141",0.13575967867217,49.09214132935200,-33.7831988000,150.8123240000
Connection-ToMtDruitt,"142","0","142",0.13590916265126,48.75818063000228,-33.7831027000,150.8124385000
Connection-ToMtDruitt,"143","0","143",0.13612921548581,46.39025216759111,-33.7829541000,150.8126008000
Connection-ToMtDruitt,"144","0","144",0.13638108946223,41.07168416694155,-33.7827768000,150.8127797000
Connection-ToMtDruitt,"145","0","145",0.13645222946504,33.96422170228222,-33.7827199000,150.8128224000
Connection-ToMtDruitt,"146","0","146",0.13651467215879,25.10802101685448,-33.7826664000,150.8128546000
Connection-ToMtDruitt,"147","0","147",0.13668883326235,358.11321591683162,-33.7825019000,150.8129118000
Connection-ToMtDruitt,"148","0","148",0.13671576447101,340.87992002097172,-33.7824771000,150.8129013000
Connection-ToMtDruitt,"149","0","149",0.13674230425250,348.97955686802868,-33.7824515000,150.8128943000
Connection-ToMtDruitt,"150","0","150",0.13676868701199,357.28199453478089,-33.7824253000,150.8128912000
Connection-ToMtDruitt,"151","0","151",0.13679489388131,5.45854595364460,-33.7823991000,150.8128918000
Connection-ToMtDruitt,"152","0","152",0.13682126356088,13.64628184426255,-33.7823731000,150.8128962000
Connection-ToMtDruitt,"153","0","153",0.13684792383096,21.65272960567016,-33.7823477000,150.8129043000
Connection-ToMtDruitt,"154","0","154",0.13687498394919,29.36087084231198,-33.7823233000,150.8129160000
Connection-ToMtDruitt,"155","0","155",0.13690208247313,36.77364174437976,-33.7823006000,150.8129308000
Connection-ToMtDruitt,"156","0","156",0.13692967613183,43.86712580424476,-33.7822796000,150.8129487000
Connection-ToMtDruitt,"157","0","157",0.13695798302145,50.64618258604785,-33.7822604000,150.8129695000
Connection-ToMtDruitt,"158","0","158",0.13698690636844,57.23713410355306,-33.7822434000,150.8129929000
Connection-ToMtDruitt,"159","0","159",0.13701632761925,63.44890346384664,-33.7822289000,150.8130185000
Connection-ToMtDruitt,"160","0","160",0.13704633178564,69.38349339985862,-33.7822169000,150.8130460000
Connection-ToMtDruitt,"161","0","161",0.13707666081463,75.26010233412383,-33.7822077000,150.8130749000
Connection-ToMtDruitt,"162","0","162",0.13710741305032,72.06605566346863,-33.7822014000,150.8131050000
Connection-ToMtDruitt,"163","0","163",0.13721833973780,63.00866014503535,-33.7821562000,150.8132063000
Connection-ToMtDruitt,"164","0","164",0.13728146136646,56.16215397834932,-33.7821247000,150.8132610000
Connection-ToMtDruitt,"165","0","165",0.13734076819574,45.53380816988543,-33.7820884000,150.8133079000
Connection-ToMtDruitt,"166","0","166",0.13740762640391,36.21865830644695,-33.7820363000,150.8133498000
Connection-ToMtDruitt,"167","0","167",0.13764686872873,31.23414452957544,-33.7818371000,150.8134823000
Connection-ToMtDruitt,"168","0","168",0.13805281084285,27.29637103179983,-33.7814815000,150.8136781000
Connection-ToMtDruitt,"169","0","169",0.13830895568468,24.69271341578219,-33.7812508000,150.8137894000
Connection-ToMtDruitt,"170","0","170",0.13855967931739,22.32379204883353,-33.7810211000,150.8138899000
Connection-ToMtDruitt,"171","0","171",0.13897875870130,19.23510859440110,-33.7806299000,150.8140402000
Connection-ToMtDruitt,"172","0","172",0.13923348592795,16.10143490734746,-33.7803869000,150.8141166000
Connection-ToMtDruitt,"173","0","173",0.13962312535100,13.45875736166062,-33.7800101000,150.8142158000
Connection-ToMtDruitt,"174","0","174",0.14012602351168,12.18056721426150,-33.7795185000,150.8143218000
Connection-ToMtDruitt,"175","0","175",0.14033340174099,7.89023324080094,-33.7793158000,150.8143656000
Connection-ToMtDruitt,"176","0","176",0.14049642115699,9.28544281909472,-33.7791531000,150.8143758000
Connection-ToMtDruitt,"177","0","177",0.14125335703936,12.20318497762677,-33.7784219000,150.8145715000
Connection-ToMtDruitt,"178","0","178",0.14161067832337,11.24813850483248,-33.7780694000,150.8146300000
Connection-ToMtDruitt,"179","0","179",0.14211156084450,12.31353776030440,-33.7775815000,150.8147433000
Connection-ToMtDruitt,"180","0","180",0.14228681180743,11.28390466687129,-33.7774098000,150.8147784000
Connection-ToMtDruitt,"181","0","181",0.14241576891887,11.01423021064739,-33.7772832183,150.8148030376
Connection-ToMtDruitt,"182","0","182",0.14266681149165,11.54601448726201,-33.7770368000,150.8148510000
Connection-ToMtDruitt,"183","0","183",0.14304436895750,11.05976365114627,-33.7766676000,150.8149300000
Connection-ToMtDruitt,"184","0","184",0.14384097210209,13.81908674335556,-33.7758832000,150.8150689000
Connection-ToMtDruitt,"185","0","185",0.14403977416444,14.31885572010187,-33.7756937000,150.8151290000
Connection-ToMtDruitt,"186","0","186",0.14488043521983,11.03920665502177,-33.7748686000,150.8152900000
Connection-ToMtDruitt,"187","0","187",0.14585669279341,11.05448417480665,-33.7739104000,150.8154769000
Connection-ToMtDruitt,"188","0","188",0.14593219815745,11.05738873800242,-33.7738363000,150.8154914000
Connection-ToMtDruitt,"189","0","189",0.14674871693861,11.04108544714837,-33.7730349000,150.8156478000
Connection-ToMtDruitt,"190","0","190",0.14778224089577,11.84469854116876,-33.7720205000,150.8158457000
Connection-ToMtDruitt,"191","0","191",0.14840690439716,1.82134408964831,-33.7714110000,150.8159825000
Connection-ToMtDruitt,"192","0","192",0.14854359002190,0.11191847265190,-33.7712760000,150.8159611000
Connection-ToMtDruitt,"193","0","193",0.14922866260930,8.88104825478145,-33.7705998000,150.8160710000
Connection-ToMtDruitt,"194","0","194",0.14956033208332,8.18694251086175,-33.7702718000,150.8161202000
Connection-ToMtDruitt,"195","0","195",0.14994432416654,9.49919229548901,-33.7698914000,150.8161726000
Connection-ToMtDruitt,"196","0","196",0.15033663631267,7.13212888676541,-33.7695065000,150.8162485000
Connection-ToMtDruitt,"197","0","197",0.15047123441816,356.30033235756093,-33.7693721000,150.8162558000
Connection-ToMtDruitt,"198","0","198",0.15061982654448,33.53286464068785,-33.7692260000,150.8162287000
Connection-ToMtDruitt,"199","0","199",0.15069836634332,82.13374585261300,-33.7692091000,150.8163054000
Connection-ToMtDruitt,"200","0","200",0.15083880013553,91.66297457606761,-33.7692010000,150.8164456000
Connection-ToMtDruitt,"201","0","201",0.15100330107776,98.35509393518666,-33.7692200000,150.8166090000
Connection-ToMtDruitt,"202","0","202",0.15104616236566,100.06921298110724,-33.7692275000,150.8166512000
Connection-ToMtDruitt,"203","0","203",0.15393924914624,74.47106437591920,-33.7697329000,150.8194998000
Connection-ToMtDruitt,"204","0","204",0.15396327517379,61.10170775761647,-33.7697171000,150.8195179000
Connection-ToMtDruitt,"205","0","205",0.15398905985918,84.39672431113731,-33.7697097000,150.8195426000
Connection-ToMtDruitt,"206","0","206",0.15401527931759,107.19628028745363,-33.7697122000,150.8195687000
Connection-ToMtDruitt,"207","0","207",0.15404029970928,132.09724103889633,-33.7697243000,150.8195906000
Connection-ToMtDruitt,"208","0","208",0.15406329579590,160.66858224060687,-33.7697432000,150.8196037000
Connection-ToMtDruitt,"209","0","209",0.15408514734044,137.13596246993160,-33.7697650000,150.8196052000
Connection-ToMtDruitt,"210","0","210",0.15439684029832,98.21508046997374,-33.7698095000,150.8199137000
Connection-ToMtDruitt,"211","0","211",0.15457305153519,98.22206981765105,-33.7698347000,150.8200881000
Connection-FromMtDruitt,"0","0","0",0.00000000000000,278.22206981765100,-33.7698347000,150.8200881000
Connection-FromMtDruitt,"1","0","1",0.00017621123686,278.21508046997371,-33.7698095000,150.8199137000
Connection-FromMtDruitt,"2","0","2",0.00048790419475,244.17775615456611,-33.7697650000,150.8196052000
Connection-FromMtDruitt,"3","0","3",0.00051438626412,225.82342181025555,-33.7697879000,150.8195919000
Connection-FromMtDruitt,"4","0","4",0.00054351648902,254.90460884924394,-33.7698018000,150.8195663000
Connection-FromMtDruitt,"5","0","5",0.00057402976480,279.43292025614022,-33.7698027000,150.8195358000
Connection-FromMtDruitt,"6","0","6",0.00059453537382,300.37015039235342,-33.7697955000,150.8195166000
Connection-FromMtDruitt,"7","0","7",0.00061390777686,321.45594246149994,-33.7697830000,150.8195018000
Connection-FromMtDruitt,"8","0","8",0.00063202130771,345.21850969478743,-33.7697669000,150.8194935000
Connection-FromMtDruitt,"9","0","9",0.00064953530214,10.34905338964101,-33.7697494000,150.8194928000
Connection-FromMtDruitt,"10","0","10",0.00066745875044,331.52473473679316,-33.7697329000,150.8194998000
Connection-FromMtDruitt,"11","0","11",0.00356054553102,236.33687478591003,-33.7692275000,150.8166512000
Connection-FromMtDruitt,"12","0","12",0.00480067321799,193.03530956998475,-33.7704377000,150.8163804000
Connection-FromMtDruitt,"13","0","13",0.00560763039154,200.85729873628551,-33.7712225000,150.8161926000
Connection-FromMtDruitt,"14","0","14",0.00584694927925,199.41626410586758,-33.7714333000,150.8160793000
Connection-FromMtDruitt,"15","0","15",0.00625396291536,190.39439484537129,-33.7718334000,150.8160046000
Connection-FromMtDruitt,"16","0","16",0.00646094257622,190.11003494513230,-33.7720371000,150.8159679000
Connection-FromMtDruitt,"17","0","17",0.00732935368280,190.33369202550557,-33.7728923000,150.8158170000
Connection-FromMtDruitt,"18","0","18",0.00831048766447,191.30570098015210,-33.7738565000,150.8156355000
Connection-FromMtDruitt,"19","0","19",0.00906964188461,191.94917881357736,-33.7745992000,150.8154783000
Connection-FromMtDruitt,"20","0","20",0.01020289068787,184.67080614349697,-33.7757079000,150.8152437000
Connection-FromMtDruitt,"21","0","21",0.01035905217480,185.03004692970487,-33.7758639000,150.8152508000
Connection-FromMtDruitt,"22","0","22",0.01042700583546,192.63133481566643,-33.7759302000,150.8152359000
Connection-FromMtDruitt,"23","0","23",0.01158067535920,192.82024947861964,-33.7770561000,150.8149843000
Connection-FromMtDruitt,"24","0","24",0.01184253184662,192.02456558113889,-33.7773112000,150.8149252000
Connection-FromMtDruitt,"25","0","25",0.01263561709423,190.99784517533254,-33.7780897000,150.8147738000
Connection-FromMtDruitt,"26","0","26",0.01282549968953,191.93830452828001,-33.7782761000,150.8147376000
Connection-FromMtDruitt,"27","0","27",0.01364965622807,192.89886764406577,-33.7790795000,150.8145538000
Connection-FromMtDruitt,"28","0","28",0.01376333032366,190.93747886186219,-33.7791903000,150.8145284000
Connection-FromMtDruitt,"29","0","29",0.01392571335843,190.07327523284258,-33.7793507000,150.8145031000
Connection-FromMtDruitt,"30","0","30",0.01412061405115,191.63463146489448,-33.7795419000,150.8144653000
Connection-FromMtDruitt,"31","0","31",0.01463307331779,193.15317607360703,-33.7800430000,150.8143580000
Connection-FromMtDruitt,"32","0","32",0.01495792720803,195.59400205404830,-33.7803579000,150.8142782000
Connection-FromMtDruitt,"33","0","33",0.01523582440123,198.58019517587590,-33.7806237000,150.8141971000
Connection-FromMtDruitt,"34","0","34",0.01530593345915,200.41837668296137,-33.7806895000,150.8141729000
Connection-FromMtDruitt,"35","0","35",0.01561027591430,202.07327597037130,-33.7809743000,150.8140656000
Connection-FromMtDruitt,"36","0","36",0.01609073290506,205.72994675653791,-33.7814149000,150.8138740000
Connection-FromMtDruitt,"37","0","37",0.01634285694202,208.47532693455295,-33.7816376000,150.8137558000
Connection-FromMtDruitt,"38","0","38",0.01664159550661,210.16422959228220,-33.7818989000,150.8136110000
Connection-FromMtDruitt,"39","0","39",0.01689811133461,210.36410813741924,-33.7821180000,150.8134776000
Connection-FromMtDruitt,"40","0","40",0.01694252901127,208.98782710738288,-33.7821567000,150.8134558000
Connection-FromMtDruitt,"41","0","41",0.01697555385042,202.01064176213146,-33.7821857000,150.8134400000
Connection-FromMtDruitt,"42","0","42",0.01702213464043,193.08148245042162,-33.7822306000,150.8134276000
Connection-FromMtDruitt,"43","0","43",0.01714304655053,177.13623593392805,-33.7823494000,150.8134051000
Connection-FromMtDruitt,"44","0","44",0.01717411872457,168.32678611854092,-33.7823792000,150.8134139000
Connection-FromMtDruitt,"45","0","45",0.01720494160566,177.95595957388397,-33.7824098000,150.8134176000
Connection-FromMtDruitt,"46","0","46",0.01723557834833,187.56707048008585,-33.7824404000,150.8134161000
Connection-FromMtDruitt,"47","0","47",0.01726649112887,196.99686471963136,-33.7824706000,150.8134095000
Connection-FromMtDruitt,"48","0","48",0.01729791086787,206.31485765407038,-33.7824998000,150.8133979000
Connection-FromMtDruitt,"49","0","49",0.01732998110327,214.89284582350203,-33.7825273000,150.8133814000
Connection-FromMtDruitt,"50","0","50",0.01735757711750,222.34065363676021,-33.7825488000,150.8133641000
Connection-FromMtDruitt,"51","0","51",0.01738586457054,229.21776357066130,-33.7825685000,150.8133438000
Connection-FromMtDruitt,"52","0","52",0.01741482592409,235.87289959512987,-33.7825861000,150.8133208000
Connection-FromMtDruitt,"53","0","53",0.01744428946087,242.19725188486049,-33.7826012000,150.8132955000
Connection-FromMtDruitt,"54","0","54",0.01747435688509,248.24652200937237,-33.7826138000,150.8132682000
Connection-FromMtDruitt,"55","0","55",0.01750487327417,254.17850404991805,-33.7826236000,150.8132393000
Connection-FromMtDruitt,"56","0","56",0.01753575401251,259.93612195655339,-33.7826305000,150.8132092000
Connection-FromMtDruitt,"57","0","57",0.01756679994622,247.91941079029417,-33.7826344000,150.8131784000
Connection-FromMtDruitt,"58","0","58",0.01772020007658,230.61601461505808,-33.7827266000,150.8130558000
Connection-FromMtDruitt,"59","0","59",0.01779038219681,225.39534197188951,-33.7827734000,150.8130035000
Connection-FromMtDruitt,"60","0","60",0.01803497034044,222.76712758565037,-33.7829534000,150.8128379000
Connection-FromMtDruitt,"61","0","61",0.01811485532023,225.79168482759181,-33.7830119000,150.8127835000
Connection-FromMtDruitt,"62","0","62",0.01819343400694,232.45757519267246,-33.7830638000,150.8127245000
Connection-FromMtDruitt,"63","0","63",0.01827569608811,239.06071059917977,-33.7831095000,150.8126561000
Connection-FromMtDruitt,"64","0","64",0.01833953729738,243.17834658723905,-33.7831396000,150.8125998000
Connection-FromMtDruitt,"65","0","65",0.01844424765979,245.70773425135275,-33.7831847000,150.8125053000
Connection-FromMtDruitt,"66","0","66",0.01858663670434,247.97932528706710,-33.7832405000,150.8123743000
Connection-FromMtDruitt,"67","0","67",0.01876826588700,242.93557474179329,-33.7833055000,150.8122047000
Connection-FromMtDruitt,"68","0","68",0.01923831126780,238.07351904452332,-33.7835626000,150.8118112000
Connection-FromMtDruitt,"69","0","69",0.01946752167330,240.69277605590909,-33.7836796000,150.8116141000
Connection-FromMtDruitt,"70","0","70",0.01968300478170,243.37453480912450,-33.7837805000,150.8114237000
Connection-FromMtDruitt,"71","0","71",0.01993824413994,246.13612107681431,-33.7838897000,150.8111930000
Connection-FromMtDruitt,"72","0","72",0.02011670702125,249.67016591538223,-33.7839577000,150.8110280000
Connection-FromMtDruitt,"73","0","73",0.02031583655196,251.74840447959650,-33.7840201000,150.8108389000
Connection-FromMtDruitt,"74","0","74",0.02125061117719,251.61217558046479,-33.7843127000,150.8099511000
Connection-FromMtDruitt,"75","0","75",0.02192382948505,251.52029590978600,-33.7845267000,150.8093128000
Connection-FromMtDruitt,"76","0","76",0.02480302009351,243.46366805361239,-33.7854367000,150.8065812000
Connection-FromMtDruitt,"77","0","77",0.02525435948910,217.05317914835103,-33.7856933000,150.8062099000
Connection-FromMtDruitt,"78","0","78",0.02529977050099,209.54794398717024,-33.7857363000,150.8061953000
Connection-FromMtDruitt,"79","0","79",0.02534765839087,206.18484894768343,-33.7857728000,150.8061643000
Connection-FromMtDruitt,"80","0","80",0.02586879949464,188.66845886253321,-33.7862825000,150.8060557000
Connection-FromMtDruitt,"81","0","81",0.02596390748592,181.02305132126469,-33.7863772000,150.8060469000
Connection-FromMtDruitt,"82","0","82",0.02617825496080,170.74715406495753,-33.7865912000,150.8060591000
Connection-FromMtDruitt,"83","0","83",0.02642358563561,160.98079683965767,-33.7868279000,150.8061236000
Connection-FromMtDruitt,"84","0","84",0.02788340788505,157.85031525541046,-33.7881737000,150.8066892000
Connection-FromMtDruitt,"85","0","85",0.02952787370712,162.58015063645163,-33.7897037000,150.8072920000
Connection-FromMtDruitt,"86","0","86",0.02973423843281,167.47368382622594,-33.7899045000,150.8073396000
Connection-FromMtDruitt,"87","0","87",0.03055463251490,171.93914000567270,-33.7907078000,150.8075062000
Connection-FromMtDruitt,"88","0","88",0.03139310932439,177.18854488180685,-33.7915438000,150.8075706000
Connection-FromMtDruitt,"89","0","89",0.03152013802194,180.08176708733086,-33.7916708000,150.8075733000
Connection-FromMtDruitt,"90","0","90",0.03221283935728,169.47137637163615,-33.7923633000,150.8075566000
Connection-FromMtDruitt,"91","0","91",0.03229798593679,171.63414246045741,-33.7924420000,150.8075891000
Connection-FromMtDruitt,"92","0","92",0.03245586848808,189.26279183904344,-33.7925991000,150.8075734000
Connection-FromMtDruitt,"93","0","93",0.03327077817633,195.44029846808775,-33.7933937000,150.8073926000
Connection-FromMtDruitt,"94","0","94",0.03428127378739,200.39465735260481,-33.7943544000,150.8070793000
Connection-FromMtDruitt,"95","0","95",0.03537640648256,202.73154392908722,-33.7953645000,150.8066562000
Connection-FromMtDruitt,"96","0","96",0.03558935307209,205.26637699610481,-33.7955609000,150.8065739000
Connection-FromMtDruitt,"97","0","97",0.03622794280737,213.32994532898635,-33.7961258000,150.8062761000
Connection-FromMtDruitt,"98","0","98",0.03703421053586,222.65656075357847,-33.7967536000,150.8057702000
Connection-FromMtDruitt,"99","0","99",0.03743654174272,226.51999923849309,-33.7970308000,150.8054786000
Connection-FromMtDruitt,"100","0","100",0.03776787809746,229.63011513976736,-33.7972585000,150.8052379000
Connection-FromMtDruitt,"101","0","101",0.03810692900808,234.08879252135409,-33.7974641000,150.8049683000
Connection-FromMtDruitt,"102","0","102",0.03908679214650,237.30845388811744,-33.7980190000,150.8041607000
Connection-FromMtDruitt,"103","0","103",0.03963471342737,238.45895683774242,-33.7983003000,150.8036905000
Connection-FromMtDruitt,"104","0","104",0.04005160220150,237.48119682447279,-33.7985224000,150.8033377000
Connection-FromMtDruitt,"105","0","105",0.04313837244399,238.64144219271839,-33.8001966000,150.8007444000
Connection-FromMtDruitt,"106","0","106",0.04485204051277,238.79484207595380,-33.8010501000,150.7992584000
Connection-FromMtDruitt,"107","0","107",0.04540979318200,241.17348715615168,-33.8013501000,150.7987882000
Connection-FromMtDruitt,"108","0","108",0.04562349563870,241.02644217889099,-33.8014408000,150.7985947000
Connection-FromMtDruitt,"109","0","109",0.04745365632290,238.04323450093804,-33.8024331000,150.7970569000
Connection-FromMtDruitt,"110","0","110",0.05152771656790,238.68068250094288,-33.8045363000,150.7935677000
Connection-FromMtDruitt,"111","0","111",0.05225015893238,237.70782231878644,-33.8049144000,150.7929521000
Connection-FromMtDruitt,"112","0","112",0.05276243121349,236.08853087567510,-33.8051936000,150.7925226000
Connection-FromMtDruitt,"113","0","113",0.05447130977269,233.66044962712257,-33.8061688000,150.7911193000
Connection-FromMtDruitt,"114","0","114",0.05542319839011,231.14735416914868,-33.8067533000,150.7903680000
Connection-FromMtDruitt,"115","0","115",0.05677653546932,229.20229581171637,-33.8076200000,150.7893286000
Connection-FromMtDruitt,"116","0","116",0.05717718126053,228.75014479015752,-33.8078869000,150.7890298000
Connection-FromMtDruitt,"117","0","117",0.05762134744562,227.28288399701000,-33.8081767000,150.7886932000
Connection-FromMtDruitt,"118","0","118",0.05787025228687,223.63742756605362,-33.8083518000,150.7885163000
Connection-FromMtDruitt,"119","0","119",0.05810930311832,219.16023754040296,-33.8085295000,150.7883564000
Connection-FromMtDruitt,"120","0","120",0.05851264045851,214.78648606892591,-33.8088544000,150.7881174000
Connection-FromMtDruitt,"121","0","121",0.05894853765972,211.36645130729656,-33.8092190000,150.7878785000
Connection-FromMtDruitt,"122","0","122",0.05984861643402,209.44361868292307,-33.8100024000,150.7874353000
Connection-FromMtDruitt,"123","0","123",0.06058486363435,208.97079131999919,-33.8106439000,150.7870740000
Connection-FromMtDruitt,"124","0","124",0.06078341178976,207.83063427013673,-33.8108183000,150.7869791000
Connection-FromMtDruitt,"125","0","125",0.06101449744486,205.13280496981105,-33.8110240000,150.7868738000
Connection-FromMtDruitt,"126","0","126",0.06143280045701,204.15537187346118,-33.8114086000,150.7867093000
Connection-FromMtDruitt,"127","0","127",0.06188122343812,205.82201573178327,-33.8118145000,150.7865187000
Connection-FromMtDruitt,"128","0","128",0.06219060606533,209.03046782274490,-33.8120914000,150.7863807000
Connection-FromMtDruitt,"129","0","129",0.06243356458031,213.66469487422978,-33.8122984000,150.7862535000
Connection-FromMtDruitt,"130","0","130",0.06265328588104,218.18678418222888,-33.8124767000,150.7861251000
Connection-FromMtDruitt,"131","0","131",0.06274668529218,169.40792917741575,-33.8125476000,150.7860643000
Connection-FromMtDruitt,"132","0","132",0.06412341229854,117.67869988097813,-33.8131982000,150.7872776000
Connection-FromMtDruitt,"133","0","133",0.06448755298562,116.22486698695940,-33.8133644000,150.7876016000
Connection-FromMtDruitt,"134","0","134",0.06481405457827,112.87869977033783,-33.8135039000,150.7878968000
Connection-FromMtDruitt,"135","0","135",0.06512668359164,106.77599691322277,-33.8136132000,150.7881897000
Connection-FromMtDruitt,"136","0","136",0.06540665653678,100.72137132880715,-33.8136766000,150.7884624000
Connection-FromMtDruitt,"137","0","137",0.06578931737876,97.89370013201956,-33.8137322000,150.7888410000
Connection-FromMtDruitt,"138","0","138",0.06665045335525,97.78947542618656,-33.8138436000,150.7896949000
Connection-FromMtDruitt,"139","0","139",0.06872599568680,100.10616081159445,-33.8141377000,150.7917495000
Connection-FromMtDruitt,"140","0","140",0.06959519928204,103.13446056131268,-33.8143194000,150.7925995000
Connection-FromMtDruitt,"141","0","141",0.07051346728759,104.19977175269311,-33.8145447000,150.7934897000
Connection-FromMtDruitt,"142","0","142",0.07105861675333,104.20180075509857,-33.8146784000,150.7940182000
Connection-FromMtDruitt,"143","0","143",0.07143348147560,104.19996126123074,-33.8147704000,150.7943816000
Connection-FromMtDruitt,"144","0","144",0.07155746615207,105.44806362532087,-33.8148008000,150.7945018000
Connection-FromMtDruitt,"145","0","145",0.07214651974045,107.42320316975777,-33.8149701000,150.7950660000
Connection-FromMtDruitt,"146","0","146",0.07263753294802,108.99195740354817,-33.8151230000,150.7955326000
Connection-FromMtDruitt,"147","0","147",0.07314548432364,109.55891031548866,-33.8152954000,150.7960104000
Connection-FromMtDruitt,"148","0","148",0.07354985684991,107.18900555609353,-33.8154289000,150.7963921000
Connection-FromMtDruitt,"149","0","149",0.07395981279876,104.88267022379442,-33.8155357000,150.7967879000
Connection-FromMtDruitt,"150","0","150",0.07420748082255,153.43500870853245,-33.8155984000,150.7970275000
Connection-FromMtDruitt,"151","0","151",0.07432337616328,201.99259805976300,-33.8157057000,150.7969837000
Connection-FromMtDruitt,"152","0","152",0.07624795992347,153.18812357955150,-33.8174929000,150.7962696000
Connection-FromMtDruitt,"153","0","153",0.07689793795387,97.28940101138505,-33.8176567000,150.7968986000
Connection-FromMtDruitt,"154","0","154",0.07982853809208,89.98277732122340,-33.8176558000,150.7998292000
Connection-FromMtDruitt,"155","0","155",0.08458913829793,91.28893032465456,-33.8176544000,150.8045898000
Connection-FromMtDruitt,"156","0","156",0.08468854020937,93.92452701765035,-33.8176589000,150.8046891000
Connection-FromMtDruitt,"157","0","157",0.08480974953244,97.57160876527720,-33.8176700000,150.8048098000
Connection-FromMtDruitt,"158","0","158",0.08492678841487,100.79304392868480,-33.8176901000,150.8049251000
Connection-FromMtDruitt,"159","0","159",0.08502543708441,102.30495371949385,-33.8177101000,150.8050217000
Connection-FromMtDruitt,"160","0","160",0.08513552091610,104.40080020754395,-33.8177347000,150.8051290000
Connection-FromMtDruitt,"161","0","161",0.08523304696390,106.79096883812075,-33.8177614000,150.8052228000
Connection-FromMtDruitt,"162","0","162",0.08534294532608,107.35835183043693,-33.8177948000,150.8053275000
Connection-FromMtDruitt,"163","0","163",0.08544951478697,106.07384019956582,-33.8178260000,150.8054294000
Connection-FromMtDruitt,"164","0","164",0.08556066464076,102.59791804450097,-33.8178550000,150.8055367000
Connection-FromMtDruitt,"165","0","165",0.08567502704717,98.27527227587939,-33.8178750000,150.8056493000
Connection-FromMtDruitt,"166","0","166",0.08579378545741,94.84831607534711,-33.8178884000,150.8057673000
Connection-FromMtDruitt,"167","0","167",0.08595233544951,91.71770124180715,-33.8178973000,150.8059256000
Connection-FromMtDruitt,"168","0","168",0.08713784399017,99.04258426191804,-33.8179018000,150.8071111000
Connection-FromMtDruitt,"169","0","169",0.08737739826381,157.98848598298935,-33.8179753000,150.8073391000
Connection-FromMtDruitt,"170","0","170",0.09360949551992,198.96767719688825,-33.8234723244,150.8044028169
Connection-FromMtDruitt,"171","0","171",0.11941534664469,233.35217270949482,-33.8488996131,150.7999988481
Connection-FromMtDruitt,"172","0","172",0.12183866927263,233.35624677640405,-33.8486093948,150.7975929666
Connection-FromMtDruitt,"173","0","173",0.14628647560916,189.83626673158466,-33.8726979672,150.7934173330
Connection-FromMtDruitt,"174","0","174",0.15307755923095,188.69749560506150,-33.8793891800,150.7922569506
Connection-FromMtDruitt,"175","0","175",0.15413264231125,187.55667073606355,-33.8804351000,150.7921182000
Connection-ToStMarys,"0","0","0",0.00000000000000,9.84746911351983,-33.8764047516,150.7788515514
Connection-ToStMarys,"1","0","1",0.00135821910115,9.84720065200150,-33.8750665438,150.7790838419
Connection-ToStMarys,"2","0","2",0.00407465592557,323.36704961129681,-33.8723901251,150.7795483977
Connection-ToStMarys,"3","0","3",0.00892250633855,323.36779506565568,-33.8718087977,150.7747355283
Connection-ToStMarys,"4","0","4",0.01843002541260,17.83866095963707,-33.8624413843,150.7763617158
Connection-ToStMarys,"5","0","5",0.01962065613510,48.80839537083417,-33.8613696986,150.7768804559
Connection-ToStMarys,"6","0","6",0.02016342721921,40.81584200501202,-33.8612000633,150.7773960374
Connection-ToStMarys,"7","0","7",0.03917839003668,72.16702534528824,-33.8424650479,150.7806468851
Connection-ToStMarys,"8","0","8",0.03988281431773,65.09151234188030,-33.8429587000,150.7811494000
Connection-ToStMarys,"9","0","9",0.04023831838240,357.84638304080664,-33.8426042000,150.7811227000
Connection-ToStMarys,"10","0","10",0.04075521838238,358.98390185807091,-33.8420873000,150.7811227000
Connection-ToStMarys,"11","0","11",0.04347933169137,358.09831817137513,-33.8393649000,150.7810261000
Connection-ToStMarys,"12","0","12",0.04738449742151,357.71961543301688,-33.8354616000,150.7809054000
Connection-ToStMarys,"13","0","13",0.04787968422465,359.57148462644756,-33.8349670000,150.7808813000
Connection-ToStMarys,"14","0","14",0.04946908826707,1.99704281422082,-33.8333785000,150.7809349000
Connection-ToStMarys,"15","0","15",0.05125934695509,0.59526550560965,-33.8315894000,150.7809993000
Connection-ToStMarys,"16","0","16",0.05161458800000,357.55020072918529,-33.8312342000,150.7809939000
Connection-ToStMarys,"17","0","17",0.05184375424969,352.32288257223126,-33.8310056000,150.7809778000
Connection-ToStMarys,"18","0","18",0.05205863870702,345.68389487318899,-33.8307949000,150.7809356000
Connection-ToStMarys,"19","0","19",0.05233966157084,339.47401784175634,-33.8305266000,150.7808520000
Connection-ToStMarys,"20","0","20",0.05254330085980,334.60283464992341,-33.8303402000,150.7807700000
Connection-ToStMarys,"21","0","21",0.05280806075100,331.23899622965473,-33.8301044000,150.7806496000
Connection-ToStMarys,"22","0","22",0.05505283660844,329.38338432027342,-33.8281697000,150.7795112000
Connection-ToStMarys,"23","0","23",0.05611472825074,329.28668486016898,-33.8272572000,150.7789681000
Connection-ToStMarys,"24","0","24",0.05646176030977,326.45652380028770,-33.8269587000,150.7787911000
Connection-ToStMarys,"25","0","25",0.05734148736969,325.20206491450932,-33.8262508000,150.7782688000
Connection-ToStMarys,"26","0","26",0.05769345884585,327.23788713501665,-33.8259562000,150.7780762000
Connection-ToStMarys,"27","0","27",0.05814965833069,328.99688971397620,-33.8255708000,150.7778321000
Connection-ToStMarys,"28","0","28",0.05846634418452,330.34960347397180,-33.8252956000,150.7776754000
Connection-ToStMarys,"29","0","29",0.05858543011987,330.69403463815638,-33.8251921000,150.7776165000
Connection-ToStMarys,"30","0","30",0.05901199992657,331.25127188321511,-33.8248189000,150.7774099000
Connection-ToStMarys,"31","0","31",0.05978063020184,333.14373131752495,-33.8241436000,150.7770428000
Connection-ToStMarys,"32","0","32",0.06038906226045,336.82500777423172,-33.8235930000,150.7767839000
Connection-ToStMarys,"33","0","33",0.06092523477002,336.99927305987217,-33.8230930000,150.7765903000
Connection-ToStMarys,"34","0","34",0.06129260930642,336.08367963098499,-33.8227596000,150.7764360000
Connection-ToStMarys,"35","0","35",0.06158081556936,338.49044963862156,-33.8224943000,150.7763234000
Connection-ToStMarys,"36","0","36",0.06189947396014,342.54809338327141,-33.8221949000,150.7762143000
Connection-ToStMarys,"37","0","37",0.06220005687714,349.03036353168989,-33.8219044000,150.7761371000
Connection-ToStMarys,"38","0","38",0.06294157425386,353.26478292704189,-33.8211685000,150.7760460000
Connection-ToStMarys,"39","0","39",0.06335606828278,353.59306632988506,-33.8207566000,150.7759997000
Connection-ToStMarys,"40","0","40",0.06357674372320,353.59101215363813,-33.8205373000,150.7759751000
Connection-ToStMarys,"41","0","41",0.06392834697968,355.45624034812886,-33.8201879000,150.7759358000
Connection-ToStMarys,"42","0","42",0.06444570860372,358.54252276800571,-33.8196711000,150.7759117000
Connection-ToStMarys,"43","0","43",0.06507711437661,359.50932135360324,-33.8190397000,150.7759090000
Connection-ToStMarys,"44","0","44",0.06632211719185,359.24601820600719,-33.8177948000,150.7758930000
Connection-ToStMarys,"45","0","45",0.06670825220710,359.23447136794164,-33.8174087000,150.7758878000
Connection-ToStMarys,"46","0","46",0.06859441789442,359.36363562169151,-33.8155227000,150.7758628000
Connection-ToStMarys,"47","0","47",0.06977766537485,359.12006989744043,-33.8143395000,150.7758522000
Connection-ToStMarys,"48","0","48",0.07060046010625,357.54152005981859,-33.8135169000,150.7758343000
Connection-ToStMarys,"49","0","49",0.07099567074629,354.65815583089335,-33.8131225000,150.7758090000
Connection-ToStMarys,"50","0","50",0.07126921746990,349.77510245151541,-33.8128510000,150.7757756000
Connection-ToStMarys,"51","0","51",0.07158896970210,343.84373717960574,-33.8125400000,150.7757013000
Connection-ToStMarys,"52","0","52",0.07190115900366,337.38927899475186,-33.8122446000,150.7756003000
Connection-ToStMarys,"53","0","53",0.07230946801653,330.47798745580593,-33.8118787000,150.7754191000
Connection-ToStMarys,"54","0","54",0.07273262894336,325.67814488155835,-33.8115226000,150.7751905000
Connection-ToStMarys,"55","0","55",0.08047355728627,324.02762499455491,-33.8052557000,150.7706465000
Connection-ToStMarys,"56","0","56",0.08229736765198,324.27412483288401,-33.8037802000,150.7695745000
Connection-ToStMarys,"57","0","57",0.08263201010294,324.55819054189055,-33.8035076000,150.7693804000
Connection-ToStMarys,"58","0","58",0.08283279336919,324.64871333961923,-33.8033440000,150.7692640000
Connection-ToStMarys,"59","0","59",0.08349727206711,326.47438753007776,-33.8028015000,150.7688803000
Connection-ToStMarys,"60","0","60",0.08385594632047,331.87564787165945,-33.8024966000,150.7686914000
Connection-ToStMarys,"61","0","61",0.08412611001155,337.56917217310502,-33.8022507000,150.7685795000
Connection-ToStMarys,"62","0","62",0.08440189518158,340.85767603618365,-33.8019922000,150.7684834000
Connection-ToStMarys,"63","0","63",0.08488201377110,346.32307917457354,-33.8015353000,150.7683359000
Connection-ToStMarys,"64","0","64",0.08543250378007,355.61707549806044,-33.8009923000,150.7682454000
Connection-ToStMarys,"65","0","65",0.08596724328674,4.49407524972269,-33.8004576000,150.7682519000
Connection-ToStMarys,"66","0","66",0.08624807893265,9.01702176597578,-33.8001797000,150.7682924000
Connection-ToStMarys,"67","0","67",0.08669543036052,9.91102311675821,-33.7997388000,150.7683681000
Connection-ToStMarys,"68","0","68",0.08751477671582,9.95884759676633,-33.7989321000,150.7685115000
Connection-ToStMarys,"69","0","69",0.08830956426602,10.03529467034763,-33.7981490000,150.7686473000
Connection-ToStMarys,"70","0","70",0.08989081441073,10.04147353736981,-33.7965929000,150.7689282000
Connection-ToStMarys,"71","0","71",0.09144918815281,9.96978168840717,-33.7950575000,150.7691948000
Connection-ToStMarys,"72","0","72",0.09511111528755,9.61265662690759,-33.7914522000,150.7698363000
Connection-ToStMarys,"73","0","73",0.09641920990949,9.40619695245751,-33.7901607000,150.7700440000
Connection-ToStMarys,"74","0","74",0.09677142075542,9.67219942513682,-33.7898135000,150.7701032000
Connection-ToStMarys,"75","0","75",0.09831839232598,8.16583195575261,-33.7882885000,150.7703630000
Connection-ToStMarys,"76","0","76",0.09883890856972,0.31136251940274,-33.7877715000,150.7704234000
Connection-ToStMarys,"77","0","77",0.09908406990433,356.22957560842877,-33.7875277000,150.7703976000
Connection-ToStMarys,"78","0","78",0.09926743274134,0.01510346327583,-33.7873444000,150.7703928000
Connection-ToStMarys,"79","0","79",0.09949211286953,3.10035327226970,-33.7871198000,150.7703988000
Connection-ToStMarys,"80","0","80",0.09968615719440,7.04277183594474,-33.7869264000,150.7704146000
Connection-ToStMarys,"81","0","81",0.10036408952873,9.86855358323158,-33.7862576000,150.7705255000
Connection-ToStMarys,"82","0","82",0.10128885573161,10.22257210452661,-33.7853478000,150.7706912000
Connection-ToStMarys,"83","0","83",0.10154829458761,10.13399090474950,-33.7850924000,150.7707368000
Connection-ToStMarys,"84","0","84",0.10285522774965,10.13352948487256,-33.7838059000,150.7709670000
Connection-ToStMarys,"85","0","85",0.10301796065965,11.85402928380843,-33.7836457000,150.7709956000
Connection-ToStMarys,"86","0","86",0.10337896183692,13.57518504834551,-33.7832948000,150.7710804000
Connection-ToStMarys,"87","0","87",0.10347617341029,13.55258116570018,-33.7832003000,150.7711032000
Connection-ToStMarys,"88","0","88",0.10354066604556,13.56798959858454,-33.7831376000,150.7711183000
Connection-ToStMarys,"89","0","89",0.10376443603908,14.63061998837858,-33.7829201000,150.7711709000
Connection-ToStMarys,"90","0","90",0.10418402260940,15.46990582875807,-33.7825161000,150.7712842000
Connection-ToStMarys,"91","0","91",0.10450516619101,13.49997438536917,-33.7822063000,150.7713688000
Connection-ToStMarys,"92","0","92",0.10484271057327,10.99448346598048,-33.7818758000,150.7714374000
Connection-ToStMarys,"93","0","93",0.10560043371533,9.12667992163894,-33.7811302000,150.7715724000
Connection-ToStMarys,"94","0","94",0.10613421606799,9.02953525255952,-33.7806016000,150.7716466000
Connection-ToStMarys,"95","0","95",0.10685664210571,11.58575263358888,-33.7798903000,150.7717729000
Connection-ToStMarys,"96","0","96",0.10738818094716,11.45956382015862,-33.7793726000,150.7718934000
Connection-ToStMarys,"97","0","97",0.10916600907443,9.95821748289819,-33.7776208000,150.7721965000
Connection-ToStMarys,"98","0","98",0.10945397174561,10.22929939681602,-33.7773373000,150.7722470000
Connection-ToStMarys,"99","0","99",0.11172142616412,10.15135263805721,-33.7751068000,150.7726547000
Connection-ToStMarys,"100","0","100",0.11183087044218,9.69880718402894,-33.7749990000,150.7726736000
Connection-ToStMarys,"101","0","101",0.11256331725936,9.73940453205571,-33.7742765000,150.7727939000
Connection-ToStMarys,"102","0","102",0.11364381603774,9.25393677592161,-33.7732125000,150.7729820000
Connection-ToStMarys,"103","0","103",0.11492038003922,8.77472852240188,-33.7719499000,150.7731703000
Connection-ToStMarys,"104","0","104",0.11618822231650,8.81738451618500,-33.7706979000,150.7733701000
Connection-ToStMarys,"105","0","105",0.11683261337788,9.04732055027952,-33.7700607000,150.7734661000
Connection-ToStMarys,"106","0","106",0.11694922165374,9.91732026288570,-33.7699457000,150.7734854000
Connection-ToStMarys,"107","0","107",0.11784843403132,10.31618286063661,-33.7690610000,150.7736463000
Connection-ToStMarys,"108","0","108",0.11792598981770,9.68581111948065,-33.7689847000,150.7736602000
Connection-ToStMarys,"109","0","109",0.11961317876088,8.94352233062865,-33.7673185000,150.7739255000
Connection-ToStMarys,"110","0","110",0.12019752009950,9.52326719532649,-33.7667411000,150.7740153000
Connection-ToStMarys,"111","0","111",0.12120262519352,10.16976824690405,-33.7657519000,150.7741934000
Connection-ToStMarys,"112","0","112",0.12273330109976,7.89950790501023,-33.7642451000,150.7744627000
Connection-ToStMarys,"113","0","113",0.12279711285420,7.55202761356953,-33.7641816000,150.7744690000
Connection-ToStMarys,"114","0","114",0.12334229282445,9.38010451641671,-33.7636438000,150.7745584000
Connection-ToStMarys,"115","0","115",0.12412138195926,9.79681270460430,-33.7628750000,150.7746846000
Connection-ToStMarys,"116","0","116",0.12439842188420,29.65498371896680,-33.7626024000,150.7747340000
Connection-ToStMarys,"117","0","117",0.12446569334915,66.06655550414249,-33.7625583000,150.7747848000
Connection-ToStMarys,"118","0","118",0.12449480451542,90.11244942377016,-33.7625548000,150.7748137000
Connection-ToStMarys,"119","0","119",0.12463176366992,98.36173559824883,-33.7625718000,150.7749496000
Connection-ToStMarys,"120","0","120",0.12523601372576,78.88417787058546,-33.7626725000,150.7755454000
Connection-ToStMarys,"121","0","121",0.12543456291361,62.05748678121803,-33.7625678000,150.7757141000
Connection-ToStMarys,"122","0","122",0.12553586414757,82.26732523952234,-33.7625265000,150.7758066000
Connection-ToStMarys,"123","0","123",0.12634151153942,98.59476671084390,-33.7626469000,150.7766032000
Connection-FromStMarys,"0","0","0",0.00000000000000,279.59967874000898,-33.7628314441,150.7764851661
Connection-FromStMarys,"1","0","1",0.00095311253501,279.59647234347233,-33.7626725000,150.7755454000
Connection-FromStMarys,"2","0","2",0.00155736259086,278.36173559824886,-33.7625718000,150.7749496000
Connection-FromStMarys,"3","0","3",0.00169432174536,270.11244942377010,-33.7625548000,150.7748137000
Connection-FromStMarys,"4","0","4",0.00172343291162,246.06655550414251,-33.7625583000,150.7747848000
Connection-FromStMarys,"5","0","5",0.00179070437658,209.65498371896683,-33.7626024000,150.7747340000
Connection-FromStMarys,"6","0","6",0.00206774430151,189.79681270460432,-33.7628750000,150.7746846000
Connection-FromStMarys,"7","0","7",0.00284683343633,189.38010451641674,-33.7636438000,150.7745584000
Connection-FromStMarys,"8","0","8",0.00339201340658,189.69630528295275,-33.7641816000,150.7744690000
Connection-FromStMarys,"9","0","9",0.00498631496214,190.08045958716440,-33.7657519000,150.7741934000
Connection-FromStMarys,"10","0","10",0.00599142005616,189.52326719532650,-33.7667411000,150.7740153000
Connection-FromStMarys,"11","0","11",0.00657576139477,188.53156547581020,-33.7673185000,150.7739255000
Connection-FromStMarys,"12","0","12",0.00759584912134,189.26471054092559,-33.7683281000,150.7737796000
Connection-FromStMarys,"13","0","13",0.00826321702592,190.31552598494540,-33.7689847000,150.7736602000
Connection-FromStMarys,"14","0","14",0.00834077281230,190.31618286063662,-33.7690610000,150.7736463000
Connection-FromStMarys,"15","0","15",0.00923998518988,189.91732026288574,-33.7699457000,150.7734854000
Connection-FromStMarys,"16","0","16",0.00935659346574,189.04732055027955,-33.7700607000,150.7734661000
Connection-FromStMarys,"17","0","17",0.01000098452713,188.81738451618503,-33.7706979000,150.7733701000
Connection-FromStMarys,"18","0","18",0.01126882680440,188.77472852240189,-33.7719499000,150.7731703000
Connection-FromStMarys,"19","0","19",0.01254539080589,189.25393677592160,-33.7732125000,150.7729820000
Connection-FromStMarys,"20","0","20",0.01362588958427,189.73940453205574,-33.7742765000,150.7727939000
Connection-FromStMarys,"21","0","21",0.01435833640145,189.69880718402896,-33.7749990000,150.7726736000
Connection-FromStMarys,"22","0","22",0.01446778067951,190.15135263805723,-33.7751068000,150.7726547000
Connection-FromStMarys,"23","0","23",0.01673523509802,190.22929939681603,-33.7773373000,150.7722470000
Connection-FromStMarys,"24","0","24",0.01702319776919,189.95821748289819,-33.7776208000,150.7721965000
Connection-FromStMarys,"25","0","25",0.01880102589647,187.91706334907610,-33.7793726000,150.7718934000
Connection-FromStMarys,"26","0","26",0.02005151706791,186.40843856660496,-33.7806162000,150.7717623000
Connection-FromStMarys,"27","0","27",0.02099757011081,189.24246679778784,-33.7815556000,150.7716503000
Connection-FromStMarys,"28","0","28",0.02178652308789,192.59796643625691,-33.7823282000,150.7714905000
Connection-FromStMarys,"29","0","29",0.02253647487302,193.50903273679253,-33.7830574000,150.7713153000
Connection-FromStMarys,"30","0","30",0.02280747144127,193.51117753200748,-33.7833209000,150.7712520000
Connection-FromStMarys,"31","0","31",0.02332397248677,192.12692377086111,-33.7838231000,150.7711313000
Connection-FromStMarys,"32","0","32",0.02405487470320,189.76744827310372,-33.7845412000,150.7709951000
Connection-FromStMarys,"33","0","33",0.02415232058563,188.98507042918322,-33.7846375000,150.7709802000
Connection-FromStMarys,"34","0","34",0.02465029138796,189.19119348787606,-33.7851291000,150.7709008000
Connection-FromStMarys,"35","0","35",0.02473903483842,189.73998633260535,-33.7852167000,150.7708866000
Connection-FromStMarys,"36","0","36",0.02503904365500,190.27467139419926,-33.7855119000,150.7708331000
Connection-FromStMarys,"37","0","37",0.02598117252641,190.27695173945520,-33.7864389142,150.7706650182
Connection-FromStMarys,"38","0","38",0.02733548573999,188.47024394865684,-33.7877715000,150.7704234000
Connection-FromStMarys,"39","0","39",0.02785600198374,188.16583195575262,-33.7882885000,150.7703630000
Connection-FromStMarys,"40","0","40",0.02940297355429,189.45941739080257,-33.7898135000,150.7701032000
Connection-FromStMarys,"41","0","41",0.03106326669103,189.66994873707367,-33.7914522000,150.7698363000
Connection-FromStMarys,"42","0","42",0.03472519382577,189.96978168840718,-33.7950575000,150.7691948000
Connection-FromStMarys,"43","0","43",0.03628356756785,190.04147353736982,-33.7965929000,150.7689282000
Connection-FromStMarys,"44","0","44",0.03786481771256,190.03529467034761,-33.7981490000,150.7686473000
Connection-FromStMarys,"45","0","45",0.03865960526276,189.95884759676636,-33.7989321000,150.7685115000
Connection-FromStMarys,"46","0","46",0.03947895161805,189.91102311675823,-33.7997388000,150.7683681000
Connection-FromStMarys,"47","0","47",0.03992630304592,189.01702176597581,-33.8001797000,150.7682924000
Connection-FromStMarys,"48","0","48",0.04020713869184,185.92648028486479,-33.8004576000,150.7682519000
Connection-FromStMarys,"49","0","49",0.04049208895063,180.49960895776587,-33.8007420000,150.7682342000
Connection-FromStMarys,"50","0","50",0.04074263940465,173.98780621629459,-33.8009923000,150.7682454000
Connection-FromStMarys,"51","0","51",0.04129312941362,166.32307917457351,-33.8015353000,150.7683359000
Connection-FromStMarys,"52","0","52",0.04177324800314,160.85767603618368,-33.8019922000,150.7684834000
Connection-FromStMarys,"53","0","53",0.04204903317317,157.56917217310499,-33.8022507000,150.7685795000
Connection-FromStMarys,"54","0","54",0.04231919686425,151.87564787165948,-33.8024966000,150.7686914000
Connection-FromStMarys,"55","0","55",0.04267787111761,146.47438753007771,-33.8028015000,150.7688803000
Connection-FromStMarys,"56","0","56",0.04334234981553,144.64871333961926,-33.8033440000,150.7692640000
Connection-FromStMarys,"57","0","57",0.04354313308178,144.55819054189058,-33.8035076000,150.7693804000
Connection-FromStMarys,"58","0","58",0.04387777553275,144.27412483288396,-33.8037802000,150.7695745000
Connection-FromStMarys,"59","0","59",0.04570158589845,144.02762499455494,-33.8052557000,150.7706465000
Connection-FromStMarys,"60","0","60",0.05344251424136,145.67814488155835,-33.8115226000,150.7751905000
Connection-FromStMarys,"61","0","61",0.05386567516819,150.47798745580593,-33.8118787000,150.7754191000
Connection-FromStMarys,"62","0","62",0.05427398418106,157.38927899475189,-33.8122446000,150.7756003000
Connection-FromStMarys,"63","0","63",0.05458617348262,163.84373717960577,-33.8125400000,150.7757013000
Connection-FromStMarys,"64","0","64",0.05490592571482,169.77510245151547,-33.8128510000,150.7757756000
Connection-FromStMarys,"65","0","65",0.05517947243844,174.65815583089332,-33.8131225000,150.7758090000
Connection-FromStMarys,"66","0","66",0.05557468307847,177.54152005981857,-33.8135169000,150.7758343000
Connection-FromStMarys,"67","0","67",0.05639747780987,179.12006989744037,-33.8143395000,150.7758522000
Connection-FromStMarys,"68","0","68",0.05758072529031,177.22429579083567,-33.8155227000,150.7758628000
Connection-FromStMarys,"69","0","69",0.05820132297802,174.39504342211819,-33.8161409000,150.7759173000
Connection-FromStMarys,"70","0","70",0.05896404369364,175.18037296276918,-33.8168992000,150.7759993000
Connection-FromStMarys,"71","0","71",0.05919055837307,177.45211254769768,-33.8171253000,150.7760130000
Connection-FromStMarys,"72","0","72",0.05950728626890,178.36755610750845,-33.8174419000,150.7760220000
Connection-FromStMarys,"73","0","73",0.05966835196978,179.21060495417163,-33.8176029000,150.7760266000
Connection-FromStMarys,"74","0","74",0.05986665207065,180.19472601017830,-33.8178012000,150.7760264000
Connection-FromStMarys,"75","0","75",0.05993575322837,180.32298698552833,-33.8178703000,150.7760260000
Connection-FromStMarys,"76","0","76",0.06062846365130,179.88429940825722,-33.8185630000,150.7760222000
Connection-FromStMarys,"77","0","77",0.06166791079760,179.44706452256619,-33.8196024000,150.7760321000
Connection-FromStMarys,"78","0","78",0.06199522644038,177.92722187456110,-33.8199297000,150.7760353000
Connection-FromStMarys,"79","0","79",0.06223188966103,175.01133837441824,-33.8201659000,150.7760501000
Connection-FromStMarys,"80","0","80",0.06254986632684,173.63394019216105,-33.8204819000,150.7760855000
Connection-FromStMarys,"81","0","81",0.06273097402958,173.65781063150072,-33.8206619000,150.7761055000
Connection-FromStMarys,"82","0","82",0.06304771373344,173.61233729526307,-33.8209767000,150.7761405000
Connection-FromStMarys,"83","0","83",0.06398692400275,172.99706532205079,-33.8219100000,150.7762457000
Connection-FromStMarys,"84","0","84",0.06457636762178,164.71383945691386,-33.8224943000,150.7763234000
Connection-FromStMarys,"85","0","85",0.06486457388473,156.08367963098502,-33.8227596000,150.7764360000
Connection-FromStMarys,"86","0","86",0.06523194842112,153.41219494238294,-33.8230930000,150.7765903000
Connection-FromStMarys,"87","0","87",0.06578765450351,150.84525723733537,-33.8235821000,150.7768541000
Connection-FromStMarys,"88","0","88",0.06668850086110,150.57892964158967,-33.8243625000,150.7773041000
Connection-FromStMarys,"89","0","89",0.06740028213370,150.74944394567578,-33.8249858000,150.7776478000
Connection-FromStMarys,"90","0","90",0.06777692679381,150.34333262764656,-33.8253132000,150.7778340000
Connection-FromStMarys,"91","0","91",0.06847033094725,149.64810636252187,-33.8259156000,150.7781774000
Connection-FromStMarys,"92","0","92",0.06883030664087,149.37182220889505,-33.8262241000,150.7783629000
Connection-FromStMarys,"93","0","93",0.06968059623860,149.54777229766526,-33.8269587000,150.7787911000
Connection-FromStMarys,"94","0","94",0.07002762829762,149.28668486016898,-33.8272572000,150.7789681000
Connection-FromStMarys,"95","0","95",0.07108951993992,149.38338432027339,-33.8281697000,150.7795112000
Connection-FromStMarys,"96","0","96",0.07333429579737,151.23899622965473,-33.8301044000,150.7806496000
Connection-FromStMarys,"97","0","97",0.07359905568857,154.60283464992341,-33.8303402000,150.7807700000
Connection-FromStMarys,"98","0","98",0.07380269497753,159.47401784175636,-33.8305266000,150.7808520000
Connection-FromStMarys,"99","0","99",0.07408371784135,165.68389487318902,-33.8307949000,150.7809356000
Connection-FromStMarys,"100","0","100",0.07429860229868,172.32288257223126,-33.8310056000,150.7809778000
Connection-FromStMarys,"101","0","101",0.07452776854837,176.68441142880269,-33.8312342000,150.7809939000
Connection-FromStMarys,"102","0","102",0.07475680479003,179.83135187125535,-33.8314630000,150.7810043000
Connection-FromStMarys,"103","0","103",0.07488330364377,182.16339028099995,-33.8315894000,150.7809993000
Connection-FromStMarys,"104","0","104",0.07667356233180,181.99704281422086,-33.8333785000,150.7809349000
Connection-FromStMarys,"105","0","105",0.07826296637421,180.02339993333138,-33.8349670000,150.7808813000
Connection-FromStMarys,"106","0","106",0.08266324948441,178.04101628466725,-33.8393649000,150.7810261000
Connection-FromStMarys,"107","0","107",0.08538736279340,178.98390185807088,-33.8420873000,150.7811227000
Connection-FromStMarys,"108","0","108",0.08590426279338,177.84638304080661,-33.8426042000,150.7811227000
Connection-FromStMarys,"109","0","109",0.08625976685805,245.09151234188025,-33.8429587000,150.7811494000
Connection-FromStMarys,"110","0","110",0.08696419113910,252.16595273208654,-33.8424650479,150.7806468851
Connection-FromStMarys,"111","0","111",0.08968060890924,189.84289824367283,-33.8451414907,150.7801825795
Connection-FromStMarys,"112","0","112",0.10597915395879,220.81602077345744,-33.8612000633,150.7773960374
Connection-FromStMarys,"113","0","113",0.10652192504290,228.80839537083418,-33.8613696986,150.7768804559
Connection-FromStMarys,"114","0","114",0.10771255576540,197.83866095963708,-33.8624413843,150.7763617158
Connection-FromStMarys,"115","0","115",0.11722007483945,143.36779506565566,-33.8718087977,150.7747355283
Connection-FromStMarys,"116","0","116",0.12206792525243,143.36704961129684,-33.8723901251,150.7795483977
Connection-FromStMarys,"117","0","117",0.12478436207685,189.84720065200150,-33.8750665438,150.7790838419
Connection-FromStMarys,"118","0","118",0.12614258117800,189.84746911351985,-33.8764047516,150.7788515514
D-Tway-Rossmore-ElizabethDrive,"0","0","0",0.00000000000000,96.88088736171036,-33.9504113986,150.7807468044
D-Tway-Rossmore-ElizabethDrive,"1","0","1",0.00161741383246,53.36858757041190,-33.9506051739,150.7823525686
D-Tway-Rossmore-ElizabethDrive,"2","0","2",0.00433389684331,53.36816904002685,-33.9479287856,150.7828175693
D-Tway-Rossmore-ElizabethDrive,"3","0","3",0.00595126743411,72.78528255463398,-33.9481225323,150.7844232934
D-Tway-Rossmore-ElizabethDrive,"4","0","4",0.00606523404841,343.66065829004060,-33.9480473000,150.7845089000
D-Tway-Rossmore-ElizabethDrive,"5","0","5",0.00625781486258,325.41932252101799,-33.9480184000,150.7843185000
D-Tway-Rossmore-ElizabethDrive,"6","0","6",0.00687353824207,11.80988085796344,-33.9474166000,150.7844487000
D-Tway-Rossmore-ElizabethDrive,"7","0","7",0.00709389468059,11.41148824457599,-33.9472006000,150.7844923000
D-Tway-Rossmore-ElizabethDrive,"8","0","8",0.00741919316961,28.45317689654509,-33.9468817317,150.7845566592
D-Tway-Rossmore-ElizabethDrive,"9","0","9",0.00755814245162,27.67455506827110,-33.9467843327,150.7846557568
D-Tway-Rossmore-ElizabethDrive,"10","0","10",0.01299110010893,323.36693554988858,-33.9414315242,150.7855855258
D-Tway-Rossmore-ElizabethDrive,"11","0","11",0.01541696943593,323.36708579763416,-33.9411409262,150.7831771249
D-Tway-Rossmore-ElizabethDrive,"12","0","12",0.01949168387389,323.36750738841260,-33.9371263273,150.7838744720
D-Tway-Rossmore-ElizabethDrive,"13","0","13",0.02110884897492,317.09819164300137,-33.9369325814,150.7822689548
D-Tway-Rossmore-ElizabethDrive,"14","0","14",0.02239767760502,3.93688932367512,-33.9356451672,150.7822085906
D-Tway-Rossmore-ElizabethDrive,"15","0","15",0.02484218499873,10.55783987470216,-33.9332420478,150.7826565120
D-Tway-Rossmore-ElizabethDrive,"16","0","16",0.02891958375435,10.55681522770843,-33.9292336716,150.7834035738
D-Tway-Rossmore-ElizabethDrive,"17","0","17",0.03299697732868,10.55583491250443,-33.9252252858,150.7841505551
D-Tway-Rossmore-ElizabethDrive,"18","0","18",0.03480915058844,10.07634923382308,-33.9234437778,150.7844825209
D-Tway-Rossmore-ElizabethDrive,"19","0","19",0.03767165142204,10.28379530424931,-33.9206213406,150.7849597623
D-Tway-Rossmore-ElizabethDrive,"20","0","20",0.03864609334705,10.97018550559003,-33.9196647057,150.7851451990
D-Tway-Rossmore-ElizabethDrive,"21","0","21",0.03948456636616,10.96993665669030,-33.9188415543,150.7853047570
D-Tway-Rossmore-ElizabethDrive,"22","0","22",0.04029030597322,10.96971929288910,-33.9180505375,150.7854580827
D-Tway-Rossmore-ElizabethDrive,"23","0","23",0.04086016914615,10.96948345249970,-33.9174910868,150.7855665211
D-Tway-Rossmore-ElizabethDrive,"24","0","24",0.04219139701433,10.96915206473833,-33.9161841816,150.7858198322
D-Tway-Rossmore-ElizabethDrive,"25","0","25",0.04356362079801,10.96876000787607,-33.9148370278,150.7860809350
D-Tway-Rossmore-ElizabethDrive,"26","0","26",0.04366303624039,10.96856251422816,-33.9147394285,150.7860998508
D-Tway-Rossmore-ElizabethDrive,"27","0","27",0.04379982334494,10.96856251326731,-33.9146051403,150.7861258773
D-Tway-Rossmore-ElizabethDrive,"28","0","28",0.04407809359593,10.96856251230576,-33.9143319535,150.7861788239
D-Tway-Rossmore-ElizabethDrive,"29","0","29",0.04425718949827,10.96856251425730,-33.9141561294,150.7862129006
D-Tway-Rossmore-ElizabethDrive,"30","0","30",0.04448894818932,10.96856251439725,-33.9139286045,150.7862569974
D-Tway-Rossmore-ElizabethDrive,"31","0","31",0.04493584392512,10.96836798793952,-33.9134898728,150.7863420284
D-Tway-Rossmore-ElizabethDrive,"32","0","32",0.04626706990144,10.96803667706131,-33.9121829643,150.7865953124
D-Tway-Rossmore-ElizabethDrive,"33","0","33",0.04683693188664,10.96780092432559,-33.9116235115,150.7867037337
D-Tway-Rossmore-ElizabethDrive,"34","0","34",0.04764266942802,10.96758366854877,-33.9108324910,150.7868570298
D-Tway-Rossmore-ElizabethDrive,"35","0","35",0.04848113981672,10.96733496129999,-33.9100093350,150.7870165501
D-Tway-Rossmore-ElizabethDrive,"36","0","36",0.04904215668239,10.96720453964256,-33.9094585644,150.7871232820
D-Tway-Rossmore-ElizabethDrive,"37","0","37",0.04945557806885,16.22498482639372,-33.9090526937,150.7872019342
D-Tway-Rossmore-ElizabethDrive,"38","0","38",0.05023077165057,16.18932314679708,-33.9083313545,150.7874858266
D-Tway-Rossmore-ElizabethDrive,"39","0","39",0.05211927145247,10.91718259204510,-33.9064769000,150.7878428000
D-Tway-Rossmore-ElizabethDrive,"40","0","40",0.05655710022897,10.74344200190451,-33.9021197000,150.7886849000
D-Tway-Rossmore-ElizabethDrive,"41","0","41",0.06063445868086,10.53239002020425,-33.8981112464,150.7894313259
D-Tway-Rossmore-ElizabethDrive,"42","0","42",0.06339680484519,10.36853361580949,-33.8953953000,150.7899355000
D-Tway-Rossmore-ElizabethDrive,"43","0","43",0.06408381092465,10.71367653998604,-33.8947191956,150.7900574024
D-Tway-Rossmore-ElizabethDrive,"44","0","44",0.06492249815442,11.20654555685443,-33.8938965000,150.7902204000
D-Tway-Rossmore-ElizabethDrive,"45","0","45",0.06572844359423,11.20632454939619,-33.8931059212,150.7903770309
D-Tway-Rossmore-ElizabethDrive,"46","0","46",0.06629845233424,11.20608475441708,-33.8925467802,150.7904878070
D-Tway-Rossmore-ElizabethDrive,"47","0","47",0.06763002022514,11.20574780878067,-33.8912405987,150.7907465787
D-Tway-Rossmore-ElizabethDrive,"48","0","48",0.06900259445987,10.16976630511297,-33.8898941908,150.7910133102
D-Tway-Rossmore-ElizabethDrive,"49","0","49",0.07037105429521,9.85723493510936,-33.8885430832,150.7912305446
D-Tway-Rossmore-ElizabethDrive,"50","0","50",0.07169999162795,9.86087335184235,-33.8872367406,150.7914745595
D-Tway-Rossmore-ElizabethDrive,"51","0","51",0.07228249608371,9.89346140308112,-33.8866616341,150.7915671015
D-Tway-Rossmore-ElizabethDrive,"52","0","52",0.07306678236920,10.91002796103664,-33.8858908466,150.7917119863
D-Tway-Rossmore-ElizabethDrive,"53","0","53",0.07392165903068,9.64808375317953,-33.8850521768,150.7918776579
D-Tway-Rossmore-ElizabethDrive,"54","0","54",0.07452027968605,9.88720582317790,-33.8844595603,150.7919622295
D-Tway-Rossmore-ElizabethDrive,"55","0","55",0.07848740196714,326.90855385706232,-33.8805742000,150.7927635000
D-Tway-Rossmore-ElizabethDrive,"56","0","56",0.07914752384982,282.16447099820789,-33.8804351000,150.7921182000
D-Tway-ElizabethDrive-Rossmore,"0","0","0",0.00000000000000,102.16447099820790,-33.8804351000,150.7921182000
D-Tway-ElizabethDrive-Rossmore,"1","0","1",0.00066012188268,146.90855385706234,-33.8805742000,150.7927635000
D-Tway-ElizabethDrive-Rossmore,"2","0","2",0.00462724416377,189.88720582317791,-33.8844595603,150.7919622295
D-Tway-ElizabethDrive-Rossmore,"3","0","3",0.00522586481914,189.64808375317952,-33.8850521768,150.7918776579
D-Tway-ElizabethDrive-Rossmore,"4","0","4",0.00608074148062,190.91002796103663,-33.8858908466,150.7917119863
D-Tway-ElizabethDrive-Rossmore,"5","0","5",0.00686502776611,189.89346140308112,-33.8866616341,150.7915671015
D-Tway-ElizabethDrive-Rossmore,"6","0","6",0.00744753222187,189.86087335049234,-33.8872367406,150.7914745595
D-Tway-ElizabethDrive-Rossmore,"7","0","7",0.00877646955495,189.85723493489277,-33.8885430832,150.7912305446
D-Tway-ElizabethDrive-Rossmore,"8","0","8",0.01014492938995,190.16976630624637,-33.8898941908,150.7910133102
D-Tway-ElizabethDrive-Rossmore,"9","0","9",0.01151750362468,191.20584847599238,-33.8912405987,150.7907465787
D-Tway-ElizabethDrive-Rossmore,"10","0","10",0.01422502569574,190.98441832434199,-33.8938965000,150.7902204000
D-Tway-ElizabethDrive-Rossmore,"11","0","11",0.01575066308714,190.63953486167682,-33.8953953000,150.7899355000
D-Tway-ElizabethDrive-Rossmore,"12","0","12",0.01851300925109,190.53239002093054,-33.8981112464,150.7894313259
D-Tway-ElizabethDrive-Rossmore,"13","0","13",0.02259036770298,190.74344200205857,-33.9021197000,150.7886849000
D-Tway-ElizabethDrive-Rossmore,"14","0","14",0.02702819647951,190.91718259183691,-33.9064769000,150.7878428000
D-Tway-ElizabethDrive-Rossmore,"15","0","15",0.02891669628139,196.18932314643482,-33.9083313545,150.7874858266
D-Tway-ElizabethDrive-Rossmore,"16","0","16",0.02969188986311,196.22498482724566,-33.9090526937,150.7872019342
D-Tway-ElizabethDrive-Rossmore,"17","0","17",0.03028010619586,190.62972427472903,-33.9096301669,150.7870900277
D-Tway-ElizabethDrive-Rossmore,"18","0","18",0.03067092786926,190.78801653726026,-33.9100147000,150.7870202000
D-Tway-ElizabethDrive-Rossmore,"19","0","19",0.03150483835159,191.12574551027453,-33.9108324910,150.7868570298
D-Tway-ElizabethDrive-Rossmore,"20","0","20",0.03231057589297,190.96780092432559,-33.9116235115,150.7867037337
D-Tway-ElizabethDrive-Rossmore,"21","0","21",0.03288043787817,190.96803667706129,-33.9121829643,150.7865953124
D-Tway-ElizabethDrive-Rossmore,"22","0","22",0.03421166385449,190.96836798727296,-33.9134898728,150.7863420284
D-Tway-ElizabethDrive-Rossmore,"23","0","23",0.03558388698161,190.96876000879172,-33.9148370278,150.7860809350
D-Tway-ElizabethDrive-Rossmore,"24","0","24",0.03695611076528,190.96915206533879,-33.9161841816,150.7858198322
D-Tway-ElizabethDrive-Rossmore,"25","0","25",0.03828733863347,190.96948345450284,-33.9174910868,150.7855665211
D-Tway-ElizabethDrive-Rossmore,"26","0","26",0.03885720180641,190.96971929032352,-33.9180505375,150.7854580827
D-Tway-ElizabethDrive-Rossmore,"27","0","27",0.03966294141345,190.96993665413481,-33.9188415543,150.7853047570
D-Tway-ElizabethDrive-Rossmore,"28","0","28",0.03985641870518,190.97005500841081,-33.9190314962,150.7852679391
D-Tway-ElizabethDrive-Rossmore,"29","0","29",0.04003470920630,190.97005500716037,-33.9192065287,150.7852340111
D-Tway-ElizabethDrive-Rossmore,"30","0","30",0.04021299970740,190.97005500327887,-33.9193815613,150.7852000832
D-Tway-ElizabethDrive-Rossmore,"31","0","31",0.04035768727585,190.97005500504451,-33.9195236049,150.7851725497
D-Tway-ElizabethDrive-Rossmore,"32","0","32",0.04050141443255,190.97018551161949,-33.9196647057,150.7851451990
D-Tway-ElizabethDrive-Rossmore,"33","0","33",0.04147585635759,190.28379530750948,-33.9206213406,150.7849597623
D-Tway-ElizabethDrive-Rossmore,"34","0","34",0.04433835719117,190.07629074421499,-33.9234437778,150.7844825209
D-Tway-ElizabethDrive-Rossmore,"35","0","35",0.04531240019116,190.55543334792020,-33.9244013386,150.7843040912
D-Tway-ElizabethDrive-Rossmore,"36","0","36",0.04615053045094,190.55571426887303,-33.9252252858,150.7841505551
D-Tway-ElizabethDrive-Rossmore,"37","0","37",0.04752557190332,190.55615331895373,-33.9265770570,150.7838986555
D-Tway-ElizabethDrive-Rossmore,"38","0","38",0.05022792402532,190.55691120197162,-33.9292336716,150.7834035738
D-Tway-ElizabethDrive-Rossmore,"39","0","39",0.05430532278094,190.55783987470218,-33.9332420478,150.7826565120
D-Tway-ElizabethDrive-Rossmore,"40","0","40",0.05674983017465,183.93688932430618,-33.9356451672,150.7822085906
D-Tway-ElizabethDrive-Rossmore,"41","0","41",0.05803865880475,137.09819164357216,-33.9369325814,150.7822689548
D-Tway-ElizabethDrive-Rossmore,"42","0","42",0.05965582390580,143.36750738835227,-33.9371263273,150.7838744720
D-Tway-ElizabethDrive-Rossmore,"43","0","43",0.06373053834376,143.36708579763413,-33.9411409262,150.7831771249
D-Tway-ElizabethDrive-Rossmore,"44","0","44",0.06615640767076,143.36693554988861,-33.9414315242,150.7855855258
D-Tway-ElizabethDrive-Rossmore,"45","0","45",0.07158936532807,166.86080394137485,-33.9467843327,150.7846557568
D-Tway-ElizabethDrive-Rossmore,"46","0","46",0.07176896550930,167.76721119589692,-33.9469293883,150.7847616581
D-Tway-ElizabethDrive-Rossmore,"47","0","47",0.07207387640574,191.86614536044061,-33.9472280000,150.7847000000
D-Tway-ElizabethDrive-Rossmore,"48","0","48",0.07229393785215,192.78069755108507,-33.9474432000,150.7846540000
D-Tway-ElizabethDrive-Rossmore,"49","0","49",0.07257417598303,193.50520830210229,-33.9477157000,150.7845886000
D-Tway-ElizabethDrive-Rossmore,"50","0","50",0.07291521945529,211.10259906761988,-33.9480473000,150.7845089000
D-Tway-ElizabethDrive-Rossmore,"51","0","51",0.07302918606958,252.78528255463402,-33.9481225323,150.7844232934
D-Tway-ElizabethDrive-Rossmore,"52","0","52",0.07464655666038,233.36816904002680,-33.9479287856,150.7828175693
D-Tway-ElizabethDrive-Rossmore,"53","0","53",0.07736303967123,233.36858757041190,-33.9506051739,150.7823525686
D-Tway-ElizabethDrive-Rossmore,"54","0","54",0.07898045350369,276.88088736171034,-33.9504113986,150.7807468044
C-Tway-SouthCreek-ElizabethDrive,"0","0","0",0.00000000000000,96.89100057232201,-33.9475022868,150.7566613585
C-Tway-SouthCreek-ElizabethDrive,"1","0","1",0.00727800833515,53.37961137564078,-33.9483755088,150.7638867919
C-Tway-SouthCreek-ElizabethDrive,"2","0","2",0.00999449668822,10.95485479380103,-33.9456992122,150.7643523510
C-Tway-SouthCreek-ElizabethDrive,"3","0","3",0.01080776394704,9.33645372160165,-33.9449038394,150.7645220148
C-Tway-SouthCreek-ElizabethDrive,"4","0","4",0.01135419685650,8.24937146022950,-33.9443610624,150.7645851179
C-Tway-SouthCreek-ElizabethDrive,"5","0","5",0.01271243986982,9.86714305702155,-33.9430229116,150.7648178762
C-Tway-SouthCreek-ElizabethDrive,"6","0","6",0.01407068241805,9.86669351410338,-33.9416847597,150.7650506261
C-Tway-SouthCreek-ElizabethDrive,"7","0","7",0.01678716611958,53.37753259238982,-33.9390084531,150.7655161004
C-Tway-SouthCreek-ElizabethDrive,"8","0","8",0.01840434563680,53.37656457169555,-33.9392024176,150.7671216058
C-Tway-SouthCreek-ElizabethDrive,"9","0","9",0.02247906702018,15.00814901936677,-33.9351879382,150.7678196809
C-Tway-SouthCreek-ElizabethDrive,"10","0","10",0.02393216954957,15.35951571666111,-33.9338237900,150.7683202874
C-Tway-SouthCreek-ElizabethDrive,"11","0","11",0.02635479199106,10.56676663048805,-33.9314422542,150.7687645697
C-Tway-SouthCreek-ElizabethDrive,"12","0","12",0.03043219855709,10.56593113908518,-33.9274339869,150.7695122575
C-Tway-SouthCreek-ElizabethDrive,"13","0","13",0.03180386746716,10.56526515037677,-33.9260855736,150.7697637672
C-Tway-SouthCreek-ElizabethDrive,"14","0","14",0.03450959993212,10.56466435789474,-33.9234257098,150.7702598647
C-Tway-SouthCreek-ElizabethDrive,"15","0","15",0.03632177665557,0.13856238921586,-33.9216442501,150.7705921086
C-Tway-SouthCreek-ElizabethDrive,"16","0","16",0.03751713945343,359.78629685777781,-33.9204681029,150.7703786373
C-Tway-SouthCreek-ElizabethDrive,"17","0","17",0.03887537388577,357.34476734720641,-33.9191299301,150.7706112189
C-Tway-SouthCreek-ElizabethDrive,"18","0","18",0.03935126536390,357.90465088892370,-33.9186706223,150.7704866836
C-Tway-SouthCreek-ElizabethDrive,"19","0","19",0.04032570948227,10.97945391201363,-33.9177140153,150.7706722754
C-Tway-SouthCreek-ElizabethDrive,"20","0","20",0.04116418438820,10.97920469242738,-33.9168908878,150.7708319669
C-Tway-SouthCreek-ElizabethDrive,"21","0","21",0.04196992580797,10.97898700773623,-33.9160998941,150.7709854209
C-Tway-SouthCreek-ElizabethDrive,"22","0","22",0.04253979026273,10.97875081993116,-33.9155404596,150.7710939501
C-Tway-SouthCreek-ElizabethDrive,"23","0","23",0.04387102112457,10.97841894280253,-33.9142335925,150.7713474731
C-Tway-SouthCreek-ElizabethDrive,"24","0","24",0.04524324799291,10.97802630792854,-33.9128864779,150.7716087944
C-Tway-SouthCreek-ElizabethDrive,"25","0","25",0.04661547420350,10.97763370749185,-33.9115393621,150.7718701062
C-Tway-SouthCreek-ElizabethDrive,"26","0","26",0.04794670317005,10.97730190653972,-33.9102324916,150.7721236021
C-Tway-SouthCreek-ElizabethDrive,"27","0","27",0.04851656643499,10.97706580544754,-33.9096730551,150.7722321142
C-Tway-SouthCreek-ElizabethDrive,"28","0","28",0.04932230578540,10.97684822798127,-33.9088820577,150.7723855385
C-Tway-SouthCreek-ElizabethDrive,"29","0","29",0.05016077805622,10.97659915498678,-33.9080589256,150.7725451923
C-Tway-SouthCreek-ElizabethDrive,"30","0","30",0.05113521849506,13.66157542550842,-33.9071023121,150.7727307314
C-Tway-SouthCreek-ElizabethDrive,"31","0","31",0.05197741729263,13.84979020356145,-33.9062941581,150.7729677671
C-Tway-SouthCreek-ElizabethDrive,"32","0","32",0.05330066654584,11.35273805231092,-33.9049968004,150.7732282506
C-Tway-SouthCreek-ElizabethDrive,"33","0","33",0.05413946080550,11.35245624928638,-33.9041744176,150.7733933638
C-Tway-SouthCreek-ElizabethDrive,"34","0","34",0.05494550908862,11.35223263608446,-33.9033841395,150.7735520278
C-Tway-SouthCreek-ElizabethDrive,"35","0","35",0.05551559056018,11.35199001526066,-33.9028252111,150.7736642416
C-Tway-SouthCreek-ElizabethDrive,"36","0","36",0.05684732833984,11.35164909698935,-33.9015195262,150.7739263722
C-Tway-SouthCreek-ElizabethDrive,"37","0","37",0.05822007767222,11.35124576781267,-33.9001736301,150.7741965658
C-Tway-SouthCreek-ElizabethDrive,"38","0","38",0.05959282628101,11.35084247309065,-33.8988277329,150.7744667497
C-Tway-SouthCreek-ElizabethDrive,"39","0","39",0.06092456197563,11.35050163684420,-33.8975220445,150.7747288523
C-Tway-SouthCreek-ElizabethDrive,"40","0","40",0.06149464213840,11.35025910425898,-33.8969631140,150.7748410487
C-Tway-SouthCreek-ElizabethDrive,"41","0","41",0.06230068814498,11.35003559722287,-33.8961728320,150.7749996822
C-Tway-SouthCreek-ElizabethDrive,"42","0","42",0.06313947950577,11.34977974109994,-33.8953504444,150.7751647566
C-Tway-SouthCreek-ElizabethDrive,"43","0","43",0.06411429074813,24.63067113476755,-33.8943946961,150.7753565953
C-Tway-SouthCreek-ElizabethDrive,"44","0","44",0.06454151208437,38.74907555045417,-33.8940576361,150.7756190999
C-Tway-SouthCreek-ElizabethDrive,"45","0","45",0.06487404804162,38.03907646920598,-33.8938013626,150.7758310057
C-Tway-SouthCreek-ElizabethDrive,"46","0","46",0.06526622803106,23.35619285815077,-33.8934860722,150.7760642376
C-Tway-SouthCreek-ElizabethDrive,"47","0","47",0.06595323411053,10.71367654027459,-33.8928099678,150.7761861400
C-Tway-SouthCreek-ElizabethDrive,"48","0","48",0.06679192134029,11.20654555822295,-33.8919872722,150.7763491376
C-Tway-SouthCreek-ElizabethDrive,"49","0","49",0.06759786678004,11.20632454929156,-33.8911966935,150.7765057685
C-Tway-SouthCreek-ElizabethDrive,"50","0","50",0.06816787552008,11.20608475697158,-33.8906375525,150.7766165446
C-Tway-SouthCreek-ElizabethDrive,"51","0","51",0.06949944341098,11.20574780869509,-33.8893313709,150.7768753163
C-Tway-SouthCreek-ElizabethDrive,"52","0","52",0.07087201764574,10.16976630483239,-33.8879849630,150.7771420478
C-Tway-SouthCreek-ElizabethDrive,"53","0","53",0.07224047748112,9.85723493502844,-33.8866338555,150.7773592822
C-Tway-SouthCreek-ElizabethDrive,"54","0","54",0.07356941481385,9.86087335214878,-33.8853275128,150.7776032971
C-Tway-SouthCreek-ElizabethDrive,"55","0","55",0.07415191926958,9.89346140311140,-33.8847524064,150.7776958391
C-Tway-SouthCreek-ElizabethDrive,"56","0","56",0.07493620555509,10.91002796084486,-33.8839816189,150.7778407239
C-Tway-SouthCreek-ElizabethDrive,"57","0","57",0.07579108221657,9.64808375337169,-33.8831429491,150.7780063955
C-Tway-SouthCreek-ElizabethDrive,"58","0","58",0.07638970287192,358.05548673560429,-33.8825503326,150.7780909671
C-Tway-SouthCreek-ElizabethDrive,"59","0","59",0.07720020565703,358.91904990109373,-33.8817575730,150.7779223047
C-Tway-SouthCreek-ElizabethDrive,"60","0","60",0.07804414169833,9.84890126241905,-33.8809260747,150.7780666603
C-Tway-SouthCreek-ElizabethDrive,"61","0","61",0.07855842659631,9.84872222086227,-33.8804193692,150.7781546290
C-Tway-SouthCreek-ElizabethDrive,"62","0","62",0.07929526057497,9.84854317768690,-33.8796933936,150.7782806603
C-Tway-SouthCreek-ElizabethDrive,"63","0","63",0.07991664707593,9.84836415077945,-33.8790811643,150.7783869449
C-Tway-SouthCreek-ElizabethDrive,"64","0","64",0.08127486709590,9.88720762325704,-33.8777429585,150.7786192523
C-Tway-SouthCreek-ElizabethDrive,"65","0","65",0.08180230732654,9.86214062129727,-33.8772234137,150.7787101725
C-Tway-SouthCreek-ElizabethDrive,"66","0","66",0.08263308746369,9.79805112095422,-33.8764047516,150.7788515514
C-Tway-ElizabethDrive-SouthCreek,"0","0","0",0.00000000000000,189.79805112095423,-33.8764047516,150.7788515514
C-Tway-ElizabethDrive-SouthCreek,"1","0","1",0.00083078013715,189.86214062129727,-33.8772234137,150.7787101725
C-Tway-ElizabethDrive-SouthCreek,"2","0","2",0.00135822036779,189.88720762325701,-33.8777429585,150.7786192523
C-Tway-ElizabethDrive-SouthCreek,"3","0","3",0.00271644038777,189.84836415077945,-33.8790811643,150.7783869449
C-Tway-ElizabethDrive-SouthCreek,"4","0","4",0.00333782688873,189.84854317768691,-33.8796933936,150.7782806603
C-Tway-ElizabethDrive-SouthCreek,"5","0","5",0.00407466086738,189.84872222086227,-33.8804193692,150.7781546290
C-Tway-ElizabethDrive-SouthCreek,"6","0","6",0.00458894576537,189.84890126241908,-33.8809260747,150.7780666603
C-Tway-ElizabethDrive-SouthCreek,"7","0","7",0.00543288180666,178.91904990109373,-33.8817575730,150.7779223047
C-Tway-ElizabethDrive-SouthCreek,"8","0","8",0.00624338459177,178.05548673560432,-33.8825503326,150.7780909671
C-Tway-ElizabethDrive-SouthCreek,"9","0","9",0.00684200524712,189.64808375337168,-33.8831429491,150.7780063955
C-Tway-ElizabethDrive-SouthCreek,"10","0","10",0.00769688190860,190.91002796084487,-33.8839816189,150.7778407239
C-Tway-ElizabethDrive-SouthCreek,"11","0","11",0.00848116819412,189.89346140311142,-33.8847524064,150.7776958391
C-Tway-ElizabethDrive-SouthCreek,"12","0","12",0.00906367264985,189.86087335214879,-33.8853275128,150.7776032971
C-Tway-ElizabethDrive-SouthCreek,"13","0","13",0.01039260998257,189.85723493502846,-33.8866338555,150.7773592822
C-Tway-ElizabethDrive-SouthCreek,"14","0","14",0.01176106981796,190.16976630599621,-33.8879849630,150.7771420478
C-Tway-ElizabethDrive-SouthCreek,"15","0","15",0.01313364405273,191.20574780925909,-33.8893313709,150.7768753163
C-Tway-ElizabethDrive-SouthCreek,"16","0","16",0.01446521194361,191.20608475216821,-33.8906375525,150.7766165446
C-Tway-ElizabethDrive-SouthCreek,"17","0","17",0.01503522068365,191.20632454706995,-33.8911966935,150.7765057685
C-Tway-ElizabethDrive-SouthCreek,"18","0","18",0.01584116612340,191.20654555734799,-33.8919872722,150.7763491376
C-Tway-ElizabethDrive-SouthCreek,"19","0","19",0.01667985335315,190.71367654091674,-33.8928099678,150.7761861400
C-Tway-ElizabethDrive-SouthCreek,"20","0","20",0.01736685943263,203.35619286164987,-33.8934860722,150.7760642376
C-Tway-ElizabethDrive-SouthCreek,"21","0","21",0.01775903942207,217.56820386927288,-33.8938013626,150.7758310057
C-Tway-ElizabethDrive-SouthCreek,"22","0","22",0.01851871683570,204.99717738917178,-33.8943946961,150.7753565953
C-Tway-ElizabethDrive-SouthCreek,"23","0","23",0.01949352807807,191.34977974166122,-33.8953504444,150.7751647566
C-Tway-ElizabethDrive-SouthCreek,"24","0","24",0.01993406738258,191.34991390872196,-33.8957823683,150.7750780583
C-Tway-ElizabethDrive-SouthCreek,"25","0","25",0.02033231943885,191.35027788580993,-33.8961728320,150.7749996822
C-Tway-ElizabethDrive-SouthCreek,"26","0","26",0.02441292991154,191.35104540345924,-33.9001736301,150.7741965658
C-Tway-ElizabethDrive-SouthCreek,"27","0","27",0.02578567924391,191.35164909763964,-33.9015195262,150.7739263722
C-Tway-ElizabethDrive-SouthCreek,"28","0","28",0.02711741702357,191.35199001301999,-33.9028252111,150.7736642416
C-Tway-ElizabethDrive-SouthCreek,"29","0","29",0.02768749849514,191.35223263665290,-33.9033841395,150.7735520278
C-Tway-ElizabethDrive-SouthCreek,"30","0","30",0.02849354677824,191.35245625241768,-33.9041744176,150.7733933638
C-Tway-ElizabethDrive-SouthCreek,"31","0","31",0.02933234103791,191.35273805162814,-33.9049968004,150.7732282506
C-Tway-ElizabethDrive-SouthCreek,"32","0","32",0.02989372186695,191.35289809761264,-33.9055471969,150.7731177420
C-Tway-ElizabethDrive-SouthCreek,"33","0","33",0.03065559029113,193.84979020141208,-33.9062941581,150.7729677671
C-Tway-ElizabethDrive-SouthCreek,"34","0","34",0.03149778908870,193.66157542550843,-33.9071023121,150.7727307314
C-Tway-ElizabethDrive-SouthCreek,"35","0","35",0.03247222952754,190.97659915498679,-33.9080589256,150.7725451923
C-Tway-ElizabethDrive-SouthCreek,"36","0","36",0.03331070179836,190.97684822798126,-33.9088820577,150.7723855385
C-Tway-ElizabethDrive-SouthCreek,"37","0","37",0.03411644114877,190.97706580544758,-33.9096730551,150.7722321142
C-Tway-ElizabethDrive-SouthCreek,"38","0","38",0.03468630441371,190.97730190653971,-33.9102324916,150.7721236021
C-Tway-ElizabethDrive-SouthCreek,"39","0","39",0.03601753338027,190.97763370749183,-33.9115393621,150.7718701062
C-Tway-ElizabethDrive-SouthCreek,"40","0","40",0.03738975959086,190.97802630828505,-33.9128864779,150.7716087944
C-Tway-ElizabethDrive-SouthCreek,"41","0","41",0.03876198645925,190.97841894387597,-33.9142335925,150.7713474731
C-Tway-ElizabethDrive-SouthCreek,"42","0","42",0.04009321732107,190.97875081811489,-33.9155404596,150.7710939501
C-Tway-ElizabethDrive-SouthCreek,"43","0","43",0.04066308177579,190.97898700520307,-33.9160998941,150.7709854209
C-Tway-ElizabethDrive-SouthCreek,"44","0","44",0.04146882319556,190.97920469242740,-33.9168908878,150.7708319669
C-Tway-ElizabethDrive-SouthCreek,"45","0","45",0.04230729810149,190.97945391447445,-33.9177140153,150.7706722754
C-Tway-ElizabethDrive-SouthCreek,"46","0","46",0.04328174221988,177.90465088444347,-33.9186706223,150.7704866836
C-Tway-ElizabethDrive-SouthCreek,"47","0","47",0.04375763369802,177.34476734136967,-33.9191299301,150.7706112189
C-Tway-ElizabethDrive-SouthCreek,"48","0","48",0.04511586813039,179.78629685821187,-33.9204681029,150.7703786373
C-Tway-ElizabethDrive-SouthCreek,"49","0","49",0.04631123092826,180.13856238854567,-33.9216442501,150.7705921086
C-Tway-ElizabethDrive-SouthCreek,"50","0","50",0.04812340765170,190.56476024082264,-33.9234257098,150.7702598647
C-Tway-ElizabethDrive-SouthCreek,"51","0","51",0.05220080902669,190.56574200193344,-33.9274339869,150.7695122575
C-Tway-ElizabethDrive-SouthCreek,"52","0","52",0.05627821559272,190.56676663048805,-33.9314422542,150.7687645697
C-Tway-ElizabethDrive-SouthCreek,"53","0","53",0.05870083803421,195.35951571685413,-33.9338237900,150.7683202874
C-Tway-ElizabethDrive-SouthCreek,"54","0","54",0.06015394056357,195.00814901952560,-33.9351879382,150.7678196809
C-Tway-ElizabethDrive-SouthCreek,"55","0","55",0.06422866194699,233.37656457166139,-33.9392024176,150.7671216058
C-Tway-ElizabethDrive-SouthCreek,"56","0","56",0.06584584146420,233.37771240669900,-33.9390084531,150.7655161004
C-Tway-ElizabethDrive-SouthCreek,"57","0","57",0.07127881072716,188.24910173162050,-33.9443610624,150.7645851179
C-Tway-ElizabethDrive-SouthCreek,"58","0","58",0.07182524363662,189.33645372160166,-33.9449038394,150.7645220148
C-Tway-ElizabethDrive-SouthCreek,"59","0","59",0.07263851089544,190.95485479380105,-33.9456992122,150.7643523510
C-Tway-ElizabethDrive-SouthCreek,"60","0","60",0.07535499924851,233.37961137564079,-33.9483755088,150.7638867919
C-Tway-ElizabethDrive-SouthCreek,"61","0","61",0.08263300758366,276.89100057232201,-33.9475022868,150.7566613585
20thAv_BadgerysCreek_FAST,"0","0","0",0.00000000000000,96.89366251958293,-33.8985530061,150.7586211926
20thAv_BadgerysCreek_FAST,"1","0","1",0.00323284065028,94.84247745127475,-33.8989410344,150.7618306618
20thAv_BadgerysCreek_FAST,"2","0","2",0.00867499895592,95.37026218338524,-33.8992060564,150.7672663632
20thAv_BadgerysCreek_FAST,"3","0","3",0.01082803850511,97.94840269841202,-33.8995038123,150.7693987142
20thAv_BadgerysCreek_FAST,"4","0","4",0.01567242035879,97.94680614553933,-33.9001736301,150.7741965658
20thAv_BadgerysCreek_FAST,"5","0","5",0.01730211999951,97.94546474040582,-33.9003989205,150.7758106182
20thAv_BadgerysCreek_FAST,"6","0","6",0.02051686154123,97.94439158785144,-33.9008432639,150.7789945030
20thAv_BadgerysCreek_FAST,"7","0","7",0.02151267068781,97.94363739820606,-33.9009808880,150.7799807562
20thAv_BadgerysCreek_FAST,"8","0","8",0.02266996554607,97.66259520499342,-33.9011408197,150.7811269469
20thAv_BadgerysCreek_FAST,"9","0","9",0.02444737805629,97.38098875203431,-33.9013691830,150.7828896283
20thAv_BadgerysCreek_FAST,"10","0","10",0.02544375800401,97.37947874584798,-33.9014971703,150.7838777539
20thAv_BadgerysCreek_FAST,"11","0","11",0.03029104558901,97.37764250913366,-33.9021197000,150.7886849000
20thAv_BadgerysCreek_FAST,"12","0","12",0.03513838919869,97.37566940606331,-33.9027420446,150.7934921266
20thAv_BadgerysCreek_FAST,"13","0","13",0.03729278211063,143.96011625060544,-33.9030185828,150.7956286975
20thAv_BadgerysCreek_FAST,"14","0","14",0.04361666780884,149.11529314076839,-33.9092356595,150.7944713353
20thAv_BadgerysCreek_FAST,"15","0","15",0.04496911220519,102.66813111271465,-33.9096465144,150.7957598632
20thAv_BadgerysCreek_FAST,"16","0","16",0.04944256026971,97.63183080387770,-33.9102421083,150.8001934853
20thAv_BadgerysCreek_FAST,"17","0","17",0.05055425518659,97.61259513077154,-33.9103893793,150.8012953822
20thAv_BadgerysCreek_FAST,"18","0","18",0.05159671611863,144.53075404873610,-33.9105274786,150.8023286554
20thAv_BadgerysCreek_FAST,"19","0","19",0.05247656606212,191.44891296552910,-33.9113898213,150.8021540103
20thAv_BadgerysCreek_FAST,"20","0","20",0.05314809849344,191.44909086928124,-33.9120479917,150.8020207151
20thAv_BadgerysCreek_FAST,"21","0","21",0.05367399171186,191.44926877394295,-33.9125634201,150.8019163252
20thAv_BadgerysCreek_FAST,"22","0","22",0.05398698972651,191.44939121572443,-33.9128701897,150.8018541950
20thAv_BadgerysCreek_FAST,"23","0","23",0.05428089425181,191.44951366283419,-33.9131582455,150.8017958537
20thAv_BadgerysCreek_FAST,"24","0","24",0.05479313171330,191.44961610734168,-33.9136602894,150.8016941723
20thAv_BadgerysCreek_FAST,"25","0","25",0.05505483539911,191.44971855506495,-33.9139167850,150.8016422221
20thAv_BadgerysCreek_FAST,"26","0","26",0.05536327976269,191.44986015104772,-33.9142190911,150.8015809934
20thAv_BadgerysCreek_FAST,"27","0","27",0.05669517405712,191.45020310111730,-33.9155244785,150.8013165954
20thAv_BadgerysCreek_FAST,"28","0","28",0.05806808616930,144.73191418202674,-33.9168700654,150.8010440454
20thAv_BadgerysCreek_FAST,"29","0","29",0.05969800090127,98.01304307031660,-33.9170972838,150.8026580447
20thAv_BadgerysCreek_FAST,"30","0","30",0.06127922676676,98.01239443087536,-33.9173176940,150.8042238335
20thAv_BadgerysCreek_FAST,"31","0","31",0.06195610913625,98.01193284648920,-33.9174120397,150.8048941086
20thAv_BadgerysCreek_FAST,"32","0","32",0.06291316683174,98.01150744622892,-33.9175454305,150.8058418250
20thAv_BadgerysCreek_FAST,"33","0","33",0.06390910746541,97.74415890834162,-33.9176842328,150.8068280459
20thAv_BadgerysCreek_FAST,"34","0","34",0.06422803093907,97.47704198987363,-33.9177257339,150.8071442576
20thAv_BadgerysCreek_FAST,"35","0","35",0.06450820643938,97.47704198372108,-33.9177621929,150.8074220508
20thAv_BadgerysCreek_FAST,"36","0","36",0.06474136209096,97.47704198418442,-33.9177925332,150.8076532239
20thAv_BadgerysCreek_FAST,"37","0","37",0.06499940956029,97.47704198481959,-33.9178261126,150.8079090772
20thAv_BadgerysCreek_FAST,"38","0","38",0.06522650307606,97.47704198418768,-33.9178556640,150.8081342398
20thAv_BadgerysCreek_FAST,"39","0","39",0.06541127485579,97.44380028385298,-33.9178797082,150.8083174405
20thAv_BadgerysCreek_FAST,"40","0","40",0.06563284397251,97.49293621561556,-33.9179082858,150.8085371589
20thAv_BadgerysCreek_FAST,"41","0","41",0.06578274112321,97.75761441913100,-33.9179280466,150.8086857478
20thAv_BadgerysCreek_FAST,"42","0","42",0.06588897587271,97.93795445324432,-33.9179427213,150.8087909641
20thAv_BadgerysCreek_FAST,"43","0","43",0.06622508198605,97.93629424133194,-33.9179891264,150.8091238513
20thAv_BadgerysCreek_FAST,"44","0","44",0.06653949855330,97.93659457320648,-33.9180325402,150.8094352563
20thAv_BadgerysCreek_FAST,"45","0","45",0.06722110674478,97.92367635208267,-33.9181266547,150.8101103356
20thAv_BadgerysCreek_FAST,"46","0","46",0.06779168770343,97.94217081534252,-33.9182051840,150.8106754868
20thAv_BadgerysCreek_FAST,"47","0","47",0.06817825014791,97.27140357564150,-33.9182588066,150.8110583120
20thAv_BadgerysCreek_FAST,"48","0","48",0.06842003332935,97.63199585054356,-33.9182864675,150.8112985077
20thAv_BadgerysCreek_FAST,"49","0","49",0.06885530279189,98.31498830724284,-33.9183522674,150.8117287749
20thAv_BadgerysCreek_FAST,"50","0","50",0.06914888902419,97.93520855885075,-33.9183927979,150.8120195500
20thAv_BadgerysCreek_FAST,"51","0","51",0.07043668560096,97.84136466525665,-33.9185705824,150.8132950157
20thAv_BadgerysCreek_FAST,"52","0","52",0.07096834308146,97.88622125652078,-33.9186422541,150.8138218200
20thAv_BadgerysCreek_FAST,"53","0","53",0.07206677954859,98.01522167524219,-33.9187956000,150.8149095000
20thAv_BadgerysCreek_FAST,"54","0","54",0.07309675498908,98.00594074856151,-33.9189390432,150.8159294380
20thAv_BadgerysCreek_FAST,"55","0","55",0.07394126618696,98.00575439481563,-33.9190566692,150.8167657174
20thAv_BadgerysCreek_FAST,"56","0","56",0.07523025551537,98.00496006488098,-33.9192361766,150.8180421462
20thAv_BadgerysCreek_FAST,"57","0","57",0.07553346359115,97.94473468299756,-33.9192784000,150.8183424000
20thAv_BadgerysCreek_FAST,"58","0","58",0.07605979627950,97.88453186699837,-33.9193506023,150.8188637568
20thAv_BadgerysCreek_FAST,"59","0","59",0.07693631825260,97.88415609609295,-33.9194708386,150.8197319930
20thAv_BadgerysCreek_FAST,"60","0","60",0.07782733049312,97.88379126088853,-33.9195930561,150.8206145833
20thAv_BadgerysCreek_FAST,"61","0","61",0.07824689866051,97.87861903202071,-33.9196506047,150.8210301860
20thAv_BadgerysCreek_FAST,"62","0","62",0.07882319092262,97.87796442946535,-33.9197295499,150.8216010454
20thAv_BadgerysCreek_FAST,"63","0","63",0.07997486333360,97.89007831076040,-33.9198874892,150.8227418366
20thAv_BadgerysCreek_FAST,"64","0","64",0.08039625958145,97.88780417049797,-33.9199453920,150.8231592357
20thAv_BadgerysCreek_FAST,"65","0","65",0.08183262330796,97.88445791464130,-33.9201422605,150.8245820440
20thAv_BadgerysCreek_FAST,"66","0","66",0.08250052845988,97.88627287626881,-33.9202339581,150.8252436246
20thAv_BadgerysCreek_FAST,"67","0","67",0.08297068234355,97.88124814869344,-33.9202984271,150.8257093374
20thAv_BadgerysCreek_FAST,"68","0","68",0.08385225756552,97.88005111752875,-33.9204193066,150.8265825860
20thAv_BadgerysCreek_FAST,"69","0","69",0.08516876977676,97.88067053487038,-33.9205997763,150.8278866700
20thAv_BadgerysCreek_FAST,"70","0","70",0.08606365485781,97.88232676873703,-33.9207225000,150.8287731000
20thAv_FAST_BadgerysCreek,"0","0","0",0.00000000000000,277.88232676873702,-33.9207225000,150.8287731000
20thAv_FAST_BadgerysCreek,"1","0","1",0.00089488508105,277.88067053487032,-33.9205997763,150.8278866700
20thAv_FAST_BadgerysCreek,"2","0","2",0.00221139729229,277.88005111752869,-33.9204193066,150.8265825860
20thAv_FAST_BadgerysCreek,"3","0","3",0.00309297251426,277.88124814869343,-33.9202984271,150.8257093374
20thAv_FAST_BadgerysCreek,"4","0","4",0.00356312639793,277.88627287626883,-33.9202339581,150.8252436246
20thAv_FAST_BadgerysCreek,"5","0","5",0.00423103154985,277.88445791464130,-33.9201422605,150.8245820440
20thAv_FAST_BadgerysCreek,"6","0","6",0.00566739527636,277.88780417049793,-33.9199453920,150.8231592357
20thAv_FAST_BadgerysCreek,"7","0","7",0.00608879152421,277.89007831076037,-33.9198874892,150.8227418366
20thAv_FAST_BadgerysCreek,"8","0","8",0.00724046393519,277.87796442946535,-33.9197295499,150.8216010454
20thAv_FAST_BadgerysCreek,"9","0","9",0.00781675619730,277.87861903202071,-33.9196506047,150.8210301860
20thAv_FAST_BadgerysCreek,"10","0","10",0.00823632436469,277.88379126088853,-33.9195930561,150.8206145833
20thAv_FAST_BadgerysCreek,"11","0","11",0.00912733660521,277.88415609609291,-33.9194708386,150.8197319930
20thAv_FAST_BadgerysCreek,"12","0","12",0.01000385857831,277.88453186699832,-33.9193506023,150.8188637568
20thAv_FAST_BadgerysCreek,"13","0","13",0.01053019126666,277.94473468299753,-33.9192784000,150.8183424000
20thAv_FAST_BadgerysCreek,"14","0","14",0.01083339934244,278.00496006488100,-33.9192361766,150.8180421462
20thAv_FAST_BadgerysCreek,"15","0","15",0.01212238867085,278.00575439481565,-33.9190566692,150.8167657174
20thAv_FAST_BadgerysCreek,"16","0","16",0.01296689986873,278.00594074856156,-33.9189390432,150.8159294380
20thAv_FAST_BadgerysCreek,"17","0","17",0.01399687530922,278.01522167524212,-33.9187956000,150.8149095000
20thAv_FAST_BadgerysCreek,"18","0","18",0.01509531177635,278.02514051924265,-33.9186422541,150.8138218200
20thAv_FAST_BadgerysCreek,"19","0","19",0.01584138612063,277.91918345002500,-33.9185380936,150.8130830525
20thAv_FAST_BadgerysCreek,"20","0","20",0.01720835324601,277.87437581164522,-33.9183522674,150.8117287749
20thAv_FAST_BadgerysCreek,"21","0","21",0.01788529893243,277.93579306643306,-33.9182588066,150.8110583120
20thAv_FAST_BadgerysCreek,"22","0","22",0.01834984994996,277.93612323644669,-33.9181946688,150.8105982098
20thAv_FAST_BadgerysCreek,"23","0","23",0.01884244219704,277.93649946994833,-33.9181266547,150.8101103356
20thAv_FAST_BadgerysCreek,"24","0","24",0.01983846695578,277.93701881564675,-33.9179891264,150.8091238513
20thAv_FAST_BadgerysCreek,"25","0","25",0.02014424686058,277.95172628028325,-33.9179469007,150.8088210010
20thAv_FAST_BadgerysCreek,"26","0","26",0.02018008440930,278.41382384606663,-33.9179419341,150.8087855092
20thAv_FAST_BadgerysCreek,"27","0","27",0.02019094060131,278.14652307438359,-33.9179402618,150.8087747826
20thAv_FAST_BadgerysCreek,"28","0","28",0.02020310690393,277.47266642627159,-33.9179386882,150.8087627185
20thAv_FAST_BadgerysCreek,"29","0","29",0.02021512820419,277.73504104623834,-33.9179371162,150.8087508005
20thAv_FAST_BadgerysCreek,"30","0","30",0.02022638344975,277.93260482979889,-33.9179355583,150.8087396535
20thAv_FAST_BadgerysCreek,"31","0","31",0.02023530616730,277.93687824729852,-33.9179343305,150.8087308157
20thAv_FAST_BadgerysCreek,"32","0","32",0.02024479581702,277.90645806203349,-33.9179330156,150.8087214176
20thAv_FAST_BadgerysCreek,"33","0","33",0.02025378072678,278.01716778162830,-33.9179317887,150.8087125168
20thAv_FAST_BadgerysCreek,"34","0","34",0.02026211813781,277.97164278702053,-33.9179306016,150.8087042644
20thAv_FAST_BadgerysCreek,"35","0","35",0.02026924435076,277.90646727371524,-33.9179296397,150.8086972034
20thAv_FAST_BadgerysCreek,"36","0","36",0.02027479191287,277.92244439690762,-33.9179288623,150.8086917106
20thAv_FAST_BadgerysCreek,"37","0","37",0.02028081019752,277.63307916321281,-33.9179280466,150.8086857478
20thAv_FAST_BadgerysCreek,"38","0","38",0.02037858341886,277.47704198505915,-33.9179153235,150.8085888059
20thAv_FAST_BadgerysCreek,"39","0","39",0.02046981863390,277.47704198388840,-33.9179034512,150.8084983465
20thAv_FAST_BadgerysCreek,"40","0","40",0.02067772764798,277.47704198323515,-33.9178763962,150.8082922053
20thAv_FAST_BadgerysCreek,"41","0","41",0.02085878865393,277.47704198413680,-33.9178528349,150.8081126839
20thAv_FAST_BadgerysCreek,"42","0","42",0.02109627807726,277.47704198517977,-33.9178219307,150.8078772138
20thAv_FAST_BadgerysCreek,"43","0","43",0.02130817719457,277.47704198447667,-33.9177943565,150.8076671164
20thAv_FAST_BadgerysCreek,"44","0","44",0.02146865942247,277.47704198459292,-33.9177734731,150.8075079988
20thAv_FAST_BadgerysCreek,"45","0","45",0.02168849110322,277.47704198438345,-33.9177448667,150.8072900363
20thAv_FAST_BadgerysCreek,"46","0","46",0.02193563819733,277.47704199179657,-33.9177127057,150.8070449907
20thAv_FAST_BadgerysCreek,"47","0","47",0.02215444348567,277.74415891074415,-33.9176842328,150.8068280459
20thAv_FAST_BadgerysCreek,"48","0","48",0.02315038411934,278.01150744622890,-33.9175454305,150.8058418250
20thAv_FAST_BadgerysCreek,"49","0","49",0.02410744181483,278.01193284648917,-33.9174120397,150.8048941086
20thAv_FAST_BadgerysCreek,"50","0","50",0.02478432418433,278.01239443042118,-33.9173176940,150.8042238335
20thAv_FAST_BadgerysCreek,"51","0","51",0.02636555004984,278.01304307030296,-33.9170972838,150.8026580447
20thAv_FAST_BadgerysCreek,"52","0","52",0.02799546478178,324.73191418246734,-33.9168700654,150.8010440454
20thAv_FAST_BadgerysCreek,"53","0","53",0.02936837689396,11.45020310147317,-33.9155244785,150.8013165954
20thAv_FAST_BadgerysCreek,"54","0","54",0.02983755560062,11.45000173954875,-33.9150646372,150.8014097334
20thAv_FAST_BadgerysCreek,"55","0","55",0.03019836386847,11.45000173846272,-33.9147110097,150.8014813584
20thAv_FAST_BadgerysCreek,"56","0","56",0.03070027118840,11.44986014947814,-33.9142190911,150.8015809934
20thAv_FAST_BadgerysCreek,"57","0","57",0.03127041923778,11.44961611087599,-33.9136602894,150.8016941723
20thAv_FAST_BadgerysCreek,"58","0","58",0.03207656122458,11.44939121697858,-33.9128701897,150.8018541950
20thAv_FAST_BadgerysCreek,"59","0","59",0.03291545245764,11.44909087021481,-33.9120479917,150.8020207151
20thAv_FAST_BadgerysCreek,"60","0","60",0.03380670576153,11.44891296553600,-33.9111744725,150.8021976236
20thAv_FAST_BadgerysCreek,"61","0","61",0.03446683483245,324.53075404769612,-33.9105274786,150.8023286554
20thAv_FAST_BadgerysCreek,"62","0","62",0.03662099068137,277.63183080393026,-33.9102421083,150.8001934853
20thAv_FAST_BadgerysCreek,"63","0","63",0.04109443874589,282.66813111271460,-33.9096465144,150.7957598632
20thAv_FAST_BadgerysCreek,"64","0","64",0.04244688314225,329.11529314076836,-33.9092356595,150.7944713353
20thAv_FAST_BadgerysCreek,"65","0","65",0.04877076884046,323.96011625060549,-33.9030185828,150.7956286975
20thAv_FAST_BadgerysCreek,"66","0","66",0.05092516175239,277.37566940606331,-33.9027420446,150.7934921266
20thAv_FAST_BadgerysCreek,"67","0","67",0.05577250536207,277.37726238621326,-33.9021197000,150.7886849000
20thAv_FAST_BadgerysCreek,"68","0","68",0.05740317542958,277.37860075523315,-33.9019102970,150.7870677311
20thAv_FAST_BadgerysCreek,"69","0","69",0.06061979294729,277.37988149361064,-33.9014971703,150.7838777539
20thAv_FAST_BadgerysCreek,"70","0","70",0.06339358706717,277.66274126734550,-33.9011408498,150.7811269414
20thAv_FAST_BadgerysCreek,"71","0","71",0.06455088056316,277.94439285128749,-33.9009808880,150.7799807562
20thAv_FAST_BadgerysCreek,"72","0","72",0.06554668970974,277.94439158785144,-33.9008432639,150.7789945030
20thAv_FAST_BadgerysCreek,"73","0","73",0.06876143125146,277.94546474040584,-33.9003989205,150.7758106182
20thAv_FAST_BadgerysCreek,"74","0","74",0.07039113089218,277.94680614551612,-33.9001736301,150.7741965658
20thAv_FAST_BadgerysCreek,"75","0","75",0.07523551274589,277.94840269844104,-33.8995038123,150.7693987142
20thAv_FAST_BadgerysCreek,"76","0","76",0.07738855229505,275.37026218343749,-33.8992060564,150.7672663632
20thAv_FAST_BadgerysCreek,"77","0","77",0.08283071060069,274.84247745127476,-33.8989410344,150.7618306618
20thAv_FAST_BadgerysCreek,"78","0","78",0.08606355125097,276.89366251958290,-33.8985530061,150.7586211926
To_Austral_NE_S,"0","0","0",0.00000000000000,100.35633203611792,-33.9536059000,150.8081771000
To_Austral_NE_S,"1","0","1",0.00046782138685,84.70883078493983,-33.9536900000,150.8086373000
To_Austral_NE_S,"2","0","2",0.00105824400653,32.72785599307706,-33.9534790016,150.8091887332
To_Austral_NE_S,"3","0","3",0.00217256100627,356.10349269829260,-33.9523668903,150.8091186556
To_Austral_NE_S,"4","0","4",0.00355233487990,339.23929492515845,-33.9509907997,150.8090179061
To_Austral_NE_S,"5","0","5",0.00390850996237,340.09284938698011,-33.9507076000,150.8088019000
To_Austral_NE_S,"6","0","6",0.00412341128891,358.21566097079136,-33.9504929000,150.8087926000
To_Austral_NE_S,"7","0","7",0.00423923218518,359.67809567650363,-33.9503771000,150.8087904000
To_Austral_NE_S,"8","0","8",0.00515425973122,2.34461003917100,-33.9494621000,150.8087975000
To_Austral_NE_S,"9","0","9",0.00528261178610,4.24629208561737,-33.9493341000,150.8088070000
To_Austral_NE_S,"10","0","10",0.00541086411549,6.62359820838999,-33.9492062000,150.8088165000
To_Austral_NE_S,"11","0","11",0.00592549907354,11.24991001888903,-33.9486979000,150.8088970000
To_Austral_NE_S,"12","0","12",0.00670894763590,12.23917459593051,-33.9479361000,150.8090799000
To_Austral_NE_S,"13","0","13",0.00720624767616,11.39275189635925,-33.9474479000,150.8091746000
To_Austral_NE_S,"14","0","14",0.01013399945017,11.50231887019487,-33.9445821000,150.8097737000
To_Austral_NE_S,"15","0","15",0.01186317117332,11.19675390884178,-33.9428858420,150.8101094732
To_Austral_NE_S,"16","0","16",0.01232492803190,11.19650379545378,-33.9424328739,150.8101991353
To_Austral_NE_S,"17","0","17",0.01309210333613,11.35724850405840,-33.9416803000,150.8103481000
To_Austral_NE_S,"18","0","18",0.01394434234305,11.51797073966598,-33.9408452236,150.8105182727
To_Austral_NE_S,"19","0","19",0.01459353914225,11.51728393822032,-33.9402091000,150.8106479000
To_Austral_NE_S,"20","0","20",0.01520213981144,11.51528031099650,-33.9396127526,150.8107694094
To_Austral_NE_S,"21","0","21",0.01599014992963,11.16173749521445,-33.9388406000,150.8109267000
To_Austral_NE_S,"22","0","22",0.01692866586275,10.48066935116026,-33.9379187373,150.8111027152
To_Austral_NE_S,"23","0","23",0.01776651082718,10.67907003426465,-33.9370940092,150.8112503898
To_Austral_NE_S,"24","0","24",0.01857245626695,11.20622712878629,-33.9363034305,150.8114070207
To_Austral_NE_S,"25","0","25",0.02047403289787,11.20578951049504,-33.9344381079,150.8117765685
To_Austral_NE_S,"26","0","26",0.02184660713260,11.20534917765962,-33.9330917000,150.8120433000
To_Austral_NE_S,"27","0","27",0.02321918066713,11.20484994932853,-33.9317452909,150.8123100219
To_Austral_NE_S,"28","0","28",0.02592669725078,11.20429218027773,-33.9290893803,150.8128361256
To_Austral_NE_S,"29","0","29",0.02676538167549,11.20390413205570,-33.9282666800,150.8129990849
To_Austral_NE_S,"30","0","30",0.02768672018647,11.29655896597703,-33.9273629000,150.8131781000
To_Austral_NE_S,"31","0","31",0.02849552354673,11.38934250789465,-33.9265700237,150.8133378184
To_Austral_NE_S,"32","0","32",0.02915087466203,11.38934251609739,-33.9259275778,150.8134672339
To_Austral_NE_S,"33","0","33",0.02978766739325,11.38915938006644,-33.9253033248,150.8135929845
To_Austral_NE_S,"34","0","34",0.03015825041283,11.38891559925158,-33.9249400389,150.8136661631
To_Austral_NE_S,"35","0","35",0.03060610776950,11.81620547873270,-33.9245010000,150.8137546000
To_Austral_NE_S,"36","0","36",0.03091560006787,12.24322241556818,-33.9241985471,150.8138202333
To_Austral_NE_S,"37","0","37",0.03140716375487,11.72804726423746,-33.9237181628,150.8139244726
To_Austral_NE_S,"38","0","38",0.03234666146093,324.57394447886526,-33.9227965998,150.8141071677
To_Austral_NE_S,"39","0","39",0.03267856648372,277.93468325900449,-33.9227507823,150.8137784403
To_Austral_NE_S,"40","0","40",0.03325117164533,277.93468325872482,-33.9226717375,150.8132113172
To_Austral_NE_S,"41","0","41",0.03375195769749,277.93468325828059,-33.9226026069,150.8127153256
To_Austral_NE_S,"42","0","42",0.03410326238804,277.93468325838268,-33.9225541114,150.8123673843
To_Austral_NE_S,"43","0","43",0.03450034860458,298.68783979457777,-33.9224992960,150.8119740998
To_Austral_NE_S,"44","0","44",0.03544973004402,319.44099632985166,-33.9217780160,150.8113567827
To_Austral_NE_S,"45","0","45",0.03620779953884,319.44151631798593,-33.9212020827,150.8108638626
To_Austral_NE_S,"46","0","46",0.03791523572033,345.39202881515865,-33.9199048606,150.8097536586
To_Austral_NE_S,"47","0","47",0.03839846253432,11.34202132282619,-33.9194310708,150.8098486926
To_Austral_NE_S,"48","0","48",0.03884520445414,11.34202132412884,-33.9189930535,150.8099365512
To_Austral_NE_S,"49","0","49",0.03935746189216,11.34202132422810,-33.9184908001,150.8100372944
To_Austral_NE_S,"50","0","50",0.03972886045990,11.34175348076480,-33.9181266547,150.8101103356
To_Austral_NE_S,"51","0","51",0.03992760497650,11.34148563358219,-33.9179317911,150.8101494200
To_Austral_NE_S,"52","0","52",0.04009577449272,11.34148562653524,-33.9177669056,150.8101824915
To_Austral_NE_S,"53","0","53",0.04031298759864,11.34995033059589,-33.9175539341,150.8102252078
To_Austral_NE_S,"54","0","54",0.04063810464245,11.34424175058169,-33.9172351846,150.8102892383
To_Austral_NE_S,"55","0","55",0.04112018926078,11.33577704553719,-33.9167624950,150.8103839490
To_Austral_NE_S,"56","0","56",0.04154248395971,35.29768427631100,-33.9163484467,150.8104669958
To_Austral_NE_S,"57","0","57",0.04182096525800,59.25388292735912,-33.9162060773,150.8107063341
To_Austral_NE_S,"58","0","58",0.04211760587327,59.25388292727472,-33.9160544243,150.8109612792
To_Austral_NE_S,"59","0","59",0.04248894955670,59.25388292711850,-33.9158645805,150.8112804272
To_Austral_NE_S,"60","0","60",0.04275371838463,59.25388292726869,-33.9157292215,150.8115079804
To_Austral_NE_S,"61","0","61",0.04306131849338,59.25388292724048,-33.9155719656,150.8117723446
To_Austral_NE_S,"62","0","62",0.04335290898001,59.25332751325914,-33.9154228943,150.8120229494
To_Austral_NE_S,"63","0","63",0.04463680951807,59.25277209868452,-33.9147664983,150.8131263735
To_Austral_NE_S,"64","0","64",0.04516331633174,78.59361566110501,-33.9144973209,150.8135788699
To_Austral_NE_S,"65","0","65",0.04664345043571,97.93445922372764,-33.9147016389,150.8150448341
To_Austral_NE_S,"66","0","66",0.04731680959515,97.93445922372364,-33.9147945896,150.8157117469
From_Austral_NE_S,"0","0","0",0.00000000000000,97.95436749117441,-33.9147945896,150.8157117469
From_Austral_NE_S,"1","0","1",0.00089033647118,97.93430582408681,-33.9149177982,150.8165935171
From_Austral_NE_S,"2","0","2",0.00186117731318,97.92384111137177,-33.9150514741,150.8175551109
From_Austral_NE_S,"3","0","3",0.00215350505285,118.68610337787570,-33.9150918219,150.8178446408
From_Austral_NE_S,"4","0","4",0.00332600540080,139.43876869052022,-33.9159825839,150.8186070713
From_Austral_NE_S,"5","0","5",0.00386093283956,139.43824870446019,-33.9163889744,150.8189549134
From_Austral_NE_S,"6","0","6",0.00556837537426,165.38654222809987,-33.9176861179,150.8200652190
From_Austral_NE_S,"7","0","7",0.00637050662963,191.33535573511634,-33.9184726025,150.8199075592
From_Austral_NE_S,"8","0","8",0.00660955155221,191.33535573485995,-33.9187069845,150.8198605746
From_Austral_NE_S,"9","0","9",0.00707991024022,191.33535573817477,-33.9191681681,150.8197681250
From_Austral_NE_S,"10","0","10",0.00738199573879,191.33562333212555,-33.9194643610,150.8197087497
From_Austral_NE_S,"11","0","11",0.00831520950024,191.33589092509823,-33.9203793694,150.8195253169
From_Austral_NE_S,"12","0","12",0.00919561736539,215.29393792753029,-33.9212426020,150.8193522636
From_Austral_NE_S,"13","0","13",0.01024259263398,239.25198493005468,-33.9217778820,150.8184524678
From_Austral_NE_S,"14","0","14",0.01100611923178,239.25254043282882,-33.9221682452,150.8177962746
From_Austral_NE_S,"15","0","15",0.01142017710985,239.25309593697614,-33.9223799309,150.8174404192
From_Austral_NE_S,"16","0","16",0.01174965537422,239.25309593739294,-33.9225483755,150.8171572543
From_Austral_NE_S,"17","0","17",0.01225230583020,239.25309593675530,-33.9228053539,150.8167252594
From_Austral_NE_S,"18","0","18",0.01281663877839,258.59337891086477,-33.9230938672,150.8162402525
From_Austral_NE_S,"19","0","19",0.01497033760518,234.57343379190868,-33.9227965998,150.8141071677
From_Austral_NE_S,"20","0","20",0.01590983531124,191.72804726423746,-33.9237181628,150.8139244726
From_Austral_NE_S,"21","0","21",0.01640139899824,192.24322241556820,-33.9241985471,150.8138202333
From_Austral_NE_S,"22","0","22",0.01671089129660,191.81620547873271,-33.9245010000,150.8137546000
From_Austral_NE_S,"23","0","23",0.01715874865328,191.38891559925156,-33.9249400389,150.8136661631
From_Austral_NE_S,"24","0","24",0.01752933167285,191.38915938006642,-33.9253033248,150.8135929845
From_Austral_NE_S,"25","0","25",0.01816612440408,191.38934251609737,-33.9259275778,150.8134672339
From_Austral_NE_S,"26","0","26",0.01882147551938,191.38934250789464,-33.9265700237,150.8133378184
From_Austral_NE_S,"27","0","27",0.01963027887963,191.29655896597703,-33.9273629000,150.8131781000
From_Austral_NE_S,"28","0","28",0.02055161739062,191.20390413205567,-33.9282666800,150.8129990849
From_Austral_NE_S,"29","0","29",0.02139030181532,191.20419479384586,-33.9290893803,150.8128361256
From_Austral_NE_S,"30","0","30",0.02276625252566,191.20465516775866,-33.9304391059,150.8125687661
From_Austral_NE_S,"31","0","31",0.02547039193351,191.20525178252166,-33.9330917000,150.8120433000
From_Austral_NE_S,"32","0","32",0.02684296616824,191.20578951049507,-33.9344381079,150.8117765685
From_Austral_NE_S,"33","0","33",0.02874454279916,191.20622713091558,-33.9363034305,150.8114070207
From_Austral_NE_S,"34","0","34",0.02955048823892,190.67907003626544,-33.9370940092,150.8112503898
From_Austral_NE_S,"35","0","35",0.03038833320337,190.48066934932748,-33.9379187373,150.8111027152
From_Austral_NE_S,"36","0","36",0.03132684913648,191.16173749351017,-33.9388406000,150.8109267000
From_Austral_NE_S,"37","0","37",0.03211485925467,191.51528031099653,-33.9396127526,150.8107694094
From_Austral_NE_S,"38","0","38",0.03272345992386,191.51728393822034,-33.9402091000,150.8106479000
From_Austral_NE_S,"39","0","39",0.03337265672305,191.51797073966603,-33.9408452236,150.8105182727
From_Austral_NE_S,"40","0","40",0.03422489572998,191.35724850405839,-33.9416803000,150.8103481000
From_Austral_NE_S,"41","0","41",0.03499207103420,191.19650379545379,-33.9424328739,150.8101991353
From_Austral_NE_S,"42","0","42",0.03545382789279,191.19675390884177,-33.9428858420,150.8101094732
From_Austral_NE_S,"43","0","43",0.03718299961594,191.50231887019487,-33.9445821000,150.8097737000
From_Austral_NE_S,"44","0","44",0.04011075138995,191.39275189635927,-33.9474479000,150.8091746000
From_Austral_NE_S,"45","0","45",0.04060805143021,187.07032024771081,-33.9479361000,150.8090799000
From_Austral_NE_S,"46","0","46",0.04111372169821,181.39988701656102,-33.9484410000,150.8090520000
From_Austral_NE_S,"47","0","47",0.04142932803531,178.83650125106342,-33.9487566000,150.8090540000
From_Austral_NE_S,"48","0","48",0.04207420683009,177.80822720284036,-33.9494011000,150.8090761000
From_Austral_NE_S,"49","0","49",0.04271848125142,177.42881542408870,-33.9500448000,150.8091033000
From_Austral_NE_S,"50","0","50",0.04309951139457,178.66437194677559,-33.9504254000,150.8091214000
From_Austral_NE_S,"51","0","51",0.04321081143988,180.30619923164230,-33.9505367000,150.8091213000
From_Austral_NE_S,"52","0","52",0.04342532171937,191.73888204984115,-33.9507512000,150.8091192000
From_Austral_NE_S,"53","0","53",0.04368545330639,189.36472363296420,-33.9509907997,150.8090179061
From_Austral_NE_S,"54","0","54",0.04506522718002,176.10349269829260,-33.9523668903,150.8091186556
From_Austral_NE_S,"55","0","55",0.04617954417977,175.54985017092037,-33.9534790016,150.8091887332
From_Austral_NE_S,"56","0","56",0.04676504473073,221.62618123845482,-33.9540620040,150.8092427621
From_Austral_NE_S,"57","0","57",0.04762858446378,275.42408042147844,-33.9540839000,150.8083795000
From_Austral_NE_S,"58","0","58",0.04812280882593,282.30111625549574,-33.9539786058,150.8078966223
From_Austral_NE_E,"0","0","0",0.00000000000000,11.34148562865081,-33.9181266547,150.8101103356
From_Austral_NE_E,"1","0","1",0.00181362347605,35.29768427792789,-33.9163484467,150.8104669958
From_Austral_NE_E,"2","0","2",0.00362404849635,59.25332751298788,-33.9154228943,150.8120229494
From_Austral_NE_E,"3","0","3",0.00543445584808,78.59361566124996,-33.9144973209,150.8135788699
From_Austral_NE_E,"4","0","4",0.00758794911149,97.93394864478032,-33.9147945896,150.8157117469
From_Austral_NE_E,"5","0","5",0.00974145405046,118.68610337771777,-33.9150918219,150.8178446408
From_Austral_NE_E,"6","0","6",0.01144888183719,139.43824870410774,-33.9163889744,150.8189549134
From_Austral_NE_E,"7","0","7",0.01315632437188,165.38654222808231,-33.9176861179,150.8200652190
From_Austral_NE_E,"8","0","8",0.01496994473637,144.63344114354936,-33.9194643610,150.8197087497
From_Austral_NE_E,"9","0","9",0.01596599630112,97.93127122622839,-33.9196018057,150.8206952728
From_Austral_NE_E,"10","0","10",0.01712357287786,97.94881064755984,-33.9197615290,150.8218417770
From_Austral_NE_E,"11","0","11",0.01803240352116,97.93221764656317,-33.9198874892,150.8227418366
From_Austral_NE_E,"12","0","12",0.01845379976901,97.88780417049797,-33.9199453920,150.8231592357
From_Austral_NE_E,"13","0","13",0.01989016349553,97.88445791464130,-33.9201422605,150.8245820440
From_Austral_NE_E,"14","0","14",0.02055806864745,98.12119231862553,-33.9202339581,150.8252436246
From_Austral_NE_E,"15","0","15",0.02100009183157,98.00202969617506,-33.9202981581,150.8256809607
From_Austral_NE_E,"16","0","16",0.02190981985525,97.76668950784409,-33.9204193066,150.8265825860
From_Austral_NE_E,"17","0","17",0.02322632995746,97.88030478696434,-33.9205998114,150.8278866630
From_Austral_NE_E,"18","0","18",0.02412121714667,97.88004270254409,-33.9207225000,150.8287731000
To_Austral_NE_E,"0","0","0",0.00000000000000,277.88004270254402,-33.9207225000,150.8287731000
To_Austral_NE_E,"1","0","1",0.00089488718921,277.88030478696430,-33.9205998114,150.8278866630
To_Austral_NE_E,"2","0","2",0.00221139729142,277.76668950784409,-33.9204193066,150.8265825860
To_Austral_NE_E,"3","0","3",0.00312112531510,278.00202969617504,-33.9202981581,150.8256809607
To_Austral_NE_E,"4","0","4",0.00356314849922,278.12119231862556,-33.9202339581,150.8252436246
To_Austral_NE_E,"5","0","5",0.00423105365114,277.88445791464130,-33.9201422605,150.8245820440
To_Austral_NE_E,"6","0","6",0.00566741737766,277.88780417049793,-33.9199453920,150.8231592357
To_Austral_NE_E,"7","0","7",0.00608881362551,277.93221764656317,-33.9198874892,150.8227418366
To_Austral_NE_E,"8","0","8",0.00699764426881,277.94881064755981,-33.9197615290,150.8218417770
To_Austral_NE_E,"9","0","9",0.00815522084555,277.93127122622838,-33.9196018057,150.8206952728
To_Austral_NE_E,"10","0","10",0.00915127241030,234.63370873724242,-33.9194643610,150.8197087497
To_Austral_NE_E,"11","0","11",0.01096489403693,215.29393792753697,-33.9212426020,150.8193522636
To_Austral_NE_E,"12","0","12",0.01277539590333,239.25254043346692,-33.9221682452,150.8177962746
To_Austral_NE_E,"13","0","13",0.01458591544993,258.59337891108726,-33.9230938672,150.8162402525
To_Austral_NE_E,"14","0","14",0.01673961427667,277.93417257192067,-33.9227965998,150.8141071677
To_Austral_NE_E,"15","0","15",0.01889330142037,298.68783979419129,-33.9224992960,150.8119740998
To_Austral_NE_E,"16","0","16",0.02060075235464,319.44151631830806,-33.9212020827,150.8108638626
To_Austral_NE_E,"17","0","17",0.02230818853612,345.39202881518986,-33.9199048606,150.8097536586
To_Austral_NE_E,"18","0","18",0.02412181327569,11.34202132368012,-33.9181266547,150.8101103356
From_Austral_NE_N,"0","0","0",0.00000000000000,277.93468325846595,-33.9227965998,150.8141071677
From_Austral_NE_N,"1","0","1",0.00215368714370,298.68783979419129,-33.9224992960,150.8119740998
From_Austral_NE_N,"2","0","2",0.00386113807797,319.44151631830806,-33.9212020827,150.8108638626
From_Austral_NE_N,"3","0","3",0.00556857425946,345.39202881518986,-33.9199048606,150.8097536586
From_Austral_NE_N,"4","0","4",0.00738219899903,11.34175347616544,-33.9181266547,150.8101103356
From_Austral_NE_N,"5","0","5",0.00919582247508,35.29768427792789,-33.9163484467,150.8104669958
From_Austral_NE_N,"6","0","6",0.01100624749537,59.25332751298788,-33.9154228943,150.8120229494
From_Austral_NE_N,"7","0","7",0.01281665484711,78.59361566124996,-33.9144973209,150.8135788699
From_Austral_NE_N,"8","0","8",0.01497014811051,52.88161813972401,-33.9147945896,150.8157117469
From_Austral_NE_N,"9","0","9",0.01580746910084,8.83426071188451,-33.9139650728,150.8158258011
From_Austral_NE_N,"10","0","10",0.01727797362353,0.36052312621735,-33.9125162000,150.8160771000
From_Austral_NE_N,"11","0","11",0.01744518684064,350.88130188438453,-33.9123511000,150.8160506000
To_Austral_NE_N,"0","0","0",0.00000000000000,170.88130188438458,-33.9123511000,150.8160506000
To_Austral_NE_N,"1","0","1",0.00016721321711,180.36052312621734,-33.9125162000,150.8160771000
To_Austral_NE_N,"2","0","2",0.00163771773981,188.83426071188455,-33.9139650728,150.8158258011
To_Austral_NE_N,"3","0","3",0.00247503873013,142.88110756077521,-33.9147945896,150.8157117469
To_Austral_NE_N,"4","0","4",0.00462854366911,118.68610337771777,-33.9150918219,150.8178446408
To_Austral_NE_N,"5","0","5",0.00633597145583,139.43824870410774,-33.9163889744,150.8189549134
To_Austral_NE_N,"6","0","6",0.00804341399052,165.38654222799408,-33.9176861179,150.8200652190
To_Austral_NE_N,"7","0","7",0.00985703435504,191.33562333124618,-33.9194643610,150.8197087497
To_Austral_NE_N,"8","0","8",0.01167065598164,215.29393792762522,-33.9212426020,150.8193522636
To_Austral_NE_N,"9","0","9",0.01348115784804,239.25254043346692,-33.9221682452,150.8177962746
To_Austral_NE_N,"10","0","10",0.01529167739464,258.59337891108726,-33.9230938672,150.8162402525
To_Austral_NE_N,"11","0","11",0.01744537622138,277.93366188537533,-33.9227965998,150.8141071677
From_Austral_NE_W,"0","0","0",0.00000000000000,191.33589092493929,-33.9194643610,150.8197087497
From_Austral_NE_W,"1","0","1",0.00181362162663,215.29393792753697,-33.9212426020,150.8193522636
From_Austral_NE_W,"2","0","2",0.00362412349302,239.25254043346692,-33.9221682452,150.8177962746
From_Austral_NE_W,"3","0","3",0.00543464303963,258.59337891098284,-33.9230938672,150.8162402525
From_Austral_NE_W,"4","0","4",0.00758834186642,277.93417257192067,-33.9227965998,150.8141071677
From_Austral_NE_W,"5","0","5",0.00974202901007,298.68783979429566,-33.9224992960,150.8119740998
From_Austral_NE_W,"6","0","6",0.01144947994434,319.44151631830806,-33.9212020827,150.8108638626
From_Austral_NE_W,"7","0","7",0.01315691612582,345.39202881563000,-33.9199048606,150.8097536586
From_Austral_NE_W,"8","0","8",0.01497054086540,324.63930794989074,-33.9181266547,150.8101103356
From_Austral_NE_W,"9","0","9",0.01596656562415,277.93676509772240,-33.9179891264,150.8091238513
From_Austral_NE_W,"10","0","10",0.01640890648680,275.93849395492549,-33.9179280466,150.8086857478
From_Austral_NE_W,"11","0","11",0.01654056547248,277.00626506248540,-33.9179190000,150.8085544000
From_Austral_NE_W,"12","0","12",0.01677213457663,279.05058015076486,-33.9178785000,150.8083264000
From_Austral_NE_W,"13","0","13",0.01705884408149,278.02868246645835,-33.9178384556,150.8080425007
From_Austral_NE_W,"14","0","14",0.01771394546813,277.94500173500961,-33.9177469584,150.8073938205
From_Austral_NE_W,"15","0","15",0.01823635786065,277.86146378188784,-33.9176755050,150.8068763177
From_Austral_NE_W,"16","0","16",0.01891878439722,277.86180958510829,-33.9175821622,150.8062003051
From_Austral_NE_W,"17","0","17",0.01994959131149,277.86216129819729,-33.9174411603,150.8051791874
From_Austral_NE_W,"18","0","18",0.02017354758347,277.86235970838851,-33.9174105247,150.8049573363
From_Austral_NE_W,"19","0","19",0.02036918628016,277.86252900000233,-33.9173837624,150.8047635368
From_Austral_NE_W,"20","0","20",0.02118252743356,277.86284155542154,-33.9172724983,150.8039578420
From_Austral_NE_W,"21","0","21",0.02199770648959,277.86316652628295,-33.9171609773,150.8031503273
From_Austral_NE_W,"22","0","22",0.02229637009191,277.86341216754880,-33.9171201171,150.8028544719
From_Austral_NE_W,"23","0","23",0.02295675025240,277.86370673877957,-33.9170297679,150.8022003015
From_Austral_NE_W,"24","0","24",0.02382307945050,277.86409144751502,-33.9169112366,150.8013421193
From_Austral_NE_W,"25","0","25",0.02467651029877,277.86451193430474,-33.9167944640,150.8004967150
From_Austral_NE_W,"26","0","26",0.02565167260872,277.84021786071673,-33.9166610279,150.7995307252
From_Austral_NE_W,"27","0","27",0.02682567592957,277.82984787103891,-33.9165013785,150.7983676277
From_Austral_NE_W,"28","0","28",0.03046424845914,277.73135848214133,-33.9160048000,150.7947631000
From_Austral_NE_W,"29","0","29",0.03222388758743,277.64413905532075,-33.9157715064,150.7930189945
From_Austral_NE_W,"30","0","30",0.03338170538993,277.66980478483356,-33.9156169846,150.7918715342
From_Austral_NE_W,"31","0","31",0.03437796458312,277.67029103734120,-33.9154840155,150.7908841885
From_Austral_NE_W,"32","0","32",0.03533532847639,277.67071577606833,-33.9153562301,150.7899353911
From_Austral_NE_W,"33","0","33",0.03601242744993,277.67117664510806,-33.9152658489,150.7892643514
From_Austral_NE_W,"34","0","34",0.03759415945532,277.67182427591393,-33.9150546999,150.7876967761
From_Austral_NE_W,"35","0","35",0.03922459612292,277.67259051788733,-33.9148370278,150.7860809350
From_Austral_NE_W,"36","0","36",0.04085502625307,277.67335675518268,-33.9146193348,150.7844651033
From_Austral_NE_W,"37","0","37",0.04243673942141,277.67400436973838,-33.9144081255,150.7828975551
From_Austral_NE_W,"38","0","38",0.04311382657000,277.67446522450626,-33.9143177065,150.7822265325
From_Austral_NE_W,"39","0","39",0.04407116989572,277.67488994942994,-33.9141898554,150.7812777647
From_Austral_NE_W,"40","0","40",0.04506740289943,277.67544743207378,-33.9140568026,150.7802904566
From_Austral_NE_W,"41","0","41",0.04682713538725,277.67611901524003,-33.9138217601,150.7785464918
From_Austral_NE_W,"42","0","42",0.04798491160490,277.67671934144033,-33.9136671054,150.7773990914
From_Austral_NE_W,"43","0","43",0.04898113501114,277.67766592178015,-33.9135340220,150.7764117971
From_Austral_NE_W,"44","0","44",0.05382759238964,277.67950487711391,-33.9128864779,150.7716087944
From_Austral_NE_W,"45","0","45",0.05867399189813,277.68148085470864,-33.9122387491,150.7668058749
From_Austral_NE_W,"46","0","46",0.06082792865082,287.62236217321015,-33.9119508104,150.7646712707
From_Austral_NE_W,"47","0","47",0.06186828988220,287.22696760286681,-33.9114694201,150.7637489829
From_Austral_NE_W,"48","0","48",0.06267662004471,276.89247344325941,-33.9113724286,150.7629464928
From_Austral_NE_W,"49","0","49",0.06995152476842,276.89457025513241,-33.9104992732,150.7557241775
From_Austral_NE_W,"50","0","50",0.07237646630221,240.38463441174193,-33.9102081284,150.7533167772
From_Austral_NE_W,"51","0","51",0.07329358026447,240.85439621277001,-33.9110467749,150.7529456033
From_Austral_NE_W,"52","0","52",0.08029466049809,234.52072452996657,-33.9100923536,150.7460098838
From_Austral_NE_W,"53","0","53",0.08618813492606,234.52246488892010,-33.9158734636,150.7448645419
From_Austral_NE_W,"54","0","54",0.09318954881913,234.52160267921897,-33.9149185754,150.7379285499
From_Austral_NE_W,"55","0","55",0.09908301033796,191.20448707255417,-33.9206997072,150.7367833845
To_Austral_NE_W,"0","0","0",0.00000000000000,11.20448707255419,-33.9206997072,150.7367833845
To_Austral_NE_W,"1","0","1",0.00589346151883,54.52160267921899,-33.9149185754,150.7379285499
To_Austral_NE_W,"2","0","2",0.01289487541189,54.52246488892006,-33.9158734636,150.7448645419
To_Austral_NE_W,"3","0","3",0.01878834983987,54.52072452996653,-33.9100923536,150.7460098838
To_Austral_NE_W,"4","0","4",0.02578943007348,60.85439621276996,-33.9110467749,150.7529456033
To_Austral_NE_W,"5","0","5",0.02670654403575,60.38463441174194,-33.9102081284,150.7533167772
To_Austral_NE_W,"6","0","6",0.02913148556954,96.89457025513245,-33.9104992732,150.7557241775
To_Austral_NE_W,"7","0","7",0.03640639029325,96.89247344325943,-33.9113724286,150.7629464928
To_Austral_NE_W,"8","0","8",0.03721472045576,107.22696760286676,-33.9114694201,150.7637489829
To_Austral_NE_W,"9","0","9",0.03825508168714,107.62248009222733,-33.9119508104,150.7646712707
To_Austral_NE_W,"10","0","10",0.03941282126988,97.68229036122256,-33.9121055820,150.7658186184
To_Austral_NE_W,"11","0","11",0.04040901843985,97.68180416330270,-33.9122387491,150.7668058749
To_Austral_NE_W,"12","0","12",0.04136632733487,97.68099925974427,-33.9123667102,150.7677545931
To_Austral_NE_W,"13","0","13",0.04525541794849,97.67958502753173,-33.9128864779,150.7716087944
To_Austral_NE_W,"14","0","14",0.04846747118221,97.67817077936012,-33.9133156677,150.7747920446
To_Austral_NE_W,"15","0","15",0.05010187532721,97.67728570698877,-33.9135340220,150.7764117971
To_Austral_NE_W,"16","0","16",0.05109809873345,97.67671934144033,-33.9136671054,150.7773990914
To_Austral_NE_W,"17","0","17",0.05225587495110,97.67542738349574,-33.9138217601,150.7785464918
To_Austral_NE_W,"18","0","18",0.05985841421422,97.67266175146939,-33.9148370278,150.7860809350
To_Austral_NE_W,"19","0","19",0.06685912274878,97.72074717482852,-33.9157715064,150.7930189945
To_Austral_NE_W,"20","0","20",0.07225732524023,97.79313417024719,-33.9165013785,150.7983676277
To_Austral_NE_W,"21","0","21",0.07343132856109,97.84021786071671,-33.9166610279,150.7995307252
To_Austral_NE_W,"22","0","22",0.07440649087103,97.86451193430473,-33.9167944640,150.8004967150
To_Austral_NE_W,"23","0","23",0.07525992171930,97.86409144751505,-33.9169112366,150.8013421193
To_Austral_NE_W,"24","0","24",0.07612625091740,97.86370673877954,-33.9170297679,150.8022003015
To_Austral_NE_W,"25","0","25",0.07678663107789,97.86341216754880,-33.9171201171,150.8028544719
To_Austral_NE_W,"26","0","26",0.07708529468021,97.86316652628295,-33.9171609773,150.8031503273
To_Austral_NE_W,"27","0","27",0.07790047373625,97.86284155542150,-33.9172724983,150.8039578420
To_Austral_NE_W,"28","0","28",0.07871381488965,97.86252900000237,-33.9173837624,150.8047635368
To_Austral_NE_W,"29","0","29",0.07890945358633,97.86235970838854,-33.9174105247,150.8049573363
To_Austral_NE_W,"30","0","30",0.07913340985831,97.86216129819734,-33.9174411603,150.8051791874
To_Austral_NE_W,"31","0","31",0.08016421677259,97.86180958510835,-33.9175821622,150.8062003051
To_Austral_NE_W,"32","0","32",0.08084664330916,97.86146378188789,-33.9176755050,150.8068763177
To_Austral_NE_W,"33","0","33",0.08136905570168,97.94500173492681,-33.9177469584,150.8073938205
To_Austral_NE_W,"34","0","34",0.08231086659318,99.05058015095416,-33.9178785000,150.8083264000
To_Austral_NE_W,"35","0","35",0.08254243569732,97.00626506248541,-33.9179190000,150.8085544000
To_Austral_NE_W,"36","0","36",0.08267409468300,95.93849395492555,-33.9179280466,150.8086857478
To_Austral_NE_W,"37","0","37",0.08311643554566,97.93676509772243,-33.9179891264,150.8091238513
To_Austral_NE_W,"38","0","38",0.08411246030441,54.63904010149576,-33.9181266547,150.8101103356
To_Austral_NE_W,"39","0","39",0.08592608378046,35.29768427748771,-33.9163484467,150.8104669958
To_Austral_NE_W,"40","0","40",0.08773650880075,59.25332751298788,-33.9154228943,150.8120229494
To_Austral_NE_W,"41","0","41",0.08954691615249,78.59361566124996,-33.9144973209,150.8135788699
To_Austral_NE_W,"42","0","42",0.09170040941589,97.93394864478032,-33.9147945896,150.8157117469
To_Austral_NE_W,"43","0","43",0.09385391435486,118.68610337771777,-33.9150918219,150.8178446408
To_Austral_NE_W,"44","0","44",0.09556134214159,139.43824870410774,-33.9163889744,150.8189549134
To_Austral_NE_W,"45","0","45",0.09726878467628,165.38654222808231,-33.9176861179,150.8200652190
To_Austral_NE_W,"46","0","46",0.09908240504077,191.33535573755316,-33.9194643610,150.8197087497
From_KempsCreek_NE_N,"0","0","0",0.00000000000000,277.83751954507494,-33.8938965000,150.7902204000
From_KempsCreek_NE_N,"1","0","1",0.00215425106186,298.57730462001024,-33.8936027370,150.7880862723
From_KempsCreek_NE_N,"2","0","2",0.00386243362432,319.31761050860911,-33.8923073730,150.7869727555
From_KempsCreek_NE_N,"3","0","3",0.00557060136141,345.26340862430277,-33.8910119999,150.7858592719
From_KempsCreek_NE_N,"4","0","4",0.00738397824111,11.20842050390389,-33.8892332119,150.7862117617
From_KempsCreek_NE_N,"5","0","5",0.00919735389794,35.18015569984914,-33.8874544219,150.7865642347
From_KempsCreek_NE_N,"6","0","6",0.01100741914128,59.15160024816456,-33.8865262929,150.7881182337
From_KempsCreek_NE_N,"7","0","7",0.01281746669256,78.65854160558011,-33.8855981429,150.7896721995
From_KempsCreek_NE_N,"8","0","8",0.01487814762827,54.67021580448724,-33.8858908466,150.7917119863
From_KempsCreek_NE_N,"9","0","9",0.01573302428975,9.64808375317953,-33.8850521768,150.7918776579
From_KempsCreek_NE_N,"10","0","10",0.01633164494512,9.88720582317790,-33.8844595603,150.7919622295
From_KempsCreek_NE_N,"11","0","11",0.02029876722620,326.90855385706232,-33.8805742000,150.7927635000
From_KempsCreek_NE_N,"12","0","12",0.02095888910889,282.16447099820789,-33.8804351000,150.7921182000
To_KempsCreek_NE_N,"0","0","0",0.00000000000000,102.16447099820790,-33.8804351000,150.7921182000
To_KempsCreek_NE_N,"1","0","1",0.00066012188268,146.90855385706234,-33.8805742000,150.7927635000
To_KempsCreek_NE_N,"2","0","2",0.00462724416377,189.88720582317791,-33.8844595603,150.7919622295
To_KempsCreek_NE_N,"3","0","3",0.00522586481914,189.64808375317952,-33.8850521768,150.7918776579
To_KempsCreek_NE_N,"4","0","4",0.00608074148062,144.35464714197147,-33.8858908466,150.7917119863
To_KempsCreek_NE_N,"5","0","5",0.00832825095585,118.42488939074303,-33.8861855628,150.7939400889
To_KempsCreek_NE_N,"6","0","6",0.01003640997275,139.31435626298412,-33.8874808660,150.7950536404
To_KempsCreek_NE_N,"7","0","7",0.01174458381025,165.25792395021136,-33.8887761602,150.7961672251
To_KempsCreek_NE_N,"8","0","8",0.01355795644412,191.20227761602854,-33.8905549850,150.7958149434
To_KempsCreek_NE_N,"9","0","9",0.01537133029950,215.17639513179546,-33.8923338078,150.7954626449
To_KempsCreek_NE_N,"10","0","10",0.01718147194866,239.15080363675872,-33.8932620277,150.7939086113
To_KempsCreek_NE_N,"11","0","11",0.01899163130147,258.49392899351545,-33.8941902265,150.7923545444
To_KempsCreek_NE_N,"12","0","12",0.02114589394994,277.83649819296477,-33.8938965000,150.7902204000
To_KempsCreek_NE_S,"0","0","0",0.00000000000000,96.88088736171036,-33.9504113986,150.7807468044
To_KempsCreek_NE_S,"1","0","1",0.00161741383246,53.36858757041190,-33.9506051739,150.7823525686
To_KempsCreek_NE_S,"2","0","2",0.00433389684331,53.36816904002685,-33.9479287856,150.7828175693
To_KempsCreek_NE_S,"3","0","3",0.00595126743411,72.78528255463398,-33.9481225323,150.7844232934
To_KempsCreek_NE_S,"4","0","4",0.00606523404841,343.66065829004060,-33.9480473000,150.7845089000
To_KempsCreek_NE_S,"5","0","5",0.00625781486258,325.41932252101799,-33.9480184000,150.7843185000
To_KempsCreek_NE_S,"6","0","6",0.00687353824207,11.80988085796344,-33.9474166000,150.7844487000
To_KempsCreek_NE_S,"7","0","7",0.00709389468059,11.29212855179230,-33.9472006000,150.7844923000
To_KempsCreek_NE_S,"8","0","8",0.00723272569337,11.18729542871759,-33.9470644000,150.7845192000
To_KempsCreek_NE_S,"9","0","9",0.00734751266958,11.70498136786651,-33.9469518000,150.7845415000
To_KempsCreek_NE_S,"10","0","10",0.00741920206650,28.85150314291031,-33.9468817317,150.7845566592
To_KempsCreek_NE_S,"11","0","11",0.00755815134851,27.67455506827110,-33.9467843327,150.7846557568
To_KempsCreek_NE_S,"12","0","12",0.01299110900583,323.36693554988858,-33.9414315242,150.7855855258
To_KempsCreek_NE_S,"13","0","13",0.01541697833282,323.36708579763416,-33.9411409262,150.7831771249
To_KempsCreek_NE_S,"14","0","14",0.01949169277078,323.36750738841260,-33.9371263273,150.7838744720
To_KempsCreek_NE_S,"15","0","15",0.02110885787181,317.09819164300137,-33.9369325814,150.7822689548
To_KempsCreek_NE_S,"16","0","16",0.02239768650191,3.93688932400254,-33.9356451672,150.7822085906
To_KempsCreek_NE_S,"17","0","17",0.02484219389562,10.55802854725566,-33.9332420478,150.7826565120
To_KempsCreek_NE_S,"18","0","18",0.02621723825335,10.55757292464566,-33.9318902820,150.7829084568
To_KempsCreek_NE_S,"19","0","19",0.02754792578019,10.55719534909319,-33.9305821205,150.7831522656
To_KempsCreek_NE_S,"20","0","20",0.02891959265130,10.55681518266804,-33.9292336716,150.7834035738
To_KempsCreek_NE_S,"21","0","21",0.03029125893604,10.55633907846334,-33.9278852217,150.7836548729
To_KempsCreek_NE_S,"22","0","22",0.03299698622568,10.55580714435976,-33.9252252858,150.7841505551
To_KempsCreek_NE_S,"23","0","23",0.03383511648545,10.55543334792022,-33.9244013386,150.7843040912
To_KempsCreek_NE_S,"24","0","24",0.03480915948544,10.07629074421497,-33.9234437778,150.7844825209
To_KempsCreek_NE_S,"25","0","25",0.03767166031903,10.28379530586884,-33.9206213406,150.7849597623
To_KempsCreek_NE_S,"26","0","26",0.03864610224405,10.97018550805094,-33.9196647057,150.7851451990
To_KempsCreek_NE_S,"27","0","27",0.03948457526316,10.96993665470617,-33.9188415543,150.7853047570
To_KempsCreek_NE_S,"28","0","28",0.04029031487021,10.96971929230766,-33.9180505375,150.7854580827
To_KempsCreek_NE_S,"29","0","29",0.04086017804315,10.96948345390240,-33.9174910868,150.7855665211
To_KempsCreek_NE_S,"30","0","30",0.04219140591133,10.96915206532083,-33.9161841816,150.7858198322
To_KempsCreek_NE_S,"31","0","31",0.04356362969501,10.96876000937423,-33.9148370278,150.7860809350
To_KempsCreek_NE_S,"32","0","32",0.04493585282212,10.96836798727292,-33.9134898728,150.7863420284
To_KempsCreek_NE_S,"33","0","33",0.04626707879845,10.96803667706131,-33.9121829643,150.7865953124
To_KempsCreek_NE_S,"34","0","34",0.04683694078365,10.96780092432559,-33.9116235115,150.7867037337
To_KempsCreek_NE_S,"35","0","35",0.04764267832503,10.96758366854877,-33.9108324910,150.7868570298
To_KempsCreek_NE_S,"36","0","36",0.04848114871373,10.96733496075747,-33.9100093350,150.7870165501
To_KempsCreek_NE_S,"37","0","37",0.04945558696585,16.22498482712992,-33.9090526937,150.7872019342
To_KempsCreek_NE_S,"38","0","38",0.05023078054757,16.18932314679708,-33.9083313545,150.7874858266
To_KempsCreek_NE_S,"39","0","39",0.05211928034948,10.91737660828783,-33.9064769000,150.7878428000
To_KempsCreek_NE_S,"40","0","40",0.05385369899305,10.93855354674966,-33.9047739954,150.7881719261
To_KempsCreek_NE_S,"41","0","41",0.05655710912604,10.74331752749182,-33.9021197000,150.7886849000
To_KempsCreek_NE_S,"42","0","42",0.06063446757793,10.53239002020425,-33.8981112464,150.7894313259
To_KempsCreek_NE_S,"43","0","43",0.06339681374226,10.36853361310874,-33.8953953000,150.7899355000
To_KempsCreek_NE_S,"44","0","44",0.06408381982176,10.71367654297242,-33.8947191956,150.7900574024
To_KempsCreek_NE_S,"45","0","45",0.06492250705113,324.52209272316071,-33.8938965000,150.7902204000
To_KempsCreek_NE_S,"46","0","46",0.06707675811299,298.57730462001024,-33.8936027370,150.7880862723
To_KempsCreek_NE_S,"47","0","47",0.06878494067545,319.31761050860911,-33.8923073730,150.7869727555
To_KempsCreek_NE_S,"48","0","48",0.07049310841254,345.26340862474325,-33.8910119999,150.7858592719
To_KempsCreek_NE_S,"49","0","49",0.07230648529224,11.20842050390391,-33.8892332119,150.7862117617
To_KempsCreek_NE_S,"50","0","50",0.07411986094907,35.18015569940869,-33.8874544219,150.7865642347
To_KempsCreek_NE_S,"51","0","51",0.07592992619241,59.15160024816456,-33.8865262929,150.7881182337
To_KempsCreek_NE_S,"52","0","52",0.07773997374369,78.65854160558011,-33.8855981429,150.7896721995
To_KempsCreek_NE_S,"53","0","53",0.07980065467940,98.16603903305440,-33.8858908466,150.7917119863
From_KempsCreek_NE_S,"0","0","0",0.00000000000000,97.53490170802289,-33.8858908466,150.7917119863
From_KempsCreek_NE_S,"1","0","1",0.00224750947523,118.42488939074303,-33.8861855628,150.7939400889
From_KempsCreek_NE_S,"2","0","2",0.00395566849214,139.31435626298412,-33.8874808660,150.7950536404
From_KempsCreek_NE_S,"3","0","3",0.00566384232963,165.25792395049916,-33.8887761602,150.7961672251
From_KempsCreek_NE_S,"4","0","4",0.00747721496355,191.20227761602860,-33.8905549850,150.7958149434
From_KempsCreek_NE_S,"5","0","5",0.00929058881888,215.17639513150766,-33.8923338078,150.7954626449
From_KempsCreek_NE_S,"6","0","6",0.01110073046804,239.15080363675872,-33.8932620277,150.7939086113
From_KempsCreek_NE_S,"7","0","7",0.01291088982085,258.49392899351545,-33.8941902265,150.7923545444
From_KempsCreek_NE_S,"8","0","8",0.01506515246932,234.52158204710568,-33.8938965000,150.7902204000
From_KempsCreek_NE_S,"9","0","9",0.01590383969869,190.71367654297245,-33.8947191956,150.7900574024
From_KempsCreek_NE_S,"10","0","10",0.01659084577818,190.33878262429016,-33.8953953000,150.7899355000
From_KempsCreek_NE_S,"11","0","11",0.01754103506639,190.50222872588165,-33.8963297083,150.7897630450
From_KempsCreek_NE_S,"12","0","12",0.01935319272357,190.54798969338540,-33.8981112464,150.7894313259
From_KempsCreek_NE_S,"13","0","13",0.02343055117546,190.74344200205857,-33.9021197000,150.7886849000
From_KempsCreek_NE_S,"14","0","14",0.02786837995198,190.91718259183691,-33.9064769000,150.7878428000
From_KempsCreek_NE_S,"15","0","15",0.02975687975386,196.18932314643482,-33.9083313545,150.7874858266
From_KempsCreek_NE_S,"16","0","16",0.03053207333558,196.22498482712993,-33.9090526937,150.7872019342
From_KempsCreek_NE_S,"17","0","17",0.03150651158770,190.96733496075743,-33.9100093350,150.7870165501
From_KempsCreek_NE_S,"18","0","18",0.03234498197640,190.96758366854877,-33.9108324910,150.7868570298
From_KempsCreek_NE_S,"19","0","19",0.03315071951778,190.96780092432559,-33.9116235115,150.7867037337
From_KempsCreek_NE_S,"20","0","20",0.03372058150299,190.96803667706129,-33.9121829643,150.7865953124
From_KempsCreek_NE_S,"21","0","21",0.03505180747931,190.96836798727296,-33.9134898728,150.7863420284
From_KempsCreek_NE_S,"22","0","22",0.03642403060642,190.96876000937425,-33.9148370278,150.7860809350
From_KempsCreek_NE_S,"23","0","23",0.03779625439010,190.96915206532086,-33.9161841816,150.7858198322
From_KempsCreek_NE_S,"24","0","24",0.03912748225828,190.96948345390240,-33.9174910868,150.7855665211
From_KempsCreek_NE_S,"25","0","25",0.03969734543122,190.96971929230764,-33.9180505375,150.7854580827
From_KempsCreek_NE_S,"26","0","26",0.04050308503827,190.96993665470617,-33.9188415543,150.7853047570
From_KempsCreek_NE_S,"27","0","27",0.04134155805738,190.97018550805095,-33.9196647057,150.7851451990
From_KempsCreek_NE_S,"28","0","28",0.04231599998240,190.28379530586884,-33.9206213406,150.7849597623
From_KempsCreek_NE_S,"29","0","29",0.04517850081599,190.07629074421499,-33.9234437778,150.7844825209
From_KempsCreek_NE_S,"30","0","30",0.04615254381598,190.55543334792020,-33.9244013386,150.7843040912
From_KempsCreek_NE_S,"31","0","31",0.04699067407576,190.55580714435976,-33.9252252858,150.7841505551
From_KempsCreek_NE_S,"32","0","32",0.04969640136539,190.55633907846337,-33.9278852217,150.7836548729
From_KempsCreek_NE_S,"33","0","33",0.05106806765013,190.55681518325159,-33.9292336716,150.7834035738
From_KempsCreek_NE_S,"34","0","34",0.05243973452125,190.55719534907522,-33.9305821205,150.7831522656
From_KempsCreek_NE_S,"35","0","35",0.05377042204809,190.55757292404417,-33.9318902820,150.7829084568
From_KempsCreek_NE_S,"36","0","36",0.05514546640581,190.55802854725565,-33.9332420478,150.7826565120
From_KempsCreek_NE_S,"37","0","37",0.05758997379952,183.93688932463357,-33.9356451672,150.7822085906
From_KempsCreek_NE_S,"38","0","38",0.05887880242962,137.09819164357216,-33.9369325814,150.7822689548
From_KempsCreek_NE_S,"39","0","39",0.06049596753068,143.36750738835227,-33.9371263273,150.7838744720
From_KempsCreek_NE_S,"40","0","40",0.06457068196864,143.36708579763413,-33.9411409262,150.7831771249
From_KempsCreek_NE_S,"41","0","41",0.06699655129563,143.36693554988861,-33.9414315242,150.7855855258
From_KempsCreek_NE_S,"42","0","42",0.07242950895295,166.86080394137485,-33.9467843327,150.7846557568
From_KempsCreek_NE_S,"43","0","43",0.07260910913418,167.77095656691904,-33.9469293883,150.7847616581
From_KempsCreek_NE_S,"44","0","44",0.07277199010759,191.66607904773264,-33.9470889000,150.7847287000
From_KempsCreek_NE_S,"45","0","45",0.07291402003360,191.86185014114744,-33.9472280000,150.7847000000
From_KempsCreek_NE_S,"46","0","46",0.07313408148002,192.78069755108507,-33.9474432000,150.7846540000
From_KempsCreek_NE_S,"47","0","47",0.07341431961090,193.50520830210229,-33.9477157000,150.7845886000
From_KempsCreek_NE_S,"48","0","48",0.07375536308315,211.10259906761988,-33.9480473000,150.7845089000
From_KempsCreek_NE_S,"49","0","49",0.07386932969744,252.78528255463402,-33.9481225323,150.7844232934
From_KempsCreek_NE_S,"50","0","50",0.07548670028824,233.36816904002680,-33.9479287856,150.7828175693
From_KempsCreek_NE_S,"51","0","51",0.07820318329909,233.36858757041190,-33.9506051739,150.7823525686
From_KempsCreek_NE_S,"52","0","52",0.07982059713155,276.88088736171034,-33.9504113986,150.7807468044
To_KempsCreek_NE_W,"0","0","0",0.00000000000000,59.31888543511776,-33.8846815079,150.7363188260
To_KempsCreek_NE_W,"1","0","1",0.00633365592877,98.96735082727461,-33.8814497000,150.7417659000
To_KempsCreek_NE_W,"2","0","2",0.00935308846117,119.73056180488332,-33.8837151609,150.7437620613
To_KempsCreek_NE_W,"3","0","3",0.02007970287556,98.87046009579993,-33.8857334593,150.7542970851
To_KempsCreek_NE_W,"4","0","4",0.02654443069498,71.78146577022866,-33.8865096199,150.7607150506
To_KempsCreek_NE_W,"5","0","5",0.02730338515375,40.24941162784253,-33.8859888000,150.7612671000
To_KempsCreek_NE_W,"6","0","6",0.02817056100533,65.36220655646876,-33.8852684557,150.7617499023
To_KempsCreek_NE_W,"7","0","7",0.03140291738613,96.89176563155659,-33.8856563836,150.7649588959
To_KempsCreek_NE_W,"8","0","8",0.03477451123238,106.95706373432982,-33.8860608884,150.7683061366
To_KempsCreek_NE_W,"9","0","9",0.03690779043668,107.43160510299005,-33.8870301566,150.7702065049
To_KempsCreek_NE_W,"10","0","10",0.03906191828810,97.83887567417590,-33.8873239842,150.7723404993
To_KempsCreek_NE_W,"11","0","11",0.04390874832430,97.83727826599176,-33.8879849630,150.7771420478
To_KempsCreek_NE_W,"12","0","12",0.04553927139708,97.83593614263491,-33.8882072797,150.7787573437
To_KempsCreek_NE_W,"13","0","13",0.04875563700026,97.83486241670572,-33.8886457573,150.7819436810
To_KempsCreek_NE_W,"14","0","14",0.04975194915734,97.83410782296345,-33.8887815643,150.7829306938
To_KempsCreek_NE_W,"15","0","15",0.05090982855880,97.83689703296203,-33.8889393843,150.7840777673
To_KempsCreek_NE_W,"16","0","16",0.05206767083817,97.83968625723072,-33.8890973212,150.7852247872
To_KempsCreek_NE_W,"17","0","17",0.05306395641021,54.52379302008867,-33.8892332119,150.7862117617
To_KempsCreek_NE_W,"18","0","18",0.05487733206705,35.18015569984914,-33.8874544219,150.7865642347
To_KempsCreek_NE_W,"19","0","19",0.05668739731039,59.15160024816456,-33.8865262929,150.7881182337
To_KempsCreek_NE_W,"20","0","20",0.05849744486167,78.65854160558011,-33.8855981429,150.7896721995
To_KempsCreek_NE_W,"21","0","21",0.06055812579738,97.85047037053864,-33.8858908466,150.7917119863
To_KempsCreek_NE_W,"22","0","22",0.06280563527260,118.42488939074303,-33.8861855628,150.7939400889
To_KempsCreek_NE_W,"23","0","23",0.06451379428951,139.31435626298412,-33.8874808660,150.7950536404
To_KempsCreek_NE_W,"24","0","24",0.06622196812701,165.25792395021136,-33.8887761602,150.7961672251
To_KempsCreek_NE_W,"25","0","25",0.06803534076088,191.20201244791761,-33.8905549850,150.7958149434
From_KempsCreek_NE_W,"0","0","0",0.00000000000000,191.20254278413950,-33.8905549850,150.7958149434
From_KempsCreek_NE_W,"1","0","1",0.00181337385538,215.17639513179546,-33.8923338078,150.7954626449
From_KempsCreek_NE_W,"2","0","2",0.00362351550454,239.15080363675872,-33.8932620277,150.7939086113
From_KempsCreek_NE_W,"3","0","3",0.00543367485735,258.49392899842508,-33.8941902265,150.7923545444
From_KempsCreek_NE_W,"4","0","4",0.00758793750590,277.83700886901983,-33.8938965000,150.7902204000
From_KempsCreek_NE_W,"5","0","5",0.00974218856768,298.57730461510062,-33.8936027370,150.7880862723
From_KempsCreek_NE_W,"6","0","6",0.01145037113014,319.31761050860911,-33.8923073730,150.7869727555
From_KempsCreek_NE_W,"7","0","7",0.01315853886723,345.26340862430277,-33.8910119999,150.7858592719
From_KempsCreek_NE_W,"8","0","8",0.01497191574692,324.52419566487981,-33.8892332119,150.7862117617
From_KempsCreek_NE_W,"9","0","9",0.01712604359834,277.83677895758831,-33.8889393843,150.7840777673
From_KempsCreek_NE_W,"10","0","10",0.01828392299978,277.83410782375586,-33.8887815643,150.7829306938
From_KempsCreek_NE_W,"11","0","11",0.01928023515686,277.83486241717907,-33.8886457573,150.7819436810
From_KempsCreek_NE_W,"12","0","12",0.02249660076002,277.83593614217449,-33.8882072797,150.7787573437
From_KempsCreek_NE_W,"13","0","13",0.02412712383282,277.83727826505799,-33.8879849630,150.7771420478
From_KempsCreek_NE_W,"14","0","14",0.02897395386902,277.83887567417582,-33.8873239842,150.7723404993
From_KempsCreek_NE_W,"15","0","15",0.03112808172044,287.43160510299003,-33.8870301566,150.7702065049
From_KempsCreek_NE_W,"16","0","16",0.03326136092474,286.95706373432978,-33.8860608884,150.7683061366
From_KempsCreek_NE_W,"17","0","17",0.03663295477099,276.89176563155655,-33.8856563836,150.7649588959
From_KempsCreek_NE_W,"18","0","18",0.03986531115179,245.36220655646875,-33.8852684557,150.7617499023
From_KempsCreek_NE_W,"19","0","19",0.04073248700337,220.24941162784253,-33.8859888000,150.7612671000
From_KempsCreek_NE_W,"20","0","20",0.04149144146214,251.78146577022866,-33.8865096199,150.7607150506
From_KempsCreek_NE_W,"21","0","21",0.04795616928156,278.87046009579990,-33.8857334593,150.7542970851
From_KempsCreek_NE_W,"22","0","22",0.05868278369594,299.73056180488334,-33.8837151609,150.7437620613
From_KempsCreek_NE_W,"23","0","23",0.06170221622835,278.96735082727463,-33.8814497000,150.7417659000
From_KempsCreek_NE_W,"24","0","24",0.06803587215712,239.31888543511778,-33.8846815079,150.7363188260
From_Rossmore_NE_E,"0","0","0",0.00000000000000,10.97157455360713,-33.9141898554,150.7812777647
From_Rossmore_NE_E,"1","0","1",0.00181291257848,34.96725841371867,-33.9124100797,150.7816228018
From_Rossmore_NE_E,"2","0","2",0.00362166692927,58.96238567491827,-33.9114774998,150.7831726040
From_Rossmore_NE_E,"3","0","3",0.00543040361260,78.31740846058794,-33.9105448988,150.7847223730
From_Rossmore_NE_E,"4","0","4",0.00758434630841,97.67247793284159,-33.9108324910,150.7868570298
From_Rossmore_NE_E,"5","0","5",0.00973830041142,118.39345135253242,-33.9111200468,150.7889917031
From_Rossmore_NE_E,"6","0","6",0.01144735160938,139.11441359384443,-33.9124121307,150.7901103519
From_Rossmore_NE_E,"7","0","7",0.01315641771832,165.03965794853917,-33.9137042055,150.7912290340
From_Rossmore_NE_E,"8","0","8",0.01496932756818,144.31760452666276,-33.9154840155,150.7908841885
From_Rossmore_NE_E,"9","0","9",0.01712340456387,97.03163622899173,-33.9157715064,150.7930189945
From_Rossmore_NE_E,"10","0","10",0.01822533492393,97.20505322426133,-33.9158942129,150.7941140715
From_Rossmore_NE_E,"11","0","11",0.02037865844911,98.18948999321989,-33.9161945161,150.7962463520
From_Rossmore_NE_E,"12","0","12",0.02201205121109,98.00968491296970,-33.9164320655,150.7978623787
From_Rossmore_NE_E,"13","0","13",0.02359383238319,97.83560329933520,-33.9166428261,150.7994300558
From_Rossmore_NE_E,"14","0","14",0.02522374036584,98.01381050529358,-33.9168700654,150.8010440454
From_Rossmore_NE_E,"15","0","15",0.02569972101485,98.01342390141073,-33.9169364195,150.8015153783
From_Rossmore_NE_E,"16","0","16",0.02628824280446,98.01342390133706,-33.9170184625,150.8020981534
From_Rossmore_NE_E,"17","0","17",0.02685365509779,98.01304307077345,-33.9170972838,150.8026580447
From_Rossmore_NE_E,"18","0","18",0.02764200168178,98.01266224039051,-33.9172071730,150.8034386949
From_Rossmore_NE_E,"19","0","19",0.02810947668550,98.01266224017246,-33.9172723353,150.8039016061
From_Rossmore_NE_E,"20","0","20",0.02843488096330,98.01239443352969,-33.9173176940,150.8042238335
From_Rossmore_NE_E,"21","0","21",0.02881580856280,98.01212661805312,-33.9173707887,150.8046010428
From_Rossmore_NE_E,"22","0","22",0.02911176333279,98.01193284310436,-33.9174120397,150.8048941086
From_Rossmore_NE_E,"23","0","23",0.02959146204258,98.01173906969868,-33.9174788982,150.8053691252
From_Rossmore_NE_E,"24","0","24",0.03006882102828,98.01150744500659,-33.9175454305,150.8058418250
From_Rossmore_NE_E,"25","0","25",0.03058343331655,98.01127582249566,-33.9176171510,150.8063514150
From_Rossmore_NE_E,"26","0","26",0.03106476166195,97.74415890302427,-33.9176842328,150.8068280459
From_Rossmore_NE_E,"27","0","27",0.03187398437811,97.47704198653834,-33.9177895360,150.8076303878
From_Rossmore_NE_E,"28","0","28",0.03242974229331,97.47704198411463,-33.9178618562,150.8081814202
From_Rossmore_NE_E,"29","0","29",0.03293839495010,97.70698880214675,-33.9179280466,150.8086857478
From_Rossmore_NE_E,"30","0","30",0.03338073581276,97.93676509783531,-33.9179891264,150.8091238513
From_Rossmore_NE_E,"31","0","31",0.03437676057148,97.93636302396212,-33.9181266547,150.8101103356
From_Rossmore_NE_E,"32","0","32",0.03533390383608,97.93593774642595,-33.9182588066,150.8110583120
From_Rossmore_NE_E,"33","0","33",0.03601084952250,97.93547628960391,-33.9183522674,150.8117287749
From_Rossmore_NE_E,"34","0","34",0.03759223233158,97.93482782931244,-33.9185705824,150.8132950157
From_Rossmore_NE_E,"35","0","35",0.03922232208032,97.93406059274143,-33.9187956000,150.8149095000
From_Rossmore_NE_E,"36","0","36",0.04085241852040,97.93329335134037,-33.9190205968,150.8165239940
From_Rossmore_NE_E,"37","0","37",0.04243382060997,97.93264487840898,-33.9192388516,150.8180902626
From_Rossmore_NE_E,"38","0","38",0.04311077839963,97.93218340667123,-33.9193322747,150.8187607430
From_Rossmore_NE_E,"39","0","39",0.04406794271589,97.93175811152966,-33.9194643610,150.8197087497
From_Rossmore_NE_E,"40","0","40",0.04506399428064,97.93127122622839,-33.9196018057,150.8206952728
From_Rossmore_NE_E,"41","0","41",0.04622157085738,97.94881063558188,-33.9197615290,150.8218417770
From_Rossmore_NE_E,"42","0","42",0.04713040150063,97.93221766042251,-33.9198874892,150.8227418366
From_Rossmore_NE_E,"43","0","43",0.04755179774853,97.88780419633525,-33.9199453920,150.8231592357
From_Rossmore_NE_E,"44","0","44",0.04898816147505,97.88445791464130,-33.9201422605,150.8245820440
From_Rossmore_NE_E,"45","0","45",0.04965606662697,98.12119231862553,-33.9202339581,150.8252436246
From_Rossmore_NE_E,"46","0","46",0.05009808981109,98.00202969617506,-33.9202981581,150.8256809607
From_Rossmore_NE_E,"47","0","47",0.05100781783477,97.76591322265365,-33.9204193066,150.8265825860
From_Rossmore_NE_E,"48","0","48",0.05232433004600,97.88067053487038,-33.9205997763,150.8278866700
From_Rossmore_NE_E,"49","0","49",0.05321921512706,97.88232676873703,-33.9207225000,150.8287731000
To_Rossmore_NE_E,"0","0","0",0.00000000000000,277.88232676873702,-33.9207225000,150.8287731000
To_Rossmore_NE_E,"1","0","1",0.00089488508105,277.88067053487032,-33.9205997763,150.8278866700
To_Rossmore_NE_E,"2","0","2",0.00221139729229,277.76591322265364,-33.9204193066,150.8265825860
To_Rossmore_NE_E,"3","0","3",0.00312112531597,278.00202969617504,-33.9202981581,150.8256809607
To_Rossmore_NE_E,"4","0","4",0.00356314850009,278.12119231862556,-33.9202339581,150.8252436246
To_Rossmore_NE_E,"5","0","5",0.00423105365201,277.88445791464130,-33.9201422605,150.8245820440
To_Rossmore_NE_E,"6","0","6",0.00566741737853,277.88780419633520,-33.9199453920,150.8231592357
To_Rossmore_NE_E,"7","0","7",0.00608881362643,277.93221766042257,-33.9198874892,150.8227418366
To_Rossmore_NE_E,"8","0","8",0.00699764426968,277.94881063558188,-33.9197615290,150.8218417770
To_Rossmore_NE_E,"9","0","9",0.00815522084642,277.93127122622838,-33.9196018057,150.8206952728
To_Rossmore_NE_E,"10","0","10",0.00915127241117,277.93175811152969,-33.9194643610,150.8197087497
To_Rossmore_NE_E,"11","0","11",0.01010843672743,277.93218340667119,-33.9193322747,150.8187607430
To_Rossmore_NE_E,"12","0","12",0.01078539451709,277.93264487840901,-33.9192388516,150.8180902626
To_Rossmore_NE_E,"13","0","13",0.01236679660666,277.93329335134041,-33.9190205968,150.8165239940
To_Rossmore_NE_E,"14","0","14",0.01399689304674,277.93406059274145,-33.9187956000,150.8149095000
To_Rossmore_NE_E,"15","0","15",0.01562698279548,277.93482782931244,-33.9185705824,150.8132950157
To_Rossmore_NE_E,"16","0","16",0.01720836560455,277.93547628960386,-33.9183522674,150.8117287749
To_Rossmore_NE_E,"17","0","17",0.01788531129098,277.93593774642596,-33.9182588066,150.8110583120
To_Rossmore_NE_E,"18","0","18",0.01884245455558,277.93636302396209,-33.9181266547,150.8101103356
To_Rossmore_NE_E,"19","0","19",0.01983847931430,277.93676509783529,-33.9179891264,150.8091238513
To_Rossmore_NE_E,"20","0","20",0.02028082017696,277.70698880320685,-33.9179280466,150.8086857478
To_Rossmore_NE_E,"21","0","21",0.02215445346511,277.74415890443242,-33.9176842328,150.8068280459
To_Rossmore_NE_E,"22","0","22",0.02315039409878,278.01158772007324,-33.9175454305,150.8058418250
To_Rossmore_NE_E,"23","0","23",0.02478433416375,278.01228092877284,-33.9173176940,150.8042238335
To_Rossmore_NE_E,"24","0","24",0.02557387669980,278.01266224028547,-33.9172076381,150.8034419991
To_Rossmore_NE_E,"25","0","25",0.02636556002926,278.01304307095330,-33.9170972838,150.8026580447
To_Rossmore_NE_E,"26","0","26",0.02706183158956,278.01342390134892,-33.9170002200,150.8019685720
To_Rossmore_NE_E,"27","0","27",0.02799547476120,278.01381050541426,-33.9168700654,150.8010440454
To_Rossmore_NE_E,"28","0","28",0.02896612682158,278.01419710917730,-33.9167347386,150.8000828732
To_Rossmore_NE_E,"29","0","29",0.02962538274386,277.83560329894300,-33.9166428261,150.7994300558
To_Rossmore_NE_E,"30","0","30",0.03033511862757,277.65700948939099,-33.9165482591,150.7987266483
To_Rossmore_NE_E,"31","0","31",0.03120716391596,278.25480261433546,-33.9164320655,150.7978623787
To_Rossmore_NE_E,"32","0","32",0.03188356247404,278.43423882059665,-33.9163279725,150.7971940377
To_Rossmore_NE_E,"33","0","33",0.03228606683998,278.01588190258383,-33.9162718443,150.7967954660
To_Rossmore_NE_E,"34","0","34",0.03284059893563,278.01611351342956,-33.9161945161,150.7962463520
To_Rossmore_NE_E,"35","0","35",0.03334379249648,278.01634512435925,-33.9161243430,150.7957480755
To_Rossmore_NE_E,"36","0","36",0.03383651253132,278.01660049774654,-33.9160556304,150.7952601702
To_Rossmore_NE_E,"37","0","37",0.03439030963287,278.01685587026532,-33.9159783954,150.7947117853
To_Rossmore_NE_E,"38","0","38",0.03499392246084,277.18670572391511,-33.9158942129,150.7941140715
To_Rossmore_NE_E,"39","0","39",0.03559220135203,276.39695615699873,-33.9158279742,150.7935194707
To_Rossmore_NE_E,"40","0","40",0.03609585309281,277.05345326463276,-33.9157715064,150.7930189945
To_Rossmore_NE_E,"41","0","41",0.03725367089531,277.66980478402758,-33.9156169846,150.7918715342
To_Rossmore_NE_E,"42","0","42",0.03824993008853,234.31800237498339,-33.9154840155,150.7908841885
To_Rossmore_NE_E,"43","0","43",0.04006284108371,214.96348206173798,-33.9172638235,150.7905393266
To_Rossmore_NE_E,"44","0","44",0.04187167103714,238.96157583540096,-33.9181964945,150.7889894909
To_Rossmore_NE_E,"45","0","45",0.04368051866957,258.31716281618435,-33.9191291444,150.7874396219
To_Rossmore_NE_E,"46","0","46",0.04583466724976,277.67270313112937,-33.9188415543,150.7853047570
To_Rossmore_NE_E,"47","0","47",0.04798880441566,298.39516659928182,-33.9185539278,150.7831699086
To_Rossmore_NE_E,"48","0","48",0.04969787976640,319.11764114184484,-33.9172617829,150.7820512932
To_Rossmore_NE_E,"49","0","49",0.05140694020144,345.04512944393724,-33.9159696290,150.7809327111
To_Rossmore_NE_E,"50","0","50",0.05321985392664,10.97209665035483,-33.9141898554,150.7812777647
To_Rossmore_NE_N,"0","0","0",0.00000000000000,102.16447099820790,-33.8804351000,150.7921182000
To_Rossmore_NE_N,"1","0","1",0.00066012188268,146.90855385706234,-33.8805742000,150.7927635000
To_Rossmore_NE_N,"2","0","2",0.00462724416377,189.88720582317791,-33.8844595603,150.7919622295
To_Rossmore_NE_N,"3","0","3",0.00522586481914,189.64808375317952,-33.8850521768,150.7918776579
To_Rossmore_NE_N,"4","0","4",0.00608074148062,190.91002796103663,-33.8858908466,150.7917119863
To_Rossmore_NE_N,"5","0","5",0.00686502776611,189.89346140308112,-33.8866616341,150.7915671015
To_Rossmore_NE_N,"6","0","6",0.00744753222187,189.86087335184232,-33.8872367406,150.7914745595
To_Rossmore_NE_N,"7","0","7",0.00877646955461,189.85723493510937,-33.8885430832,150.7912305446
To_Rossmore_NE_N,"8","0","8",0.01014492938995,190.16976630511297,-33.8898941908,150.7910133102
To_Rossmore_NE_N,"9","0","9",0.01151750362468,191.20574780949934,-33.8912405987,150.7907465787
To_Rossmore_NE_N,"10","0","10",0.01284907151556,191.20608475345693,-33.8925467802,150.7904878070
To_Rossmore_NE_N,"11","0","11",0.01341908025559,191.20632454412487,-33.8931059212,150.7903770309
To_Rossmore_NE_N,"12","0","12",0.01422502569576,191.20654555671425,-33.8938965000,150.7902204000
To_Rossmore_NE_N,"13","0","13",0.01506371292517,190.71367654343837,-33.8947191956,150.7900574024
To_Rossmore_NE_N,"14","0","14",0.01575071900463,190.36853361580950,-33.8953953000,150.7899355000
To_Rossmore_NE_N,"15","0","15",0.01851306516896,190.53239002020425,-33.8981112464,150.7894313259
To_Rossmore_NE_N,"16","0","16",0.02259042362085,190.74344200190450,-33.9021197000,150.7886849000
To_Rossmore_NE_N,"17","0","17",0.02702825239735,190.91718259204512,-33.9064769000,150.7878428000
To_Rossmore_NE_N,"18","0","18",0.02891675219925,196.18932314679711,-33.9083313545,150.7874858266
To_Rossmore_NE_N,"19","0","19",0.02969194578097,196.22498482712993,-33.9090526937,150.7872019342
To_Rossmore_NE_N,"20","0","20",0.03066638403310,190.96733496075743,-33.9100093350,150.7870165501
To_Rossmore_NE_N,"21","0","21",0.03150485442180,144.31971670109616,-33.9108324910,150.7868570298
To_Rossmore_NE_N,"22","0","22",0.03365880852480,118.39345135302979,-33.9111200468,150.7889917031
To_Rossmore_NE_N,"23","0","23",0.03536785972284,139.11441359384443,-33.9124121307,150.7901103519
To_Rossmore_NE_N,"24","0","24",0.03707692583170,165.03965794768627,-33.9137042055,150.7912290340
To_Rossmore_NE_N,"25","0","25",0.03888983568152,190.96568418455900,-33.9154840155,150.7908841885
To_Rossmore_NE_N,"26","0","26",0.04070274667674,214.96348206209348,-33.9172638235,150.7905393266
To_Rossmore_NE_N,"27","0","27",0.04251157663017,238.96157583540096,-33.9181964945,150.7889894909
To_Rossmore_NE_N,"28","0","28",0.04432042426260,258.31716281618435,-33.9191291444,150.7874396219
To_Rossmore_NE_N,"29","0","29",0.04647457284278,277.67219310986530,-33.9188415543,150.7853047570
From_Rossmore_NE_N,"0","0","0",0.00000000000000,277.67321315239349,-33.9188415543,150.7853047570
From_Rossmore_NE_N,"1","0","1",0.00215413716590,298.39516659928182,-33.9185539278,150.7831699086
From_Rossmore_NE_N,"2","0","2",0.00386321251664,319.11764114184484,-33.9172617829,150.7820512932
From_Rossmore_NE_N,"3","0","3",0.00557227295168,345.04512944349625,-33.9159696290,150.7809327111
From_Rossmore_NE_N,"4","0","4",0.00738518667687,10.97183560198097,-33.9141898554,150.7812777647
From_Rossmore_NE_N,"5","0","5",0.00919809925536,34.96725841415959,-33.9124100797,150.7816228018
From_Rossmore_NE_N,"6","0","6",0.01100685360615,58.96238567491827,-33.9114774998,150.7831726040
From_Rossmore_NE_N,"7","0","7",0.01281559028948,78.31740846058794,-33.9105448988,150.7847223730
From_Rossmore_NE_N,"8","0","8",0.01496953298529,54.32015651218918,-33.9108324910,150.7868570298
From_Rossmore_NE_N,"9","0","9",0.01678244162611,16.22504514681622,-33.9090526937,150.7872019342
From_Rossmore_NE_N,"10","0","10",0.01755763520783,16.18932314679708,-33.9083313545,150.7874858266
From_Rossmore_NE_N,"11","0","11",0.01944613500974,10.91718259204510,-33.9064769000,150.7878428000
From_Rossmore_NE_N,"12","0","12",0.02388396378624,10.74331575413694,-33.9021197000,150.7886849000
From_Rossmore_NE_N,"13","0","13",0.02977347989517,10.50251278361810,-33.8963297083,150.7897630450
From_Rossmore_NE_N,"14","0","14",0.03072366918338,10.33878262699092,-33.8953953000,150.7899355000
From_Rossmore_NE_N,"15","0","15",0.03141067526284,10.71367654343835,-33.8947191956,150.7900574024
From_Rossmore_NE_N,"16","0","16",0.03224936249224,11.20654555671423,-33.8938965000,150.7902204000
From_Rossmore_NE_N,"17","0","17",0.03305530793242,11.20632454412484,-33.8931059212,150.7903770309
From_Rossmore_NE_N,"18","0","18",0.03362531667245,11.20608475345689,-33.8925467802,150.7904878070
From_Rossmore_NE_N,"19","0","19",0.03495688456333,11.20574780949932,-33.8912405987,150.7907465787
From_Rossmore_NE_N,"20","0","20",0.03632945879806,10.16976630511297,-33.8898941908,150.7910133102
From_Rossmore_NE_N,"21","0","21",0.03769791863340,9.85723493510936,-33.8885430832,150.7912305446
From_Rossmore_NE_N,"22","0","22",0.03902685596614,9.86087335184235,-33.8872367406,150.7914745595
From_Rossmore_NE_N,"23","0","23",0.03960936042190,9.89346140308112,-33.8866616341,150.7915671015
From_Rossmore_NE_N,"24","0","24",0.04039364670739,10.91002796103664,-33.8858908466,150.7917119863
From_Rossmore_NE_N,"25","0","25",0.04124852336887,9.64808375317953,-33.8850521768,150.7918776579
From_Rossmore_NE_N,"26","0","26",0.04184714402424,9.88720582317790,-33.8844595603,150.7919622295
From_Rossmore_NE_N,"27","0","27",0.04581426630532,326.90855385706232,-33.8805742000,150.7927635000
From_Rossmore_NE_N,"28","0","28",0.04647438818801,282.16447099820789,-33.8804351000,150.7921182000
From_Rossmore_NE_S,"0","0","0",0.00000000000000,97.67196802051365,-33.9108324910,150.7868570298
From_Rossmore_NE_S,"1","0","1",0.00215395410301,118.39345135302979,-33.9111200468,150.7889917031
From_Rossmore_NE_S,"2","0","2",0.00386300530104,139.11441359384443,-33.9124121307,150.7901103519
From_Rossmore_NE_S,"3","0","3",0.00557207140991,165.03965794768627,-33.9137042055,150.7912290340
From_Rossmore_NE_S,"4","0","4",0.00738498125973,190.96568418455900,-33.9154840155,150.7908841885
From_Rossmore_NE_S,"5","0","5",0.00919789225494,214.96348206209348,-33.9172638235,150.7905393266
From_Rossmore_NE_S,"6","0","6",0.01100672220837,238.96157583540096,-33.9181964945,150.7889894909
From_Rossmore_NE_S,"7","0","7",0.01281556984080,258.31716281618435,-33.9191291444,150.7874396219
From_Rossmore_NE_S,"8","0","8",0.01496971842099,234.32112405845916,-33.9188415543,150.7853047570
From_Rossmore_NE_S,"9","0","9",0.01580819144009,190.97018550723064,-33.9196647057,150.7851451990
From_Rossmore_NE_S,"10","0","10",0.01678263336511,190.28379530588995,-33.9206213406,150.7849597623
From_Rossmore_NE_S,"11","0","11",0.01964513419871,190.07634923382307,-33.9234437778,150.7844825209
From_Rossmore_NE_S,"12","0","12",0.02145730745847,190.55573917094742,-33.9252252858,150.7841505551
From_Rossmore_NE_S,"13","0","13",0.02416303474811,190.55633907846337,-33.9278852217,150.7836548729
From_Rossmore_NE_S,"14","0","14",0.02553470103285,190.55681518266806,-33.9292336716,150.7834035738
From_Rossmore_NE_S,"15","0","15",0.02690636790396,190.55719534909318,-33.9305821205,150.7831522656
From_Rossmore_NE_S,"16","0","16",0.02823705543081,190.55757292464568,-33.9318902820,150.7829084568
From_Rossmore_NE_S,"17","0","17",0.02961209978853,190.55802854725565,-33.9332420478,150.7826565120
From_Rossmore_NE_S,"18","0","18",0.03205660718224,183.93688932400258,-33.9356451672,150.7822085906
From_Rossmore_NE_S,"19","0","19",0.03334543581234,137.09819164300146,-33.9369325814,150.7822689548
From_Rossmore_NE_S,"20","0","20",0.03496260091337,143.36750738841260,-33.9371263273,150.7838744720
From_Rossmore_NE_S,"21","0","21",0.03903731535133,143.36708579763413,-33.9411409262,150.7831771249
From_Rossmore_NE_S,"22","0","22",0.04146318467832,143.36693554988861,-33.9414315242,150.7855855258
From_Rossmore_NE_S,"23","0","23",0.04689614233564,166.86080394137485,-33.9467843327,150.7846557568
From_Rossmore_NE_S,"24","0","24",0.04707574251687,167.77095656691904,-33.9469293883,150.7847616581
From_Rossmore_NE_S,"25","0","25",0.04723862349028,191.66607904773264,-33.9470889000,150.7847287000
From_Rossmore_NE_S,"26","0","26",0.04738065341629,191.86185014114744,-33.9472280000,150.7847000000
From_Rossmore_NE_S,"27","0","27",0.04760071486271,192.78069755108507,-33.9474432000,150.7846540000
From_Rossmore_NE_S,"28","0","28",0.04788095299359,193.50520830210229,-33.9477157000,150.7845886000
From_Rossmore_NE_S,"29","0","29",0.04822199646584,211.10259906761988,-33.9480473000,150.7845089000
From_Rossmore_NE_S,"30","0","30",0.04833596308014,252.78518714878052,-33.9481225323,150.7844232934
From_Rossmore_NE_S,"31","0","31",0.04914464911611,276.88005030111498,-33.9480256616,150.7836204303
From_Rossmore_NE_S,"32","0","32",0.04995333367094,233.36817469721549,-33.9479287856,150.7828175693
From_Rossmore_NE_S,"33","0","33",0.05131157494441,189.85628777908275,-33.9492669803,150.7825850732
From_Rossmore_NE_S,"34","0","34",0.05266981668180,233.36867731922072,-33.9506051739,150.7823525686
From_Rossmore_NE_S,"35","0","35",0.05428723051427,276.88088736171034,-33.9504113986,150.7807468044
To_Rossmore_NE_S,"0","0","0",0.00000000000000,96.88088736171036,-33.9504113986,150.7807468044
To_Rossmore_NE_S,"1","0","1",0.00161741383246,53.36858757041190,-33.9506051739,150.7823525686
To_Rossmore_NE_S,"2","0","2",0.00433389684331,53.36816904002685,-33.9479287856,150.7828175693
To_Rossmore_NE_S,"3","0","3",0.00595126743411,72.78528255463398,-33.9481225323,150.7844232934
To_Rossmore_NE_S,"4","0","4",0.00606523404841,343.66065829004060,-33.9480473000,150.7845089000
To_Rossmore_NE_S,"5","0","5",0.00625781486258,325.41932252101799,-33.9480184000,150.7843185000
To_Rossmore_NE_S,"6","0","6",0.00687353824207,11.80988085796344,-33.9474166000,150.7844487000
To_Rossmore_NE_S,"7","0","7",0.00709389468059,11.29212855179230,-33.9472006000,150.7844923000
To_Rossmore_NE_S,"8","0","8",0.00723272569337,11.18729542871759,-33.9470644000,150.7845192000
To_Rossmore_NE_S,"9","0","9",0.00734751266958,11.70498136786651,-33.9469518000,150.7845415000
To_Rossmore_NE_S,"10","0","10",0.00741920206650,28.85150314291031,-33.9468817317,150.7845566592
To_Rossmore_NE_S,"11","0","11",0.00755815134851,27.67455506827110,-33.9467843327,150.7846557568
To_Rossmore_NE_S,"12","0","12",0.01299110900583,323.36693554988858,-33.9414315242,150.7855855258
To_Rossmore_NE_S,"13","0","13",0.01541697833282,323.36708579759994,-33.9411409262,150.7831771249
To_Rossmore_NE_S,"14","0","14",0.01949169277081,323.36750738781825,-33.9371263273,150.7838744720
To_Rossmore_NE_S,"15","0","15",0.02110885787186,317.09819164307231,-33.9369325814,150.7822689548
To_Rossmore_NE_S,"16","0","16",0.02239768650196,3.93694785343154,-33.9356451672,150.7822085906
To_Rossmore_NE_S,"17","0","17",0.02400406128694,10.55824160819425,-33.9340659905,150.7825029393
To_Rossmore_NE_S,"18","0","18",0.02484219389569,10.55791637027526,-33.9332420478,150.7826565120
To_Rossmore_NE_S,"19","0","19",0.02621723825341,10.55747716314872,-33.9318902820,150.7829084568
To_Rossmore_NE_S,"20","0","20",0.02891959265134,10.55690808323464,-33.9292336716,150.7834035738
To_Rossmore_NE_S,"21","0","21",0.03029125893609,10.55639529145670,-33.9278852217,150.7836548729
To_Rossmore_NE_S,"22","0","22",0.03219157555979,10.55591956718900,-33.9260170665,150.7840030096
To_Rossmore_NE_S,"23","0","23",0.03383511648551,10.55548955775608,-33.9244013386,150.7843040912
To_Rossmore_NE_S,"24","0","24",0.03480915948550,10.07629074505637,-33.9234437778,150.7844825209
To_Rossmore_NE_S,"25","0","25",0.03767166031910,10.28379530588993,-33.9206213406,150.7849597623
To_Rossmore_NE_S,"26","0","26",0.03864610224412,10.97018550723066,-33.9196647057,150.7851451990
To_Rossmore_NE_S,"27","0","27",0.03948457526322,324.32163407972331,-33.9188415543,150.7853047570
To_Rossmore_NE_S,"28","0","28",0.04163871242913,298.39516659928182,-33.9185539278,150.7831699086
To_Rossmore_NE_S,"29","0","29",0.04334778777987,319.11764114184484,-33.9172617829,150.7820512932
To_Rossmore_NE_S,"30","0","30",0.04505684821491,345.04512944349625,-33.9159696290,150.7809327111
To_Rossmore_NE_S,"31","0","31",0.04686976194010,10.97183560198097,-33.9141898554,150.7812777647
To_Rossmore_NE_S,"32","0","32",0.04868267451858,34.96725841415959,-33.9124100797,150.7816228018
To_Rossmore_NE_S,"33","0","33",0.05049142886937,58.96238567491827,-33.9114774998,150.7831726040
To_Rossmore_NE_S,"34","0","34",0.05230016555270,78.31740846058794,-33.9105448988,150.7847223730
To_Rossmore_NE_S,"35","0","35",0.05445410824852,97.67298784516953,-33.9108324910,150.7868570298
To_Rossmore_NE_W,"0","0","0",0.00000000000000,11.20448707255419,-33.9206997072,150.7367833845
To_Rossmore_NE_W,"1","0","1",0.00589346151883,54.52160267921899,-33.9149185754,150.7379285499
To_Rossmore_NE_W,"2","0","2",0.01289487541189,54.52246488892006,-33.9158734636,150.7448645419
To_Rossmore_NE_W,"3","0","3",0.01878834983987,54.52072452996653,-33.9100923536,150.7460098838
To_Rossmore_NE_W,"4","0","4",0.02578943007348,60.85439621276996,-33.9110467749,150.7529456033
To_Rossmore_NE_W,"5","0","5",0.02670654403575,60.38463441174194,-33.9102081284,150.7533167772
To_Rossmore_NE_W,"6","0","6",0.02913148556954,96.89457025513245,-33.9104992732,150.7557241775
To_Rossmore_NE_W,"7","0","7",0.03640639029325,96.89247344325943,-33.9113724286,150.7629464928
To_Rossmore_NE_W,"8","0","8",0.03721472045576,107.22696760286676,-33.9114694201,150.7637489829
To_Rossmore_NE_W,"9","0","9",0.03825508168714,107.62236217315966,-33.9119508104,150.7646712707
To_Rossmore_NE_W,"10","0","10",0.04040901843986,97.68148085468056,-33.9122387491,150.7668058749
To_Rossmore_NE_W,"11","0","11",0.04525541794832,97.67950487713641,-33.9128864779,150.7716087944
To_Rossmore_NE_W,"12","0","12",0.05010187532682,97.67752887284628,-33.9135340220,150.7764117971
To_Rossmore_NE_W,"13","0","13",0.05225587495068,97.67623694075418,-33.9138217601,150.7785464918
To_Rossmore_NE_W,"14","0","14",0.05401560743851,97.67544743207382,-33.9140568026,150.7802904566
To_Rossmore_NE_W,"15","0","15",0.05501184044222,54.32334787713354,-33.9141898554,150.7812777647
To_Rossmore_NE_W,"16","0","16",0.05682475302069,34.96725841371867,-33.9124100797,150.7816228018
To_Rossmore_NE_W,"17","0","17",0.05863350737149,58.96238567491827,-33.9114774998,150.7831726040
To_Rossmore_NE_W,"18","0","18",0.06044224405482,78.31740846058794,-33.9105448988,150.7847223730
To_Rossmore_NE_W,"19","0","19",0.06259618675063,97.67247793284159,-33.9108324910,150.7868570298
To_Rossmore_NE_W,"20","0","20",0.06475014085364,118.39345135253242,-33.9111200468,150.7889917031
To_Rossmore_NE_W,"21","0","21",0.06645919205159,139.11441359384443,-33.9124121307,150.7901103519
To_Rossmore_NE_W,"22","0","22",0.06816825816054,165.03965794853917,-33.9137042055,150.7912290340
To_Rossmore_NE_W,"23","0","23",0.06998116801039,190.96542339394063,-33.9154840155,150.7908841885
From_Rossmore_NE_W,"0","0","0",0.00000000000000,190.96594497517739,-33.9154840155,150.7908841885
From_Rossmore_NE_W,"1","0","1",0.00181291099518,214.96348206173798,-33.9172638235,150.7905393266
From_Rossmore_NE_W,"2","0","2",0.00362174094861,238.96157583540096,-33.9181964945,150.7889894909
From_Rossmore_NE_W,"3","0","3",0.00543058858104,258.31716281618435,-33.9191291444,150.7874396219
From_Rossmore_NE_W,"4","0","4",0.00758473716123,277.67270313112937,-33.9188415543,150.7853047570
From_Rossmore_NE_W,"5","0","5",0.00973887432713,298.39516659928182,-33.9185539278,150.7831699086
From_Rossmore_NE_W,"6","0","6",0.01144794967787,319.11764114184484,-33.9172617829,150.7820512932
From_Rossmore_NE_W,"7","0","7",0.01315701011291,345.04512944393724,-33.9159696290,150.7809327111
From_Rossmore_NE_W,"8","0","8",0.01496992383810,324.32360892550741,-33.9141898554,150.7812777647
From_Rossmore_NE_W,"9","0","9",0.01596615684181,277.67544743207378,-33.9140568026,150.7802904566
From_Rossmore_NE_W,"10","0","10",0.01772588932964,277.67623694047319,-33.9138217601,150.7785464918
From_Rossmore_NE_W,"11","0","11",0.01987988895350,277.67752887269017,-33.9135340220,150.7764117971
From_Rossmore_NE_W,"12","0","12",0.02472634633200,277.67950487726131,-33.9128864779,150.7716087944
From_Rossmore_NE_W,"13","0","13",0.02957274584046,277.68148085468056,-33.9122387491,150.7668058749
From_Rossmore_NE_W,"14","0","14",0.03172668259318,287.62236217315962,-33.9119508104,150.7646712707
From_Rossmore_NE_W,"15","0","15",0.03276704382456,287.22696760286681,-33.9114694201,150.7637489829
From_Rossmore_NE_W,"16","0","16",0.03357537398707,276.89247344325941,-33.9113724286,150.7629464928
From_Rossmore_NE_W,"17","0","17",0.04085027871078,276.89457025513241,-33.9104992732,150.7557241775
From_Rossmore_NE_W,"18","0","18",0.04327522024457,240.38463441174193,-33.9102081284,150.7533167772
From_Rossmore_NE_W,"19","0","19",0.04419233420684,240.85439621277001,-33.9110467749,150.7529456033
From_Rossmore_NE_W,"20","0","20",0.05119341444045,234.52072452996657,-33.9100923536,150.7460098838
From_Rossmore_NE_W,"21","0","21",0.05708688886843,234.52246488892010,-33.9158734636,150.7448645419
From_Rossmore_NE_W,"22","0","22",0.06408830276149,234.52160267921897,-33.9149185754,150.7379285499
From_Rossmore_NE_W,"23","0","23",0.06998176428032,191.20448707255417,-33.9206997072,150.7367833845
To_Austral_NW_E,"0","0","0",0.00000000000000,277.88004270254402,-33.9207225000,150.8287731000
To_Austral_NW_E,"1","0","1",0.00089488718921,277.88030478696430,-33.9205998114,150.8278866630
To_Austral_NW_E,"2","0","2",0.00221139729142,277.88082740271915,-33.9204193066,150.8265825860
To_Austral_NW_E,"3","0","3",0.00309297251339,277.88124814869343,-33.9202984271,150.8257093374
To_Austral_NW_E,"4","0","4",0.00356312639706,277.88627287626883,-33.9202339581,150.8252436246
To_Austral_NW_E,"5","0","5",0.00423103154898,277.88445791464130,-33.9201422605,150.8245820440
To_Austral_NW_E,"6","0","6",0.00566739527549,277.88780417049793,-33.9199453920,150.8231592357
To_Austral_NW_E,"7","0","7",0.00608879152335,277.93221764656317,-33.9198874892,150.8227418366
To_Austral_NW_E,"8","0","8",0.00699762216665,277.94881064624360,-33.9197615290,150.8218417770
To_Austral_NW_E,"9","0","9",0.00815519874341,277.93127122644182,-33.9196018057,150.8206952728
To_Austral_NW_E,"10","0","10",0.00915125030814,277.93175811305935,-33.9194643610,150.8197087497
To_Austral_NW_E,"11","0","11",0.01010841462440,277.93218340547998,-33.9193322747,150.8187607430
To_Austral_NW_E,"12","0","12",0.01078537241406,277.93264487632530,-33.9192388516,150.8180902626
To_Austral_NW_E,"13","0","13",0.01236677450362,277.93329335180840,-33.9190205968,150.8165239940
To_Austral_NW_E,"14","0","14",0.01399687094371,277.93406059410194,-33.9187956000,150.8149095000
To_Austral_NW_E,"15","0","15",0.01562696069244,277.93482782931244,-33.9185705824,150.8132950157
To_Austral_NW_E,"16","0","16",0.01720834350152,277.93547628960386,-33.9183522674,150.8117287749
To_Austral_NW_E,"17","0","17",0.01788528918794,277.93593774654340,-33.9182588066,150.8110583120
To_Austral_NW_E,"18","0","18",0.01884243245252,277.93636302396669,-33.9181266547,150.8101103356
To_Austral_NW_E,"19","0","19",0.01983845721127,277.93676509772240,-33.9179891264,150.8091238513
To_Austral_NW_E,"20","0","20",0.02028079807393,277.70698880320685,-33.9179280466,150.8086857478
To_Austral_NW_E,"21","0","21",0.02215443136208,277.74415890443242,-33.9176842328,150.8068280459
To_Austral_NW_E,"22","0","22",0.02315037199575,234.72954673887418,-33.9175454305,150.8058418250
To_Austral_NW_E,"23","0","23",0.02496419317171,215.39358180280061,-33.9193231673,150.8054818261
To_Austral_NW_E,"24","0","24",0.02677513398638,239.33990118228840,-33.9202466608,150.8039240500
To_Austral_NW_E,"25","0","25",0.02858609246524,258.67693450898514,-33.9211701331,150.8023662408
To_Austral_NW_E,"26","0","26",0.03073955112383,278.01392341944739,-33.9208699304,150.8002338096
To_Austral_NW_E,"27","0","27",0.03289299799818,298.77749977633209,-33.9205696913,150.7981013955
To_Austral_NW_E,"28","0","28",0.03459991242530,319.54108467163809,-33.9192709588,150.7969937625
To_Austral_NW_E,"29","0","29",0.03630681214556,345.49777205212257,-33.9179722175,150.7958861626
To_Austral_NW_E,"30","0","30",0.03812063646011,11.45394007865992,-33.9161945161,150.7962463520
From_Austral_NW_E,"0","0","0",0.00000000000000,11.45339964885561,-33.9161945161,150.7962463520
From_Austral_NW_E,"1","0","1",0.00181382301638,35.39731705059769,-33.9144168126,150.7966065244
From_Austral_NW_E,"2","0","2",0.00362468654111,59.34067931030421,-33.9134934099,150.7981642645
From_Austral_NW_E,"3","0","3",0.00543553241321,78.67716624805037,-33.9125699860,150.7997219715
From_Austral_NW_E,"4","0","4",0.00758878564118,98.01369762180640,-33.9128701897,150.8018541950
From_Austral_NW_E,"5","0","5",0.00974205064590,118.77575489297399,-33.9131703570,150.8039864356
From_Austral_NW_E,"6","0","6",0.01144894229622,139.53780351871748,-33.9144690288,150.8050941046
From_Austral_NW_E,"7","0","7",0.01315584864880,165.49228095014504,-33.9157676916,150.8062018068
From_Austral_NW_E,"8","0","8",0.01496966852798,144.72927677784864,-33.9175454305,150.8058418250
From_Austral_NW_E,"9","0","9",0.01596560916165,97.74415890443247,-33.9176842328,150.8068280459
From_Austral_NW_E,"10","0","10",0.01783924244980,97.70698880320690,-33.9179280466,150.8086857478
From_Austral_NW_E,"11","0","11",0.01828158331246,97.93676509772243,-33.9179891264,150.8091238513
From_Austral_NW_E,"12","0","12",0.01927760807121,97.93636302396672,-33.9181266547,150.8101103356
From_Austral_NW_E,"13","0","13",0.02023475133578,97.93593774654342,-33.9182588066,150.8110583120
From_Austral_NW_E,"14","0","14",0.02091169702221,97.93547628960391,-33.9183522674,150.8117287749
From_Austral_NW_E,"15","0","15",0.02249307983128,97.93482782931244,-33.9185705824,150.8132950157
From_Austral_NW_E,"16","0","16",0.02412316958002,97.93406059410188,-33.9187956000,150.8149095000
From_Austral_NW_E,"17","0","17",0.02575326602011,97.93329335180844,-33.9190205968,150.8165239940
From_Austral_NW_E,"18","0","18",0.02733466810967,97.93264487632533,-33.9192388516,150.8180902626
From_Austral_NW_E,"19","0","19",0.02801162589933,97.93218340547996,-33.9193322747,150.8187607430
From_Austral_NW_E,"20","0","20",0.02896879021559,97.93175811305933,-33.9194643610,150.8197087497
From_Austral_NW_E,"21","0","21",0.02996484178032,97.93127122644182,-33.9196018057,150.8206952728
From_Austral_NW_E,"22","0","22",0.03112241835708,97.94881064624363,-33.9197615290,150.8218417770
From_Austral_NW_E,"23","0","23",0.03203124900038,97.93221764656317,-33.9198874892,150.8227418366
From_Austral_NW_E,"24","0","24",0.03245264524823,97.88780417049797,-33.9199453920,150.8231592357
From_Austral_NW_E,"25","0","25",0.03388900897475,97.88445791464130,-33.9201422605,150.8245820440
From_Austral_NW_E,"26","0","26",0.03455691412667,98.12119231862553,-33.9202339581,150.8252436246
From_Austral_NW_E,"27","0","27",0.03499893731079,98.00202969617506,-33.9202981581,150.8256809607
From_Austral_NW_E,"28","0","28",0.03590866533447,97.76668950784409,-33.9204193066,150.8265825860
From_Austral_NW_E,"29","0","29",0.03722517543668,97.88030478696434,-33.9205998114,150.8278866630
From_Austral_NW_E,"30","0","30",0.03812006262589,97.88004270254409,-33.9207225000,150.8287731000
To_Austral_NW_N,"0","0","0",0.00000000000000,59.31888543511776,-33.8846815079,150.7363188260
To_Austral_NW_N,"1","0","1",0.00633365592877,98.96735082727461,-33.8814497000,150.7417659000
To_Austral_NW_N,"2","0","2",0.00935308846117,119.73056180488332,-33.8837151609,150.7437620613
To_Austral_NW_N,"3","0","3",0.02007970287556,98.87046009579993,-33.8857334593,150.7542970851
To_Austral_NW_N,"4","0","4",0.02654443069498,143.37922316542262,-33.8865096199,150.7607150506
To_Austral_NW_N,"5","0","5",0.03876848048936,143.37824802458175,-33.8985530061,150.7586211926
To_Austral_NW_N,"6","0","6",0.04200132113964,94.84247745127475,-33.8989410344,150.7618306618
To_Austral_NW_N,"7","0","7",0.04744347944528,95.37026218338524,-33.8992060564,150.7672663632
To_Austral_NW_N,"8","0","8",0.04959651899447,97.94840269841202,-33.8995038123,150.7693987142
To_Austral_NW_N,"9","0","9",0.05444090084816,97.94661877159142,-33.9001736301,150.7741965658
To_Austral_NW_N,"10","0","10",0.05765161765562,97.94520340528030,-33.9006174601,150.7773764585
To_Austral_NW_N,"11","0","11",0.05832841067672,97.94443103827133,-33.9007110051,150.7780467555
To_Austral_NW_N,"12","0","12",0.06028115117717,97.94375080910682,-33.9009808880,150.7799807562
To_Austral_NW_N,"13","0","13",0.06143844603543,97.66230085347306,-33.9011408197,150.7811269469
To_Austral_NW_N,"14","0","14",0.06421223849310,97.38019653351641,-33.9014971703,150.7838777539
To_Austral_NW_N,"15","0","15",0.06742885601081,97.37860075523315,-33.9019102970,150.7870677311
To_Austral_NW_N,"16","0","16",0.06905952607832,97.37726238621323,-33.9021197000,150.7886849000
To_Austral_NW_N,"17","0","17",0.07390686968800,97.37566940606331,-33.9027420446,150.7934921266
To_Austral_NW_N,"18","0","18",0.07606126259994,143.96011625060544,-33.9030185828,150.7956286975
To_Austral_NW_N,"19","0","19",0.08238514829815,149.11529314076839,-33.9092356595,150.7944713353
To_Austral_NW_N,"20","0","20",0.08373759269450,101.35194599374638,-33.9096465144,150.7957598632
To_Austral_NW_N,"21","0","21",0.08404149464101,96.43077147712658,-33.9096731000,150.7960626000
To_Austral_NW_N,"22","0","22",0.08821138480103,97.72772092293265,-33.9102421083,150.8001934853
To_Austral_NW_N,"23","0","23",0.09036554064995,144.53075404821996,-33.9105274786,150.8023286554
To_Austral_NW_N,"24","0","24",0.09191692302476,191.44909086982688,-33.9120479917,150.8020207151
To_Austral_NW_N,"25","0","25",0.09275581425782,144.73122784488129,-33.9128701897,150.8018541950
To_Austral_NW_N,"26","0","26",0.09490907926254,118.77575489333691,-33.9131703570,150.8039864356
To_Austral_NW_N,"27","0","27",0.09661597091285,139.53780351871748,-33.9144690288,150.8050941046
To_Austral_NW_N,"28","0","28",0.09832287726544,165.49228094969300,-33.9157676916,150.8062018068
To_Austral_NW_N,"29","0","29",0.10013669714465,191.44754769404787,-33.9175454305,150.8058418250
To_Austral_NW_N,"30","0","30",0.10195051832058,215.39358180266049,-33.9193231673,150.8054818261
To_Austral_NW_N,"31","0","31",0.10376145913522,239.33990118228843,-33.9202466608,150.8039240500
To_Austral_NW_N,"32","0","32",0.10557241761411,258.67693450889283,-33.9211701331,150.8023662408
To_Austral_NW_N,"33","0","33",0.10772587627267,278.01341260327803,-33.9208699304,150.8002338096
From_Austral_NW_N,"0","0","0",0.00000000000000,278.01443423561682,-33.9208699304,150.8002338096
From_Austral_NW_N,"1","0","1",0.00215344687439,298.77749977665377,-33.9205696913,150.7981013955
From_Austral_NW_N,"2","0","2",0.00386036130151,319.54108467163809,-33.9192709588,150.7969937625
From_Austral_NW_N,"3","0","3",0.00556726102176,345.49777205212257,-33.9179722175,150.7958861626
From_Austral_NW_N,"4","0","4",0.00738108533631,11.45366986375778,-33.9161945161,150.7962463520
From_Austral_NW_N,"5","0","5",0.00919490835270,35.39731705059769,-33.9144168126,150.7966065244
From_Austral_NW_N,"6","0","6",0.01100577187743,59.34067931030421,-33.9134934099,150.7981642645
From_Austral_NW_N,"7","0","7",0.01281661774952,78.67716624805037,-33.9125699860,150.7997219715
From_Austral_NW_N,"8","0","8",0.01496987097749,54.73173855090696,-33.9128701897,150.8018541950
From_Austral_NW_N,"9","0","9",0.01580876221055,11.44909086982686,-33.9120479917,150.8020207151
From_Austral_NW_N,"10","0","10",0.01736014458537,324.53075404821988,-33.9105274786,150.8023286554
From_Austral_NW_N,"11","0","11",0.01951430043428,277.72772092293263,-33.9102421083,150.8001934853
From_Austral_NW_N,"12","0","12",0.02368419059431,276.43077147712660,-33.9096731000,150.7960626000
From_Austral_NW_N,"13","0","13",0.02398809254081,281.35194599374637,-33.9096465144,150.7957598632
From_Austral_NW_N,"14","0","14",0.02534053693717,329.11529314076836,-33.9092356595,150.7944713353
From_Austral_NW_N,"15","0","15",0.03166442263538,323.96011625060549,-33.9030185828,150.7956286975
From_Austral_NW_N,"16","0","16",0.03381881554731,277.37566940606331,-33.9027420446,150.7934921266
From_Austral_NW_N,"17","0","17",0.03866615915699,277.37726238621326,-33.9021197000,150.7886849000
From_Austral_NW_N,"18","0","18",0.04029682922450,277.37860075523315,-33.9019102970,150.7870677311
From_Austral_NW_N,"19","0","19",0.04351344674221,277.38019653351637,-33.9014971703,150.7838777539
From_Austral_NW_N,"20","0","20",0.04628723919989,277.66230085416987,-33.9011408197,150.7811269469
From_Austral_NW_N,"21","0","21",0.04744453405815,277.94363739820608,-33.9009808880,150.7799807562
From_Austral_NW_N,"22","0","22",0.04844034320473,277.94412400441405,-33.9008432639,150.7789945030
From_Austral_NW_N,"23","0","23",0.04939727455862,277.94473643026311,-33.9007110051,150.7780467555
From_Austral_NW_N,"24","0","24",0.05165508474651,277.94557815048717,-33.9003989205,150.7758106182
From_Austral_NW_N,"25","0","25",0.05328478438722,277.94680614467342,-33.9001736301,150.7741965658
From_Austral_NW_N,"26","0","26",0.05812916624091,277.94826554984661,-33.8995038123,150.7693987142
From_Austral_NW_N,"27","0","27",0.05912494849009,277.94921284711609,-33.8993661048,150.7684124998
From_Austral_NW_N,"28","0","28",0.06028220579012,275.37038019526290,-33.8992060564,150.7672663632
From_Austral_NW_N,"29","0","29",0.06572436409576,274.84247745127476,-33.8989410344,150.7618306618
From_Austral_NW_N,"30","0","30",0.06895720474604,323.37824802458181,-33.8985530061,150.7586211926
From_Austral_NW_N,"31","0","31",0.08118125454042,323.37922316542256,-33.8865096199,150.7607150506
From_Austral_NW_N,"32","0","32",0.08764598235985,278.87046009579990,-33.8857334593,150.7542970851
From_Austral_NW_N,"33","0","33",0.09837259677423,299.73056180488334,-33.8837151609,150.7437620613
From_Austral_NW_N,"34","0","34",0.10139202930663,278.96735082727463,-33.8814497000,150.7417659000
From_Austral_NW_N,"35","0","35",0.10772568523540,239.31888543511778,-33.8846815079,150.7363188260
To_Austral_NW_S,"0","0","0",0.00000000000000,100.35633203611792,-33.9536059000,150.8081771000
To_Austral_NW_S,"1","0","1",0.00046782138685,84.70883078493983,-33.9536900000,150.8086373000
To_Austral_NW_S,"2","0","2",0.00105824400653,32.72785599307706,-33.9534790016,150.8091887332
To_Austral_NW_S,"3","0","3",0.00217256100627,356.10349269829260,-33.9523668903,150.8091186556
To_Austral_NW_S,"4","0","4",0.00355233487990,339.23929492515845,-33.9509907997,150.8090179061
To_Austral_NW_S,"5","0","5",0.00390850996237,300.24728605864823,-33.9507076000,150.8088019000
To_Austral_NW_S,"6","0","6",0.00690994233628,277.95498810090584,-33.9502987754,150.8058284410
To_Austral_NW_S,"7","0","7",0.01035549985019,278.02449668260704,-33.9498144000,150.8024171000
To_Austral_NW_S,"8","0","8",0.01052503645397,277.54237853580855,-33.9497909000,150.8022492000
To_Austral_NW_S,"9","0","9",0.01070582948482,277.22879516746752,-33.9497685000,150.8020698000
To_Austral_NW_S,"10","0","10",0.01105882243086,277.30074854251569,-33.9497234000,150.8017197000
To_Austral_NW_S,"11","0","11",0.01373861282938,277.33787170351138,-33.9493847000,150.7990614000
To_Austral_NW_S,"12","0","12",0.01524500912518,277.38693678636776,-33.9491903000,150.7975676000
To_Austral_NW_S,"13","0","13",0.01605225872730,277.12693284082621,-33.9490869000,150.7967670000
To_Austral_NW_S,"14","0","14",0.01621886352908,321.75633067949246,-33.9490669000,150.7966016000
To_Austral_NW_S,"15","0","15",0.01643752052076,6.56955894861714,-33.9488497000,150.7966268000
To_Austral_NW_S,"16","0","16",0.01655991239176,6.50259245099697,-33.9487281000,150.7966407000
To_Austral_NW_S,"17","0","17",0.01669185639507,6.50192802273788,-33.9485970000,150.7966556000
To_Austral_NW_S,"18","0","18",0.01681515379970,51.17539566051870,-33.9484745000,150.7966696000
To_Austral_NW_S,"19","0","19",0.01690275705018,42.41042646014920,-33.9484834000,150.7967567500
To_Austral_NW_S,"20","0","20",0.01828693485975,348.98996132445643,-33.9471247002,150.7964923960
To_Austral_NW_S,"21","0","21",0.01872942313462,348.99014670005636,-33.9466903563,150.7964078899
To_Austral_NW_S,"22","0","22",0.01991670048797,0.01932383699772,-33.9455249312,150.7961811481
To_Austral_NW_S,"23","0","23",0.02046233434912,11.04809496969385,-33.9449894104,150.7962857125
To_Austral_NW_S,"24","0","24",0.02104514617884,11.04793041945292,-33.9444173993,150.7963973952
To_Austral_NW_S,"25","0","25",0.02273486152239,11.09374398982428,-33.9427590000,150.7967212000
To_Austral_NW_S,"26","0","26",0.02432287973695,10.96079726878144,-33.9412009000,150.7970280000
To_Austral_NW_S,"27","0","27",0.02500713350422,10.78209535413984,-33.9405287264,150.7971560074
To_Austral_NW_S,"28","0","28",0.02567081337899,11.00273014833287,-33.9398767631,150.7972801638
To_Austral_NW_S,"29","0","29",0.02638904163847,11.07949083957084,-33.9391722706,150.7974199569
To_Austral_NW_S,"30","0","30",0.02719571148002,6.25387862447758,-33.9383802488,150.7975729856
To_Austral_NW_S,"31","0","31",0.02859962624595,6.92657728162667,-33.9369768626,150.7976115051
To_Austral_NW_S,"32","0","32",0.02954873410902,12.28077731893495,-33.9360494737,150.7978133851
To_Austral_NW_S,"33","0","33",0.03038838497286,12.28050643632832,-33.9352290361,150.7979919790
To_Austral_NW_S,"34","0","34",0.03119525635686,12.28026799181494,-33.9344406272,150.7981635971
To_Austral_NW_S,"35","0","35",0.03176591993368,12.28000928034510,-33.9338830208,150.7982849727
To_Austral_NW_S,"36","0","36",0.03309901742051,12.27964575404792,-33.9325804240,150.7985685051
To_Austral_NW_S,"37","0","37",0.03406596645310,12.27943232063261,-33.9316355969,150.7987741555
To_Austral_NW_S,"38","0","38",0.03447316815892,12.27921567306408,-33.9312377111,150.7988607590
To_Austral_NW_S,"39","0","39",0.03497622306371,12.27899902784252,-33.9307461643,150.7989677448
To_Austral_NW_S,"40","0","40",0.03535978789756,12.27899902658676,-33.9303713741,150.7990493184
To_Austral_NW_S,"41","0","41",0.03561766020788,12.27899902683809,-33.9301194009,150.7991041607
To_Austral_NW_S,"42","0","42",0.03584731799648,12.27878563616479,-33.9298949969,150.7991530025
To_Austral_NW_S,"43","0","43",0.03627428418901,12.27857224066755,-33.9294777975,150.7992438033
To_Austral_NW_S,"44","0","44",0.03659994661335,12.27857223916054,-33.9291595845,150.7993130602
To_Austral_NW_S,"45","0","45",0.03695954341520,12.27857224088472,-33.9288082134,150.7993895339
To_Austral_NW_S,"46","0","46",0.03718041288749,12.27842219092772,-33.9285923963,150.7994365051
To_Austral_NW_S,"47","0","47",0.03751032918212,12.27827213944030,-33.9282700264,150.7995066650
To_Austral_NW_S,"48","0","48",0.03775107483473,12.27816357341737,-33.9280347875,150.7995578620
To_Austral_NW_S,"49","0","49",0.03811197774440,12.27805500849040,-33.9276821395,150.7996346102
To_Austral_NW_S,"50","0","50",0.03836866300132,12.27805500743221,-33.9274313254,150.7996891959
To_Austral_NW_S,"51","0","51",0.03855794338443,12.27792524710765,-33.9272463744,150.7997294475
To_Austral_NW_S,"52","0","52",0.03889548054437,12.27779548541653,-33.9269165574,150.7998012254
To_Austral_NW_S,"53","0","53",0.03913460649494,12.27779548440919,-33.9266829007,150.7998520759
To_Austral_NW_S,"54","0","54",0.03939759063924,11.51505337628981,-33.9264259315,150.7999080000
To_Austral_NW_S,"55","0","55",0.03973907958732,10.75231126708464,-33.9260904381,150.7999717094
To_Austral_NW_S,"56","0","56",0.04002746225226,10.75243472050722,-33.9258071186,150.8000255111
To_Austral_NW_S,"57","0","57",0.04028635035592,324.57913350180206,-33.9255527761,150.8000738113
To_Austral_NW_S,"58","0","58",0.04119031032866,326.21125545399872,-33.9254206338,150.7991795619
To_Austral_NW_S,"59","0","59",0.04409953271592,12.72033034964641,-33.9225980342,150.7998841943
To_Austral_NW_S,"60","0","60",0.04502375337312,11.43790401201695,-33.9216921235,150.8000672505
To_Austral_NW_S,"61","0","61",0.04586264758410,324.73319181875985,-33.9208699304,150.8002338096
To_Austral_NW_S,"62","0","62",0.04801609445849,298.77749977665377,-33.9205696913,150.7981013955
To_Austral_NW_S,"63","0","63",0.04972300888561,319.54108467163809,-33.9192709588,150.7969937625
To_Austral_NW_S,"64","0","64",0.05142990860587,345.49777205212257,-33.9179722175,150.7958861626
To_Austral_NW_S,"65","0","65",0.05324373292041,11.45366986375778,-33.9161945161,150.7962463520
To_Austral_NW_S,"66","0","66",0.05505755593680,35.39731705059769,-33.9144168126,150.7966065244
To_Austral_NW_S,"67","0","67",0.05686841946153,59.34067931030421,-33.9134934099,150.7981642645
To_Austral_NW_S,"68","0","68",0.05867926533362,78.67716624805037,-33.9125699860,150.7997219715
To_Austral_NW_S,"69","0","69",0.06083251856159,98.01420832783208,-33.9128701897,150.8018541950
From_Austral_NW_S,"0","0","0",0.00000000000000,98.01318691578072,-33.9128701897,150.8018541950
From_Austral_NW_S,"1","0","1",0.00215326500472,118.77575489333691,-33.9131703570,150.8039864356
From_Austral_NW_S,"2","0","2",0.00386015665502,139.53780351871748,-33.9144690288,150.8050941046
From_Austral_NW_S,"3","0","3",0.00556706300762,165.49228094978213,-33.9157676916,150.8062018068
From_Austral_NW_S,"4","0","4",0.00738088288680,191.44754769404787,-33.9175454305,150.8058418250
From_Austral_NW_S,"5","0","5",0.00919470406276,215.39358180257136,-33.9193231673,150.8054818261
From_Austral_NW_S,"6","0","6",0.01100564487740,239.33990118228843,-33.9202466608,150.8039240500
From_Austral_NW_S,"7","0","7",0.01281660335629,258.67693450889283,-33.9211701331,150.8023662408
From_Austral_NW_S,"8","0","8",0.01497006201484,234.73268100259045,-33.9208699304,150.8002338096
From_Austral_NW_S,"9","0","9",0.01580895622583,191.43790401201699,-33.9216921235,150.8000672505
From_Austral_NW_S,"10","0","10",0.01673317688302,192.93443726897326,-33.9225980342,150.7998841943
From_Austral_NW_S,"11","0","11",0.01913165301756,193.22601154990863,-33.9249206885,150.7992858925
From_Austral_NW_S,"12","0","12",0.01964278067769,145.20635800741871,-33.9254206338,150.7991795619
From_Austral_NW_S,"13","0","13",0.02054674065043,144.57911920347138,-33.9255527761,150.8000738113
From_Austral_NW_S,"14","0","14",0.02083954339180,190.75242042059963,-33.9258404378,150.8000191839
From_Austral_NW_S,"15","0","15",0.02111460997547,190.75231126601108,-33.9261106750,150.7999678665
From_Austral_NW_S,"16","0","16",0.02143550036711,191.51505337638463,-33.9264259315,150.7999080000
From_Austral_NW_S,"17","0","17",0.02183081618835,192.27779548616712,-33.9268122057,150.7998239354
From_Austral_NW_S,"18","0","18",0.02227514762192,192.27792524816556,-33.9272463744,150.7997294475
From_Austral_NW_S,"19","0","19",0.02259103767525,192.27805500807438,-33.9275550391,150.7996622716
From_Austral_NW_S,"20","0","20",0.02308201617161,192.27816357310709,-33.9280347875,150.7995578620
From_Austral_NW_S,"21","0","21",0.02332563077657,192.27827213953543,-33.9282728298,150.7995060549
From_Austral_NW_S,"22","0","22",0.02365267811886,192.27842218806308,-33.9285923963,150.7994365051
From_Austral_NW_S,"23","0","23",0.02379602806616,192.27857223982713,-33.9287324672,150.7994060196
From_Austral_NW_S,"24","0","24",0.02402704108454,192.27857224242302,-33.9289581958,150.7993568912
From_Austral_NW_S,"25","0","25",0.02432466036164,192.27857224159965,-33.9292490071,150.7992935980
From_Austral_NW_S,"26","0","26",0.02462187495242,192.27857224038968,-33.9295394230,150.7992303909
From_Austral_NW_S,"27","0","27",0.02498577300987,192.27878563399821,-33.9298949969,150.7991530025
From_Austral_NW_S,"28","0","28",0.02536101342720,192.27899902666121,-33.9302616532,150.7990731993
From_Austral_NW_S,"29","0","29",0.02575296681467,192.27899902808522,-33.9306446401,150.7989898417
From_Austral_NW_S,"30","0","30",0.02600789589144,192.27899902729555,-33.9308937373,150.7989356253
From_Austral_NW_S,"31","0","31",0.02620390195138,192.27899902637370,-33.9310852594,150.7988939403
From_Austral_NW_S,"32","0","32",0.02635992284743,192.27921567402115,-33.9312377111,150.7988607590
From_Austral_NW_S,"33","0","33",0.02678077002142,192.27943232130178,-33.9316489302,150.7987712533
From_Austral_NW_S,"34","0","34",0.02718514419800,192.27943232227651,-33.9320440531,150.7986852512
From_Austral_NW_S,"35","0","35",0.02773407358584,192.27964575328940,-33.9325804240,150.7985685051
From_Austral_NW_S,"36","0","36",0.02816370520477,192.27985918542649,-33.9330002258,150.7984771281
From_Austral_NW_S,"37","0","37",0.02906717107266,192.28000928239709,-33.9338830208,150.7982849727
From_Austral_NW_S,"38","0","38",0.02963783464950,192.28026799361723,-33.9344406272,150.7981635971
From_Austral_NW_S,"39","0","39",0.03044470603349,192.28058127889551,-33.9352290361,150.7979919790
From_Austral_NW_S,"40","0","40",0.03223346476040,186.92651106949575,-33.9369768626,150.7976115051
From_Austral_NW_S,"41","0","41",0.03363737952633,186.25387862447758,-33.9383802488,150.7975729856
From_Austral_NW_S,"42","0","42",0.03444404936787,191.07949083957087,-33.9391722706,150.7974199569
From_Austral_NW_S,"43","0","43",0.03516227762735,190.92367557617695,-33.9398767631,150.7972801638
From_Austral_NW_S,"44","0","44",0.03582590476591,190.77970579678293,-33.9405290147,150.7971578168
From_Austral_NW_S,"45","0","45",0.03651021625264,191.03746228358051,-33.9412009000,150.7970280000
From_Austral_NW_S,"46","0","46",0.03809823446720,191.09374398982430,-33.9427590000,150.7967212000
From_Austral_NW_S,"47","0","47",0.03978794981075,191.04793041945291,-33.9444173993,150.7963973952
From_Austral_NW_S,"48","0","48",0.04037076164047,191.04809496969389,-33.9449894104,150.7962857125
From_Austral_NW_S,"49","0","49",0.04091639550162,180.01932383699770,-33.9455249312,150.7961811481
From_Austral_NW_S,"50","0","50",0.04210367285497,168.99014670005633,-33.9466903563,150.7964078899
From_Austral_NW_S,"51","0","51",0.04254616112984,168.98996132445643,-33.9471247002,150.7964923960
From_Austral_NW_S,"52","0","52",0.04393033893941,132.41042646107891,-33.9484834000,150.7967567500
From_Austral_NW_S,"53","0","53",0.04401794222420,141.30711564138673,-33.9484923000,150.7968439000
From_Austral_NW_S,"54","0","54",0.04427786163486,186.77899378546670,-33.9487504000,150.7968132000
From_Austral_NW_S,"55","0","55",0.04440162580574,142.28968661168270,-33.9488733000,150.7967986000
From_Austral_NW_S,"56","0","56",0.04538251187456,97.46588519605319,-33.9490065000,150.7977704000
From_Austral_NW_S,"57","0","57",0.04775396686485,97.42210874551490,-33.9493007301,150.8001235314
From_Austral_NW_S,"58","0","58",0.04976444389578,97.15202077339823,-33.9495707000,150.8021158000
From_Austral_NW_S,"59","0","59",0.04993879480631,96.59370114088105,-33.9495907000,150.8022890000
From_Austral_NW_S,"60","0","60",0.05021109967222,97.85725380102917,-33.9496220000,150.8025595000
From_Austral_NW_S,"61","0","61",0.05080074397171,98.48041392988760,-33.9497154000,150.8031417000
From_Austral_NW_S,"62","0","62",0.05244221344148,97.85566630545937,-33.9499395000,150.8047678000
From_Austral_NW_S,"63","0","63",0.05357110883323,97.86425866763511,-33.9500939692,150.8058860773
From_Austral_NW_S,"64","0","64",0.05446606977960,97.82211336440469,-33.9502164187,150.8067726218
From_Austral_NW_S,"65","0","65",0.05638652678173,97.89700181637629,-33.9504764000,150.8086754000
From_Austral_NW_S,"66","0","66",0.05650488255890,97.80189668920121,-33.9504929000,150.8087926000
From_Austral_NW_S,"67","0","67",0.05683648794188,139.07549803680379,-33.9505367000,150.8091213000
From_Austral_NW_S,"68","0","68",0.05705099822137,191.73888204984115,-33.9507512000,150.8091192000
From_Austral_NW_S,"69","0","69",0.05731112980839,189.36472363296420,-33.9509907997,150.8090179061
From_Austral_NW_S,"70","0","70",0.05869090368202,176.10349269829260,-33.9523668903,150.8091186556
From_Austral_NW_S,"71","0","71",0.05980522068176,175.54985017092037,-33.9534790016,150.8091887332
From_Austral_NW_S,"72","0","72",0.06039072123272,221.62618123845482,-33.9540620040,150.8092427621
From_Austral_NW_S,"73","0","73",0.06125426096578,275.42408042147844,-33.9540839000,150.8083795000
From_Austral_NW_S,"74","0","74",0.06174848532793,282.30111625549574,-33.9539786058,150.8078966223
To_Austral_NW_W,"0","0","0",0.00000000000000,11.20448707255419,-33.9206997072,150.7367833845
To_Austral_NW_W,"1","0","1",0.00589346151883,54.52160267921899,-33.9149185754,150.7379285499
To_Austral_NW_W,"2","0","2",0.01289487541189,54.52246488892006,-33.9158734636,150.7448645419
To_Austral_NW_W,"3","0","3",0.01878834983987,54.52072452996653,-33.9100923536,150.7460098838
To_Austral_NW_W,"4","0","4",0.02578943007348,60.85439621276996,-33.9110467749,150.7529456033
To_Austral_NW_W,"5","0","5",0.02670654403575,60.38463441174194,-33.9102081284,150.7533167772
To_Austral_NW_W,"6","0","6",0.02913148556954,96.89447494423703,-33.9104992732,150.7557241775
To_Austral_NW_W,"7","0","7",0.03721472045536,107.22782539305616,-33.9114694201,150.7637489829
To_Austral_NW_W,"8","0","8",0.03825508168674,107.62236217321018,-33.9119508104,150.7646712707
To_Austral_NW_W,"9","0","9",0.04040901843943,97.68148085470864,-33.9122387491,150.7668058749
To_Austral_NW_W,"10","0","10",0.04525541794792,97.67950487723881,-33.9128864779,150.7716087944
To_Austral_NW_W,"11","0","11",0.05010187532642,97.67752887269023,-33.9135340220,150.7764117971
To_Austral_NW_W,"12","0","12",0.05225587495028,97.67623694047322,-33.9138217601,150.7785464918
To_Austral_NW_W,"13","0","13",0.05401560743811,97.67487372657493,-33.9140568026,150.7802904566
To_Austral_NW_W,"14","0","14",0.05985841421407,97.67270843595146,-33.9148370278,150.7860809350
To_Austral_NW_W,"15","0","15",0.06470504575355,97.67061437081284,-33.9154840155,150.7908841885
To_Austral_NW_W,"16","0","16",0.06685912274925,97.03163622899173,-33.9157715064,150.7930189945
To_Austral_NW_W,"17","0","17",0.06796105310931,97.20505322426133,-33.9158942129,150.7941140715
To_Austral_NW_W,"18","0","18",0.07011437663449,54.73500964938984,-33.9161945161,150.7962463520
To_Austral_NW_W,"19","0","19",0.07192819965087,35.39731705059769,-33.9144168126,150.7966065244
To_Austral_NW_W,"20","0","20",0.07373906317560,59.34067931030421,-33.9134934099,150.7981642645
To_Austral_NW_W,"21","0","21",0.07554990904770,78.67716624805037,-33.9125699860,150.7997219715
To_Austral_NW_W,"22","0","22",0.07770316227567,98.01369762180640,-33.9128701897,150.8018541950
To_Austral_NW_W,"23","0","23",0.07985642728039,118.77575489297399,-33.9131703570,150.8039864356
To_Austral_NW_W,"24","0","24",0.08156331893071,139.53780351871748,-33.9144690288,150.8050941046
To_Austral_NW_W,"25","0","25",0.08327022528329,165.49228095014504,-33.9157676916,150.8062018068
To_Austral_NW_W,"26","0","26",0.08508404516247,191.44727773302236,-33.9175454305,150.8058418250
From_Austral_NW_W,"0","0","0",0.00000000000000,191.44781765507338,-33.9175454305,150.8058418250
From_Austral_NW_W,"1","0","1",0.00181382117596,215.39358180280061,-33.9193231673,150.8054818261
From_Austral_NW_W,"2","0","2",0.00362476199062,239.33990118228840,-33.9202466608,150.8039240500
From_Austral_NW_W,"3","0","3",0.00543572046949,258.67693450898514,-33.9211701331,150.8023662408
From_Austral_NW_W,"4","0","4",0.00758917912808,278.01392341944739,-33.9208699304,150.8002338096
From_Austral_NW_W,"5","0","5",0.00974262600243,298.77749977633209,-33.9205696913,150.7981013955
From_Austral_NW_W,"6","0","6",0.01144954042955,319.54108467163809,-33.9192709588,150.7969937625
From_Austral_NW_W,"7","0","7",0.01315644014981,345.49777205212257,-33.9179722175,150.7958861626
From_Austral_NW_W,"8","0","8",0.01497026446436,324.73527986429201,-33.9161945161,150.7962463520
From_Austral_NW_W,"9","0","9",0.01712358798954,277.20505322426135,-33.9158942129,150.7941140715
From_Austral_NW_W,"10","0","10",0.01822551834960,277.03163622899172,-33.9157715064,150.7930189945
From_Austral_NW_W,"11","0","11",0.02037959534529,277.67061437081287,-33.9154840155,150.7908841885
From_Austral_NW_W,"12","0","12",0.02522622688477,277.67259050844649,-33.9148370278,150.7860809350
From_Austral_NW_W,"13","0","13",0.03007280065728,277.67463787215746,-33.9141898554,150.7812777647
From_Austral_NW_W,"14","0","14",0.03282876614877,277.67611901356071,-33.9138217601,150.7785464918
From_Austral_NW_W,"15","0","15",0.03498276577263,277.67752887269017,-33.9135340220,150.7764117971
From_Austral_NW_W,"16","0","16",0.03982922315113,277.67950487723880,-33.9128864779,150.7716087944
From_Austral_NW_W,"17","0","17",0.04467562265962,277.68148085470864,-33.9122387491,150.7668058749
From_Austral_NW_W,"18","0","18",0.04682955941231,287.62236217321015,-33.9119508104,150.7646712707
From_Austral_NW_W,"19","0","19",0.04786992064369,287.22782539305621,-33.9114694201,150.7637489829
From_Austral_NW_W,"20","0","20",0.05595315552951,276.89447494423700,-33.9104992732,150.7557241775
From_Austral_NW_W,"21","0","21",0.05837809706330,240.38463441174193,-33.9102081284,150.7533167772
From_Austral_NW_W,"22","0","22",0.05929521102556,240.85439621277001,-33.9110467749,150.7529456033
From_Austral_NW_W,"23","0","23",0.06629629125918,234.52072452996657,-33.9100923536,150.7460098838
From_Austral_NW_W,"24","0","24",0.07218976568715,234.52246488892010,-33.9158734636,150.7448645419
From_Austral_NW_W,"25","0","25",0.07919117958022,234.52160267921897,-33.9149185754,150.7379285499
From_Austral_NW_W,"26","0","26",0.08508464109905,191.20448707255417,-33.9206997072,150.7367833845
To_KempsCreek_NW_E,"0","0","0",0.00000000000000,191.65263671591683,-33.8805742000,150.7927635000
To_KempsCreek_NW_E,"1","0","1",0.00396712228108,189.88720582317791,-33.8844595603,150.7919622295
To_KempsCreek_NW_E,"2","0","2",0.00456574293646,189.64808375317952,-33.8850521768,150.7918776579
To_KempsCreek_NW_E,"3","0","3",0.00542061959794,190.91002796103663,-33.8858908466,150.7917119863
To_KempsCreek_NW_E,"4","0","4",0.00620490588342,189.89346140308112,-33.8866616341,150.7915671015
To_KempsCreek_NW_E,"5","0","5",0.00678741033918,189.86087335184232,-33.8872367406,150.7914745595
To_KempsCreek_NW_E,"6","0","6",0.00811634767193,189.85723493510937,-33.8885430832,150.7912305446
To_KempsCreek_NW_E,"7","0","7",0.00948480750726,233.48601428557794,-33.8898941908,150.7910133102
To_KempsCreek_NW_E,"8","0","8",0.01433163754347,277.83887567439433,-33.8892332119,150.7862117617
To_KempsCreek_NW_E,"9","0","9",0.01648576539489,277.83677895717034,-33.8889393843,150.7840777673
To_KempsCreek_NW_E,"10","0","10",0.01764364479635,277.83410782204243,-33.8887815643,150.7829306938
To_KempsCreek_NW_E,"11","0","11",0.01863995695346,234.51845295861111,-33.8886457573,150.7819436810
To_KempsCreek_NW_E,"12","0","12",0.02045333080882,215.17639513128029,-33.8904245801,150.7815913825
To_KempsCreek_NW_E,"13","0","13",0.02226347245798,239.15080363666223,-33.8913528000,150.7800373489
To_KempsCreek_NW_E,"14","0","14",0.02407363181080,258.49392899885100,-33.8922809988,150.7784832820
To_KempsCreek_NW_E,"15","0","15",0.02622789445932,277.83700886939425,-33.8919872722,150.7763491376
To_KempsCreek_NW_E,"16","0","16",0.02838214552113,298.57730461504900,-33.8916935093,150.7742150099
To_KempsCreek_NW_E,"17","0","17",0.03009032808359,319.31761050860911,-33.8903981452,150.7731014931
To_KempsCreek_NW_E,"18","0","18",0.03179849582068,345.26340862480868,-33.8891027722,150.7719880095
To_KempsCreek_NW_E,"19","0","19",0.03361187270036,11.20868592734462,-33.8873239842,150.7723404993
From_KempsCreek_NW_E,"0","0","0",0.00000000000000,11.20815508033226,-33.8873239842,150.7723404993
From_KempsCreek_NW_E,"1","0","1",0.00181337565687,35.18015569889159,-33.8855451941,150.7726929723
From_KempsCreek_NW_E,"2","0","2",0.00362344090023,59.15160024806800,-33.8846170652,150.7742469713
From_KempsCreek_NW_E,"3","0","3",0.00543348845150,78.65854160586976,-33.8836889151,150.7758009371
From_KempsCreek_NW_E,"4","0","4",0.00749416938720,97.85047037062844,-33.8839816189,150.7778407239
From_KempsCreek_NW_E,"5","0","5",0.00974167886243,118.42488939083279,-33.8842763350,150.7800688265
From_KempsCreek_NW_E,"6","0","6",0.01144983787934,139.31435626321718,-33.8855716382,150.7811823780
From_KempsCreek_NW_E,"7","0","7",0.01315801171685,165.25792395079768,-33.8868669324,150.7822959627
From_KempsCreek_NW_E,"8","0","8",0.01497138435075,144.51805056096734,-33.8886457573,150.7819436810
From_KempsCreek_NW_E,"9","0","9",0.01712557590930,97.83689703874317,-33.8889393843,150.7840777673
From_KempsCreek_NW_E,"10","0","10",0.01927970376072,97.83887567439427,-33.8892332119,150.7862117617
From_KempsCreek_NW_E,"11","0","11",0.02412653379692,53.48601428557794,-33.8898941908,150.7910133102
From_KempsCreek_NW_E,"12","0","12",0.02549499363226,9.85723493510936,-33.8885430832,150.7912305446
From_KempsCreek_NW_E,"13","0","13",0.02682393096501,9.86087335184235,-33.8872367406,150.7914745595
From_KempsCreek_NW_E,"14","0","14",0.02740643542076,9.89346140308112,-33.8866616341,150.7915671015
From_KempsCreek_NW_E,"15","0","15",0.02819072170625,10.91002796103664,-33.8858908466,150.7917119863
From_KempsCreek_NW_E,"16","0","16",0.02904559836773,9.64808375317953,-33.8850521768,150.7918776579
From_KempsCreek_NW_E,"17","0","17",0.02964421902311,9.88720582317790,-33.8844595603,150.7919622295
From_KempsCreek_NW_E,"18","0","18",0.03361134130419,11.65263671591681,-33.8805742000,150.7927635000
To_KempsCreek_NW_N,"0","0","0",0.00000000000000,189.79805112095423,-33.8764047516,150.7788515514
To_KempsCreek_NW_N,"1","0","1",0.00083078013715,189.86214062129727,-33.8772234137,150.7787101725
To_KempsCreek_NW_N,"2","0","2",0.00135822036779,189.88720762325701,-33.8777429585,150.7786192523
To_KempsCreek_NW_N,"3","0","3",0.00271644038777,189.84836415077945,-33.8790811643,150.7783869449
To_KempsCreek_NW_N,"4","0","4",0.00333782688873,189.84854317768691,-33.8796933936,150.7782806603
To_KempsCreek_NW_N,"5","0","5",0.00407466086738,189.84872222086227,-33.8804193692,150.7781546290
To_KempsCreek_NW_N,"6","0","6",0.00458894576537,189.84890126241908,-33.8809260747,150.7780666603
To_KempsCreek_NW_N,"7","0","7",0.00543288180666,178.91904990109373,-33.8817575730,150.7779223047
To_KempsCreek_NW_N,"8","0","8",0.00624338459177,178.05548673560432,-33.8825503326,150.7780909671
To_KempsCreek_NW_N,"9","0","9",0.00684200524712,189.64808375337168,-33.8831429491,150.7780063955
To_KempsCreek_NW_N,"10","0","10",0.00769688190860,144.35464714206125,-33.8839816189,150.7778407239
To_KempsCreek_NW_N,"11","0","11",0.00994439138383,118.42488939083279,-33.8842763350,150.7800688265
To_KempsCreek_NW_N,"12","0","12",0.01165255040074,139.31435626321718,-33.8855716382,150.7811823780
To_KempsCreek_NW_N,"13","0","13",0.01336072423825,165.25792395044442,-33.8868669324,150.7822959627
To_KempsCreek_NW_N,"14","0","14",0.01517409687212,191.20227761596317,-33.8886457573,150.7819436810
To_KempsCreek_NW_N,"15","0","15",0.01698747072751,215.17639513163348,-33.8904245801,150.7815913825
To_KempsCreek_NW_N,"16","0","16",0.01879761237668,239.15080363666223,-33.8913528000,150.7800373489
To_KempsCreek_NW_N,"17","0","17",0.02060777172950,258.49392899885100,-33.8922809988,150.7784832820
To_KempsCreek_NW_N,"18","0","18",0.02276203437802,277.83649820363598,-33.8919872722,150.7763491376
From_KempsCreek_NW_N,"0","0","0",0.00000000000000,277.83751953515252,-33.8919872722,150.7763491376
From_KempsCreek_NW_N,"1","0","1",0.00215425106181,298.57730461468753,-33.8916935093,150.7742150099
From_KempsCreek_NW_N,"2","0","2",0.00386243362429,319.31761050860916,-33.8903981452,150.7731014931
From_KempsCreek_NW_N,"3","0","3",0.00557060136136,345.26340862517020,-33.8891027722,150.7719880095
From_KempsCreek_NW_N,"4","0","4",0.00738397824104,11.20842050383844,-33.8873239842,150.7723404993
From_KempsCreek_NW_N,"5","0","5",0.00919735389791,35.18015569889159,-33.8855451941,150.7726929723
From_KempsCreek_NW_N,"6","0","6",0.01100741914127,59.15160024806800,-33.8846170652,150.7742469713
From_KempsCreek_NW_N,"7","0","7",0.01281746669254,78.65854160586976,-33.8836889151,150.7758009371
From_KempsCreek_NW_N,"8","0","8",0.01487814762824,54.67021580448724,-33.8839816189,150.7778407239
From_KempsCreek_NW_N,"9","0","9",0.01573302428972,9.64808375337169,-33.8831429491,150.7780063955
From_KempsCreek_NW_N,"10","0","10",0.01633164494507,358.05548673560429,-33.8825503326,150.7780909671
From_KempsCreek_NW_N,"11","0","11",0.01714214773018,358.91904990109373,-33.8817575730,150.7779223047
From_KempsCreek_NW_N,"12","0","12",0.01798608377147,9.84890126241905,-33.8809260747,150.7780666603
From_KempsCreek_NW_N,"13","0","13",0.01850036866946,9.84872222086227,-33.8804193692,150.7781546290
From_KempsCreek_NW_N,"14","0","14",0.01923720264811,9.84854317768690,-33.8796933936,150.7782806603
From_KempsCreek_NW_N,"15","0","15",0.01985858914908,9.84836415077945,-33.8790811643,150.7783869449
From_KempsCreek_NW_N,"16","0","16",0.02121680916905,9.88720762325704,-33.8777429585,150.7786192523
From_KempsCreek_NW_N,"17","0","17",0.02174424939969,9.86214062129727,-33.8772234137,150.7787101725
From_KempsCreek_NW_N,"18","0","18",0.02257502953684,9.79805112095422,-33.8764047516,150.7788515514
To_KempsCreek_NW_S,"0","0","0",0.00000000000000,96.89100057232201,-33.9475022868,150.7566613585
To_KempsCreek_NW_S,"1","0","1",0.00727800833515,53.37961137564078,-33.9483755088,150.7638867919
To_KempsCreek_NW_S,"2","0","2",0.00999449668822,10.95485479380103,-33.9456992122,150.7643523510
To_KempsCreek_NW_S,"3","0","3",0.01080776394704,9.33645372160165,-33.9449038394,150.7645220148
To_KempsCreek_NW_S,"4","0","4",0.01135419685650,8.24937146022950,-33.9443610624,150.7645851179
To_KempsCreek_NW_S,"5","0","5",0.01271243986982,9.86696324769133,-33.9430229116,150.7648178762
To_KempsCreek_NW_S,"6","0","6",0.01678716611954,53.37762249710109,-33.9390084531,150.7655161004
To_KempsCreek_NW_S,"7","0","7",0.01840434563675,53.37656457169555,-33.9392024176,150.7671216058
To_KempsCreek_NW_S,"8","0","8",0.02247906702014,15.00814901936677,-33.9351879382,150.7678196809
To_KempsCreek_NW_S,"9","0","9",0.02393216954953,15.35957432939011,-33.9338237900,150.7683202874
To_KempsCreek_NW_S,"10","0","10",0.02551665777557,10.56716895721034,-33.9322661747,150.7686108683
To_KempsCreek_NW_S,"11","0","11",0.02635479199099,10.56665582206330,-33.9314422542,150.7687645697
To_KempsCreek_NW_S,"12","0","12",0.03043219855706,10.56574200228944,-33.9274339869,150.7695122575
To_KempsCreek_NW_S,"13","0","13",0.03450959993205,10.56476024082261,-33.9234257098,150.7702598647
To_KempsCreek_NW_S,"14","0","14",0.03632177665549,0.13856238921586,-33.9216442501,150.7705921086
To_KempsCreek_NW_S,"15","0","15",0.03751713945335,359.78629685829145,-33.9204681029,150.7703786373
To_KempsCreek_NW_S,"16","0","16",0.03887537388572,357.34476734077907,-33.9191299301,150.7706112189
To_KempsCreek_NW_S,"17","0","17",0.03935126536386,357.90459043732346,-33.9186706223,150.7704866836
To_KempsCreek_NW_S,"18","0","18",0.04116418438817,10.97903900350900,-33.9168908878,150.7708319669
To_KempsCreek_NW_S,"19","0","19",0.04524324799281,10.97802635386852,-33.9128864779,150.7716087944
To_KempsCreek_NW_S,"20","0","20",0.04932230578524,10.97701388836577,-33.9088820577,150.7723855385
To_KempsCreek_NW_S,"21","0","21",0.05113521849490,13.66163583250324,-33.9071023121,150.7727307314
To_KempsCreek_NW_S,"22","0","22",0.05197741729247,13.84979020356145,-33.9062941581,150.7729677671
To_KempsCreek_NW_S,"23","0","23",0.05330066654568,11.35273805231092,-33.9049968004,150.7732282506
To_KempsCreek_NW_S,"24","0","24",0.05413946080534,11.35245624730563,-33.9041744176,150.7733933638
To_KempsCreek_NW_S,"25","0","25",0.05494550908844,11.35203246995861,-33.9033841395,150.7735520278
To_KempsCreek_NW_S,"26","0","26",0.05822007767202,11.35138652193887,-33.9001736301,150.7741965658
To_KempsCreek_NW_S,"27","0","27",0.05959282628081,11.35080029326852,-33.8988277329,150.7744667497
To_KempsCreek_NW_S,"28","0","28",0.06149464213820,11.35029558292241,-33.8969631140,150.7748410487
To_KempsCreek_NW_S,"29","0","29",0.06313947950556,11.34983937403634,-33.8953504444,150.7751647566
To_KempsCreek_NW_S,"30","0","30",0.06411429074792,24.99717738917181,-33.8943946961,150.7753565953
To_KempsCreek_NW_S,"31","0","31",0.06487396816156,37.56820386927289,-33.8938013626,150.7758310057
To_KempsCreek_NW_S,"32","0","32",0.06526614815099,23.35619286164986,-33.8934860722,150.7760642376
To_KempsCreek_NW_S,"33","0","33",0.06595315423047,10.71367654091673,-33.8928099678,150.7761861400
To_KempsCreek_NW_S,"34","0","34",0.06679184146022,324.52209271365336,-33.8919872722,150.7763491376
To_KempsCreek_NW_S,"35","0","35",0.06894609252203,298.57730461504900,-33.8916935093,150.7742150099
To_KempsCreek_NW_S,"36","0","36",0.07065427508449,319.31761050860911,-33.8903981452,150.7731014931
To_KempsCreek_NW_S,"37","0","37",0.07236244282158,345.26340862480868,-33.8891027722,150.7719880095
To_KempsCreek_NW_S,"38","0","38",0.07417581970126,11.20842050383844,-33.8873239842,150.7723404993
To_KempsCreek_NW_S,"39","0","39",0.07598919535813,35.18015569889159,-33.8855451941,150.7726929723
To_KempsCreek_NW_S,"40","0","40",0.07779926060149,59.15160024806800,-33.8846170652,150.7742469713
To_KempsCreek_NW_S,"41","0","41",0.07960930815276,78.65854160586976,-33.8836889151,150.7758009371
To_KempsCreek_NW_S,"42","0","42",0.08166998908846,98.16603903305440,-33.8839816189,150.7778407239
From_KempsCreek_NW_S,"0","0","0",0.00000000000000,97.53490170820245,-33.8839816189,150.7778407239
From_KempsCreek_NW_S,"1","0","1",0.00224750947523,118.42488939083279,-33.8842763350,150.7800688265
From_KempsCreek_NW_S,"2","0","2",0.00395566849214,139.31435626321718,-33.8855716382,150.7811823780
From_KempsCreek_NW_S,"3","0","3",0.00566384232965,165.25792395044442,-33.8868669324,150.7822959627
From_KempsCreek_NW_S,"4","0","4",0.00747721496352,191.20227761596317,-33.8886457573,150.7819436810
From_KempsCreek_NW_S,"5","0","5",0.00929058881891,215.17639513163348,-33.8904245801,150.7815913825
From_KempsCreek_NW_S,"6","0","6",0.01110073046808,239.15080363666223,-33.8913528000,150.7800373489
From_KempsCreek_NW_S,"7","0","7",0.01291088982089,258.49392899885100,-33.8922809988,150.7784832820
From_KempsCreek_NW_S,"8","0","8",0.01506515246942,234.52158204789504,-33.8919872722,150.7763491376
From_KempsCreek_NW_S,"9","0","9",0.01590383969916,190.71367654091674,-33.8928099678,150.7761861400
From_KempsCreek_NW_S,"10","0","10",0.01659084577865,203.35619286164987,-33.8934860722,150.7760642376
From_KempsCreek_NW_S,"11","0","11",0.01698302576808,217.56820386927288,-33.8938013626,150.7758310057
From_KempsCreek_NW_S,"12","0","12",0.01774270318172,204.99717738917178,-33.8943946961,150.7753565953
From_KempsCreek_NW_S,"13","0","13",0.01871751442408,191.34977974109995,-33.8953504444,150.7751647566
From_KempsCreek_NW_S,"14","0","14",0.01955630578486,191.35007777704794,-33.8961728320,150.7749996822
From_KempsCreek_NW_S,"15","0","15",0.02093243195421,191.35054357660763,-33.8975220445,150.7747288523
From_KempsCreek_NW_S,"16","0","16",0.02363691625760,191.35124578517031,-33.9001736301,150.7741965658
From_KempsCreek_NW_S,"17","0","17",0.02634140336962,191.35194808156675,-33.9028252111,150.7736642416
From_KempsCreek_NW_S,"18","0","18",0.02771753312430,191.35241405500574,-33.9041744176,150.7733933638
From_KempsCreek_NW_S,"19","0","19",0.02855632738395,191.35273805342618,-33.9049968004,150.7732282506
From_KempsCreek_NW_S,"20","0","20",0.02987957663717,193.84979020163050,-33.9062941581,150.7729677671
From_KempsCreek_NW_S,"21","0","21",0.03072177543474,193.66163583250326,-33.9071023121,150.7727307314
From_KempsCreek_NW_S,"22","0","22",0.03253468814440,190.97701388836578,-33.9088820577,150.7723855385
From_KempsCreek_NW_S,"23","0","23",0.03661374593683,190.97802635386853,-33.9128864779,150.7716087944
From_KempsCreek_NW_S,"24","0","24",0.04069280954147,190.97903900350900,-33.9168908878,150.7708319669
From_KempsCreek_NW_S,"25","0","25",0.04250572856578,177.90459043732349,-33.9186706223,150.7704866836
From_KempsCreek_NW_S,"26","0","26",0.04298162004392,177.34476734136967,-33.9191299301,150.7706112189
From_KempsCreek_NW_S,"27","0","27",0.04433985447629,179.78629685821187,-33.9204681029,150.7703786373
From_KempsCreek_NW_S,"28","0","28",0.04553521727416,180.13856238854567,-33.9216442501,150.7705921086
From_KempsCreek_NW_S,"29","0","29",0.04734739399761,190.56476024082264,-33.9234257098,150.7702598647
From_KempsCreek_NW_S,"30","0","30",0.05142479537260,190.56574200228945,-33.9274339869,150.7695122575
From_KempsCreek_NW_S,"31","0","31",0.05550220193866,190.56676663024490,-33.9314422542,150.7687645697
From_KempsCreek_NW_S,"32","0","32",0.05792482438011,195.35951571625503,-33.9338237900,150.7683202874
From_KempsCreek_NW_S,"33","0","33",0.05937792690947,195.00814901952560,-33.9351879382,150.7678196809
From_KempsCreek_NW_S,"34","0","34",0.06345264829289,233.37656457166139,-33.9392024176,150.7671216058
From_KempsCreek_NW_S,"35","0","35",0.06506982781010,233.37753259268516,-33.9390084531,150.7655161004
From_KempsCreek_NW_S,"36","0","36",0.06778631151164,189.86669351380809,-33.9416847597,150.7650506261
From_KempsCreek_NW_S,"37","0","37",0.06914455405987,189.86714305643099,-33.9430229116,150.7648178762
From_KempsCreek_NW_S,"38","0","38",0.07050279707319,188.24937146022950,-33.9443610624,150.7645851179
From_KempsCreek_NW_S,"39","0","39",0.07104922998265,189.33645372160166,-33.9449038394,150.7645220148
From_KempsCreek_NW_S,"40","0","40",0.07186249724147,190.95485479380105,-33.9456992122,150.7643523510
From_KempsCreek_NW_S,"41","0","41",0.07457898559453,233.37961137564079,-33.9483755088,150.7638867919
From_KempsCreek_NW_S,"42","0","42",0.08185699392968,276.89100057232201,-33.9475022868,150.7566613585
To_KempsCreek_NW_W,"0","0","0",0.00000000000000,59.31888543511776,-33.8846815079,150.7363188260
To_KempsCreek_NW_W,"1","0","1",0.00633365592877,98.96735082727461,-33.8814497000,150.7417659000
To_KempsCreek_NW_W,"2","0","2",0.00935308846117,119.73056180488332,-33.8837151609,150.7437620613
To_KempsCreek_NW_W,"3","0","3",0.02007970287556,98.87046009579993,-33.8857334593,150.7542970851
To_KempsCreek_NW_W,"4","0","4",0.02654443069498,71.78146577022866,-33.8865096199,150.7607150506
To_KempsCreek_NW_W,"5","0","5",0.02730338515375,40.24941162784253,-33.8859888000,150.7612671000
To_KempsCreek_NW_W,"6","0","6",0.02817056100533,65.36220655646876,-33.8852684557,150.7617499023
To_KempsCreek_NW_W,"7","0","7",0.03140291738613,96.89176563155659,-33.8856563836,150.7649588959
To_KempsCreek_NW_W,"8","0","8",0.03477451123238,106.95706373432982,-33.8860608884,150.7683061366
To_KempsCreek_NW_W,"9","0","9",0.03690779043668,107.43160510336450,-33.8870301566,150.7702065049
To_KempsCreek_NW_W,"10","0","10",0.03906191828810,54.52393024244755,-33.8873239842,150.7723404993
To_KempsCreek_NW_W,"11","0","11",0.04087529394500,35.18015569880431,-33.8855451941,150.7726929723
To_KempsCreek_NW_W,"12","0","12",0.04268535918836,59.15160024806800,-33.8846170652,150.7742469713
To_KempsCreek_NW_W,"13","0","13",0.04449540673963,78.65854160586976,-33.8836889151,150.7758009371
To_KempsCreek_NW_W,"14","0","14",0.04655608767533,97.85047037062844,-33.8839816189,150.7778407239
To_KempsCreek_NW_W,"15","0","15",0.04880359715056,118.42488939083279,-33.8842763350,150.7800688265
To_KempsCreek_NW_W,"16","0","16",0.05051175616747,139.31435626321718,-33.8855716382,150.7811823780
To_KempsCreek_NW_W,"17","0","17",0.05221993000498,165.25792395044442,-33.8868669324,150.7822959627
To_KempsCreek_NW_W,"18","0","18",0.05403330263885,191.20201244791761,-33.8886457573,150.7819436810
From_KempsCreek_NW_W,"0","0","0",0.00000000000000,191.20254278400867,-33.8886457573,150.7819436810
From_KempsCreek_NW_W,"1","0","1",0.00181337385540,215.17639513163348,-33.8904245801,150.7815913825
From_KempsCreek_NW_W,"2","0","2",0.00362351550456,239.15080363666223,-33.8913528000,150.7800373489
From_KempsCreek_NW_W,"3","0","3",0.00543367485738,258.49392899885100,-33.8922809988,150.7784832820
From_KempsCreek_NW_W,"4","0","4",0.00758793750590,277.83700886939425,-33.8919872722,150.7763491376
From_KempsCreek_NW_W,"5","0","5",0.00974218856771,298.57730461468753,-33.8916935093,150.7742150099
From_KempsCreek_NW_W,"6","0","6",0.01145037113019,319.31761050860916,-33.8903981452,150.7731014931
From_KempsCreek_NW_W,"7","0","7",0.01315853886726,345.26340862525745,-33.8891027722,150.7719880095
From_KempsCreek_NW_W,"8","0","8",0.01497191574691,324.52419566612826,-33.8873239842,150.7723404993
From_KempsCreek_NW_W,"9","0","9",0.01712604359833,287.43160510336446,-33.8870301566,150.7702065049
From_KempsCreek_NW_W,"10","0","10",0.01925932280263,286.95706373432978,-33.8860608884,150.7683061366
From_KempsCreek_NW_W,"11","0","11",0.02263091664889,276.89176563155655,-33.8856563836,150.7649588959
From_KempsCreek_NW_W,"12","0","12",0.02586327302969,245.36220655646875,-33.8852684557,150.7617499023
From_KempsCreek_NW_W,"13","0","13",0.02673044888126,220.24941162784253,-33.8859888000,150.7612671000
From_KempsCreek_NW_W,"14","0","14",0.02748940334003,251.78146577022866,-33.8865096199,150.7607150506
From_KempsCreek_NW_W,"15","0","15",0.03395413115946,278.87046009579990,-33.8857334593,150.7542970851
From_KempsCreek_NW_W,"16","0","16",0.04468074557384,299.73056180488334,-33.8837151609,150.7437620613
From_KempsCreek_NW_W,"17","0","17",0.04770017810625,278.96735082727463,-33.8814497000,150.7417659000
From_KempsCreek_NW_W,"18","0","18",0.05403383403501,239.31888543511778,-33.8846815079,150.7363188260
From_Rossmore_NW_E,"0","0","0",0.00000000000000,10.98083974245631,-33.9122387491,150.7668058749
From_Rossmore_NW_E,"1","0","1",0.00181291662728,34.97533140670652,-33.9104590253,150.7671512005
From_Rossmore_NW_E,"2","0","2",0.00362166944319,58.96926643902112,-33.9095266323,150.7687011134
From_Rossmore_NW_E,"3","0","3",0.00543040460200,78.32430562722701,-33.9085942182,150.7702509931
From_Rossmore_NW_E,"4","0","4",0.00758426988411,97.67939156867173,-33.9088820577,150.7723855385
From_Rossmore_NW_E,"5","0","5",0.00973814659379,118.40141684620033,-33.9091698607,150.7745201004
From_Rossmore_NW_E,"6","0","6",0.01144712654797,139.12343113100391,-33.9104620667,150.7756384992
From_Rossmore_NW_E,"7","0","7",0.01315612141167,165.04880014609469,-33.9117542638,150.7767569313
From_Rossmore_NW_E,"8","0","8",0.01496903535973,144.32583217202031,-33.9135340220,150.7764117971
From_Rossmore_NW_E,"9","0","9",0.01596525876596,97.67671934112954,-33.9136671054,150.7773990914
From_Rossmore_NW_E,"10","0","10",0.01712303498362,97.67611901715669,-33.9138217601,150.7785464918
From_Rossmore_NW_E,"11","0","11",0.01888276747144,97.67544743218299,-33.9140568026,150.7802904566
From_Rossmore_NW_E,"12","0","12",0.01987900047512,97.67488994942552,-33.9141898554,150.7812777647
From_Rossmore_NW_E,"13","0","13",0.02083634380087,97.67408499224379,-33.9143177065,150.7822265325
From_Rossmore_NW_E,"14","0","14",0.02472557424781,97.67259051190258,-33.9148370278,150.7860809350
From_Rossmore_NW_E,"15","0","15",0.02861484189419,97.67109601848253,-33.9153562301,150.7899353911
From_Rossmore_NW_E,"16","0","16",0.02957220578746,97.67015397995489,-33.9154840155,150.7908841885
From_Rossmore_NW_E,"17","0","17",0.03172628278314,97.03163622941679,-33.9157715064,150.7930189945
From_Rossmore_NW_E,"18","0","18",0.03282821314319,97.20505322426133,-33.9158942129,150.7941140715
From_Rossmore_NW_E,"19","0","19",0.03498153666838,98.01578967858214,-33.9161945161,150.7962463520
From_Rossmore_NW_E,"20","0","20",0.03982655769204,98.01392399981131,-33.9168700654,150.8010440454
From_Rossmore_NW_E,"21","0","21",0.04371458065886,98.01231367894361,-33.9174120397,150.8048941086
From_Rossmore_NW_E,"22","0","22",0.04467163835433,98.01150744501341,-33.9175454305,150.8058418250
From_Rossmore_NW_E,"23","0","23",0.04566757898798,97.74415890443765,-33.9176842328,150.8068280459
From_Rossmore_NW_E,"24","0","24",0.04754121227615,97.70687072060561,-33.9179280466,150.8086857478
From_Rossmore_NW_E,"25","0","25",0.04897957789755,97.93641546478513,-33.9181266547,150.8101103356
From_Rossmore_NW_E,"26","0","26",0.04993672116213,97.93555701761493,-33.9182588066,150.8110583120
From_Rossmore_NW_E,"27","0","27",0.05382513940622,97.93432832410444,-33.9187956000,150.8149095000
From_Rossmore_NW_E,"28","0","28",0.05545523584630,97.93321309499184,-33.9190205968,150.8165239940
From_Rossmore_NW_E,"29","0","29",0.05771359572551,97.93237088890305,-33.9193322747,150.8187607430
From_Rossmore_NW_E,"30","0","30",0.05867076004177,97.93162087507471,-33.9194643610,150.8197087497
From_Rossmore_NW_E,"31","0","31",0.06082438818324,97.94892872244409,-33.9197615290,150.8218417770
From_Rossmore_NW_E,"32","0","32",0.06173321882649,97.93221766042251,-33.9198874892,150.8227418366
From_Rossmore_NW_E,"33","0","33",0.06215461507439,97.88780419633525,-33.9199453920,150.8231592357
From_Rossmore_NW_E,"34","0","34",0.06359097880091,97.88445791464130,-33.9201422605,150.8245820440
From_Rossmore_NW_E,"35","0","35",0.06425888395283,97.88047243080746,-33.9202339581,150.8252436246
From_Rossmore_NW_E,"36","0","36",0.06472893559397,97.87854013254227,-33.9202983188,150.8257092492
From_Rossmore_NW_E,"37","0","37",0.06561061307271,97.88314354683895,-33.9204193066,150.8265825860
From_Rossmore_NW_E,"38","0","38",0.06692712528394,97.88067052292860,-33.9205997763,150.8278866700
From_Rossmore_NW_E,"39","0","39",0.06782201036494,97.88232674485349,-33.9207225000,150.8287731000
To_Rossmore_NW_E,"0","0","0",0.00000000000000,277.88232674485351,-33.9207225000,150.8287731000
To_Rossmore_NW_E,"1","0","1",0.00089488508100,277.88067052292854,-33.9205997763,150.8278866700
To_Rossmore_NW_E,"2","0","2",0.00221139729224,277.76591322265364,-33.9204193066,150.8265825860
To_Rossmore_NW_E,"3","0","3",0.00312112531592,278.00202969617504,-33.9202981581,150.8256809607
To_Rossmore_NW_E,"4","0","4",0.00356314850004,278.12119231862556,-33.9202339581,150.8252436246
To_Rossmore_NW_E,"5","0","5",0.00423105365196,277.88445791464130,-33.9201422605,150.8245820440
To_Rossmore_NW_E,"6","0","6",0.00566741737847,277.88780419633520,-33.9199453920,150.8231592357
To_Rossmore_NW_E,"7","0","7",0.00608881362638,277.93221766042257,-33.9198874892,150.8227418366
To_Rossmore_NW_E,"8","0","8",0.00699764426963,277.94881063436270,-33.9197615290,150.8218417770
To_Rossmore_NW_E,"9","0","9",0.00815522084636,277.93127122642608,-33.9196018057,150.8206952728
To_Rossmore_NW_E,"10","0","10",0.00915127241112,277.93175811294657,-33.9194643610,150.8197087497
To_Rossmore_NW_E,"11","0","11",0.01010843672737,277.93256414279006,-33.9193322747,150.8187607430
To_Rossmore_NW_E,"12","0","12",0.01399689304655,277.93406058729192,-33.9187956000,150.8149095000
To_Rossmore_NW_E,"13","0","13",0.01788531129064,277.93555701761494,-33.9182588066,150.8110583120
To_Rossmore_NW_E,"14","0","14",0.01884245455521,277.93636302396669,-33.9181266547,150.8101103356
To_Rossmore_NW_E,"15","0","15",0.01983847931396,277.93676509772240,-33.9179891264,150.8091238513
To_Rossmore_NW_E,"16","0","16",0.02028082017662,277.70698880228855,-33.9179280466,150.8086857478
To_Rossmore_NW_E,"17","0","17",0.02215445346479,277.74415890443765,-33.9176842328,150.8068280459
To_Rossmore_NW_E,"18","0","18",0.02315039409844,278.01150744501336,-33.9175454305,150.8058418250
To_Rossmore_NW_E,"19","0","19",0.02410745179391,278.01231367894360,-33.9174120397,150.8048941086
To_Rossmore_NW_E,"20","0","20",0.02799547476073,278.01354270081453,-33.9168700654,150.8010440454
To_Rossmore_NW_E,"21","0","21",0.02962538274338,277.83560329933516,-33.9166428261,150.7994300558
To_Rossmore_NW_E,"22","0","22",0.03120716391549,278.25480261419233,-33.9164320655,150.7978623787
To_Rossmore_NW_E,"23","0","23",0.03188356247357,278.43423882080032,-33.9163279725,150.7971940377
To_Rossmore_NW_E,"24","0","24",0.03284059893516,278.01611351419274,-33.9161945161,150.7962463520
To_Rossmore_NW_E,"25","0","25",0.03383651253088,278.01660049739775,-33.9160556304,150.7952601702
To_Rossmore_NW_E,"26","0","26",0.03499392246037,277.20517133382413,-33.9158942129,150.7941140715
To_Rossmore_NW_E,"27","0","27",0.03609585282042,277.03151829662909,-33.9157715064,150.7930189945
To_Rossmore_NW_E,"28","0","28",0.03725367062293,277.66980478483356,-33.9156169846,150.7918715342
To_Rossmore_NW_E,"29","0","29",0.03824992981612,277.67029103734120,-33.9154840155,150.7908841885
To_Rossmore_NW_E,"30","0","30",0.03920729370939,277.67109601848250,-33.9153562301,150.7899353911
To_Rossmore_NW_E,"31","0","31",0.04309656135577,277.67251036283147,-33.9148370278,150.7860809350
To_Rossmore_NW_E,"32","0","32",0.04630870465419,277.67381136959261,-33.9144081255,150.7828975551
To_Rossmore_NW_E,"33","0","33",0.04698579180279,277.67446522439269,-33.9143177065,150.7822265325
To_Rossmore_NW_E,"34","0","34",0.04794313512853,277.67488994942556,-33.9141898554,150.7812777647
To_Rossmore_NW_E,"35","0","35",0.04893936813221,277.67544743218298,-33.9140568026,150.7802904566
To_Rossmore_NW_E,"36","0","36",0.05069910062003,277.67611901715668,-33.9138217601,150.7785464918
To_Rossmore_NW_E,"37","0","37",0.05185687683769,277.67671934112951,-33.9136671054,150.7773990914
To_Rossmore_NW_E,"38","0","38",0.05285310024392,234.32609334861360,-33.9135340220,150.7764117971
To_Rossmore_NW_E,"39","0","39",0.05466601533947,214.97155713587540,-33.9153137782,150.7760666466
To_Rossmore_NW_E,"40","0","40",0.05647484383442,238.96845860510095,-33.9162462622,150.7745167001
To_Rossmore_NW_E,"41","0","41",0.05828368999807,258.32406178559472,-33.9171787252,150.7729667203
To_Rossmore_NW_E,"42","0","42",0.06043776113637,277.67961823400015,-33.9168908878,150.7708319669
To_Rossmore_NW_E,"43","0","43",0.06259182084003,298.40313398278568,-33.9166030139,150.7686972300
To_Rossmore_NW_E,"44","0","44",0.06430082487543,319.12666062176982,-33.9153107470,150.7675788647
To_Rossmore_NW_E,"45","0","45",0.06600981399647,345.05427205405624,-33.9140184709,150.7664605327
To_Rossmore_NW_E,"46","0","46",0.06782273177238,10.98136260908851,-33.9122387491,150.7668058749
To_Rossmore_NW_N,"0","0","0",0.00000000000000,189.79805112095423,-33.8764047516,150.7788515514
To_Rossmore_NW_N,"1","0","1",0.00083078013715,189.86214062129727,-33.8772234137,150.7787101725
To_Rossmore_NW_N,"2","0","2",0.00135822036779,189.88720762325701,-33.8777429585,150.7786192523
To_Rossmore_NW_N,"3","0","3",0.00271644038777,189.84836415077945,-33.8790811643,150.7783869449
To_Rossmore_NW_N,"4","0","4",0.00333782688873,189.84854317768691,-33.8796933936,150.7782806603
To_Rossmore_NW_N,"5","0","5",0.00407466086738,189.84872222086227,-33.8804193692,150.7781546290
To_Rossmore_NW_N,"6","0","6",0.00458894576537,189.84890126241908,-33.8809260747,150.7780666603
To_Rossmore_NW_N,"7","0","7",0.00543288180666,178.91904990109373,-33.8817575730,150.7779223047
To_Rossmore_NW_N,"8","0","8",0.00624338459177,178.05548673560432,-33.8825503326,150.7780909671
To_Rossmore_NW_N,"9","0","9",0.00684200524712,189.64808375337168,-33.8831429491,150.7780063955
To_Rossmore_NW_N,"10","0","10",0.00769688190860,190.91002796084487,-33.8839816189,150.7778407239
To_Rossmore_NW_N,"11","0","11",0.00848116819412,189.89346140311142,-33.8847524064,150.7776958391
To_Rossmore_NW_N,"12","0","12",0.00906367264985,189.86087335214879,-33.8853275128,150.7776032971
To_Rossmore_NW_N,"13","0","13",0.01039260998257,189.85723493502846,-33.8866338555,150.7773592822
To_Rossmore_NW_N,"14","0","14",0.01176106981796,190.16976630483242,-33.8879849630,150.7771420478
To_Rossmore_NW_N,"15","0","15",0.01313364405272,191.20574780869507,-33.8893313709,150.7768753163
To_Rossmore_NW_N,"16","0","16",0.01446521194361,191.20608475697159,-33.8906375525,150.7766165446
To_Rossmore_NW_N,"17","0","17",0.01503522068366,191.20632454929157,-33.8911966935,150.7765057685
To_Rossmore_NW_N,"18","0","18",0.01584116612340,191.20654555822296,-33.8919872722,150.7763491376
To_Rossmore_NW_N,"19","0","19",0.01667985335317,190.71367654027461,-33.8928099678,150.7761861400
To_Rossmore_NW_N,"20","0","20",0.01736685943264,204.06619193970599,-33.8934860722,150.7760642376
To_Rossmore_NW_N,"21","0","21",0.01851853422915,204.63067113507461,-33.8943946961,150.7753565953
To_Rossmore_NW_N,"22","0","22",0.01949334547152,191.34977974109995,-33.8953504444,150.7751647566
To_Rossmore_NW_N,"23","0","23",0.02033213683230,191.35003559722290,-33.8961728320,150.7749996822
To_Rossmore_NW_N,"24","0","24",0.02113818283888,191.35025910425898,-33.8969631140,150.7748410487
To_Rossmore_NW_N,"25","0","25",0.02170826300165,191.35060321537739,-33.8975220445,150.7747288523
To_Rossmore_NW_N,"26","0","26",0.02441274730504,191.35124578483070,-33.9001736301,150.7741965658
To_Rossmore_NW_N,"27","0","27",0.02711723441707,191.35194808189456,-33.9028252111,150.7736642416
To_Rossmore_NW_N,"28","0","28",0.02849336417174,191.35241405262698,-33.9041744176,150.7733933638
To_Rossmore_NW_N,"29","0","29",0.02933215843140,191.35273805231091,-33.9049968004,150.7732282506
To_Rossmore_NW_N,"30","0","30",0.03065540768461,193.84979020356150,-33.9062941581,150.7729677671
To_Rossmore_NW_N,"31","0","31",0.03149760648219,193.66157542550843,-33.9071023121,150.7727307314
To_Rossmore_NW_N,"32","0","32",0.03247204692102,190.97659915498679,-33.9080589256,150.7725451923
To_Rossmore_NW_N,"33","0","33",0.03331051919185,144.32780572732901,-33.9088820577,150.7723855385
To_Rossmore_NW_N,"34","0","34",0.03546439590153,118.40141684620033,-33.9091698607,150.7745201004
To_Rossmore_NW_N,"35","0","35",0.03717337585571,139.12343113100391,-33.9104620667,150.7756384992
To_Rossmore_NW_N,"36","0","36",0.03888237071941,165.04880014603057,-33.9117542638,150.7767569313
To_Rossmore_NW_N,"37","0","37",0.04069528466749,190.97495120920061,-33.9135340220,150.7764117971
To_Rossmore_NW_N,"38","0","38",0.04250819976302,214.97155713593955,-33.9153137782,150.7760666466
To_Rossmore_NW_N,"39","0","39",0.04431702825797,238.96845860510095,-33.9162462622,150.7745167001
To_Rossmore_NW_N,"40","0","40",0.04612587442162,258.32406178559472,-33.9171787252,150.7729667203
To_Rossmore_NW_N,"41","0","41",0.04827994555992,277.67910824694457,-33.9168908878,150.7708319669
From_Rossmore_NW_N,"0","0","0",0.00000000000000,277.68012822105572,-33.9168908878,150.7708319669
From_Rossmore_NW_N,"1","0","1",0.00215405970367,298.40313398278568,-33.9166030139,150.7686972300
From_Rossmore_NW_N,"2","0","2",0.00386306373906,319.12666062176982,-33.9153107470,150.7675788647
From_Rossmore_NW_N,"3","0","3",0.00557205286010,345.05427205449718,-33.9140184709,150.7664605327
From_Rossmore_NW_N,"4","0","4",0.00738497063602,10.98110117577239,-33.9122387491,150.7668058749
From_Rossmore_NW_N,"5","0","5",0.00919788726329,34.97533140626562,-33.9104590253,150.7671512005
From_Rossmore_NW_N,"6","0","6",0.01100664007920,58.96926643902112,-33.9095266323,150.7687011134
From_Rossmore_NW_N,"7","0","7",0.01281537523801,78.32430562722701,-33.9085942182,150.7702509931
From_Rossmore_NW_N,"8","0","8",0.01496924052012,54.32831560602582,-33.9088820577,150.7723855385
From_Rossmore_NW_N,"9","0","9",0.01580771279094,10.97659915498678,-33.9080589256,150.7725451923
From_Rossmore_NW_N,"10","0","10",0.01678215322978,13.66157542550842,-33.9071023121,150.7727307314
From_Rossmore_NW_N,"11","0","11",0.01762435202735,13.84979020163050,-33.9062941581,150.7729677671
From_Rossmore_NW_N,"12","0","12",0.01894760128057,11.35273805342615,-33.9049968004,150.7732282506
From_Rossmore_NW_N,"13","0","13",0.01978639554022,11.35231548578928,-33.9041744176,150.7733933638
From_Rossmore_NW_N,"14","0","14",0.02249426307455,11.35175095254961,-33.9015195262,150.7739263722
From_Rossmore_NW_N,"15","0","15",0.02386701240692,11.35124576909248,-33.9001736301,150.7741965658
From_Rossmore_NW_N,"16","0","16",0.02523976101570,11.35074065450082,-33.8988277329,150.7744667497
From_Rossmore_NW_N,"17","0","17",0.02794762287966,11.35017631121832,-33.8961728320,150.7749996822
From_Rossmore_NW_N,"18","0","18",0.02878641424045,11.34977974109994,-33.8953504444,150.7751647566
From_Rossmore_NW_N,"19","0","19",0.02976122548281,24.63067113507458,-33.8943946961,150.7753565953
From_Rossmore_NW_N,"20","0","20",0.03091290027932,24.06619193970599,-33.8934860722,150.7760642376
From_Rossmore_NW_N,"21","0","21",0.03159990635879,10.71367654027459,-33.8928099678,150.7761861400
From_Rossmore_NW_N,"22","0","22",0.03243859358856,11.20654555822295,-33.8919872722,150.7763491376
From_Rossmore_NW_N,"23","0","23",0.03324453902830,11.20632454929156,-33.8911966935,150.7765057685
From_Rossmore_NW_N,"24","0","24",0.03381454776835,11.20608475697158,-33.8906375525,150.7766165446
From_Rossmore_NW_N,"25","0","25",0.03514611565924,11.20574780869509,-33.8893313709,150.7768753163
From_Rossmore_NW_N,"26","0","26",0.03651868989400,10.16976630483239,-33.8879849630,150.7771420478
From_Rossmore_NW_N,"27","0","27",0.03788714972939,9.85723493502844,-33.8866338555,150.7773592822
From_Rossmore_NW_N,"28","0","28",0.03921608706211,9.86087335214878,-33.8853275128,150.7776032971
From_Rossmore_NW_N,"29","0","29",0.03979859151784,9.89346140311140,-33.8847524064,150.7776958391
From_Rossmore_NW_N,"30","0","30",0.04058287780336,10.91002796084486,-33.8839816189,150.7778407239
From_Rossmore_NW_N,"31","0","31",0.04143775446484,9.64808375337169,-33.8831429491,150.7780063955
From_Rossmore_NW_N,"32","0","32",0.04203637512019,358.05548673560429,-33.8825503326,150.7780909671
From_Rossmore_NW_N,"33","0","33",0.04284687790530,358.91904990109373,-33.8817575730,150.7779223047
From_Rossmore_NW_N,"34","0","34",0.04369081394659,9.84890126241905,-33.8809260747,150.7780666603
From_Rossmore_NW_N,"35","0","35",0.04420509884458,9.84872222086227,-33.8804193692,150.7781546290
From_Rossmore_NW_N,"36","0","36",0.04494193282323,9.84854317768690,-33.8796933936,150.7782806603
From_Rossmore_NW_N,"37","0","37",0.04556331932420,9.84836415077945,-33.8790811643,150.7783869449
From_Rossmore_NW_N,"38","0","38",0.04692153934417,9.88720762325704,-33.8777429585,150.7786192523
From_Rossmore_NW_N,"39","0","39",0.04744897957481,9.86214062129727,-33.8772234137,150.7787101725
From_Rossmore_NW_N,"40","0","40",0.04827975971196,9.79805112095422,-33.8764047516,150.7788515514
To_Rossmore_NW_S,"0","0","0",0.00000000000000,96.89100057232201,-33.9475022868,150.7566613585
To_Rossmore_NW_S,"1","0","1",0.00727800833515,53.37961137564078,-33.9483755088,150.7638867919
To_Rossmore_NW_S,"2","0","2",0.00999449668822,10.95485479380103,-33.9456992122,150.7643523510
To_Rossmore_NW_S,"3","0","3",0.01080776394704,9.33645372160165,-33.9449038394,150.7645220148
To_Rossmore_NW_S,"4","0","4",0.01135419685650,8.24910173162050,-33.9443610624,150.7645851179
To_Rossmore_NW_S,"5","0","5",0.01678716611946,53.37771240669900,-33.9390084531,150.7655161004
To_Rossmore_NW_S,"6","0","6",0.01840434563667,53.37656457169555,-33.9392024176,150.7671216058
To_Rossmore_NW_S,"7","0","7",0.02247906702006,15.00814901936677,-33.9351879382,150.7678196809
To_Rossmore_NW_S,"8","0","8",0.02393216954945,15.35951571666111,-33.9338237900,150.7683202874
To_Rossmore_NW_S,"9","0","9",0.02635479199094,10.56676663048805,-33.9314422542,150.7687645697
To_Rossmore_NW_S,"10","0","10",0.03043219855697,10.56574200193342,-33.9274339869,150.7695122575
To_Rossmore_NW_S,"11","0","11",0.03450959993196,10.56476024082261,-33.9234257098,150.7702598647
To_Rossmore_NW_S,"12","0","12",0.03632177665540,0.13856238921586,-33.9216442501,150.7705921086
To_Rossmore_NW_S,"13","0","13",0.03751713945326,359.78629685829145,-33.9204681029,150.7703786373
To_Rossmore_NW_S,"14","0","14",0.03887537388563,357.34476734077907,-33.9191299301,150.7706112189
To_Rossmore_NW_S,"15","0","15",0.03935126536377,357.90465088444341,-33.9186706223,150.7704866836
To_Rossmore_NW_S,"16","0","16",0.04032570948216,10.97945391256783,-33.9177140153,150.7706722754
To_Rossmore_NW_S,"17","0","17",0.04116418438808,324.32972571771057,-33.9168908878,150.7708319669
To_Rossmore_NW_S,"18","0","18",0.04331824409169,298.40313398288669,-33.9166030139,150.7686972300
To_Rossmore_NW_S,"19","0","19",0.04502724812708,319.12666062176982,-33.9153107470,150.7675788647
To_Rossmore_NW_S,"20","0","20",0.04673623724813,345.05427205449718,-33.9140184709,150.7664605327
To_Rossmore_NW_S,"21","0","21",0.04854915502404,10.98110117577239,-33.9122387491,150.7668058749
To_Rossmore_NW_S,"22","0","22",0.05036207165131,34.97533140626562,-33.9104590253,150.7671512005
To_Rossmore_NW_S,"23","0","23",0.05217082446722,58.96926643902112,-33.9095266323,150.7687011134
To_Rossmore_NW_S,"24","0","24",0.05397955962603,78.32430562722701,-33.9085942182,150.7702509931
To_Rossmore_NW_S,"25","0","25",0.05613342490814,97.67990144736852,-33.9088820577,150.7723855385
From_Rossmore_NW_S,"0","0","0",0.00000000000000,97.67888168997492,-33.9088820577,150.7723855385
From_Rossmore_NW_S,"1","0","1",0.00215387670968,118.40141684620033,-33.9091698607,150.7745201004
From_Rossmore_NW_S,"2","0","2",0.00386285666386,139.12343113100391,-33.9104620667,150.7756384992
From_Rossmore_NW_S,"3","0","3",0.00557185152757,165.04880014609469,-33.9117542638,150.7767569313
From_Rossmore_NW_S,"4","0","4",0.00738476547563,190.97495120920061,-33.9135340220,150.7764117971
From_Rossmore_NW_S,"5","0","5",0.00919768057117,214.97155713587540,-33.9153137782,150.7760666466
From_Rossmore_NW_S,"6","0","6",0.01100650906612,238.96845860510095,-33.9162462622,150.7745167001
From_Rossmore_NW_S,"7","0","7",0.01281535522977,258.32406178549371,-33.9171787252,150.7729667203
From_Rossmore_NW_S,"8","0","8",0.01496942636813,234.32921573045294,-33.9168908878,150.7708319669
From_Rossmore_NW_S,"9","0","9",0.01580790127405,190.97945391256786,-33.9177140153,150.7706722754
From_Rossmore_NW_S,"10","0","10",0.01678234539244,177.90465088444347,-33.9186706223,150.7704866836
From_Rossmore_NW_S,"11","0","11",0.01725823687058,177.34476734077907,-33.9191299301,150.7706112189
From_Rossmore_NW_S,"12","0","12",0.01861647130294,179.78629685829145,-33.9204681029,150.7703786373
From_Rossmore_NW_S,"13","0","13",0.01981183410080,180.13856238921585,-33.9216442501,150.7705921086
From_Rossmore_NW_S,"14","0","14",0.02162401082425,190.56476024082264,-33.9234257098,150.7702598647
From_Rossmore_NW_S,"15","0","15",0.02570141219924,190.56574200228945,-33.9274339869,150.7695122575
From_Rossmore_NW_S,"16","0","16",0.02977881876530,190.56676663024490,-33.9314422542,150.7687645697
From_Rossmore_NW_S,"17","0","17",0.03220144120675,195.35951571606196,-33.9338237900,150.7683202874
From_Rossmore_NW_S,"18","0","18",0.03365454373615,195.00814901936675,-33.9351879382,150.7678196809
From_Rossmore_NW_S,"19","0","19",0.03772926511953,233.37656457169558,-33.9392024176,150.7671216058
From_Rossmore_NW_S,"20","0","20",0.03934644463674,233.37771240669900,-33.9390084531,150.7655161004
From_Rossmore_NW_S,"21","0","21",0.04477941389971,188.24910173162050,-33.9443610624,150.7645851179
From_Rossmore_NW_S,"22","0","22",0.04532584680917,189.33645372160166,-33.9449038394,150.7645220148
From_Rossmore_NW_S,"23","0","23",0.04613911406799,190.95485479380105,-33.9456992122,150.7643523510
From_Rossmore_NW_S,"24","0","24",0.04885560242105,233.37961137564079,-33.9483755088,150.7638867919
From_Rossmore_NW_S,"25","0","25",0.05613361075621,276.89100057232201,-33.9475022868,150.7566613585
To_Rossmore_NW_W,"0","0","0",0.00000000000000,11.20448707255419,-33.9206997072,150.7367833845
To_Rossmore_NW_W,"1","0","1",0.00589346151883,54.52160267921899,-33.9149185754,150.7379285499
To_Rossmore_NW_W,"2","0","2",0.01289487541189,54.52246488892006,-33.9158734636,150.7448645419
To_Rossmore_NW_W,"3","0","3",0.01878834983987,54.52072452996653,-33.9100923536,150.7460098838
To_Rossmore_NW_W,"4","0","4",0.02578943007348,60.85439621276996,-33.9110467749,150.7529456033
To_Rossmore_NW_W,"5","0","5",0.02670654403575,60.38463441174194,-33.9102081284,150.7533167772
To_Rossmore_NW_W,"6","0","6",0.02913148556954,96.89447494423703,-33.9104992732,150.7557241775
To_Rossmore_NW_W,"7","0","7",0.03721472045536,107.22782539305616,-33.9114694201,150.7637489829
To_Rossmore_NW_W,"8","0","8",0.03825508168674,107.62248009222733,-33.9119508104,150.7646712707
To_Rossmore_NW_W,"9","0","9",0.03941282126948,97.68229036111330,-33.9121055820,150.7658186184
To_Rossmore_NW_W,"10","0","10",0.04040901843948,54.33143757145265,-33.9122387491,150.7668058749
To_Rossmore_NW_W,"11","0","11",0.04222193506675,34.97533140626562,-33.9104590253,150.7671512005
To_Rossmore_NW_W,"12","0","12",0.04403068788266,58.96926643902112,-33.9095266323,150.7687011134
To_Rossmore_NW_W,"13","0","13",0.04583942304147,78.32430562722701,-33.9085942182,150.7702509931
To_Rossmore_NW_W,"14","0","14",0.04799328832358,97.67939156867173,-33.9088820577,150.7723855385
To_Rossmore_NW_W,"15","0","15",0.05014716503326,118.40141684620033,-33.9091698607,150.7745201004
To_Rossmore_NW_W,"16","0","16",0.05185614498744,139.12343113100391,-33.9104620667,150.7756384992
To_Rossmore_NW_W,"17","0","17",0.05356513985114,165.04880014609469,-33.9117542638,150.7767569313
To_Rossmore_NW_W,"18","0","18",0.05537805379920,190.97469003260730,-33.9135340220,150.7764117971
From_Rossmore_NW_W,"0","0","0",0.00000000000000,190.97521238579387,-33.9135340220,150.7764117971
From_Rossmore_NW_W,"1","0","1",0.00181291509555,214.97155713587540,-33.9153137782,150.7760666466
From_Rossmore_NW_W,"2","0","2",0.00362174359050,238.96845860510095,-33.9162462622,150.7745167001
From_Rossmore_NW_W,"3","0","3",0.00543058975415,258.32406178559472,-33.9171787252,150.7729667203
From_Rossmore_NW_W,"4","0","4",0.00758466089245,277.67961823400015,-33.9168908878,150.7708319669
From_Rossmore_NW_W,"5","0","5",0.00973872059611,298.40313398278568,-33.9166030139,150.7686972300
From_Rossmore_NW_W,"6","0","6",0.01144772463151,319.12666062176982,-33.9153107470,150.7675788647
From_Rossmore_NW_W,"7","0","7",0.01315671375255,345.05427205449718,-33.9140184709,150.7664605327
From_Rossmore_NW_W,"8","0","8",0.01496963152846,324.33169900565053,-33.9122387491,150.7668058749
From_Rossmore_NW_W,"9","0","9",0.01596582869846,277.68229036111330,-33.9121055820,150.7658186184
From_Rossmore_NW_W,"10","0","10",0.01712356828120,287.62248009222736,-33.9119508104,150.7646712707
From_Rossmore_NW_W,"11","0","11",0.01816392951258,287.22782539305621,-33.9114694201,150.7637489829
From_Rossmore_NW_W,"12","0","12",0.02624716439840,276.89447494423700,-33.9104992732,150.7557241775
From_Rossmore_NW_W,"13","0","13",0.02867210593219,240.38463441174193,-33.9102081284,150.7533167772
From_Rossmore_NW_W,"14","0","14",0.02958921989446,240.85439621277001,-33.9110467749,150.7529456033
From_Rossmore_NW_W,"15","0","15",0.03659030012807,234.52072452996657,-33.9100923536,150.7460098838
From_Rossmore_NW_W,"16","0","16",0.04248377455605,234.52246488892010,-33.9158734636,150.7448645419
From_Rossmore_NW_W,"17","0","17",0.04948518844912,234.52160267921897,-33.9149185754,150.7379285499
From_Rossmore_NW_W,"18","0","18",0.05537864996794,191.20448707255417,-33.9206997072,150.7367833845
From_Austral_SE_E,"0","0","0",0.00000000000000,11.19273910119268,-33.9324714421,150.8072341912
From_Austral_SE_E,"1","0","1",0.00185478950226,35.17244770938079,-33.9306519311,150.8075942245
From_Austral_SE_E,"2","0","2",0.00366485474557,59.15160024800905,-33.9297238022,150.8091482235
From_Austral_SE_E,"3","0","3",0.00547490229691,78.49417002594900,-33.9287956521,150.8107021892
From_Austral_SE_E,"4","0","4",0.00762895910209,97.83678531555967,-33.9290893803,150.8128361256
From_Austral_SE_E,"5","0","5",0.00978302748676,118.57557591520541,-33.9293830720,150.8149700787
From_Austral_SE_E,"6","0","6",0.01149118650369,139.31435626202818,-33.9306783752,150.8160836302
From_Austral_SE_E,"7","0","7",0.01319936034119,165.25879207334663,-33.9319736694,150.8171972149
From_Austral_SE_E,"8","0","8",0.01502653026008,144.60032235302694,-33.9337660179,150.8168421984
From_Austral_SE_E,"9","0","9",0.01718034617429,97.99653605582782,-33.9340656556,150.8189750698
From_Austral_SE_E,"10","0","10",0.01807501057523,97.99600845572702,-33.9341901097,150.8198610357
From_Austral_SE_E,"11","0","11",0.01855372889385,96.59225093956297,-33.9342567000,150.8203351000
From_Austral_SE_E,"12","0","12",0.01882353447199,90.02333280022997,-33.9342811000,150.8206038000
From_Austral_SE_E,"13","0","13",0.01897193167548,72.42346213633520,-33.9342678000,150.8207516000
From_Austral_SE_E,"14","0","14",0.01915347087275,58.11779606135779,-33.9341770000,150.8209088000
From_Austral_SE_E,"15","0","15",0.01932931094169,54.28483267001879,-33.9340793000,150.8210550000
From_Austral_SE_E,"16","0","16",0.01986742433125,40.06557854786860,-33.9337504000,150.8214809000
From_Austral_SE_E,"17","0","17",0.02011479166942,18.17782567060583,-33.9335316000,150.8215963000
From_Austral_SE_E,"18","0","18",0.02030116167774,355.28811186252642,-33.9333473000,150.8216240000
From_Austral_SE_E,"19","0","19",0.02085603308627,347.28664474318236,-33.9328195000,150.8214528000
From_Austral_SE_E,"20","0","20",0.02113347859444,352.54455296496974,-33.9325444000,150.8214168000
To_Austral_SE_E,"0","0","0",0.00000000000000,172.54455296496977,-33.9325444000,150.8214168000
To_Austral_SE_E,"1","0","1",0.00027744550817,167.28664474318236,-33.9328195000,150.8214528000
To_Austral_SE_E,"2","0","2",0.00083231691670,175.28811186252645,-33.9333473000,150.8216240000
To_Austral_SE_E,"3","0","3",0.00101868692502,198.17782567060584,-33.9335316000,150.8215963000
To_Austral_SE_E,"4","0","4",0.00126605426319,220.06557854786860,-33.9337504000,150.8214809000
To_Austral_SE_E,"5","0","5",0.00180416765275,234.28483267001877,-33.9340793000,150.8210550000
To_Austral_SE_E,"6","0","6",0.00198000772169,238.11779606135778,-33.9341770000,150.8209088000
To_Austral_SE_E,"7","0","7",0.00216154691896,252.42346213633525,-33.9342678000,150.8207516000
To_Austral_SE_E,"8","0","8",0.00230994412244,270.02333280022992,-33.9342811000,150.8206038000
To_Austral_SE_E,"9","0","9",0.00257974970058,276.59225093956297,-33.9342567000,150.8203351000
To_Austral_SE_E,"10","0","10",0.00305846801920,277.99600845572701,-33.9341901097,150.8198610357
To_Austral_SE_E,"11","0","11",0.00395313242015,277.99641789032967,-33.9340656556,150.8189750698
To_Austral_SE_E,"12","0","12",0.00511080993545,277.99691517302409,-33.9339046049,150.8178286493
To_Austral_SE_E,"13","0","13",0.00610694833438,234.59897732342625,-33.9337660179,150.8168421984
To_Austral_SE_E,"14","0","14",0.00790652490589,215.17551572873438,-33.9355313170,150.8164926347
To_Austral_SE_E,"15","0","15",0.00971666655503,239.15080363568057,-33.9364595370,150.8149386010
To_Austral_SE_E,"16","0","16",0.01152682590781,258.49392899829974,-33.9373877358,150.8133845342
To_Austral_SE_E,"17","0","17",0.01368108855635,277.83700886831298,-33.9370940092,150.8112503898
To_Austral_SE_E,"18","0","18",0.01583533961816,298.57730461431311,-33.9368002462,150.8091162621
To_Austral_SE_E,"19","0","19",0.01754352218064,319.31761050780852,-33.9355048822,150.8080027453
To_Austral_SE_E,"20","0","20",0.01925168991774,345.27148310913003,-33.9342095092,150.8068892617
To_Austral_SE_E,"21","0","21",0.02102365309416,11.22483489686556,-33.9324714421,150.8072341912
To_Austral_SE_N,"0","0","0",0.00000000000000,170.88130188438458,-33.9123511000,150.8160506000
To_Austral_SE_N,"1","0","1",0.00016721321711,180.36052312621734,-33.9125162000,150.8160771000
To_Austral_SE_N,"2","0","2",0.00163771773981,188.83426071188455,-33.9139650728,150.8158258011
To_Austral_SE_N,"3","0","3",0.00247503873013,189.58318997361772,-33.9147945896,150.8157117469
To_Austral_SE_N,"4","0","4",0.00328109206165,191.33770443851540,-33.9155849135,150.8155532852
To_Austral_SE_N,"5","0","5",0.00385117740495,191.33794633514839,-33.9161438737,150.8154412103
To_Austral_SE_N,"6","0","6",0.00518292520158,191.33828628229458,-33.9174496313,150.8151793914
To_Austral_SE_N,"7","0","7",0.00655568628486,191.33868852255532,-33.9187956000,150.8149095000
To_Austral_SE_N,"8","0","8",0.00792844809164,191.33909079804303,-33.9201415675,150.8146395989
To_Austral_SE_N,"9","0","9",0.00926019797284,191.33943082585867,-33.9214473217,150.8143777522
To_Austral_SE_N,"10","0","10",0.00983028462478,191.33967281365494,-33.9220062797,150.8142656599
To_Austral_SE_N,"11","0","11",0.01063634023239,191.33989584111009,-33.9227965998,150.8141071677
To_Austral_SE_N,"12","0","12",0.01147514211412,191.67510325590453,-33.9236190262,150.8139422332
To_Austral_SE_N,"13","0","13",0.01237685379222,191.69952209605825,-33.9245010000,150.8137546000
To_Austral_SE_N,"14","0","14",0.01282471114890,191.38891559925156,-33.9249400389,150.8136661631
To_Austral_SE_N,"15","0","15",0.01319529416847,191.38915938006642,-33.9253033248,150.8135929845
To_Austral_SE_N,"16","0","16",0.01383208689970,191.38934251609737,-33.9259275778,150.8134672339
To_Austral_SE_N,"17","0","17",0.01448743801500,191.38934250789464,-33.9265700237,150.8133378184
To_Austral_SE_N,"18","0","18",0.01529624137525,191.29655896597703,-33.9273629000,150.8131781000
To_Austral_SE_N,"19","0","19",0.01621757988624,191.20390413205567,-33.9282666800,150.8129990849
To_Austral_SE_N,"20","0","20",0.01705626431094,144.52015379560268,-33.9290893803,150.8128361256
To_Austral_SE_N,"21","0","21",0.01921033269561,118.57557591520541,-33.9293830720,150.8149700787
To_Austral_SE_N,"22","0","22",0.02091849171254,139.31435626202818,-33.9306783752,150.8160836302
To_Austral_SE_N,"23","0","23",0.02262666555004,165.25879207343323,-33.9319736694,150.8171972149
To_Austral_SE_N,"24","0","24",0.02445383546891,191.20226633792964,-33.9337660179,150.8168421984
To_Austral_SE_N,"25","0","25",0.02625341204045,215.17551572864647,-33.9355313170,150.8164926347
To_Austral_SE_N,"26","0","26",0.02806355368959,239.15080363568057,-33.9364595370,150.8149386010
To_Austral_SE_N,"27","0","27",0.02987371304237,258.49392899829974,-33.9373877358,150.8133845342
To_Austral_SE_N,"28","0","28",0.03202797569091,277.83649820222240,-33.9370940092,150.8112503898
From_Austral_SE_N,"0","0","0",0.00000000000000,277.83751953440361,-33.9370940092,150.8112503898
From_Austral_SE_N,"1","0","1",0.00215425106181,298.57730461431311,-33.9368002462,150.8091162621
From_Austral_SE_N,"2","0","2",0.00386243362429,319.31761050780852,-33.9355048822,150.8080027453
From_Austral_SE_N,"3","0","3",0.00557060136139,345.27148310913003,-33.9342095092,150.8068892617
From_Austral_SE_N,"4","0","4",0.00734256453780,11.20878699902911,-33.9324714421,150.8072341912
From_Austral_SE_N,"5","0","5",0.00919735404006,35.17244770938079,-33.9306519311,150.8075942245
From_Austral_SE_N,"6","0","6",0.01100741928338,59.15160024800905,-33.9297238022,150.8091482235
From_Austral_SE_N,"7","0","7",0.01281746683472,78.49417002594900,-33.9287956521,150.8107021892
From_Austral_SE_N,"8","0","8",0.01497152363989,54.52066435349180,-33.9290893803,150.8128361256
From_Austral_SE_N,"9","0","9",0.01581020806460,11.20390413205570,-33.9282666800,150.8129990849
From_Austral_SE_N,"10","0","10",0.01673154657559,11.29655896597703,-33.9273629000,150.8131781000
From_Austral_SE_N,"11","0","11",0.01754034993584,11.38934250789465,-33.9265700237,150.8133378184
From_Austral_SE_N,"12","0","12",0.01819570105114,11.38934251609739,-33.9259275778,150.8134672339
From_Austral_SE_N,"13","0","13",0.01883249378236,11.38915938006644,-33.9253033248,150.8135929845
From_Austral_SE_N,"14","0","14",0.01920307680194,11.38891559925158,-33.9249400389,150.8136661631
From_Austral_SE_N,"15","0","15",0.01965093415861,11.69952209605823,-33.9245010000,150.8137546000
From_Austral_SE_N,"16","0","16",0.02055264583672,11.67510325590449,-33.9236190262,150.8139422332
From_Austral_SE_N,"17","0","17",0.02139144771845,11.33989584111006,-33.9227965998,150.8141071677
From_Austral_SE_N,"18","0","18",0.02219750332606,11.33947317136063,-33.9220062797,150.8142656599
From_Austral_SE_N,"19","0","19",0.02547210166594,11.33873062274708,-33.9187956000,150.8149095000
From_Austral_SE_N,"20","0","20",0.02817661054584,11.33798816764442,-33.9161438737,150.8154412103
From_Austral_SE_N,"21","0","21",0.02955274922065,9.58323204093021,-33.9147945896,150.8157117469
From_Austral_SE_N,"22","0","22",0.03039007021098,8.83426071188451,-33.9139650728,150.8158258011
From_Austral_SE_N,"23","0","23",0.03186057473367,0.36052312621735,-33.9125162000,150.8160771000
From_Austral_SE_N,"24","0","24",0.03202778795079,350.88130188438453,-33.9123511000,150.8160506000
From_Austral_SE_S,"0","0","0",0.00000000000000,97.83627475767054,-33.9290893803,150.8128361256
From_Austral_SE_S,"1","0","1",0.00215406838467,118.57557591520541,-33.9293830720,150.8149700787
From_Austral_SE_S,"2","0","2",0.00386222740160,139.31435626202818,-33.9306783752,150.8160836302
From_Austral_SE_S,"3","0","3",0.00557040123910,165.25879207343323,-33.9319736694,150.8171972149
From_Austral_SE_S,"4","0","4",0.00739757115796,191.20226633792964,-33.9337660179,150.8168421984
From_Austral_SE_S,"5","0","5",0.00919714772951,215.17551572864647,-33.9355313170,150.8164926347
From_Austral_SE_S,"6","0","6",0.01100728937865,239.15080363568057,-33.9364595370,150.8149386010
From_Austral_SE_S,"7","0","7",0.01281744873143,258.49392899829974,-33.9373877358,150.8133845342
From_Austral_SE_S,"8","0","8",0.01497171137997,234.04937654479917,-33.9370940092,150.8112503898
From_Austral_SE_S,"9","0","9",0.01597836081387,190.53580077470323,-33.9380845549,150.8110710511
From_Austral_SE_S,"10","0","10",0.01674806297913,191.16159889920146,-33.9388406000,150.8109267000
From_Austral_SE_S,"11","0","11",0.01753607309733,191.51528031099653,-33.9396127526,150.8107694094
From_Austral_SE_S,"12","0","12",0.01814467376651,191.51728393822034,-33.9402091000,150.8106479000
From_Austral_SE_S,"13","0","13",0.01879387056571,191.51797073966603,-33.9408452236,150.8105182727
From_Austral_SE_S,"14","0","14",0.01964610957263,191.35724850405839,-33.9416803000,150.8103481000
From_Austral_SE_S,"15","0","15",0.02041328487686,191.19650379545379,-33.9424328739,150.8101991353
From_Austral_SE_S,"16","0","16",0.02087504173545,191.19675390884177,-33.9428858420,150.8101094732
From_Austral_SE_S,"17","0","17",0.02260421345860,191.50231887019487,-33.9445821000,150.8097737000
From_Austral_SE_S,"18","0","18",0.02553196523260,191.39275189635927,-33.9474479000,150.8091746000
From_Austral_SE_S,"19","0","19",0.02602926527286,188.01066423939051,-33.9479361000,150.8090799000
From_Austral_SE_S,"20","0","20",0.02633524999461,182.46622274625281,-33.9482409000,150.8090530000
From_Austral_SE_S,"21","0","21",0.02685095096423,178.96249298907546,-33.9487566000,150.8090540000
From_Austral_SE_S,"22","0","22",0.02749582975901,178.28663538839169,-33.9494011000,150.8090761000
From_Austral_SE_S,"23","0","23",0.02786404976119,177.42089447697057,-33.9497692000,150.8090855000
From_Austral_SE_S,"24","0","24",0.02814022398154,176.78875265187838,-33.9500448000,150.8091033000
From_Austral_SE_S,"25","0","25",0.02848491434985,178.32591511568981,-33.9503891000,150.8091197000
From_Austral_SE_S,"26","0","26",0.02863252302205,179.96992582422212,-33.9505367000,150.8091213000
From_Austral_SE_S,"27","0","27",0.02884703330154,191.73888204984115,-33.9507512000,150.8091192000
From_Austral_SE_S,"28","0","28",0.02910716488856,189.36472363296420,-33.9509907997,150.8090179061
From_Austral_SE_S,"29","0","29",0.03048693876219,176.10349269829260,-33.9523668903,150.8091186556
From_Austral_SE_S,"30","0","30",0.03160125576193,175.54985017092037,-33.9534790016,150.8091887332
From_Austral_SE_S,"31","0","31",0.03218675631289,221.62618123845482,-33.9540620040,150.8092427621
From_Austral_SE_S,"32","0","32",0.03305029604595,275.40405309151765,-33.9540839000,150.8083795000
From_Austral_SE_S,"33","0","33",0.03361231145172,282.26106159557412,-33.9539645468,150.8078303041
To_Austral_SE_S,"0","0","0",0.00000000000000,100.35633203611792,-33.9536059000,150.8081771000
To_Austral_SE_S,"1","0","1",0.00046782138685,84.70883078493983,-33.9536900000,150.8086373000
To_Austral_SE_S,"2","0","2",0.00105824400653,32.72785599307706,-33.9534790016,150.8091887332
To_Austral_SE_S,"3","0","3",0.00217256100627,356.10349269829260,-33.9523668903,150.8091186556
To_Austral_SE_S,"4","0","4",0.00355233487990,339.23929494352797,-33.9509907997,150.8090179061
To_Austral_SE_S,"5","0","5",0.00390850996267,340.09284940129146,-33.9507076000,150.8088019000
To_Austral_SE_S,"6","0","6",0.00412341128850,358.21566096826888,-33.9504929000,150.8087926000
To_Austral_SE_S,"7","0","7",0.00423923218511,359.67809567803926,-33.9503771000,150.8087904000
To_Austral_SE_S,"8","0","8",0.00515425973115,2.34461003917100,-33.9494621000,150.8087975000
To_Austral_SE_S,"9","0","9",0.00528261178603,4.24629208561737,-33.9493341000,150.8088070000
To_Austral_SE_S,"10","0","10",0.00541086411541,6.62359820838999,-33.9492062000,150.8088165000
To_Austral_SE_S,"11","0","11",0.00592549907346,11.38899356248076,-33.9486979000,150.8088970000
To_Austral_SE_S,"12","0","12",0.00629245918034,13.51711115626130,-33.9483415000,150.8089844000
To_Austral_SE_S,"13","0","13",0.00670895577082,12.11663321544865,-33.9479361000,150.8090799000
To_Austral_SE_S,"14","0","14",0.00720625581108,11.39275189635925,-33.9474479000,150.8091746000
To_Austral_SE_S,"15","0","15",0.01013400758509,11.50231887019487,-33.9445821000,150.8097737000
To_Austral_SE_S,"16","0","16",0.01186317930824,11.19675390884178,-33.9428858420,150.8101094732
To_Austral_SE_S,"17","0","17",0.01232493616682,11.19650379545378,-33.9424328739,150.8101991353
To_Austral_SE_S,"18","0","18",0.01309211147105,11.35724850405840,-33.9416803000,150.8103481000
To_Austral_SE_S,"19","0","19",0.01394435047797,11.51797073966598,-33.9408452236,150.8105182727
To_Austral_SE_S,"20","0","20",0.01459354727717,11.51728393822032,-33.9402091000,150.8106479000
To_Austral_SE_S,"21","0","21",0.01520214794636,11.51528031099650,-33.9396127526,150.8107694094
To_Austral_SE_S,"22","0","22",0.01599015806455,11.16173749521445,-33.9388406000,150.8109267000
To_Austral_SE_S,"23","0","23",0.01692867399767,10.48066935116026,-33.9379187373,150.8111027152
To_Austral_SE_S,"24","0","24",0.01776651896210,323.99461719133382,-33.9370940092,150.8112503898
To_Austral_SE_S,"25","0","25",0.01992077002391,298.57730461431311,-33.9368002462,150.8091162621
To_Austral_SE_S,"26","0","26",0.02162895258639,319.31761050780852,-33.9355048822,150.8080027453
To_Austral_SE_S,"27","0","27",0.02333712032348,345.27148310913003,-33.9342095092,150.8068892617
To_Austral_SE_S,"28","0","28",0.02510908349990,11.20878699902911,-33.9324714421,150.8072341912
To_Austral_SE_S,"29","0","29",0.02696387300216,35.17244770938079,-33.9306519311,150.8075942245
To_Austral_SE_S,"30","0","30",0.02877393824548,59.15160024800905,-33.9297238022,150.8091482235
To_Austral_SE_S,"31","0","31",0.03058398579682,78.49417002594900,-33.9287956521,150.8107021892
To_Austral_SE_S,"32","0","32",0.03273804260199,97.83729587344884,-33.9290893803,150.8128361256
To_KempsCreek_SE_E,"0","0","0",0.00000000000000,277.88232676873702,-33.9207225000,150.8287731000
To_KempsCreek_SE_E,"1","0","1",0.00089488508105,277.88067053487032,-33.9205997763,150.8278866700
To_KempsCreek_SE_E,"2","0","2",0.00221139729229,277.88005111752869,-33.9204193066,150.8265825860
To_KempsCreek_SE_E,"3","0","3",0.00309297251426,277.88149755923922,-33.9202984271,150.8257093374
To_KempsCreek_SE_E,"4","0","4",0.00354374388222,277.88622151955326,-33.9202366120,150.8252628246
To_KempsCreek_SE_E,"5","0","5",0.00423103154896,277.88415714737994,-33.9201422605,150.8245820440
To_KempsCreek_SE_E,"6","0","6",0.00566739527547,277.88780419633520,-33.9199453920,150.8231592357
To_KempsCreek_SE_E,"7","0","7",0.00608879152338,277.93221766042257,-33.9198874892,150.8227418366
To_KempsCreek_SE_E,"8","0","8",0.00699762216663,277.94892872244412,-33.9197615290,150.8218417770
To_KempsCreek_SE_E,"9","0","9",0.00915125030810,277.93208186838297,-33.9194643610,150.8197087497
To_KempsCreek_SE_E,"10","0","10",0.01399687094337,277.93406058338002,-33.9187956000,150.8149095000
To_KempsCreek_SE_E,"11","0","11",0.01884243245188,277.93590204294941,-33.9181266547,150.8101103356
To_KempsCreek_SE_E,"12","0","12",0.01983845721064,277.93676509518878,-33.9179891264,150.8091238513
To_KempsCreek_SE_E,"13","0","13",0.02028079807329,277.70698879864921,-33.9179280466,150.8086857478
To_KempsCreek_SE_E,"14","0","14",0.02215443136144,277.74415890362286,-33.9176842328,150.8068280459
To_KempsCreek_SE_E,"15","0","15",0.02315037199511,278.01196855226959,-33.9175454305,150.8058418250
To_KempsCreek_SE_E,"16","0","16",0.02799545265724,324.73133126511402,-33.9168700654,150.8010440454
To_KempsCreek_SE_E,"17","0","17",0.03207654909997,11.44951954351056,-33.9128701897,150.8018541950
To_KempsCreek_SE_E,"18","0","18",0.03446682270784,324.53081648552228,-33.9105274786,150.8023286554
To_KempsCreek_SE_E,"19","0","19",0.03662097855676,277.72772092293263,-33.9102421083,150.8001934853
To_KempsCreek_SE_E,"20","0","20",0.04079086871678,276.43077147712660,-33.9096731000,150.7960626000
To_KempsCreek_SE_E,"21","0","21",0.04109477066328,281.35194599374637,-33.9096465144,150.7957598632
To_KempsCreek_SE_E,"22","0","22",0.04244721505964,329.11541934463469,-33.9092356595,150.7944713353
To_KempsCreek_SE_E,"23","0","23",0.04695894153684,10.54520252774144,-33.9048001387,150.7952970658
To_KempsCreek_SE_E,"24","0","24",0.04877110075800,323.95980204128068,-33.9030185828,150.7956286975
To_KempsCreek_SE_E,"25","0","25",0.05092549366994,233.96048801022749,-33.9027420446,150.7934921266
To_KempsCreek_SE_E,"26","0","26",0.05273765343027,214.58743664785865,-33.9045235931,150.7931604521
To_KempsCreek_SE_E,"27","0","27",0.05454448769517,234.86656259000796,-33.9054641975,150.7916177553
To_KempsCreek_SE_E,"28","0","28",0.05661230015516,254.30971013737619,-33.9067625841,150.7900083950
To_KempsCreek_SE_E,"29","0","29",0.05879665751218,282.27582850855367,-33.9064769000,150.7878428000
To_KempsCreek_SE_E,"30","0","30",0.06093135487578,302.89544554389141,-33.9058514702,150.7858017781
To_KempsCreek_SE_E,"31","0","31",0.06264222957745,318.75479085753039,-33.9045650824,150.7846738159
To_KempsCreek_SE_E,"32","0","32",0.06435308920008,344.65381025703323,-33.9032786855,150.7835458870
To_KempsCreek_SE_E,"33","0","33",0.06616525136663,10.55230720769093,-33.9014971703,150.7838777539
From_KempsCreek_SE_E,"0","0","0",0.00000000000000,10.55180184834439,-33.9014971703,150.7838777539
From_KempsCreek_SE_E,"1","0","1",0.00181216114698,34.59124755088232,-33.8997156533,150.7842096049
From_KempsCreek_SE_E,"2","0","2",0.00361892134635,58.63013570290363,-33.8987751401,150.7857522705
From_KempsCreek_SE_E,"3","0","3",0.00542566387535,78.00380906434505,-33.8978346061,150.7872949028
From_KempsCreek_SE_E,"4","0","4",0.00757992330716,97.37753084482539,-33.8981112464,150.7894313259
From_KempsCreek_SE_E,"5","0","5",0.00973419380212,118.06457811138606,-33.8983878502,150.7915677650
From_KempsCreek_SE_E,"6","0","6",0.01144504310339,138.75161206899557,-33.8996741768,150.7926957584
From_KempsCreek_SE_E,"7","0","7",0.01315590747867,164.64835941996895,-33.9009604942,150.7938237852
From_KempsCreek_SE_E,"8","0","8",0.01496806622077,143.96023558969105,-33.9027420446,150.7934921266
From_KempsCreek_SE_E,"9","0","9",0.01712245913270,143.95980204128068,-33.9030185828,150.7956286975
From_KempsCreek_SE_E,"10","0","10",0.01893461835386,190.54520252774145,-33.9048001387,150.7952970658
From_KempsCreek_SE_E,"11","0","11",0.02344634483106,149.11541934463472,-33.9092356595,150.7944713353
From_KempsCreek_SE_E,"12","0","12",0.02479878922742,101.35194599374638,-33.9096465144,150.7957598632
From_KempsCreek_SE_E,"13","0","13",0.02510269117392,96.43077147712658,-33.9096731000,150.7960626000
From_KempsCreek_SE_E,"14","0","14",0.02927258133395,97.72772092293265,-33.9102421083,150.8001934853
From_KempsCreek_SE_E,"15","0","15",0.03142673718286,144.53081648552231,-33.9105274786,150.8023286554
From_KempsCreek_SE_E,"16","0","16",0.03381701079073,191.44951954351055,-33.9128701897,150.8018541950
From_KempsCreek_SE_E,"17","0","17",0.03789810723346,144.73133126511394,-33.9168700654,150.8010440454
From_KempsCreek_SE_E,"18","0","18",0.04274318789560,97.83755941286466,-33.9175454305,150.8058418250
From_KempsCreek_SE_E,"19","0","19",0.04561273354993,97.79969657667721,-33.9179280466,150.8086857478
From_KempsCreek_SE_E,"20","0","20",0.04605507441258,97.93676509518885,-33.9179891264,150.8091238513
From_KempsCreek_SE_E,"21","0","21",0.04705109917134,97.93590204294946,-33.9181266547,150.8101103356
From_KempsCreek_SE_E,"22","0","22",0.05189666067985,97.93406058338006,-33.9187956000,150.8149095000
From_KempsCreek_SE_E,"23","0","23",0.05674228131512,97.93208186838302,-33.9194643610,150.8197087497
From_KempsCreek_SE_E,"24","0","24",0.05889590945659,97.94892872244409,-33.9197615290,150.8218417770
From_KempsCreek_SE_E,"25","0","25",0.05980474009984,97.93221766042251,-33.9198874892,150.8227418366
From_KempsCreek_SE_E,"26","0","26",0.06022613634775,97.88780419633525,-33.9199453920,150.8231592357
From_KempsCreek_SE_E,"27","0","27",0.06166250007426,97.88415714737995,-33.9201422605,150.8245820440
From_KempsCreek_SE_E,"28","0","28",0.06234978774099,97.88622151955323,-33.9202366120,150.8252628246
From_KempsCreek_SE_E,"29","0","29",0.06280055910896,97.88149755923924,-33.9202984271,150.8257093374
From_KempsCreek_SE_E,"30","0","30",0.06368213433093,97.88005111752875,-33.9204193066,150.8265825860
From_KempsCreek_SE_E,"31","0","31",0.06499864654216,97.88067053487038,-33.9205997763,150.8278866700
From_KempsCreek_SE_E,"32","0","32",0.06589353162322,97.88232676873703,-33.9207225000,150.8287731000
From_KempsCreek_SE_N,"0","0","0",0.00000000000000,287.03662269099095,-33.9064769000,150.7878428000
From_KempsCreek_SE_N,"1","0","1",0.00213469736371,302.89544554983809,-33.9058514702,150.7858017781
From_KempsCreek_SE_N,"2","0","2",0.00384557206537,318.75479085807945,-33.9045650824,150.7846738159
From_KempsCreek_SE_N,"3","0","3",0.00555643168804,344.65381025772632,-33.9032786855,150.7835458870
From_KempsCreek_SE_N,"4","0","4",0.00736859385455,10.55205452816166,-33.9014971703,150.7838777539
From_KempsCreek_SE_N,"5","0","5",0.00918075500154,34.59124755088232,-33.8997156533,150.7842096049
From_KempsCreek_SE_N,"6","0","6",0.01098751520090,58.63013570290363,-33.8987751401,150.7857522705
From_KempsCreek_SE_N,"7","0","7",0.01279425772990,78.00380906434505,-33.8978346061,150.7872949028
From_KempsCreek_SE_N,"8","0","8",0.01494851716171,53.96280968209223,-33.8981112464,150.7894313259
From_KempsCreek_SE_N,"9","0","9",0.01676067481888,10.50222872588169,-33.8963297083,150.7897630450
From_KempsCreek_SE_N,"10","0","10",0.01771086410709,10.60978387163260,-33.8953953000,150.7899355000
From_KempsCreek_SE_N,"11","0","11",0.01923650149847,10.98431790955640,-33.8938965000,150.7902204000
From_KempsCreek_SE_N,"12","0","12",0.02331659780386,10.16996438313631,-33.8898941908,150.7910133102
From_KempsCreek_SE_N,"13","0","13",0.02468505763920,9.85723493510936,-33.8885430832,150.7912305446
From_KempsCreek_SE_N,"14","0","14",0.02601399497194,9.86087335184235,-33.8872367406,150.7914745595
From_KempsCreek_SE_N,"15","0","15",0.02659649942770,9.89346140308112,-33.8866616341,150.7915671015
From_KempsCreek_SE_N,"16","0","16",0.02738078571319,10.91002796103664,-33.8858908466,150.7917119863
From_KempsCreek_SE_N,"17","0","17",0.02823566237467,9.64808375317953,-33.8850521768,150.7918776579
From_KempsCreek_SE_N,"18","0","18",0.02883428303004,9.88720582317790,-33.8844595603,150.7919622295
From_KempsCreek_SE_N,"19","0","19",0.03280140531112,326.90855385706232,-33.8805742000,150.7927635000
From_KempsCreek_SE_N,"20","0","20",0.03346152719381,282.16447099820789,-33.8804351000,150.7921182000
To_KempsCreek_SE_N,"0","0","0",0.00000000000000,102.16447099820790,-33.8804351000,150.7921182000
To_KempsCreek_SE_N,"1","0","1",0.00066012188268,146.90855385706234,-33.8805742000,150.7927635000
To_KempsCreek_SE_N,"2","0","2",0.00462724416377,189.88720582317791,-33.8844595603,150.7919622295
To_KempsCreek_SE_N,"3","0","3",0.00522586481914,189.64808375317952,-33.8850521768,150.7918776579
To_KempsCreek_SE_N,"4","0","4",0.00608074148062,190.91002796103663,-33.8858908466,150.7917119863
To_KempsCreek_SE_N,"5","0","5",0.00686502776611,189.89346140308112,-33.8866616341,150.7915671015
To_KempsCreek_SE_N,"6","0","6",0.00744753222187,189.86087335184232,-33.8872367406,150.7914745595
To_KempsCreek_SE_N,"7","0","7",0.00877646955461,189.85723493510937,-33.8885430832,150.7912305446
To_KempsCreek_SE_N,"8","0","8",0.01014492938995,190.16976630511297,-33.8898941908,150.7910133102
To_KempsCreek_SE_N,"9","0","9",0.01151750362468,191.20574780949934,-33.8912405987,150.7907465787
To_KempsCreek_SE_N,"10","0","10",0.01284907151556,191.20608475598175,-33.8925467802,150.7904878070
To_KempsCreek_SE_N,"11","0","11",0.01341908025563,191.20632454845654,-33.8931059212,150.7903770309
To_KempsCreek_SE_N,"12","0","12",0.01422502569540,191.20654555506877,-33.8938965000,150.7902204000
To_KempsCreek_SE_N,"13","0","13",0.01506371292517,190.71367653998604,-33.8947191956,150.7900574024
To_KempsCreek_SE_N,"14","0","14",0.01575071900463,190.33878262699093,-33.8953953000,150.7899355000
To_KempsCreek_SE_N,"15","0","15",0.01670090829283,190.50217034176916,-33.8963297083,150.7897630450
To_KempsCreek_SE_N,"16","0","16",0.01767494290702,190.54758885555631,-33.8972872853,150.7895847480
To_KempsCreek_SE_N,"17","0","17",0.01851306595001,143.96236840240195,-33.8981112464,150.7894313259
To_KempsCreek_SE_N,"18","0","18",0.02066733644497,118.06457811138606,-33.8983878502,150.7915677650
To_KempsCreek_SE_N,"19","0","19",0.02237818574625,138.75161206899557,-33.8996741768,150.7926957584
To_KempsCreek_SE_N,"20","0","20",0.02408905012153,164.64835941982503,-33.9009604942,150.7938237852
To_KempsCreek_SE_N,"21","0","21",0.02590120886367,190.54588163190752,-33.9027420446,150.7934921266
To_KempsCreek_SE_N,"22","0","22",0.02771336862396,214.58743664800255,-33.9045235931,150.7931604521
To_KempsCreek_SE_N,"23","0","23",0.02952020288885,234.86656259000796,-33.9054641975,150.7916177553
To_KempsCreek_SE_N,"24","0","24",0.03158801534884,254.30971013141465,-33.9067625841,150.7900083950
To_KempsCreek_SE_N,"25","0","25",0.03377237270583,277.51503432608678,-33.9064769000,150.7878428000
To_KempsCreek_SE_S,"0","0","0",0.00000000000000,96.88088736171036,-33.9504113986,150.7807468044
To_KempsCreek_SE_S,"1","0","1",0.00161741383246,53.36858757041190,-33.9506051739,150.7823525686
To_KempsCreek_SE_S,"2","0","2",0.00433389684331,53.36816904002685,-33.9479287856,150.7828175693
To_KempsCreek_SE_S,"3","0","3",0.00595126743411,72.78528255463398,-33.9481225323,150.7844232934
To_KempsCreek_SE_S,"4","0","4",0.00606523404841,343.66065829004060,-33.9480473000,150.7845089000
To_KempsCreek_SE_S,"5","0","5",0.00625781486258,325.41932252101799,-33.9480184000,150.7843185000
To_KempsCreek_SE_S,"6","0","6",0.00687353824207,11.80988085796344,-33.9474166000,150.7844487000
To_KempsCreek_SE_S,"7","0","7",0.00709389468059,11.29212855179230,-33.9472006000,150.7844923000
To_KempsCreek_SE_S,"8","0","8",0.00723272569337,11.18729542871759,-33.9470644000,150.7845192000
To_KempsCreek_SE_S,"9","0","9",0.00734751266958,11.70498136786651,-33.9469518000,150.7845415000
To_KempsCreek_SE_S,"10","0","10",0.00741920206650,28.85150314291031,-33.9468817317,150.7845566592
To_KempsCreek_SE_S,"11","0","11",0.00755815134851,27.67482418263909,-33.9467843327,150.7846557568
To_KempsCreek_SE_S,"12","0","12",0.00891639145809,9.85399379647703,-33.9454461321,150.7848882118
To_KempsCreek_SE_S,"13","0","13",0.01299110900591,323.36684584503803,-33.9414315242,150.7855855258
To_KempsCreek_SE_S,"14","0","14",0.01541697833290,323.36708579763416,-33.9411409262,150.7831771249
To_KempsCreek_SE_S,"15","0","15",0.01949169277086,323.36750738841260,-33.9371263273,150.7838744720
To_KempsCreek_SE_S,"16","0","16",0.02110885787189,317.09819164300137,-33.9369325814,150.7822689548
To_KempsCreek_SE_S,"17","0","17",0.02239768650199,3.93688932367512,-33.9356451672,150.7822085906
To_KempsCreek_SE_S,"18","0","18",0.02484219389570,10.55783987470216,-33.9332420478,150.7826565120
To_KempsCreek_SE_S,"19","0","19",0.02891959265132,10.55691120197161,-33.9292336716,150.7834035738
To_KempsCreek_SE_S,"20","0","20",0.03162194477332,10.55615331895376,-33.9265770570,150.7838986555
To_KempsCreek_SE_S,"21","0","21",0.03299698622570,10.55564629546068,-33.9252252858,150.7841505551
To_KempsCreek_SE_S,"22","0","22",0.03480915948546,10.07634923382308,-33.9234437778,150.7844825209
To_KempsCreek_SE_S,"23","0","23",0.03767166031906,10.28379530588993,-33.9206213406,150.7849597623
To_KempsCreek_SE_S,"24","0","24",0.03864610224408,10.97018550532398,-33.9196647057,150.7851451990
To_KempsCreek_SE_S,"25","0","25",0.03948457526317,10.96970106386665,-33.9188415543,150.7853047570
To_KempsCreek_SE_S,"26","0","26",0.04356362969496,10.96885903085601,-33.9148370278,150.7860809350
To_KempsCreek_SE_S,"27","0","27",0.04626707879838,10.96807744561864,-33.9121829643,150.7865953124
To_KempsCreek_SE_S,"28","0","28",0.04764267832496,10.96762466784876,-33.9108324910,150.7868570298
To_KempsCreek_SE_S,"29","0","29",0.04848114871366,10.96733496075747,-33.9100093350,150.7870165501
To_KempsCreek_SE_S,"30","0","30",0.04945558696578,16.22498482712992,-33.9090526937,150.7872019342
To_KempsCreek_SE_S,"31","0","31",0.05023078054751,16.18935746376840,-33.9083313545,150.7874858266
To_KempsCreek_SE_S,"32","0","32",0.05163967974389,10.89581468832431,-33.9069478548,150.7877521452
To_KempsCreek_SE_S,"33","0","33",0.05211928034896,328.96615112726317,-33.9064769000,150.7878428000
To_KempsCreek_SE_S,"34","0","34",0.05425397771267,302.89544555019592,-33.9058514702,150.7858017781
To_KempsCreek_SE_S,"35","0","35",0.05596485241431,318.75479085753039,-33.9045650824,150.7846738159
To_KempsCreek_SE_S,"36","0","36",0.05767571203696,344.65381025667534,-33.9032786855,150.7835458870
To_KempsCreek_SE_S,"37","0","37",0.05948787420352,10.55205452801766,-33.9014971703,150.7838777539
To_KempsCreek_SE_S,"38","0","38",0.06130003535051,34.59124755088232,-33.8997156533,150.7842096049
To_KempsCreek_SE_S,"39","0","39",0.06310679554987,58.63013570290363,-33.8987751401,150.7857522705
To_KempsCreek_SE_S,"40","0","40",0.06491353807887,78.00380906434505,-33.8978346061,150.7872949028
To_KempsCreek_SE_S,"41","0","41",0.06706779751068,97.37803997630307,-33.8981112464,150.7894313259
From_KempsCreek_SE_S,"0","0","0",0.00000000000000,97.37702171334770,-33.8981112464,150.7894313259
From_KempsCreek_SE_S,"1","0","1",0.00215427049496,118.06457811138606,-33.8983878502,150.7915677650
From_KempsCreek_SE_S,"2","0","2",0.00386511979624,138.75161206899557,-33.8996741768,150.7926957584
From_KempsCreek_SE_S,"3","0","3",0.00557598417152,164.64835941982503,-33.9009604942,150.7938237852
From_KempsCreek_SE_S,"4","0","4",0.00738814291366,190.54588163190752,-33.9027420446,150.7934921266
From_KempsCreek_SE_S,"5","0","5",0.00920030267395,214.58743664800255,-33.9045235931,150.7931604521
From_KempsCreek_SE_S,"6","0","6",0.01100713693884,234.86656259000796,-33.9054641975,150.7916177553
From_KempsCreek_SE_S,"7","0","7",0.01307494939883,254.30971013141465,-33.9067625841,150.7900083950
From_KempsCreek_SE_S,"8","0","8",0.01525930675582,234.20535694481111,-33.9064769000,150.7878428000
From_KempsCreek_SE_S,"9","0","9",0.01573890736089,190.89581468832432,-33.9069478548,150.7877521452
From_KempsCreek_SE_S,"10","0","10",0.01714780655727,196.18935746376843,-33.9083313545,150.7874858266
From_KempsCreek_SE_S,"11","0","11",0.01792300013900,196.22504514681620,-33.9090526937,150.7872019342
From_KempsCreek_SE_S,"12","0","12",0.01973590877982,190.96774908246161,-33.9108324910,150.7868570298
From_KempsCreek_SE_S,"13","0","13",0.02381495740977,190.96866105003843,-33.9148370278,150.7860809350
From_KempsCreek_SE_S,"14","0","14",0.02651840906161,190.96944269260860,-33.9174910868,150.7855665211
From_KempsCreek_SE_S,"15","0","15",0.02789401184160,190.96989563704724,-33.9188415543,150.7853047570
From_KempsCreek_SE_S,"16","0","16",0.02873248486070,190.97018550532400,-33.9196647057,150.7851451990
From_KempsCreek_SE_S,"17","0","17",0.02970692678571,190.28379530588995,-33.9206213406,150.7849597623
From_KempsCreek_SE_S,"18","0","18",0.03256942761932,190.07634923382307,-33.9234437778,150.7844825209
From_KempsCreek_SE_S,"19","0","19",0.03438160087908,190.55560653986825,-33.9252252858,150.7841505551
From_KempsCreek_SE_S,"20","0","20",0.03518701154503,190.55607380386519,-33.9260170665,150.7840030096
From_KempsCreek_SE_S,"21","0","21",0.03845899445344,190.55668253973258,-33.9292336716,150.7834035738
From_KempsCreek_SE_S,"22","0","22",0.03983066132456,190.55719534907522,-33.9305821205,150.7831522656
From_KempsCreek_SE_S,"23","0","23",0.04116134885140,190.55751668611830,-33.9318902820,150.7829084568
From_KempsCreek_SE_S,"24","0","24",0.04173098069844,190.55774537574436,-33.9324502705,150.7828040861
From_KempsCreek_SE_S,"25","0","25",0.04253639320912,190.55795614485586,-33.9332420478,150.7826565120
From_KempsCreek_SE_S,"26","0","26",0.04337452581787,190.55824160723924,-33.9340659905,150.7825029393
From_KempsCreek_SE_S,"27","0","27",0.04498090060284,183.93694785280050,-33.9356451672,150.7822085906
From_KempsCreek_SE_S,"28","0","28",0.04626972923295,137.09819164300146,-33.9369325814,150.7822689548
From_KempsCreek_SE_S,"29","0","29",0.04788689433397,143.36750738841260,-33.9371263273,150.7838744720
From_KempsCreek_SE_S,"30","0","30",0.05196160877193,143.36708579763413,-33.9411409262,150.7831771249
From_KempsCreek_SE_S,"31","0","31",0.05438747809893,143.36693554988861,-33.9414315242,150.7855855258
From_KempsCreek_SE_S,"32","0","32",0.05982043575624,166.86080394137485,-33.9467843327,150.7846557568
From_KempsCreek_SE_S,"33","0","33",0.06000003593747,167.76721119589692,-33.9469293883,150.7847616581
From_KempsCreek_SE_S,"34","0","34",0.06030494683391,191.86614536044061,-33.9472280000,150.7847000000
From_KempsCreek_SE_S,"35","0","35",0.06052500828032,192.78069755108507,-33.9474432000,150.7846540000
From_KempsCreek_SE_S,"36","0","36",0.06080524641120,193.50520830210229,-33.9477157000,150.7845886000
From_KempsCreek_SE_S,"37","0","37",0.06114628988345,211.10259906761988,-33.9480473000,150.7845089000
From_KempsCreek_SE_S,"38","0","38",0.06126025649775,252.78528255463402,-33.9481225323,150.7844232934
From_KempsCreek_SE_S,"39","0","39",0.06287762708855,233.36816904002680,-33.9479287856,150.7828175693
From_KempsCreek_SE_S,"40","0","40",0.06559411009940,233.36858757041190,-33.9506051739,150.7823525686
From_KempsCreek_SE_S,"41","0","41",0.06721152393186,276.88088736171034,-33.9504113986,150.7807468044
From_KempsCreek_SE_W,"0","0","0",0.00000000000000,190.54613405244399,-33.9027420446,150.7934921266
From_KempsCreek_SE_W,"1","0","1",0.00181215976034,214.58743664785865,-33.9045235931,150.7931604521
From_KempsCreek_SE_W,"2","0","2",0.00361899402523,234.86656259000796,-33.9054641975,150.7916177553
From_KempsCreek_SE_W,"3","0","3",0.00568680648522,254.30971013737619,-33.9067625841,150.7900083950
From_KempsCreek_SE_W,"4","0","4",0.00787116384224,282.27582850855367,-33.9064769000,150.7878428000
From_KempsCreek_SE_W,"5","0","5",0.01000586120585,302.89544554389141,-33.9058514702,150.7858017781
From_KempsCreek_SE_W,"6","0","6",0.01171673590751,318.75479085753039,-33.9045650824,150.7846738159
From_KempsCreek_SE_W,"7","0","7",0.01342759553014,344.65381025703323,-33.9032786855,150.7835458870
From_KempsCreek_SE_W,"8","0","8",0.01523975769670,323.96623826282752,-33.9014971703,150.7838777539
From_KempsCreek_SE_W,"9","0","9",0.01623613764436,277.38098875212654,-33.9013691830,150.7828896283
From_KempsCreek_SE_W,"10","0","10",0.01801355015464,277.66271322302208,-33.9011408197,150.7811269469
From_KempsCreek_SE_W,"11","0","11",0.02016665415946,277.94425443169320,-33.9008432639,150.7789945030
From_KempsCreek_SE_W,"12","0","12",0.02338139570118,277.94546473997889,-33.9003989205,150.7758106182
From_KempsCreek_SE_W,"13","0","13",0.02501109534189,277.94661253054142,-33.9001736301,150.7741965658
From_KempsCreek_SE_W,"14","0","14",0.02822178608887,277.94801547107267,-33.8997297193,150.7710167107
From_KempsCreek_SE_W,"15","0","15",0.03200851674487,275.37006857017786,-33.8992060564,150.7672663632
From_KempsCreek_SE_W,"16","0","16",0.03745067505051,274.84247745127476,-33.8989410344,150.7618306618
From_KempsCreek_SE_W,"17","0","17",0.04068351570079,233.37923565021330,-33.8985530061,150.7586211926
From_KempsCreek_SE_W,"18","0","18",0.04339997629669,233.38089278824950,-33.9012293031,150.7581557976
From_KempsCreek_SE_W,"19","0","19",0.05390686324394,233.38470656233878,-33.8999675893,150.7477249419
From_KempsCreek_SE_W,"20","0","20",0.05798156183425,174.25922266147586,-33.9039819495,150.7470263138
From_KempsCreek_SE_W,"21","0","21",0.05833510544691,174.92494963979891,-33.9043112218,150.7471550492
From_KempsCreek_SE_W,"22","0","22",0.06014847684773,191.20408183360044,-33.9060900339,150.7468027094
From_KempsCreek_SE_W,"23","0","23",0.06095442008463,191.20457179132399,-33.9068806164,150.7466461086
From_KempsCreek_SE_W,"24","0","24",0.06422856696590,191.20530750506992,-33.9100923536,150.7460098838
From_KempsCreek_SE_W,"25","0","25",0.06693270909149,191.20604331051436,-33.9127449430,150.7454843806
From_KempsCreek_SE_W,"26","0","26",0.06830866327133,191.20657517288657,-33.9140946628,150.7452169736
From_KempsCreek_SE_W,"27","0","27",0.07012204139407,234.52276340982630,-33.9158734636,150.7448645419
From_KempsCreek_SE_W,"28","0","28",0.07712345528714,234.52160267921897,-33.9149185754,150.7379285499
From_KempsCreek_SE_W,"29","0","29",0.08301691680596,191.20448707255417,-33.9206997072,150.7367833845
To_KempsCreek_SE_W,"0","0","0",0.00000000000000,11.20448707255419,-33.9206997072,150.7367833845
To_KempsCreek_SE_W,"1","0","1",0.00589346151883,54.52160267921899,-33.9149185754,150.7379285499
To_KempsCreek_SE_W,"2","0","2",0.01289487541189,54.52282478001647,-33.9158734636,150.7448645419
To_KempsCreek_SE_W,"3","0","3",0.01386956630484,11.20679858182201,-33.9149173584,150.7450539760
To_KempsCreek_SE_W,"4","0","4",0.01470825353464,11.20630601462189,-33.9140946628,150.7452169736
To_KempsCreek_SE_W,"5","0","5",0.01878834984001,11.20544986095241,-33.9100923536,150.7460098838
To_KempsCreek_SE_W,"6","0","6",0.02149248924781,11.20465516853562,-33.9074397595,150.7465353499
To_KempsCreek_SE_W,"7","0","7",0.02286843995821,11.20412352029183,-33.9060900339,150.7468027094
To_KempsCreek_SE_W,"8","0","8",0.02468181135902,354.92494963979885,-33.9043112218,150.7471550492
To_KempsCreek_SE_W,"9","0","9",0.02503535497168,354.25922266147586,-33.9039819495,150.7470263138
To_KempsCreek_SE_W,"10","0","10",0.02911005356199,53.38470656233876,-33.8999675893,150.7477249419
To_KempsCreek_SE_W,"11","0","11",0.03961694050924,53.38089278824947,-33.9012293031,150.7581557976
To_KempsCreek_SE_W,"12","0","12",0.04233340110514,53.37923565021329,-33.8985530061,150.7586211926
To_KempsCreek_SE_W,"13","0","13",0.04556624175542,94.84247745127475,-33.8989410344,150.7618306618
To_KempsCreek_SE_W,"14","0","14",0.05100840006106,95.37014877744402,-33.8992060564,150.7672663632
To_KempsCreek_SE_W,"15","0","15",0.05411834984055,97.94817588588261,-33.8996361366,150.7703464312
To_KempsCreek_SE_W,"16","0","16",0.05800582146404,97.94650536500329,-33.9001736301,150.7741965658
To_KempsCreek_SE_W,"17","0","17",0.06121653827150,97.94508999286799,-33.9006174601,150.7773764585
To_KempsCreek_SE_W,"18","0","18",0.06285026264647,97.94447311405990,-33.9008432639,150.7789945030
To_KempsCreek_SE_W,"19","0","19",0.06500336528896,97.66250988880613,-33.9011408498,150.7811269414
To_KempsCreek_SE_W,"20","0","20",0.06777715940884,53.96619562670507,-33.9014971703,150.7838777539
To_KempsCreek_SE_W,"21","0","21",0.06958932055582,34.59124755088232,-33.8997156533,150.7842096049
To_KempsCreek_SE_W,"22","0","22",0.07139608075519,58.63013570290363,-33.8987751401,150.7857522705
To_KempsCreek_SE_W,"23","0","23",0.07320282328419,78.00380906434505,-33.8978346061,150.7872949028
To_KempsCreek_SE_W,"24","0","24",0.07535708271600,97.37753084482539,-33.8981112464,150.7894313259
To_KempsCreek_SE_W,"25","0","25",0.07751135321096,118.06457811138606,-33.8983878502,150.7915677650
To_KempsCreek_SE_W,"26","0","26",0.07922220251223,138.75161206899557,-33.8996741768,150.7926957584
To_KempsCreek_SE_W,"27","0","27",0.08093306688751,164.64835941996895,-33.9009604942,150.7938237852
To_KempsCreek_SE_W,"28","0","28",0.08274522562961,190.54562921137111,-33.9027420446,150.7934921266
To_Rossmore_SE_N,"0","0","0",0.00000000000000,102.16447099820790,-33.8804351000,150.7921182000
To_Rossmore_SE_N,"1","0","1",0.00066012188268,146.90855385706234,-33.8805742000,150.7927635000
To_Rossmore_SE_N,"2","0","2",0.00462724416377,189.88720582317791,-33.8844595603,150.7919622295
To_Rossmore_SE_N,"3","0","3",0.00522586481914,189.64808375317952,-33.8850521768,150.7918776579
To_Rossmore_SE_N,"4","0","4",0.00608074148062,190.91002796103663,-33.8858908466,150.7917119863
To_Rossmore_SE_N,"5","0","5",0.00686502776611,189.89346140308112,-33.8866616341,150.7915671015
To_Rossmore_SE_N,"6","0","6",0.00744753222187,189.86087335184232,-33.8872367406,150.7914745595
To_Rossmore_SE_N,"7","0","7",0.00877646955461,189.85723493510937,-33.8885430832,150.7912305446
To_Rossmore_SE_N,"8","0","8",0.01014492938995,190.16976630511297,-33.8898941908,150.7910133102
To_Rossmore_SE_N,"9","0","9",0.01151750362468,191.20574780878067,-33.8912405987,150.7907465787
To_Rossmore_SE_N,"10","0","10",0.01284907151558,191.20608475694189,-33.8925467802,150.7904878070
To_Rossmore_SE_N,"11","0","11",0.01341908025563,191.20632454914431,-33.8931059212,150.7903770309
To_Rossmore_SE_N,"12","0","12",0.01422502569539,191.20654555503006,-33.8938965000,150.7902204000
To_Rossmore_SE_N,"13","0","13",0.01506371292517,190.71367654093834,-33.8947191956,150.7900574024
To_Rossmore_SE_N,"14","0","14",0.01575071900463,190.33878262699093,-33.8953953000,150.7899355000
To_Rossmore_SE_N,"15","0","15",0.01670090829283,190.50222872588165,-33.8963297083,150.7897630450
To_Rossmore_SE_N,"16","0","16",0.01851306595001,190.54798969285531,-33.8981112464,150.7894313259
To_Rossmore_SE_N,"17","0","17",0.02259042440230,190.54877967615161,-33.9021197000,150.7886849000
To_Rossmore_SE_N,"18","0","18",0.02396207945239,190.88347368635576,-33.9034681716,150.7884337787
To_Rossmore_SE_N,"19","0","19",0.02587208606907,191.07837152612262,-33.9053416872,150.7880622081
To_Rossmore_SE_N,"20","0","20",0.02702830753889,190.91731729877159,-33.9064769000,150.7878428000
To_Rossmore_SE_N,"21","0","21",0.02750790814396,190.89581468832432,-33.9069478548,150.7877521452
To_Rossmore_SE_N,"22","0","22",0.02891680734035,196.18935746376843,-33.9083313545,150.7874858266
To_Rossmore_SE_N,"23","0","23",0.02969200092207,196.22498482712993,-33.9090526937,150.7872019342
To_Rossmore_SE_N,"24","0","24",0.03066643917420,190.96733496075743,-33.9100093350,150.7870165501
To_Rossmore_SE_N,"25","0","25",0.03150490956289,190.96781918369649,-33.9108324910,150.7868570298
To_Rossmore_SE_N,"26","0","26",0.03558395819285,190.96876005510401,-33.9148370278,150.7860809350
To_Rossmore_SE_N,"27","0","27",0.03966301262463,190.96970106386669,-33.9188415543,150.7853047570
To_Rossmore_SE_N,"28","0","28",0.04050148564373,190.97018550778489,-33.9196647057,150.7851451990
To_Rossmore_SE_N,"29","0","29",0.04147592756876,190.28379530750948,-33.9206213406,150.7849597623
To_Rossmore_SE_N,"30","0","30",0.04433842840235,190.07629074421499,-33.9234437778,150.7844825209
To_Rossmore_SE_N,"31","0","31",0.04531247140234,190.55543334792020,-33.9244013386,150.7843040912
To_Rossmore_SE_N,"32","0","32",0.04615060166212,143.96672253943265,-33.9252252858,150.7841505551
To_Rossmore_SE_N,"33","0","33",0.04830553176698,118.06243567910920,-33.9255020064,150.7862876441
To_Rossmore_SE_N,"34","0","34",0.05001658805079,138.74646313480795,-33.9267883873,150.7874158896
To_Rossmore_SE_N,"35","0","35",0.05172765943498,164.64970599984781,-33.9280747589,150.7885441685
To_Rossmore_SE_N,"36","0","36",0.05353983378006,190.55372469688353,-33.9298562793,150.7882122632
To_Rossmore_SE_N,"37","0","37",0.05535200914788,214.59722793709233,-33.9316377977,150.7878803419
To_Rossmore_SE_N,"38","0","38",0.05715927429661,238.64103642424260,-33.9325783102,150.7863370845
To_Rossmore_SE_N,"39","0","39",0.05896655715813,258.00985174734205,-33.9335188019,150.7847937936
To_Rossmore_SE_N,"40","0","40",0.06112168258770,277.37810894614853,-33.9332420478,150.7826565120
From_Rossmore_SE_N,"0","0","0",0.00000000000000,277.37912815235433,-33.9332420478,150.7826565120
From_Rossmore_SE_N,"1","0","1",0.00215511433571,298.06412559974905,-33.9329652571,150.7805192463
From_Rossmore_SE_N,"2","0","2",0.00386619600942,318.74964600968542,-33.9316788150,150.7793910320
From_Rossmore_SE_N,"3","0","3",0.00557726257777,344.65516377669235,-33.9303923638,150.7782628512
From_Rossmore_SE_N,"4","0","4",0.00738944037153,10.55990544436570,-33.9286108788,150.7785949651
From_Rossmore_SE_N,"5","0","5",0.00920161714116,34.60104291374483,-33.9268293919,150.7789270630
From_Rossmore_SE_N,"6","0","6",0.01100880812520,58.64187548191797,-33.9258889706,150.7804702892
From_Rossmore_SE_N,"7","0","7",0.01281598140799,78.01011085283756,-33.9249485285,150.7820134820
From_Rossmore_SE_N,"8","0","8",0.01497090042605,53.96723203592715,-33.9252252858,150.7841505551
From_Rossmore_SE_N,"9","0","9",0.01580903068582,10.55543334792022,-33.9244013386,150.7843040912
From_Rossmore_SE_N,"10","0","10",0.01678307368581,10.07629074421497,-33.9234437778,150.7844825209
From_Rossmore_SE_N,"11","0","11",0.01964557451940,10.28379530750946,-33.9206213406,150.7849597623
From_Rossmore_SE_N,"12","0","12",0.02062001644443,10.97018550778492,-33.9196647057,150.7851451990
From_Rossmore_SE_N,"13","0","13",0.02145848946353,10.96993665478362,-33.9188415543,150.7853047570
From_Rossmore_SE_N,"14","0","14",0.02226422907059,10.96952472375899,-33.9180505375,150.7854580827
From_Rossmore_SE_N,"15","0","15",0.02553754389535,10.96889682742301,-33.9148370278,150.7860809350
From_Rossmore_SE_N,"16","0","16",0.02690976702246,10.96836798727292,-33.9134898728,150.7863420284
From_Rossmore_SE_N,"17","0","17",0.02824099299878,10.96797870745457,-33.9121829643,150.7865953124
From_Rossmore_SE_N,"18","0","18",0.02961659252536,10.96762466784876,-33.9108324910,150.7868570298
From_Rossmore_SE_N,"19","0","19",0.03045506291406,10.96733496075747,-33.9100093350,150.7870165501
From_Rossmore_SE_N,"20","0","20",0.03142950116619,16.22498482712992,-33.9090526937,150.7872019342
From_Rossmore_SE_N,"21","0","21",0.03220469474791,16.18935746376840,-33.9083313545,150.7874858266
From_Rossmore_SE_N,"22","0","22",0.03361359394430,10.89581468832431,-33.9069478548,150.7877521452
From_Rossmore_SE_N,"23","0","23",0.03409319454936,10.91727579950581,-33.9064769000,150.7878428000
From_Rossmore_SE_N,"24","0","24",0.03582761319339,10.93855354661393,-33.9047739954,150.7881719261
From_Rossmore_SE_N,"25","0","25",0.03853102332598,10.74350604374110,-33.9021197000,150.7886849000
From_Rossmore_SE_N,"26","0","26",0.03990267779314,10.54858874433144,-33.9007712273,150.7889360122
From_Rossmore_SE_N,"27","0","27",0.04123335216795,10.54821195204624,-33.8994630405,150.7891796136
From_Rossmore_SE_N,"28","0","28",0.04260838177833,10.54786926830819,-33.8981112464,150.7894313259
From_Rossmore_SE_N,"29","0","29",0.04344650482133,10.54758885555624,-33.8972872853,150.7895847480
From_Rossmore_SE_N,"30","0","30",0.04442053943551,10.50217034176916,-33.8963297083,150.7897630450
From_Rossmore_SE_N,"31","0","31",0.04537072872372,10.33878262699092,-33.8953953000,150.7899355000
From_Rossmore_SE_N,"32","0","32",0.04605773480318,10.71367654093835,-33.8947191956,150.7900574024
From_Rossmore_SE_N,"33","0","33",0.04689642203295,11.20640643081370,-33.8938965000,150.7902204000
From_Rossmore_SE_N,"34","0","34",0.04960394410365,11.20584847676675,-33.8912405987,150.7907465787
From_Rossmore_SE_N,"35","0","35",0.05097651833838,10.16976630511297,-33.8898941908,150.7910133102
From_Rossmore_SE_N,"36","0","36",0.05234497817372,9.85723493510936,-33.8885430832,150.7912305446
From_Rossmore_SE_N,"37","0","37",0.05367391550646,10.29250192185454,-33.8872367406,150.7914745595
From_Rossmore_SE_N,"38","0","38",0.05504059103011,10.58945458797675,-33.8858908466,150.7917119863
From_Rossmore_SE_N,"39","0","39",0.05589546769158,9.64808375317953,-33.8850521768,150.7918776579
From_Rossmore_SE_N,"40","0","40",0.05649408834696,9.88720582317790,-33.8844595603,150.7919622295
From_Rossmore_SE_N,"41","0","41",0.06046121062804,326.90855385706232,-33.8805742000,150.7927635000
From_Rossmore_SE_N,"42","0","42",0.06112133251073,282.16447099820789,-33.8804351000,150.7921182000
To_Rossmore_SE_S,"0","0","0",0.00000000000000,96.88088736171036,-33.9504113986,150.7807468044
To_Rossmore_SE_S,"1","0","1",0.00161741383246,53.36858757041190,-33.9506051739,150.7823525686
To_Rossmore_SE_S,"2","0","2",0.00433389684331,53.36816904002685,-33.9479287856,150.7828175693
To_Rossmore_SE_S,"3","0","3",0.00595126743411,72.78528255463398,-33.9481225323,150.7844232934
To_Rossmore_SE_S,"4","0","4",0.00606523404841,343.66065829004060,-33.9480473000,150.7845089000
To_Rossmore_SE_S,"5","0","5",0.00625781486258,325.41932252101799,-33.9480184000,150.7843185000
To_Rossmore_SE_S,"6","0","6",0.00687353824207,11.80988085796344,-33.9474166000,150.7844487000
To_Rossmore_SE_S,"7","0","7",0.00709389468059,11.29212856798567,-33.9472006000,150.7844923000
To_Rossmore_SE_S,"8","0","8",0.00723272569298,11.18729542527385,-33.9470644000,150.7845192000
To_Rossmore_SE_S,"9","0","9",0.00734751266958,11.70498134822941,-33.9469518000,150.7845415000
To_Rossmore_SE_S,"10","0","10",0.00741920206650,28.85150314291031,-33.9468817317,150.7845566592
To_Rossmore_SE_S,"11","0","11",0.00755815134851,27.67455506827110,-33.9467843327,150.7846557568
To_Rossmore_SE_S,"12","0","12",0.01299110900583,323.36693554988858,-33.9414315242,150.7855855258
To_Rossmore_SE_S,"13","0","13",0.01541697833282,323.36708579763416,-33.9411409262,150.7831771249
To_Rossmore_SE_S,"14","0","14",0.01949169277078,323.36750738841260,-33.9371263273,150.7838744720
To_Rossmore_SE_S,"15","0","15",0.02110885787181,317.09819164300137,-33.9369325814,150.7822689548
To_Rossmore_SE_S,"16","0","16",0.02239768650191,3.93694785280047,-33.9356451672,150.7822085906
To_Rossmore_SE_S,"17","0","17",0.02400406128689,10.55824160723922,-33.9340659905,150.7825029393
To_Rossmore_SE_S,"18","0","18",0.02484219389563,323.96859952643007,-33.9332420478,150.7826565120
To_Rossmore_SE_S,"19","0","19",0.02699730823134,298.06412559974905,-33.9329652571,150.7805192463
To_Rossmore_SE_S,"20","0","20",0.02870838990505,318.74964600968542,-33.9316788150,150.7793910320
To_Rossmore_SE_S,"21","0","21",0.03041945647340,344.65516377669235,-33.9303923638,150.7782628512
To_Rossmore_SE_S,"22","0","22",0.03223163426716,10.55990544436570,-33.9286108788,150.7785949651
To_Rossmore_SE_S,"23","0","23",0.03404381103679,34.60104291374483,-33.9268293919,150.7789270630
To_Rossmore_SE_S,"24","0","24",0.03585100202083,58.64187548191797,-33.9258889706,150.7804702892
To_Rossmore_SE_S,"25","0","25",0.03765817530362,78.01011085283756,-33.9249485285,150.7820134820
To_Rossmore_SE_S,"26","0","26",0.03981309432167,97.37890426175503,-33.9252252858,150.7841505551
From_Rossmore_SE_S,"0","0","0",0.00000000000000,97.37788526876598,-33.9252252858,150.7841505551
From_Rossmore_SE_S,"1","0","1",0.00215493010487,118.06243567910920,-33.9255020064,150.7862876441
From_Rossmore_SE_S,"2","0","2",0.00386598638867,138.74646313480795,-33.9267883873,150.7874158896
From_Rossmore_SE_S,"3","0","3",0.00557705777286,164.64970599990951,-33.9280747589,150.7885441685
From_Rossmore_SE_S,"4","0","4",0.00738923211792,190.55372469688353,-33.9298562793,150.7882122632
From_Rossmore_SE_S,"5","0","5",0.00920140748576,214.59722793703060,-33.9316377977,150.7878803419
From_Rossmore_SE_S,"6","0","6",0.01100867263450,238.64103642424260,-33.9325783102,150.7863370845
From_Rossmore_SE_S,"7","0","7",0.01281595549601,258.00985174734205,-33.9335188019,150.7847937936
From_Rossmore_SE_S,"8","0","8",0.01497108092559,233.96808992332726,-33.9332420478,150.7826565120
From_Rossmore_SE_S,"9","0","9",0.01580921353433,190.55824160723924,-33.9340659905,150.7825029393
From_Rossmore_SE_S,"10","0","10",0.01741558831931,183.93694785280050,-33.9356451672,150.7822085906
From_Rossmore_SE_S,"11","0","11",0.01870441694941,137.09819164300146,-33.9369325814,150.7822689548
From_Rossmore_SE_S,"12","0","12",0.02032158205044,143.36750738841260,-33.9371263273,150.7838744720
From_Rossmore_SE_S,"13","0","13",0.02439629648840,143.36708579763413,-33.9411409262,150.7831771249
From_Rossmore_SE_S,"14","0","14",0.02682216581539,143.36693554988861,-33.9414315242,150.7855855258
From_Rossmore_SE_S,"15","0","15",0.03225512347271,166.86080394137485,-33.9467843327,150.7846557568
From_Rossmore_SE_S,"16","0","16",0.03243472365394,167.77095656691904,-33.9469293883,150.7847616581
From_Rossmore_SE_S,"17","0","17",0.03259760462735,191.66607904773264,-33.9470889000,150.7847287000
From_Rossmore_SE_S,"18","0","18",0.03273963455336,191.86185014114744,-33.9472280000,150.7847000000
From_Rossmore_SE_S,"19","0","19",0.03295969599978,192.78069755108507,-33.9474432000,150.7846540000
From_Rossmore_SE_S,"20","0","20",0.03323993413065,193.50520830210229,-33.9477157000,150.7845886000
From_Rossmore_SE_S,"21","0","21",0.03358097760291,211.10259906761988,-33.9480473000,150.7845089000
From_Rossmore_SE_S,"22","0","22",0.03369494421720,252.78528255463402,-33.9481225323,150.7844232934
From_Rossmore_SE_S,"23","0","23",0.03531231480800,233.36816904002680,-33.9479287856,150.7828175693
From_Rossmore_SE_S,"24","0","24",0.03802879781885,233.36858757041190,-33.9506051739,150.7823525686
From_Rossmore_SE_S,"25","0","25",0.03964621165131,276.88088736171034,-33.9504113986,150.7807468044
To_Rossmore_SE_W,"0","0","0",0.00000000000000,97.83710646420788,-33.9344642654,150.7404433226
To_Rossmore_SE_W,"1","0","1",0.00072468578370,54.52132822397417,-33.9345630816,150.7411612397
To_Rossmore_SE_W,"2","0","2",0.00209726001842,11.20993260240830,-33.9332166736,150.7414279711
To_Rossmore_SE_W,"3","0","3",0.00799114783951,54.52619401459845,-33.9274353202,150.7425742111
To_Rossmore_SE_W,"4","0","4",0.01499073784291,71.32690646653995,-33.9283898815,150.7495084070
To_Rossmore_SE_W,"5","0","5",0.01609891494304,27.34481650397542,-33.9276037660,150.7502894825
To_Rossmore_SE_W,"6","0","6",0.02017363428983,53.38489512573388,-33.9235894032,150.7509882162
To_Rossmore_SE_W,"7","0","7",0.02340738339668,96.89484859769520,-33.9239776657,150.7541985722
To_Rossmore_SE_W,"8","0","8",0.02906650151711,96.89284638620177,-33.9246569263,150.7598167768
To_Rossmore_SE_W,"9","0","9",0.03149186012260,143.37908535911524,-33.9249479605,150.7622246106
To_Rossmore_SE_W,"10","0","10",0.03285009788701,148.86572522055368,-33.9262861104,150.7619918775
To_Rossmore_SE_W,"11","0","11",0.03379303632138,102.62651434063287,-33.9265753833,150.7628893485
To_Rossmore_SE_W,"12","0","12",0.03562275926257,97.38706650293777,-33.9268106590,150.7647038819
To_Rossmore_SE_W,"13","0","13",0.04047136877387,97.38551095705806,-33.9274339869,150.7695122575
To_Rossmore_SE_W,"14","0","14",0.04210248993707,97.38417170798814,-33.9276436374,150.7711298492
To_Rossmore_SE_W,"15","0","15",0.04532003453000,97.38310028239063,-33.9280571296,150.7743207139
To_Rossmore_SE_W,"16","0","16",0.04631671167904,97.38234730641317,-33.9281851971,150.7753091288
To_Rossmore_SE_W,"17","0","17",0.04747501513309,97.38181866769463,-33.9283340225,150.7764578315
To_Rossmore_SE_W,"18","0","18",0.04863332179409,97.38129002419524,-33.9284828373,150.7776065388
To_Rossmore_SE_W,"19","0","19",0.04963000683640,53.97034378172810,-33.9286108788,150.7785949651
To_Rossmore_SE_W,"20","0","20",0.05144218360603,34.60104291374483,-33.9268293919,150.7789270630
To_Rossmore_SE_W,"21","0","21",0.05324937459007,58.64187548191797,-33.9258889706,150.7804702892
To_Rossmore_SE_W,"22","0","22",0.05505654787286,78.01011085283756,-33.9249485285,150.7820134820
To_Rossmore_SE_W,"23","0","23",0.05721146689092,97.37839476526052,-33.9252252858,150.7841505551
To_Rossmore_SE_W,"24","0","24",0.05936639699578,118.06243567910920,-33.9255020064,150.7862876441
To_Rossmore_SE_W,"25","0","25",0.06107745327959,138.74646313480795,-33.9267883873,150.7874158896
To_Rossmore_SE_W,"26","0","26",0.06278852466378,164.64970599990951,-33.9280747589,150.7885441685
To_Rossmore_SE_W,"27","0","27",0.06460069900884,190.55347181965553,-33.9298562793,150.7882122632
From_Rossmore_SE_W,"0","0","0",0.00000000000000,190.55397757411160,-33.9298562793,150.7882122632
From_Rossmore_SE_W,"1","0","1",0.00181217536784,214.59722793703060,-33.9316377977,150.7878803419
From_Rossmore_SE_W,"2","0","2",0.00361944051658,238.64103642424260,-33.9325783102,150.7863370845
From_Rossmore_SE_W,"3","0","3",0.00542672337809,258.00985174739060,-33.9335188019,150.7847937936
From_Rossmore_SE_W,"4","0","4",0.00758184880764,277.37861854925143,-33.9332420478,150.7826565120
From_Rossmore_SE_W,"5","0","5",0.00973696314338,298.06412559970056,-33.9329652571,150.7805192463
From_Rossmore_SE_W,"6","0","6",0.01144804481709,318.74964600968542,-33.9316788150,150.7793910320
From_Rossmore_SE_W,"7","0","7",0.01315911138544,344.65516377669235,-33.9303923638,150.7782628512
From_Rossmore_SE_W,"8","0","8",0.01497128917920,323.97073385632501,-33.9286108788,150.7785949651
From_Rossmore_SE_W,"9","0","9",0.01712628088248,277.38170083718688,-33.9283340225,150.7764578315
From_Rossmore_SE_W,"10","0","10",0.01828458433653,277.38246053547323,-33.9281851971,150.7753091288
From_Rossmore_SE_W,"11","0","11",0.02023902707868,277.38332673902926,-33.9279340544,150.7733708890
From_Rossmore_SE_W,"12","0","12",0.02249880607857,277.38428493662087,-33.9276436374,150.7711298492
From_Rossmore_SE_W,"13","0","13",0.02412992724174,277.38551095811226,-33.9274339869,150.7695122575
From_Rossmore_SE_W,"14","0","14",0.02897853675305,277.38706650293773,-33.9268106590,150.7647038819
From_Rossmore_SE_W,"15","0","15",0.03080825969424,282.62651434063281,-33.9265753833,150.7628893485
From_Rossmore_SE_W,"16","0","16",0.03175119812860,328.86572522055366,-33.9262861104,150.7619918775
From_Rossmore_SE_W,"17","0","17",0.03310943589302,323.37908535911521,-33.9249479605,150.7622246106
From_Rossmore_SE_W,"18","0","18",0.03553479449851,276.89284638620177,-33.9246569263,150.7598167768
From_Rossmore_SE_W,"19","0","19",0.04119391261894,276.89484859769522,-33.9239776657,150.7541985722
From_Rossmore_SE_W,"20","0","20",0.04442766172579,233.38489512573389,-33.9235894032,150.7509882162
From_Rossmore_SE_W,"21","0","21",0.04850238107258,207.34481650397541,-33.9276037660,150.7502894825
From_Rossmore_SE_W,"22","0","22",0.04961055817271,251.32690646653995,-33.9283898815,150.7495084070
From_Rossmore_SE_W,"23","0","23",0.05661014817610,234.52536617439145,-33.9274353202,150.7425742111
From_Rossmore_SE_W,"24","0","24",0.06387661021889,234.52488300243499,-33.9345630816,150.7411612397
From_Rossmore_SE_W,"25","0","25",0.06460129600259,277.83710646420781,-33.9344642654,150.7404433226
From_Austral_SE_W,"0","0","0",0.00000000000000,191.20078398030890,-33.9337660179,150.8168421984
From_Austral_SE_W,"1","0","1",0.00179957657154,215.17579380935459,-33.9355313170,150.8164926347
From_Austral_SE_W,"2","0","2",0.00541987757329,258.49365092031132,-33.9373877358,150.8133845342
From_Austral_SE_W,"3","0","3",0.00757414022183,277.83700886831298,-33.9370940092,150.8112503898
From_Austral_SE_W,"4","0","4",0.00972839128364,298.57730461431311,-33.9368002462,150.8091162621
From_Austral_SE_W,"5","0","5",0.01143657384612,319.31761050780852,-33.9355048822,150.8080027453
From_Austral_SE_W,"6","0","6",0.01314474158322,345.27148310913003,-33.9342095092,150.8068892617
From_Austral_SE_W,"7","0","7",0.01491670475964,324.28770287343161,-33.9324714421,150.8072341912
From_Austral_SE_W,"8","0","8",0.01591342498545,277.35074446516126,-33.9323439217,150.8062456621
From_Austral_SE_W,"9","0","9",0.01638566843605,277.97379393497800,-33.9322835000,150.8057773000
From_Austral_SE_W,"10","0","10",0.01754256876747,278.59703978507571,-33.9321105690,150.8046333974
From_Austral_SE_W,"11","0","11",0.01949464309366,278.59791072743235,-33.9318187522,150.8027032582
From_Austral_SE_W,"12","0","12",0.02175168228762,278.59887418482396,-33.9314813069,150.8004715870
From_Austral_SE_W,"13","0","13",0.02338082492391,278.59972447543157,-33.9312377111,150.7988607590
From_Austral_SE_W,"14","0","14",0.02500996043164,278.60049423731516,-33.9309940946,150.7972499413
From_Austral_SE_W,"15","0","15",0.02659041709101,278.60125867837854,-33.9307577366,150.7956872583
From_Austral_SE_W,"16","0","16",0.02822354858845,278.60195397014354,-33.9305134795,150.7940724961
From_Austral_SE_W,"17","0","17",0.02921898953411,278.60254067229840,-33.9303645869,150.7930882534
From_Austral_SE_W,"18","0","18",0.03052475347787,275.02020245517986,-33.9301692657,150.7917971806
From_Austral_SE_W,"19","0","19",0.03197290559645,274.40664722682817,-33.9301329343,150.7903494843
From_Austral_SE_W,"20","0","20",0.03412795829660,277.37615218854125,-33.9298562793,150.7882122632
From_Austral_SE_W,"21","0","21",0.03576316172222,277.37698069583615,-33.9296463346,150.7865905932
From_Austral_SE_W,"22","0","22",0.03734561057317,277.37774102860766,-33.9294431422,150.7850212439
From_Austral_SE_W,"23","0","23",0.03897678634320,277.37850664400065,-33.9292336716,150.7834035738
From_Austral_SE_W,"24","0","24",0.04060795575931,277.37935233672039,-33.9290241801,150.7817859129
From_Austral_SE_W,"25","0","25",0.04286778059237,277.38019273780088,-33.9287339143,150.7795448073
From_Austral_SE_W,"26","0","26",0.04382555824497,277.38080419446101,-33.9286108788,150.7785949651
From_Austral_SE_W,"27","0","27",0.04482224328725,277.38129002430020,-33.9284828373,150.7776065388
From_Austral_SE_W,"28","0","28",0.04598054994824,277.38181866577759,-33.9283340225,150.7764578315
From_Austral_SE_W,"29","0","29",0.04713885340228,277.38246053427912,-33.9281851971,150.7753091288
From_Austral_SE_W,"30","0","30",0.04909329614444,277.38332674010945,-33.9279340544,150.7733708890
From_Austral_SE_W,"31","0","31",0.05135307514433,277.38428493697819,-33.9276436374,150.7711298492
From_Austral_SE_W,"32","0","32",0.05298419630750,277.38513058661573,-33.9274339869,150.7695122575
From_Austral_SE_W,"33","0","33",0.05461531110549,277.38589614880271,-33.9272243154,150.7678946750
From_Austral_SE_W,"34","0","34",0.05619768865119,277.38665641816954,-33.9270208880,150.7663254280
From_Austral_SE_W,"35","0","35",0.05783280581910,277.38734791540327,-33.9268106590,150.7647038819
From_Austral_SE_W,"36","0","36",0.05882945746887,277.38787535021902,-33.9266825075,150.7637155035
From_Austral_SE_W,"37","0","37",0.05966252876032,282.62663216309210,-33.9265753833,150.7628893485
From_Austral_SE_W,"38","0","38",0.06060546719472,328.86572529208217,-33.9262861104,150.7619918775
From_Austral_SE_W,"39","0","39",0.06196370497954,323.37908511483334,-33.9249479605,150.7622246106
From_Austral_SE_W,"40","0","40",0.06438906361569,276.89284606907222,-33.9246569263,150.7598167768
From_Austral_SE_W,"41","0","41",0.07004818173518,276.89484839163271,-33.9239776657,150.7541985722
From_Austral_SE_W,"42","0","42",0.07328193086205,233.38489468694942,-33.9235894032,150.7509882162
From_Austral_SE_W,"43","0","43",0.07735665017430,207.34481648826289,-33.9276037660,150.7502894825
From_Austral_SE_W,"44","0","44",0.07846482728831,251.32690661265082,-33.9283898815,150.7495084070
From_Austral_SE_W,"45","0","45",0.08546441728025,234.52536585950321,-33.9274353202,150.7425742111
From_Austral_SE_W,"46","0","46",0.09273087933220,234.52488585535275,-33.9345630816,150.7411612397
From_Austral_SE_W,"47","0","47",0.09345556519783,277.83711265591427,-33.9344642654,150.7404433226
To_Austral_SE_W,"0","0","0",0.00000000000000,97.83711265591425,-33.9344642654,150.7404433226
To_Austral_SE_W,"1","0","1",0.00072468586563,54.52488585535274,-33.9345630816,150.7411612397
To_Austral_SE_W,"2","0","2",0.00799114791758,54.52536585950321,-33.9274353202,150.7425742111
To_Austral_SE_W,"3","0","3",0.01499073790952,71.32690661265084,-33.9283898815,150.7495084070
To_Austral_SE_W,"4","0","4",0.01609891502353,27.34481648826291,-33.9276037660,150.7502894825
To_Austral_SE_W,"5","0","5",0.02017363433578,53.38394132959857,-33.9235894032,150.7509882162
To_Austral_SE_W,"6","0","6",0.03149186021484,143.38013408004295,-33.9249479605,150.7622246106
To_Austral_SE_W,"7","0","7",0.03285009799966,148.86572529208217,-33.9262861104,150.7619918775
To_Austral_SE_W,"8","0","8",0.03379303643406,102.62651433986939,-33.9265753833,150.7628893485
To_Austral_SE_W,"9","0","9",0.03562275937527,97.38706650243927,-33.9268106590,150.7647038819
To_Austral_SE_W,"10","0","10",0.04047136888657,97.38524380468492,-33.9274339869,150.7695122575
To_Austral_SE_W,"11","0","11",0.04436226904952,97.38351957295259,-33.9279340544,150.7733708890
To_Austral_SE_W,"12","0","12",0.04631671179167,97.38246053427918,-33.9281851971,150.7753091288
To_Austral_SE_W,"13","0","13",0.04747501524571,97.38181866577757,-33.9283340225,150.7764578315
To_Austral_SE_W,"14","0","14",0.04863332190671,97.38117679335065,-33.9284828373,150.7776065388
To_Austral_SE_W,"15","0","15",0.05058778460157,97.38011772630539,-33.9287339143,150.7795448073
To_Austral_SE_W,"16","0","16",0.05447877885062,97.37858672386706,-33.9292336716,150.7834035738
To_Austral_SE_W,"17","0","17",0.05769240347153,97.37717354055313,-33.9296463346,150.7865905932
To_Austral_SE_W,"18","0","18",0.05932760689715,97.37628913368226,-33.9298562793,150.7882122632
To_Austral_SE_W,"19","0","19",0.06032431739352,97.37572319422013,-33.9299842368,150.7892007260
To_Austral_SE_W,"20","0","20",0.06148265959731,94.40652939061442,-33.9301329343,150.7903494843
To_Austral_SE_W,"21","0","21",0.06293081171590,95.02020245517987,-33.9301692657,150.7917971806
To_Austral_SE_W,"22","0","22",0.06423657565966,98.60242682658465,-33.9303645869,150.7930882534
To_Austral_SE_W,"23","0","23",0.06618859900196,98.60153818417646,-33.9306565521,150.7950183186
To_Austral_SE_W,"24","0","24",0.06844560476210,98.60057475636981,-33.9309940946,150.7972499413
To_Austral_SE_W,"25","0","25",0.07007474026983,98.59972447543156,-33.9312377111,150.7988607590
To_Austral_SE_W,"26","0","26",0.07170388290612,98.59895470599797,-33.9314813069,150.8004715870
To_Austral_SE_W,"27","0","27",0.07328436010543,98.59819024451323,-33.9317176052,150.8020342998
To_Austral_SE_W,"28","0","28",0.07491752692362,98.59749492688259,-33.9319617595,150.8036491132
To_Austral_SE_W,"29","0","29",0.07591299642630,98.59692593553122,-33.9321105690,150.8046333974
To_Austral_SE_W,"30","0","30",0.07706989675772,97.97379393497799,-33.9322835000,150.8057773000
To_Austral_SE_W,"31","0","31",0.07754214020832,97.35074446516124,-33.9323439217,150.8062456621
To_Austral_SE_W,"32","0","32",0.07853886043413,54.27165497559517,-33.9324714421,150.8072341912
To_Austral_SE_W,"33","0","33",0.08039364993639,35.17244770938079,-33.9306519311,150.8075942245
To_Austral_SE_W,"34","0","34",0.08220371517971,59.15160024800905,-33.9297238022,150.8091482235
To_Austral_SE_W,"35","0","35",0.08401376273104,78.49417002594900,-33.9287956521,150.8107021892
To_Austral_SE_W,"36","0","36",0.08616781953622,97.83678531555967,-33.9290893803,150.8128361256
To_Austral_SE_W,"37","0","37",0.08832188792089,118.57557591520541,-33.9293830720,150.8149700787
To_Austral_SE_W,"38","0","38",0.09003004693782,139.31435626202818,-33.9306783752,150.8160836302
To_Austral_SE_W,"39","0","39",0.09173822077532,165.25879207343323,-33.9319736694,150.8171972149
To_Austral_SE_W,"40","0","40",0.09356539069419,191.20374869555039,-33.9337660179,150.8168421984
From_Austral_SW_E,"0","0","0",0.00000000000000,12.28196523530219,-33.9305134795,150.7940724961
From_Austral_SW_E,"1","0","1",0.00181545849032,36.13727888138881,-33.9287395721,150.7944586856
From_Austral_SW_E,"2","0","2",0.00363006784729,59.99203959544185,-33.9278320643,150.7960300661
From_Austral_SW_E,"3","0","3",0.00544465959104,79.29580419675311,-33.9269245349,150.7976014138
From_Austral_SW_E,"4","0","4",0.00759689288921,98.59960947123503,-33.9272463744,150.7997294475
From_Austral_SW_E,"5","0","5",0.00974913862574,119.43201383597551,-33.9275681777,150.8018574993
From_Austral_SW_E,"6","0","6",0.01145240070155,140.26441436446893,-33.9288780006,150.8029462902
From_Austral_SW_E,"7","0","7",0.01315567713364,166.26989583981759,-33.9301878149,150.8040351139
From_Austral_SW_E,"8","0","8",0.01497113191138,145.43653774585368,-33.9319617595,150.8036491132
From_Austral_SW_E,"9","0","9",0.01596660141406,98.59692591691619,-33.9321105690,150.8046333974
From_Austral_SW_E,"10","0","10",0.01712350174537,97.97379396039511,-33.9322835000,150.8057773000
From_Austral_SW_E,"11","0","11",0.01759574519606,97.35074451000359,-33.9323439217,150.8062456621
From_Austral_SW_E,"12","0","12",0.01859246542188,97.35033978768926,-33.9324714421,150.8072341912
From_Austral_SW_E,"13","0","13",0.01955027687220,97.34991540635350,-33.9325939769,150.8081841323
From_Austral_SW_E,"14","0","14",0.02022769505881,97.09774022320595,-33.9326806358,150.8088559847
From_Austral_SW_E,"15","0","15",0.02181101214627,97.34152096280839,-33.9328693624,150.8104280137
From_Austral_SW_E,"16","0","16",0.02344152858281,97.83689707688400,-33.9330917000,150.8120433000
From_Austral_SW_E,"17","0","17",0.02507205165564,98.00147421785722,-33.9333140167,150.8136585959
From_Austral_SW_E,"18","0","18",0.02665332017462,98.08222983285648,-33.9335386345,150.8152238297
From_Austral_SW_E,"19","0","19",0.02733033695813,97.99782795466051,-33.9336328339,150.8158942611
From_Austral_SW_E,"20","0","20",0.02828758470132,97.99740237931610,-33.9337660179,150.8168421984
From_Austral_SW_E,"21","0","21",0.02928372310027,97.99691517362005,-33.9339046049,150.8178286493
From_Austral_SW_E,"22","0","22",0.03044140061556,97.99591514020403,-33.9340656556,150.8189750698
From_Austral_SW_E,"23","0","23",0.03133606596873,97.99644524021284,-33.9341900943,150.8198610388
From_Austral_SW_E,"24","0","24",0.03181478333531,96.59319047999934,-33.9342567000,150.8203351000
From_Austral_SW_E,"25","0","25",0.03208458891346,90.02333279927340,-33.9342811000,150.8206038000
From_Austral_SW_E,"26","0","26",0.03223298611695,72.42346223476164,-33.9342678000,150.8207516000
From_Austral_SW_E,"27","0","27",0.03241452531384,58.11779605263800,-33.9341770000,150.8209088000
From_Austral_SW_E,"28","0","28",0.03259036538324,54.28483256309637,-33.9340793000,150.8210550000
From_Austral_SW_E,"29","0","29",0.03312847877271,40.06557855240542,-33.9337504000,150.8214809000
From_Austral_SW_E,"30","0","30",0.03337584611090,18.17782567010350,-33.9335316000,150.8215963000
From_Austral_SW_E,"31","0","31",0.03356221611920,355.25009498956820,-33.9333473000,150.8216240000
From_Austral_SW_E,"32","0","32",0.03379591378728,342.01838207167356,-33.9331251000,150.8215516000
From_Austral_SW_E,"33","0","33",0.03411708788329,347.31430716621156,-33.9328195000,150.8214528000
From_Austral_SW_E,"34","0","34",0.03439453339139,352.54455296325619,-33.9325444000,150.8214168000
To_Austral_SW_E,"0","0","0",0.00000000000000,172.54455296325617,-33.9325444000,150.8214168000
To_Austral_SW_E,"1","0","1",0.00027744550810,167.28664474323111,-33.9328195000,150.8214528000
To_Austral_SW_E,"2","0","2",0.00083231691669,175.28811186408129,-33.9333473000,150.8216240000
To_Austral_SW_E,"3","0","3",0.00101868692498,198.17782567010352,-33.9335316000,150.8215963000
To_Austral_SW_E,"4","0","4",0.00126605426317,220.06557855240544,-33.9337504000,150.8214809000
To_Austral_SW_E,"5","0","5",0.00180416765264,234.28483256309633,-33.9340793000,150.8210550000
To_Austral_SW_E,"6","0","6",0.00198000772205,238.11779605263800,-33.9341770000,150.8209088000
To_Austral_SW_E,"7","0","7",0.00216154691894,252.42346223476167,-33.9342678000,150.8207516000
To_Austral_SW_E,"8","0","8",0.00230994412243,270.02333279927342,-33.9342811000,150.8206038000
To_Austral_SW_E,"9","0","9",0.00257974970057,276.59319047999929,-33.9342567000,150.8203351000
To_Austral_SW_E,"10","0","10",0.00305846706715,277.99644524021284,-33.9341900943,150.8198610388
To_Austral_SW_E,"11","0","11",0.00395313242033,277.99591514020398,-33.9340656556,150.8189750698
To_Austral_SW_E,"12","0","12",0.00511080993561,277.99691517362004,-33.9339046049,150.8178286493
To_Austral_SW_E,"13","0","13",0.00610694833456,277.99748268890966,-33.9337660179,150.8168421984
To_Austral_SW_E,"14","0","14",0.00774121286125,277.99836955880806,-33.9335386345,150.8152238297
To_Austral_SW_E,"15","0","15",0.01095299114404,277.91811398643728,-33.9330917000,150.8120433000
To_Austral_SW_E,"16","0","16",0.01258350758058,277.34152096280843,-33.9328693624,150.8104280137
To_Austral_SW_E,"17","0","17",0.01416682466805,277.09785345600324,-33.9326806358,150.8088559847
To_Austral_SW_E,"18","0","18",0.01580205430497,277.35031553089652,-33.9324714421,150.8072341912
To_Austral_SW_E,"19","0","19",0.01727101798148,277.97367612982652,-33.9322835000,150.8057773000
To_Austral_SW_E,"20","0","20",0.01842791831278,278.59692591691618,-33.9321105690,150.8046333974
To_Austral_SW_E,"21","0","21",0.01942338781546,235.43682384538519,-33.9319617595,150.8036491132
To_Austral_SW_E,"22","0","22",0.02123884416500,216.13361460604887,-33.9337357018,150.8032630945
To_Austral_SW_E,"23","0","23",0.02305353384363,239.99131662490214,-33.9346433000,150.8016916734
To_Austral_SW_E,"24","0","24",0.02486824114716,259.29559839499876,-33.9355508767,150.8001202195
To_Austral_SW_E,"25","0","25",0.02702067912730,278.59983951270408,-33.9352290361,150.7979919790
To_Austral_SW_E,"26","0","26",0.02917310466126,299.43381375790750,-33.9349071593,150.7958637565
To_Austral_SW_E,"27","0","27",0.03087638711900,320.26779172608980,-33.9335972762,150.7947750061
To_Austral_SW_E,"28","0","28",0.03257965521608,346.27542287552143,-33.9322873845,150.7936862886
To_Austral_SW_E,"29","0","29",0.03439511527954,12.28253793222196,-33.9305134795,150.7940724961
To_Austral_SW_N,"0","0","0",0.00000000000000,59.31888543511776,-33.8846815079,150.7363188260
To_Austral_SW_N,"1","0","1",0.00633365592877,98.96735082727461,-33.8814497000,150.7417659000
To_Austral_SW_N,"2","0","2",0.00935308846117,119.73056180488332,-33.8837151609,150.7437620613
To_Austral_SW_N,"3","0","3",0.02007970287556,98.87046009579993,-33.8857334593,150.7542970851
To_Austral_SW_N,"4","0","4",0.02654443069498,143.37868458577358,-33.8865096199,150.7607150506
To_Austral_SW_N,"5","0","5",0.03061910980190,189.86256423934387,-33.8905240910,150.7600171741
To_Austral_SW_N,"6","0","6",0.03876848049044,143.37851731399402,-33.8985530061,150.7586211926
To_Austral_SW_N,"7","0","7",0.04200132114072,94.84247745127475,-33.8989410344,150.7618306618
To_Austral_SW_N,"8","0","8",0.04744347944636,95.37038019526292,-33.8992060564,150.7672663632
To_Austral_SW_N,"9","0","9",0.04860073674639,97.94909944066890,-33.8993661048,150.7684124998
To_Austral_SW_N,"10","0","10",0.05055342922591,97.94823187769231,-33.8996361366,150.7703464312
To_Austral_SW_N,"11","0","11",0.05281120792301,97.94727216309748,-33.8999483190,150.7725825231
To_Austral_SW_N,"12","0","12",0.05444090084952,97.94642516045775,-33.9001736301,150.7741965658
To_Austral_SW_N,"13","0","13",0.05607060049023,97.94565836059517,-33.9003989205,150.7758106182
To_Austral_SW_N,"14","0","14",0.05765161765706,97.94489685021861,-33.9006174601,150.7773764585
To_Austral_SW_N,"15","0","15",0.05928534203202,97.94406705766430,-33.9008432639,150.7789945030
To_Austral_SW_N,"16","0","16",0.06143844603685,97.66271322313983,-33.9011408197,150.7811269469
To_Austral_SW_N,"17","0","17",0.06321585854706,97.38087560180261,-33.9013691830,150.7828896283
To_Austral_SW_N,"18","0","18",0.06516972295856,97.37944514985438,-33.9016201538,150.7848273072
To_Austral_SW_N,"19","0","19",0.06742885601253,97.37848760546932,-33.9019102970,150.7870677311
To_Austral_SW_N,"20","0","20",0.06905952608005,97.37764251790124,-33.9021197000,150.7886849000
To_Austral_SW_N,"21","0","21",0.07069020248788,97.37687745195889,-33.9023290820,150.7903020780
To_Austral_SW_N,"22","0","22",0.07227216688262,97.37611766408304,-33.9025321886,150.7918709499
To_Austral_SW_N,"23","0","23",0.07390686969001,97.37542659618400,-33.9027420446,150.7934921266
To_Austral_SW_N,"24","0","24",0.07490327503728,97.37486106314691,-33.9028699481,150.7944802887
To_Austral_SW_N,"25","0","25",0.07606126260197,143.95968429010807,-33.9030185828,150.7956286975
To_Austral_SW_N,"26","0","26",0.07787342182313,190.54520252774145,-33.9048001387,150.7952970658
To_Austral_SW_N,"27","0","27",0.08238514830033,149.11541934463472,-33.9092356595,150.7944713353
To_Austral_SW_N,"28","0","28",0.08373759269669,101.35194599374638,-33.9096465144,150.7957598632
To_Austral_SW_N,"29","0","29",0.08404149464319,96.43077147712658,-33.9096731000,150.7960626000
To_Austral_SW_N,"30","0","30",0.08821138480321,97.72772092293265,-33.9102421083,150.8001934853
To_Austral_SW_N,"31","0","31",0.09036554065213,144.53075404821996,-33.9105274786,150.8023286554
To_Austral_SW_N,"32","0","32",0.09191692302694,191.44919331257532,-33.9120479917,150.8020207151
To_Austral_SW_N,"33","0","33",0.09413210429618,191.44983990710776,-33.9142190911,150.8015809934
To_Austral_SW_N,"34","0","34",0.09683691070278,191.45059369856256,-33.9168700654,150.8010440454
To_Austral_SW_N,"35","0","35",0.09919125956200,191.45132674668034,-33.9191775507,150.8005766377
To_Austral_SW_N,"36","0","36",0.10175690792509,191.43776543655170,-33.9216921235,150.8000672505
To_Austral_SW_N,"37","0","37",0.10268112858229,192.93443726897326,-33.9225980342,150.7998841943
To_Austral_SW_N,"38","0","38",0.10507960471683,193.22601154990863,-33.9249206885,150.7992858925
To_Austral_SW_N,"39","0","39",0.10559073237696,145.20797043060702,-33.9254206338,150.7991795619
To_Austral_SW_N,"40","0","40",0.10649468914961,144.58062247181249,-33.9255528259,150.8000738007
To_Austral_SW_N,"41","0","41",0.10738339789940,191.51505337629951,-33.9264259315,150.7999080000
To_Austral_SW_N,"42","0","42",0.10822304515421,145.43844634927922,-33.9272463744,150.7997294475
To_Austral_SW_N,"43","0","43",0.11037529089073,119.43201383597551,-33.9275681777,150.8018574993
To_Austral_SW_N,"44","0","44",0.11207855296654,140.26441436446893,-33.9288780006,150.8029462902
To_Austral_SW_N,"45","0","45",0.11378182939864,166.26989583965073,-33.9301878149,150.8040351139
To_Austral_SW_N,"46","0","46",0.11559728417643,192.27617950980763,-33.9319617595,150.8036491132
To_Austral_SW_N,"47","0","47",0.11741274052591,216.13361460621579,-33.9337357018,150.8032630945
To_Austral_SW_N,"48","0","48",0.11922743020454,239.99131662490214,-33.9346433000,150.8016916734
To_Austral_SW_N,"49","0","49",0.12104213750808,259.29559839499876,-33.9355508767,150.8001202195
To_Austral_SW_N,"50","0","50",0.12319457548822,278.59932714295184,-33.9352290361,150.7979919790
From_Austral_SW_N,"0","0","0",0.00000000000000,278.60035188245627,-33.9352290361,150.7979919790
From_Austral_SW_N,"1","0","1",0.00215242553396,299.43407180318525,-33.9349071593,150.7958637565
From_Austral_SW_N,"2","0","2",0.00555897608865,346.27516482850632,-33.9322873845,150.7936862886
From_Austral_SW_N,"3","0","3",0.00737443615210,12.28225158376208,-33.9305134795,150.7940724961
From_Austral_SW_N,"4","0","4",0.00918989464242,36.13727888072617,-33.9287395721,150.7944586856
From_Austral_SW_N,"5","0","5",0.01100450399937,59.99203959544185,-33.9278320643,150.7960300661
From_Austral_SW_N,"6","0","6",0.01281909574314,79.29580419697750,-33.9269245349,150.7976014138
From_Austral_SW_N,"7","0","7",0.01497132904131,55.43895860814209,-33.9272463744,150.7997294475
From_Austral_SW_N,"8","0","8",0.01581097629612,11.51505337629951,-33.9264259315,150.7999080000
From_Austral_SW_N,"9","0","9",0.01669968504590,324.58062247181249,-33.9255528259,150.8000738007
From_Austral_SW_N,"10","0","10",0.01760364181856,325.20797043060708,-33.9254206338,150.7991795619
From_Austral_SW_N,"11","0","11",0.01811476947869,13.22601154990863,-33.9249206885,150.7992858925
From_Austral_SW_N,"12","0","12",0.02051324561323,12.93443726897322,-33.9225980342,150.7998841943
From_Austral_SW_N,"13","0","13",0.02143746627042,11.43784397652022,-33.9216921235,150.8000672505
From_Austral_SW_N,"14","0","14",0.02308250480694,11.45156518599737,-33.9200798344,150.8003938630
From_Austral_SW_N,"15","0","15",0.02498455063720,11.45105718701443,-33.9182156511,150.8007714857
From_Austral_SW_N,"16","0","16",0.02635746349277,11.45060889826907,-33.9168700654,150.8010440454
From_Austral_SW_N,"17","0","17",0.02773037560495,11.45020310111730,-33.9155244785,150.8013165954
From_Austral_SW_N,"18","0","18",0.02906226989938,11.44980014107472,-33.9142190911,150.8015809934
From_Austral_SW_N,"19","0","19",0.03043855993556,11.44943365874567,-33.9128701897,150.8018541950
From_Austral_SW_N,"20","0","20",0.03127745116862,11.44909086982686,-33.9120479917,150.8020207151
From_Austral_SW_N,"21","0","21",0.03282883354344,324.53075404821988,-33.9105274786,150.8023286554
From_Austral_SW_N,"22","0","22",0.03498298939236,277.72772092293263,-33.9102421083,150.8001934853
From_Austral_SW_N,"23","0","23",0.03915287955238,276.43077147712660,-33.9096731000,150.7960626000
From_Austral_SW_N,"24","0","24",0.03945678149888,281.35194599374637,-33.9096465144,150.7957598632
From_Austral_SW_N,"25","0","25",0.04080922589524,329.11529314076836,-33.9092356595,150.7944713353
From_Austral_SW_N,"26","0","26",0.04713311159345,323.96022940491457,-33.9030185828,150.7956286975
From_Austral_SW_N,"27","0","27",0.05024500891629,277.37570300843265,-33.9026191270,150.7925425446
From_Austral_SW_N,"28","0","28",0.05250417170745,277.37679742386393,-33.9023290820,150.7903020780
From_Austral_SW_N,"29","0","29",0.05413484811528,277.37764251790122,-33.9021197000,150.7886849000
From_Austral_SW_N,"30","0","30",0.05576551818280,277.37840757865979,-33.9019102970,150.7870677311
From_Austral_SW_N,"31","0","31",0.05734746430860,277.37916735137037,-33.9017071301,150.7854988854
From_Austral_SW_N,"32","0","32",0.05898213570057,277.37985839563805,-33.9014971703,150.7838777539
From_Austral_SW_N,"33","0","33",0.05997851564829,277.38098875203434,-33.9013691830,150.7828896283
From_Austral_SW_N,"34","0","34",0.06175592815851,277.66259520499347,-33.9011408197,150.7811269469
From_Austral_SW_N,"35","0","35",0.06291322301677,277.94375081011333,-33.9009808880,150.7799807562
From_Austral_SW_N,"36","0","36",0.06486596351723,277.94443103649593,-33.9007110051,150.7780467555
From_Austral_SW_N,"37","0","37",0.06554275653831,277.94501026054576,-33.9006174601,150.7773764585
From_Austral_SW_N,"38","0","38",0.06712377370514,277.94565836059519,-33.9003989205,150.7758106182
From_Austral_SW_N,"39","0","39",0.06875347334585,277.94642516045775,-33.9001736301,150.7741965658
From_Austral_SW_N,"40","0","40",0.07038316627237,277.94719195572782,-33.8999483190,150.7725825231
From_Austral_SW_N,"41","0","41",0.07196416409293,277.94795344958322,-33.8997297193,150.7710167107
From_Austral_SW_N,"42","0","42",0.07359785519983,277.94864605948641,-33.8995038123,150.7693987142
From_Austral_SW_N,"43","0","43",0.07459363744901,277.94921284711609,-33.8993661048,150.7684124998
From_Austral_SW_N,"44","0","44",0.07575089474904,275.37038019526290,-33.8992060564,150.7672663632
From_Austral_SW_N,"45","0","45",0.08119305305467,274.84247745127476,-33.8989410344,150.7618306618
From_Austral_SW_N,"46","0","46",0.08442589370496,323.37824802458181,-33.8985530061,150.7586211926
From_Austral_SW_N,"47","0","47",0.09664994349934,323.37922316542256,-33.8865096199,150.7607150506
From_Austral_SW_N,"48","0","48",0.10311467131876,278.87046009579990,-33.8857334593,150.7542970851
From_Austral_SW_N,"49","0","49",0.11384128573314,299.73056180488334,-33.8837151609,150.7437620613
From_Austral_SW_N,"50","0","50",0.11686071826555,278.96735082727463,-33.8814497000,150.7417659000
From_Austral_SW_N,"51","0","51",0.12319437419432,239.31888543511778,-33.8846815079,150.7363188260
To_Austral_SW_S,"0","0","0",0.00000000000000,100.35633203611792,-33.9536059000,150.8081771000
To_Austral_SW_S,"1","0","1",0.00046782138685,84.70883078493983,-33.9536900000,150.8086373000
To_Austral_SW_S,"2","0","2",0.00105824400653,32.72785599307706,-33.9534790016,150.8091887332
To_Austral_SW_S,"3","0","3",0.00217256100627,356.10349269829260,-33.9523668903,150.8091186556
To_Austral_SW_S,"4","0","4",0.00355233487990,339.23929492515845,-33.9509907997,150.8090179061
To_Austral_SW_S,"5","0","5",0.00390850996237,300.24728605864823,-33.9507076000,150.8088019000
To_Austral_SW_S,"6","0","6",0.00690994233628,277.95231993737605,-33.9502987754,150.8058284410
To_Austral_SW_S,"7","0","7",0.01052503613531,277.59660468031086,-33.9497909000,150.8022492000
To_Austral_SW_S,"8","0","8",0.01070582916616,277.19608458112657,-33.9497685000,150.8020698000
To_Austral_SW_S,"9","0","9",0.01271389082363,277.31375163289005,-33.9495142150,150.8000779037
To_Austral_SW_S,"10","0","10",0.01524500633526,277.35584020671024,-33.9491903000,150.7975676000
To_Austral_SW_S,"11","0","11",0.01605225593738,277.12693284082621,-33.9490869000,150.7967670000
To_Austral_SW_S,"12","0","12",0.01621886073917,321.75633067949246,-33.9490669000,150.7966016000
To_Austral_SW_S,"13","0","13",0.01643751773084,6.56286483315417,-33.9488497000,150.7966268000
To_Austral_SW_S,"14","0","14",0.01681515099244,51.16936597331479,-33.9484745000,150.7966696000
To_Austral_SW_S,"15","0","15",0.01690275424291,42.41042646014920,-33.9484834000,150.7967567500
To_Austral_SW_S,"16","0","16",0.01828693205248,348.98996132445643,-33.9471247002,150.7964923960
To_Austral_SW_S,"17","0","17",0.01872942032736,348.99014670005636,-33.9466903563,150.7964078899
To_Austral_SW_S,"18","0","18",0.01991669768070,0.01932383699772,-33.9455249312,150.7961811481
To_Austral_SW_S,"19","0","19",0.02046233154185,11.04809496969385,-33.9449894104,150.7962857125
To_Austral_SW_S,"20","0","20",0.02104514337158,11.04793041945292,-33.9444173993,150.7963973952
To_Austral_SW_S,"21","0","21",0.02273485871512,11.09374398982428,-33.9427590000,150.7967212000
To_Austral_SW_S,"22","0","22",0.02432287692968,11.03746228358050,-33.9412009000,150.7970280000
To_Austral_SW_S,"23","0","23",0.02500718841641,10.93552106078413,-33.9405290147,150.7971578168
To_Austral_SW_S,"24","0","24",0.02567098500547,10.71456008996958,-33.9398772718,150.7972837417
To_Austral_SW_S,"25","0","25",0.02638864615527,10.63759313520811,-33.9391716134,150.7974144463
To_Austral_SW_S,"26","0","26",0.02719547019066,6.33293752785077,-33.9383790319,150.7975653753
To_Austral_SW_S,"27","0","27",0.02859839807095,7.08260313478035,-33.9369768626,150.7976115051
To_Austral_SW_S,"28","0","28",0.02954750593402,12.28077731835134,-33.9360494737,150.7978133851
To_Austral_SW_S,"29","0","29",0.03038715679789,325.44049407664363,-33.9352290361,150.7979919790
To_Austral_SW_S,"30","0","30",0.03253958233185,299.43381375790750,-33.9349071593,150.7958637565
To_Austral_SW_S,"31","0","31",0.03424286478958,320.26779172608980,-33.9335972762,150.7947750061
To_Austral_SW_S,"32","0","32",0.03594613288667,346.27542287595963,-33.9322873845,150.7936862886
To_Austral_SW_S,"33","0","33",0.03776159295013,12.28225158376208,-33.9305134795,150.7940724961
To_Austral_SW_S,"34","0","34",0.03957705144044,36.13727888061295,-33.9287395721,150.7944586856
To_Austral_SW_S,"35","0","35",0.04043772654916,59.99259252744241,-33.9283091382,150.7952039965
To_Austral_SW_S,"36","0","36",0.04139166079742,59.99203959554006,-33.9278320643,150.7960300661
To_Austral_SW_S,"37","0","37",0.04231206711852,59.99148666341435,-33.9273717427,150.7968270930
To_Austral_SW_S,"38","0","38",0.04320625254116,79.29580419696556,-33.9269245349,150.7976014138
To_Austral_SW_S,"39","0","39",0.04535848583933,98.60012173009791,-33.9272463744,150.7997294475
From_Austral_SW_S,"0","0","0",0.00000000000000,98.59909721237216,-33.9272463744,150.7997294475
From_Austral_SW_S,"1","0","1",0.00215224573653,119.43201383597551,-33.9275681777,150.8018574993
From_Austral_SW_S,"2","0","2",0.00385550781234,140.26441436446893,-33.9288780006,150.8029462902
From_Austral_SW_S,"3","0","3",0.00555878424443,166.26989583965073,-33.9301878149,150.8040351139
From_Austral_SW_S,"4","0","4",0.00737423902222,192.27617950980763,-33.9319617595,150.8036491132
From_Austral_SW_S,"5","0","5",0.00918969537170,216.13361460621579,-33.9337357018,150.8032630945
From_Austral_SW_S,"6","0","6",0.01100438505034,239.99131662490214,-33.9346433000,150.8016916734
From_Austral_SW_S,"7","0","7",0.01281909235387,259.29559839499876,-33.9355508767,150.8001202195
From_Austral_SW_S,"8","0","8",0.01497153033401,235.43998170689142,-33.9352290361,150.7979919790
From_Austral_SW_S,"9","0","9",0.01581118119788,192.28077731835131,-33.9360494737,150.7978133851
From_Austral_SW_S,"10","0","10",0.01676028906095,187.08260313478038,-33.9369768626,150.7976115051
From_Austral_SW_S,"11","0","11",0.01816321694124,186.33293752785076,-33.9383790319,150.7975653753
From_Austral_SW_S,"12","0","12",0.01897004097663,190.63759313520811,-33.9391716134,150.7974144463
From_Austral_SW_S,"13","0","13",0.01968770212643,190.71456008996961,-33.9398772718,150.7972837417
From_Austral_SW_S,"14","0","14",0.02035149871548,190.93552106078414,-33.9405290147,150.7971578168
From_Austral_SW_S,"15","0","15",0.02103581020222,191.03746228358051,-33.9412009000,150.7970280000
From_Austral_SW_S,"16","0","16",0.02262382841678,191.09374398982430,-33.9427590000,150.7967212000
From_Austral_SW_S,"17","0","17",0.02431354376032,191.04793041945291,-33.9444173993,150.7963973952
From_Austral_SW_S,"18","0","18",0.02489635559004,191.04809496969389,-33.9449894104,150.7962857125
From_Austral_SW_S,"19","0","19",0.02544198945119,180.01932383699770,-33.9455249312,150.7961811481
From_Austral_SW_S,"20","0","20",0.02662926680454,168.99014670005633,-33.9466903563,150.7964078899
From_Austral_SW_S,"21","0","21",0.02707175507941,168.98996132445643,-33.9471247002,150.7964923960
From_Austral_SW_S,"22","0","22",0.02845593288899,132.41042646107891,-33.9484834000,150.7967567500
From_Austral_SW_S,"23","0","23",0.02854353617377,141.30711564138673,-33.9484923000,150.7968439000
From_Austral_SW_S,"24","0","24",0.02880345558443,186.77899378546670,-33.9487504000,150.7968132000
From_Austral_SW_S,"25","0","25",0.02892721975532,142.05005882331875,-33.9488733000,150.7967986000
From_Austral_SW_S,"26","0","26",0.03227951230718,97.52122312393877,-33.9493007301,150.8001235314
From_Austral_SW_S,"27","0","27",0.03428998933811,97.15202071540837,-33.9495707000,150.8021158000
From_Austral_SW_S,"28","0","28",0.03446434024861,96.59370112001982,-33.9495907000,150.8022890000
From_Austral_SW_S,"29","0","29",0.03473664511455,97.85725385758680,-33.9496220000,150.8025595000
From_Austral_SW_S,"30","0","30",0.03532628941411,98.48041394231430,-33.9497154000,150.8031417000
From_Austral_SW_S,"31","0","31",0.03696775888383,97.85566629845707,-33.9499395000,150.8047678000
From_Austral_SW_S,"32","0","32",0.03809665427557,97.86425866763511,-33.9500939692,150.8058860773
From_Austral_SW_S,"33","0","33",0.03899161522194,97.82888882431014,-33.9502164187,150.8067726218
From_Austral_SW_S,"34","0","34",0.04103042707600,97.69195688274129,-33.9504929000,150.8087926000
From_Austral_SW_S,"35","0","35",0.04136203245898,139.07549803680379,-33.9505367000,150.8091213000
From_Austral_SW_S,"36","0","36",0.04157654273847,191.73888204984115,-33.9507512000,150.8091192000
From_Austral_SW_S,"37","0","37",0.04183667432549,189.36472363296420,-33.9509907997,150.8090179061
From_Austral_SW_S,"38","0","38",0.04321644819912,176.10349269829260,-33.9523668903,150.8091186556
From_Austral_SW_S,"39","0","39",0.04433076519886,175.54985017092037,-33.9534790016,150.8091887332
From_Austral_SW_S,"40","0","40",0.04491626574982,221.62618123845482,-33.9540620040,150.8092427621
From_Austral_SW_S,"41","0","41",0.04577980548288,275.42408042147844,-33.9540839000,150.8083795000
From_Austral_SW_S,"42","0","42",0.04627402984503,282.30111625549574,-33.9539786058,150.8078966223
To_Austral_SW_W,"0","0","0",0.00000000000000,97.83711265591425,-33.9344642654,150.7404433226
To_Austral_SW_W,"1","0","1",0.00072468586563,54.52488585535274,-33.9345630816,150.7411612397
To_Austral_SW_W,"2","0","2",0.00799114791758,54.52536585950321,-33.9274353202,150.7425742111
To_Austral_SW_W,"3","0","3",0.01499073790952,71.32690661265084,-33.9283898815,150.7495084070
To_Austral_SW_W,"4","0","4",0.01609891502353,27.34481648826291,-33.9276037660,150.7502894825
To_Austral_SW_W,"5","0","5",0.02017363433578,53.38489468694947,-33.9235894032,150.7509882162
To_Austral_SW_W,"6","0","6",0.02340738346265,96.89484839163272,-33.9239776657,150.7541985722
To_Austral_SW_W,"7","0","7",0.02906650158214,96.89284606907219,-33.9246569263,150.7598167768
To_Austral_SW_W,"8","0","8",0.03149186021829,143.37908511483334,-33.9249479605,150.7622246106
To_Austral_SW_W,"9","0","9",0.03285009800311,148.86572529099541,-33.9262861104,150.7619918775
To_Austral_SW_W,"10","0","10",0.03379303643752,102.62663216310028,-33.9265753833,150.7628893485
To_Austral_SW_W,"11","0","11",0.03462610772895,97.38787535131398,-33.9266825075,150.7637155035
To_Austral_SW_W,"12","0","12",0.03562275937872,97.38742799433827,-33.9268106590,150.7647038819
To_Austral_SW_W,"13","0","13",0.03658050494634,97.38681657544480,-33.9269338002,150.7656536781
To_Austral_SW_W,"14","0","14",0.03884025409231,97.38597622714296,-33.9272243154,150.7678946750
To_Austral_SW_W,"15","0","15",0.04047136889030,97.38513058556147,-33.9274339869,150.7695122575
To_Austral_SW_W,"16","0","16",0.04210249005350,97.38428493632757,-33.9276436374,150.7711298492
To_Austral_SW_W,"17","0","17",0.04436226905337,97.38344457053147,-33.9279340544,150.7733708890
To_Austral_SW_W,"18","0","18",0.04532003464649,97.38283312832877,-33.9280571296,150.7743207139
To_Austral_SW_W,"19","0","19",0.04631671179553,97.38234730569251,-33.9281851971,150.7753091288
To_Austral_SW_W,"20","0","20",0.04747501524958,97.38181866891462,-33.9283340225,150.7764578315
To_Austral_SW_W,"21","0","21",0.04863332191058,97.38117679315050,-33.9284828373,150.7776065388
To_Austral_SW_W,"22","0","22",0.05058778460544,97.38031056775959,-33.9287339143,150.7795448073
To_Austral_SW_W,"23","0","23",0.05284760943850,97.37935233672044,-33.9290241801,150.7817859129
To_Austral_SW_W,"24","0","24",0.05447877885461,97.37850664400065,-33.9292336716,150.7834035738
To_Austral_SW_W,"25","0","25",0.05610995462464,97.37774102994935,-33.9294431422,150.7850212439
To_Austral_SW_W,"26","0","26",0.05769240347557,97.37709393051446,-33.9296463346,150.7865905932
To_Austral_SW_W,"27","0","27",0.05836980925865,97.37663343823016,-33.9297333097,150.7872623922
To_Austral_SW_W,"28","0","28",0.05932760690122,97.37620904536843,-33.9298562793,150.7882122632
To_Austral_SW_W,"29","0","29",0.06032431739758,97.37572319402231,-33.9299842368,150.7892007260
To_Austral_SW_W,"30","0","30",0.06148265960139,94.40652939183438,-33.9301329343,150.7903494843
To_Austral_SW_W,"31","0","31",0.06293081171997,95.02020245517987,-33.9301692657,150.7917971806
To_Austral_SW_W,"32","0","32",0.06423657566373,98.60254067229840,-33.9303645869,150.7930882534
To_Austral_SW_W,"33","0","33",0.06523201660939,55.44211601851313,-33.9305134795,150.7940724961
To_Austral_SW_W,"34","0","34",0.06704747509970,36.13727888095057,-33.9287395721,150.7944586856
To_Austral_SW_W,"35","0","35",0.06886208445667,59.99203959544185,-33.9278320643,150.7960300661
To_Austral_SW_W,"36","0","36",0.07067667620042,79.29580419675311,-33.9269245349,150.7976014138
To_Austral_SW_W,"37","0","37",0.07282890949859,98.59960947123503,-33.9272463744,150.7997294475
To_Austral_SW_W,"38","0","38",0.07498115523512,119.43201383597551,-33.9275681777,150.8018574993
To_Austral_SW_W,"39","0","39",0.07668441731093,140.26441436446893,-33.9288780006,150.8029462902
To_Austral_SW_W,"40","0","40",0.07838769374302,166.26989583981759,-33.9301878149,150.8040351139
To_Austral_SW_W,"41","0","41",0.08020314852076,192.27589341027610,-33.9319617595,150.8036491132
From_Austral_SW_W,"0","0","0",0.00000000000000,192.27646560933911,-33.9319617595,150.8036491132
From_Austral_SW_W,"1","0","1",0.00181545634953,216.13361460604887,-33.9337357018,150.8032630945
From_Austral_SW_W,"2","0","2",0.00363014602816,239.99131662490214,-33.9346433000,150.8016916734
From_Austral_SW_W,"3","0","3",0.00544485333170,259.29559839488559,-33.9355508767,150.8001202195
From_Austral_SW_W,"4","0","4",0.00759729131189,278.59983951270408,-33.9352290361,150.7979919790
From_Austral_SW_W,"5","0","5",0.00974971684580,299.43381375802062,-33.9349071593,150.7958637565
From_Austral_SW_W,"6","0","6",0.01145299930353,320.26779172608980,-33.9335972762,150.7947750061
From_Austral_SW_W,"7","0","7",0.01315626740062,346.27542287595963,-33.9322873845,150.7936862886
From_Austral_SW_W,"8","0","8",0.01497172746408,325.44240236784952,-33.9305134795,150.7940724961
From_Austral_SW_W,"9","0","9",0.01596716840974,278.60254067229840,-33.9303645869,150.7930882534
From_Austral_SW_W,"10","0","10",0.01727293235349,275.02020245517986,-33.9301692657,150.7917971806
From_Austral_SW_W,"11","0","11",0.01872108447208,274.40676046233773,-33.9301329343,150.7903494843
From_Austral_SW_W,"12","0","12",0.02183393481475,277.37675858734718,-33.9297333097,150.7872623922
From_Austral_SW_W,"13","0","13",0.02572496521864,277.37842655489800,-33.9292336716,150.7834035738
From_Austral_SW_W,"14","0","14",0.02893856517753,277.37983972802272,-33.9288209274,150.7802165899
From_Austral_SW_W,"15","0","15",0.03057373712035,277.38086104773606,-33.9286108788,150.7785949651
From_Austral_SW_W,"16","0","16",0.03272872882360,277.38170083755779,-33.9283340225,150.7764578315
From_Austral_SW_W,"17","0","17",0.03388703227765,277.38246053617036,-33.9281851971,150.7753091288
From_Austral_SW_W,"18","0","18",0.03584147501980,277.38332673979011,-33.9279340544,150.7733708890
From_Austral_SW_W,"19","0","19",0.03810125401967,277.38428493632762,-33.9276436374,150.7711298492
From_Austral_SW_W,"20","0","20",0.03973237518286,277.38513058556151,-33.9274339869,150.7695122575
From_Austral_SW_W,"21","0","21",0.04136348998085,277.38589614880271,-33.9272243154,150.7678946750
From_Austral_SW_W,"22","0","22",0.04294586752655,277.38665641816954,-33.9270208880,150.7663254280
From_Austral_SW_W,"23","0","23",0.04458098469446,277.38734791540327,-33.9268106590,150.7647038819
From_Austral_SW_W,"24","0","24",0.04557763634423,277.38787535131399,-33.9266825075,150.7637155035
From_Austral_SW_W,"25","0","25",0.04641070763566,282.62663216310023,-33.9265753833,150.7628893485
From_Austral_SW_W,"26","0","26",0.04735364607007,328.86572529099539,-33.9262861104,150.7619918775
From_Austral_SW_W,"27","0","27",0.04871188385489,323.37908511483334,-33.9249479605,150.7622246106
From_Austral_SW_W,"28","0","28",0.05113724249104,276.89284606907222,-33.9246569263,150.7598167768
From_Austral_SW_W,"29","0","29",0.05679636061053,276.89484839163271,-33.9239776657,150.7541985722
From_Austral_SW_W,"30","0","30",0.06003010973740,233.38489468694942,-33.9235894032,150.7509882162
From_Austral_SW_W,"31","0","31",0.06410482904965,207.34481648826289,-33.9276037660,150.7502894825
From_Austral_SW_W,"32","0","32",0.06521300616367,251.32690661265082,-33.9283898815,150.7495084070
From_Austral_SW_W,"33","0","33",0.07221259615560,234.52536585950321,-33.9274353202,150.7425742111
From_Austral_SW_W,"34","0","34",0.07947905820755,234.52488585535275,-33.9345630816,150.7411612397
From_Austral_SW_W,"35","0","35",0.08020374407318,277.83711265591427,-33.9344642654,150.7404433226
To_KempsCreek_SW_E,"0","0","0",0.00000000000000,277.88232676873702,-33.9207225000,150.8287731000
To_KempsCreek_SW_E,"1","0","1",0.00089488508105,277.88067053487032,-33.9205997763,150.8278866700
To_KempsCreek_SW_E,"2","0","2",0.00221139729229,277.88005111752869,-33.9204193066,150.8265825860
To_KempsCreek_SW_E,"3","0","3",0.00309297251426,277.88124814869343,-33.9202984271,150.8257093374
To_KempsCreek_SW_E,"4","0","4",0.00356312639793,277.88627287626883,-33.9202339581,150.8252436246
To_KempsCreek_SW_E,"5","0","5",0.00423103154985,277.88445791464130,-33.9201422605,150.8245820440
To_KempsCreek_SW_E,"6","0","6",0.00566739527636,277.88780417049793,-33.9199453920,150.8231592357
To_KempsCreek_SW_E,"7","0","7",0.00608879152421,277.93221764656317,-33.9198874892,150.8227418366
To_KempsCreek_SW_E,"8","0","8",0.00699762216752,277.94881064631886,-33.9197615290,150.8218417770
To_KempsCreek_SW_E,"9","0","9",0.00775965510303,277.93119865260792,-33.9196563831,150.8210870330
To_KempsCreek_SW_E,"10","0","10",0.00915125030899,277.93168553851837,-33.9194643610,150.8197087497
To_KempsCreek_SW_E,"11","0","11",0.01010841462525,277.93218340812399,-33.9193322747,150.8187607430
To_KempsCreek_SW_E,"12","0","12",0.01078537241492,277.93264487909130,-33.9192388516,150.8180902626
To_KempsCreek_SW_E,"13","0","13",0.01236677450448,277.93329335129846,-33.9190205968,150.8165239940
To_KempsCreek_SW_E,"14","0","14",0.01399687094457,277.93406059410194,-33.9187956000,150.8149095000
To_KempsCreek_SW_E,"15","0","15",0.01562696069330,277.93482782931244,-33.9185705824,150.8132950157
To_KempsCreek_SW_E,"16","0","16",0.01720834350238,277.93558976182197,-33.9183522674,150.8117287749
To_KempsCreek_SW_E,"17","0","17",0.01884243245337,277.93628277001574,-33.9181266547,150.8101103356
To_KempsCreek_SW_E,"18","0","18",0.01983845721212,277.75509803791039,-33.9179891264,150.8091238513
To_KempsCreek_SW_E,"19","0","19",0.02194521651974,277.76669659401068,-33.9177114562,150.8070354706
To_KempsCreek_SW_E,"20","0","20",0.02410741021344,277.98633998917620,-33.9174120397,150.8048941086
To_KempsCreek_SW_E,"21","0","21",0.02799543318025,324.73150477946871,-33.9168700654,150.8010440454
To_KempsCreek_SW_E,"22","0","22",0.03127038763621,11.44975502369780,-33.9136602894,150.8016941723
To_KempsCreek_SW_E,"23","0","23",0.03291542085607,11.44915087253041,-33.9120479917,150.8020207151
To_KempsCreek_SW_E,"24","0","24",0.03446680323088,324.53075404821988,-33.9105274786,150.8023286554
To_KempsCreek_SW_E,"25","0","25",0.03662095907980,277.72772092293263,-33.9102421083,150.8001934853
To_KempsCreek_SW_E,"26","0","26",0.04079084923982,276.43077147712660,-33.9096731000,150.7960626000
To_KempsCreek_SW_E,"27","0","27",0.04109475118633,281.35194599374637,-33.9096465144,150.7957598632
To_KempsCreek_SW_E,"28","0","28",0.04244719558268,329.11529314076836,-33.9092356595,150.7944713353
To_KempsCreek_SW_E,"29","0","29",0.04877108128089,323.96011624994952,-33.9030185828,150.7956286975
To_KempsCreek_SW_E,"30","0","30",0.05092547419282,277.37547669962737,-33.9027420446,150.7934921266
To_KempsCreek_SW_E,"31","0","31",0.05414214139489,277.37668427002359,-33.9023290820,150.7903020780
To_KempsCreek_SW_E,"32","0","32",0.05577281780272,277.37764251790122,-33.9021197000,150.7886849000
To_KempsCreek_SW_E,"33","0","33",0.05740348787024,277.37860075523315,-33.9019102970,150.7870677311
To_KempsCreek_SW_E,"34","0","34",0.06062010538794,277.37967145005985,-33.9014971703,150.7838777539
To_KempsCreek_SW_E,"35","0","35",0.06161648533561,277.38098875212654,-33.9013691830,150.7828896283
To_KempsCreek_SW_E,"36","0","36",0.06339389784588,277.66259520487569,-33.9011408197,150.7811269469
To_KempsCreek_SW_E,"37","0","37",0.06455119270414,277.94363739820608,-33.9009808880,150.7799807562
To_KempsCreek_SW_E,"38","0","38",0.06554700185072,234.64617255885730,-33.9008432639,150.7789945030
To_KempsCreek_SW_E,"39","0","39",0.06736060708037,215.30332301678604,-33.9026214106,150.7786376302
To_KempsCreek_SW_E,"40","0","40",0.06917084917289,239.25874889064193,-33.9035467524,150.7770817642
To_KempsCreek_SW_E,"41","0","41",0.07098110890044,258.60266655505649,-33.9044720730,150.7755258651
To_KempsCreek_SW_E,"42","0","42",0.07313428337898,277.94653921066958,-33.9041744176,150.7733933638
To_KempsCreek_SW_E,"43","0","43",0.07528744613467,298.70375345556789,-33.9038767259,150.7712608795
To_KempsCreek_SW_E,"44","0","44",0.07699464226386,319.46097643748232,-33.9025793293,150.7701512486
To_KempsCreek_SW_E,"45","0","45",0.07870182365191,345.40803558233449,-33.9012819238,150.7690416508
To_KempsCreek_SW_E,"46","0","46",0.08051543182732,11.35457559713718,-33.8995038123,150.7693987142
From_KempsCreek_SW_E,"0","0","0",0.00000000000000,11.35403850123352,-33.8995038123,150.7693987142
From_KempsCreek_SW_E,"1","0","1",0.00181360691177,35.30706224930779,-33.8977256988,150.7697557607
From_KempsCreek_SW_E,"2","0","2",0.00362377202012,59.25953068423240,-33.8968004477,150.7713115911
From_KempsCreek_SW_E,"3","0","3",0.00543391950505,78.60289839837628,-33.8958751755,150.7728673884
From_KempsCreek_SW_E,"4","0","4",0.00758688862414,97.94631114180258,-33.8961728320,150.7749996822
From_KempsCreek_SW_E,"5","0","5",0.00973986945877,118.70201314391153,-33.8964704521,150.7771319928
From_KempsCreek_SW_E,"6","0","6",0.01144704261341,139.45770630196958,-33.8977677880,150.7782416593
From_KempsCreek_SW_E,"7","0","7",0.01315423050442,165.40255156419391,-33.8990651150,150.7793513588
From_KempsCreek_SW_E,"8","0","8",0.01470081421668,191.34791594994198,-33.9005814637,150.7790470435
From_KempsCreek_SW_E,"9","0","9",0.01496783447178,144.64590425924860,-33.9008432639,150.7789945030
From_KempsCreek_SW_E,"10","0","10",0.01596364361837,97.94363739820606,-33.9009808880,150.7799807562
From_KempsCreek_SW_E,"11","0","11",0.01712093847663,97.66259520487570,-33.9011408197,150.7811269469
From_KempsCreek_SW_E,"12","0","12",0.01889835098690,97.38087560179197,-33.9013691830,150.7828896283
From_KempsCreek_SW_E,"13","0","13",0.02085221539834,97.37944514996143,-33.9016201538,150.7848273072
From_KempsCreek_SW_E,"14","0","14",0.02311134845231,97.37848760546932,-33.9019102970,150.7870677311
From_KempsCreek_SW_E,"15","0","15",0.02474201851983,97.37764251790124,-33.9021197000,150.7886849000
From_KempsCreek_SW_E,"16","0","16",0.02637269492766,97.37687745195889,-33.9023290820,150.7903020780
From_KempsCreek_SW_E,"17","0","17",0.02795465932240,97.37611766494746,-33.9025321886,150.7918709499
From_KempsCreek_SW_E,"18","0","18",0.02958936212980,97.37542659563026,-33.9027420446,150.7934921266
From_KempsCreek_SW_E,"19","0","19",0.03058576747706,97.37486106172875,-33.9028699481,150.7944802887
From_KempsCreek_SW_E,"20","0","20",0.03174375504175,143.95968429032368,-33.9030185828,150.7956286975
From_KempsCreek_SW_E,"21","0","21",0.03355591426299,190.54520252787046,-33.9048001387,150.7952970658
From_KempsCreek_SW_E,"22","0","22",0.03806764074011,149.11541934454812,-33.9092356595,150.7944713353
From_KempsCreek_SW_E,"23","0","23",0.03942008513647,101.35194599374638,-33.9096465144,150.7957598632
From_KempsCreek_SW_E,"24","0","24",0.03972398708297,96.43077147712658,-33.9096731000,150.7960626000
From_KempsCreek_SW_E,"25","0","25",0.04389387724299,97.72772092293265,-33.9102421083,150.8001934853
From_KempsCreek_SW_E,"26","0","26",0.04604803309191,144.53075404821996,-33.9105274786,150.8023286554
From_KempsCreek_SW_E,"27","0","27",0.04759941546672,191.44915087253042,-33.9120479917,150.8020207151
From_KempsCreek_SW_E,"28","0","28",0.04924444868658,191.44965281707391,-33.9136602894,150.8016941723
From_KempsCreek_SW_E,"29","0","29",0.05114649103040,191.45016065917673,-33.9155244785,150.8013165954
From_KempsCreek_SW_E,"30","0","30",0.05251940314258,144.73191418202674,-33.9168700654,150.8010440454
From_KempsCreek_SW_E,"31","0","31",0.05414931787454,98.01296279276832,-33.9170972838,150.8026580447
From_KempsCreek_SW_E,"32","0","32",0.05640742610951,98.01212037823991,-33.9174120397,150.8048941086
From_KempsCreek_SW_E,"33","0","33",0.05736448380499,98.01150744622892,-33.9175454305,150.8058418250
From_KempsCreek_SW_E,"34","0","34",0.05836042443866,97.74415890362289,-33.9176842328,150.8068280459
From_KempsCreek_SW_E,"35","0","35",0.06023405772681,97.70698880320690,-33.9179280466,150.8086857478
From_KempsCreek_SW_E,"36","0","36",0.06067639858947,97.93665162682754,-33.9179891264,150.8091238513
From_KempsCreek_SW_E,"37","0","37",0.06262956661278,97.93586834982020,-33.9182588066,150.8110583120
From_KempsCreek_SW_E,"38","0","38",0.06488789510826,97.93490808300032,-33.9185705824,150.8132950157
From_KempsCreek_SW_E,"39","0","39",0.06651798485699,97.93406059410188,-33.9187956000,150.8149095000
From_KempsCreek_SW_E,"40","0","40",0.06814808129708,97.93329335129849,-33.9190205968,150.8165239940
From_KempsCreek_SW_E,"41","0","41",0.06972948338664,97.93253140099526,-33.9192388516,150.8180902626
From_KempsCreek_SW_E,"42","0","42",0.07136360549256,97.93183836786608,-33.9194643610,150.8197087497
From_KempsCreek_SW_E,"43","0","43",0.07235965705731,97.93127122541875,-33.9196018057,150.8206952728
From_KempsCreek_SW_E,"44","0","44",0.07351723363404,97.94881064755984,-33.9197615290,150.8218417770
From_KempsCreek_SW_E,"45","0","45",0.07442606427735,97.93221764656317,-33.9198874892,150.8227418366
From_KempsCreek_SW_E,"46","0","46",0.07484746052520,97.88780417049797,-33.9199453920,150.8231592357
From_KempsCreek_SW_E,"47","0","47",0.07628382425171,97.88445791464130,-33.9201422605,150.8245820440
From_KempsCreek_SW_E,"48","0","48",0.07695172940363,98.12119231862553,-33.9202339581,150.8252436246
From_KempsCreek_SW_E,"49","0","49",0.07739375258775,98.00202969617506,-33.9202981581,150.8256809607
From_KempsCreek_SW_E,"50","0","50",0.07830348061144,97.76591322265365,-33.9204193066,150.8265825860
From_KempsCreek_SW_E,"51","0","51",0.07961999282267,97.88067053487038,-33.9205997763,150.8278866700
From_KempsCreek_SW_E,"52","0","52",0.08051487790372,97.88232676873703,-33.9207225000,150.8287731000
To_KempsCreek_SW_N,"0","0","0",0.00000000000000,189.79805112095423,-33.8764047516,150.7788515514
To_KempsCreek_SW_N,"1","0","1",0.00083078013715,189.86214062129727,-33.8772234137,150.7787101725
To_KempsCreek_SW_N,"2","0","2",0.00135822036779,189.88720762332346,-33.8777429585,150.7786192523
To_KempsCreek_SW_N,"3","0","3",0.00198597753633,189.84818512488309,-33.8783614653,150.7785118819
To_KempsCreek_SW_N,"4","0","4",0.00271644038777,189.84836415072235,-33.8790811643,150.7783869449
To_KempsCreek_SW_N,"5","0","5",0.00333782688873,189.84854317768691,-33.8796933936,150.7782806603
To_KempsCreek_SW_N,"6","0","6",0.00407466086738,189.84872222086227,-33.8804193692,150.7781546290
To_KempsCreek_SW_N,"7","0","7",0.00458894576537,189.84890126299933,-33.8809260747,150.7780666603
To_KempsCreek_SW_N,"8","0","8",0.00503948686091,189.84890126171786,-33.8813699758,150.7779895951
To_KempsCreek_SW_N,"9","0","9",0.00543288180666,178.91904990042920,-33.8817575730,150.7779223047
To_KempsCreek_SW_N,"10","0","10",0.00624338459177,178.05548673560432,-33.8825503326,150.7780909671
To_KempsCreek_SW_N,"11","0","11",0.00684200524712,189.64808375337168,-33.8831429491,150.7780063955
To_KempsCreek_SW_N,"12","0","12",0.00769688190860,190.91002796084487,-33.8839816189,150.7778407239
To_KempsCreek_SW_N,"13","0","13",0.00848116819412,189.89346140311142,-33.8847524064,150.7776958391
To_KempsCreek_SW_N,"14","0","14",0.00906367264985,189.86087335214879,-33.8853275128,150.7776032971
To_KempsCreek_SW_N,"15","0","15",0.01039260998257,189.85723493502846,-33.8866338555,150.7773592822
To_KempsCreek_SW_N,"16","0","16",0.01176106981796,190.16986371751602,-33.8879849630,150.7771420478
To_KempsCreek_SW_N,"17","0","17",0.01446521194359,191.20604331000396,-33.8906375525,150.7766165446
To_KempsCreek_SW_N,"18","0","18",0.01584116612339,191.20650385167130,-33.8919872722,150.7763491376
To_KempsCreek_SW_N,"19","0","19",0.01667985335313,190.71367654091674,-33.8928099678,150.7761861400
To_KempsCreek_SW_N,"20","0","20",0.01736685943262,203.35619286164987,-33.8934860722,150.7760642376
To_KempsCreek_SW_N,"21","0","21",0.01775903942205,217.56820386927288,-33.8938013626,150.7758310057
To_KempsCreek_SW_N,"22","0","22",0.01851871683569,204.99717738917178,-33.8943946961,150.7753565953
To_KempsCreek_SW_N,"23","0","23",0.01949352807805,191.34977974109995,-33.8953504444,150.7751647566
To_KempsCreek_SW_N,"24","0","24",0.02033231943883,144.64785738335846,-33.8961728320,150.7749996822
To_KempsCreek_SW_N,"25","0","25",0.02248530027347,118.70201314391153,-33.8964704521,150.7771319928
To_KempsCreek_SW_N,"26","0","26",0.02419247342810,139.45770630196958,-33.8977677880,150.7782416593
To_KempsCreek_SW_N,"27","0","27",0.02589966131911,165.40255156354692,-33.8990651150,150.7793513588
To_KempsCreek_SW_N,"28","0","28",0.02771326528648,191.34818424890369,-33.9008432639,150.7789945030
To_KempsCreek_SW_N,"29","0","29",0.02952687051612,215.30332301678604,-33.9026214106,150.7786376302
To_KempsCreek_SW_N,"30","0","30",0.03133711260864,239.25874889064193,-33.9035467524,150.7770817642
To_KempsCreek_SW_N,"31","0","31",0.03314737233619,258.60266655505649,-33.9044720730,150.7755258651
To_KempsCreek_SW_N,"32","0","32",0.03530054681473,277.94602881763615,-33.9041744176,150.7733933638
From_KempsCreek_SW_N,"0","0","0",0.00000000000000,277.94704960370302,-33.9041744176,150.7733933638
From_KempsCreek_SW_N,"1","0","1",0.00215316275570,298.70375345502538,-33.9038767259,150.7712608795
From_KempsCreek_SW_N,"2","0","2",0.00386035888484,319.46097643748226,-33.9025793293,150.7701512486
From_KempsCreek_SW_N,"3","0","3",0.00556754027293,345.40803558287701,-33.9012819238,150.7690416508
From_KempsCreek_SW_N,"4","0","4",0.00738114844835,11.35430704918535,-33.8995038123,150.7693987142
From_KempsCreek_SW_N,"5","0","5",0.00919475536012,35.30706224930779,-33.8977256988,150.7697557607
From_KempsCreek_SW_N,"6","0","6",0.01100492046847,59.25953068423240,-33.8968004477,150.7713115911
From_KempsCreek_SW_N,"7","0","7",0.01281506795339,78.60289839837628,-33.8958751755,150.7728673884
From_KempsCreek_SW_N,"8","0","8",0.01496803707249,54.64836766722572,-33.8961728320,150.7749996822
From_KempsCreek_SW_N,"9","0","9",0.01580682843327,11.34977974109994,-33.8953504444,150.7751647566
From_KempsCreek_SW_N,"10","0","10",0.01678163967563,24.63067113507458,-33.8943946961,150.7753565953
From_KempsCreek_SW_N,"11","0","11",0.01793331447215,24.06619194320508,-33.8934860722,150.7760642376
From_KempsCreek_SW_N,"12","0","12",0.01862032055164,10.71361757134251,-33.8928099678,150.7761861400
From_KempsCreek_SW_N,"13","0","13",0.02026495322114,11.20628849557652,-33.8911966935,150.7765057685
From_KempsCreek_SW_N,"14","0","14",0.02216652985206,11.20578951079981,-33.8893313709,150.7768753163
From_KempsCreek_SW_N,"15","0","15",0.02353910408682,10.16976630483239,-33.8879849630,150.7771420478
From_KempsCreek_SW_N,"16","0","16",0.02490756392221,9.85723493502844,-33.8866338555,150.7773592822
From_KempsCreek_SW_N,"17","0","17",0.02623650125493,9.86087335214878,-33.8853275128,150.7776032971
From_KempsCreek_SW_N,"18","0","18",0.02681900571066,9.89346140311140,-33.8847524064,150.7776958391
From_KempsCreek_SW_N,"19","0","19",0.02760329199618,10.91002796084486,-33.8839816189,150.7778407239
From_KempsCreek_SW_N,"20","0","20",0.02845816865766,9.64808375337169,-33.8831429491,150.7780063955
From_KempsCreek_SW_N,"21","0","21",0.02905678931300,358.05548673560429,-33.8825503326,150.7780909671
From_KempsCreek_SW_N,"22","0","22",0.02986729209812,358.91904990109373,-33.8817575730,150.7779223047
From_KempsCreek_SW_N,"23","0","23",0.03071122813941,9.84890126241905,-33.8809260747,150.7780666603
From_KempsCreek_SW_N,"24","0","24",0.03122551303740,9.84872222086227,-33.8804193692,150.7781546290
From_KempsCreek_SW_N,"25","0","25",0.03196234701605,9.84854317768690,-33.8796933936,150.7782806603
From_KempsCreek_SW_N,"26","0","26",0.03258373351701,9.84836415077945,-33.8790811643,150.7783869449
From_KempsCreek_SW_N,"27","0","27",0.03394195353699,9.88720762325704,-33.8777429585,150.7786192523
From_KempsCreek_SW_N,"28","0","28",0.03446939376763,9.86214062129727,-33.8772234137,150.7787101725
From_KempsCreek_SW_N,"29","0","29",0.03530017390478,9.79805112095422,-33.8764047516,150.7788515514
To_KempsCreek_SW_S,"0","0","0",0.00000000000000,96.89100057232201,-33.9475022868,150.7566613585
To_KempsCreek_SW_S,"1","0","1",0.00727800833515,53.37961137564078,-33.9483755088,150.7638867919
To_KempsCreek_SW_S,"2","0","2",0.00999449668822,10.95485479380103,-33.9456992122,150.7643523510
To_KempsCreek_SW_S,"3","0","3",0.01080776394704,9.33645372160165,-33.9449038394,150.7645220148
To_KempsCreek_SW_S,"4","0","4",0.01135419685650,8.24937146022950,-33.9443610624,150.7645851179
To_KempsCreek_SW_S,"5","0","5",0.01271243986982,9.86714305702155,-33.9430229116,150.7648178762
To_KempsCreek_SW_S,"6","0","6",0.01407068241805,9.86669351410338,-33.9416847597,150.7650506261
To_KempsCreek_SW_S,"7","0","7",0.01678716611958,53.37753259238982,-33.9390084531,150.7655161004
To_KempsCreek_SW_S,"8","0","8",0.01840434563680,53.37656457169555,-33.9392024176,150.7671216058
To_KempsCreek_SW_S,"9","0","9",0.02247906702018,15.00814901936677,-33.9351879382,150.7678196809
To_KempsCreek_SW_S,"10","0","10",0.02393216954957,15.35957433040043,-33.9338237900,150.7683202874
To_KempsCreek_SW_S,"11","0","11",0.02551665777562,10.56711263546742,-33.9322661747,150.7686108683
To_KempsCreek_SW_S,"12","0","12",0.02716020604532,10.56663908759857,-33.9306504985,150.7689122675
To_KempsCreek_SW_S,"13","0","13",0.02906052905964,10.56616251501468,-33.9287823991,150.7692607387
To_KempsCreek_SW_S,"14","0","14",0.03043219855715,10.56574195774137,-33.9274339869,150.7695122575
To_KempsCreek_SW_S,"15","0","15",0.03180386746722,10.56536126323776,-33.9260855736,150.7697637672
To_KempsCreek_SW_S,"16","0","16",0.03313455585029,10.56498323067273,-33.9247774444,150.7700077540
To_KempsCreek_SW_S,"17","0","17",0.03450959993220,10.56463941970083,-33.9234257098,150.7702598647
To_KempsCreek_SW_S,"18","0","18",0.03534773179414,10.56435808421414,-33.9226017849,150.7704135295
To_KempsCreek_SW_S,"19","0","19",0.03632177665565,0.13850381364613,-33.9216442501,150.7705921086
To_KempsCreek_SW_S,"20","0","20",0.03751713945351,359.78629685777781,-33.9204681029,150.7703786373
To_KempsCreek_SW_S,"21","0","21",0.03887537388585,357.34476734720641,-33.9191299301,150.7706112189
To_KempsCreek_SW_S,"22","0","22",0.03935126536398,357.90459044294181,-33.9186706223,150.7704866836
To_KempsCreek_SW_S,"23","0","23",0.04116418438828,10.97923386238645,-33.9168908878,150.7708319669
To_KempsCreek_SW_S,"24","0","24",0.04253979026281,10.97880890060949,-33.9155404596,150.7710939501
To_KempsCreek_SW_S,"25","0","25",0.04387102112458,10.97841894279158,-33.9142335925,150.7713474731
To_KempsCreek_SW_S,"26","0","26",0.04524324799298,10.97802630828502,-33.9128864779,150.7716087944
To_KempsCreek_SW_S,"27","0","27",0.04661547420357,10.97763370749185,-33.9115393621,150.7718701062
To_KempsCreek_SW_S,"28","0","28",0.04794670317013,10.97724385184824,-33.9102324916,150.7721236021
To_KempsCreek_SW_S,"29","0","29",0.04932230578548,10.97688928745792,-33.9088820577,150.7723855385
To_KempsCreek_SW_S,"30","0","30",0.05016077805630,10.97659915498678,-33.9080589256,150.7725451923
To_KempsCreek_SW_S,"31","0","31",0.05113521849514,13.66157542550842,-33.9071023121,150.7727307314
To_KempsCreek_SW_S,"32","0","32",0.05197741729271,13.84979020163050,-33.9062941581,150.7729677671
To_KempsCreek_SW_S,"33","0","33",0.05330066654593,11.35273805342615,-33.9049968004,150.7732282506
To_KempsCreek_SW_S,"34","0","34",0.05413946080558,324.64981380651039,-33.9041744176,150.7733933638
To_KempsCreek_SW_S,"35","0","35",0.05629262356127,298.70375345502538,-33.9038767259,150.7712608795
To_KempsCreek_SW_S,"36","0","36",0.05799981969042,319.46097643748226,-33.9025793293,150.7701512486
To_KempsCreek_SW_S,"37","0","37",0.05970700107851,345.40803558331720,-33.9012819238,150.7690416508
To_KempsCreek_SW_S,"38","0","38",0.06152060925393,11.35430704918535,-33.8995038123,150.7693987142
To_KempsCreek_SW_S,"39","0","39",0.06333421616570,35.30706224886762,-33.8977256988,150.7697557607
To_KempsCreek_SW_S,"40","0","40",0.06514438127404,59.25953068423240,-33.8968004477,150.7713115911
To_KempsCreek_SW_S,"41","0","41",0.06695452875897,78.60289839837628,-33.8958751755,150.7728673884
To_KempsCreek_SW_S,"42","0","42",0.06910749787806,97.94682142566987,-33.8961728320,150.7749996822
From_KempsCreek_SW_S,"0","0","0",0.00000000000000,97.94580085793532,-33.8961728320,150.7749996822
From_KempsCreek_SW_S,"1","0","1",0.00215298083464,118.70201314391153,-33.8964704521,150.7771319928
From_KempsCreek_SW_S,"2","0","2",0.00386015398927,139.45770630196958,-33.8977677880,150.7782416593
From_KempsCreek_SW_S,"3","0","3",0.00556734188028,165.40255156354692,-33.8990651150,150.7793513588
From_KempsCreek_SW_S,"4","0","4",0.00738094584764,191.34818424890369,-33.9008432639,150.7789945030
From_KempsCreek_SW_S,"5","0","5",0.00919455107729,215.30332301678604,-33.9026214106,150.7786376302
From_KempsCreek_SW_S,"6","0","6",0.01100479316981,239.25874889064193,-33.9035467524,150.7770817642
From_KempsCreek_SW_S,"7","0","7",0.01281505289736,258.60266655505649,-33.9044720730,150.7755258651
From_KempsCreek_SW_S,"8","0","8",0.01496822737589,234.64940136629136,-33.9041744176,150.7733933638
From_KempsCreek_SW_S,"9","0","9",0.01713027088876,193.84972811033649,-33.9062941581,150.7729677671
From_KempsCreek_SW_S,"10","0","10",0.01797246968633,193.66157542550843,-33.9071023121,150.7727307314
From_KempsCreek_SW_S,"11","0","11",0.01894691012517,190.97659915498679,-33.9080589256,150.7725451923
From_KempsCreek_SW_S,"12","0","12",0.01978538239599,190.97688928745791,-33.9088820577,150.7723855385
From_KempsCreek_SW_S,"13","0","13",0.02116098501134,190.97724385184827,-33.9102324916,150.7721236021
From_KempsCreek_SW_S,"14","0","14",0.02249221397789,190.97763370749183,-33.9115393621,150.7718701062
From_KempsCreek_SW_S,"15","0","15",0.02386444018848,190.97802630828505,-33.9128864779,150.7716087944
From_KempsCreek_SW_S,"16","0","16",0.02523666705688,190.97841894279162,-33.9142335925,150.7713474731
From_KempsCreek_SW_S,"17","0","17",0.02656789791866,190.97880890060947,-33.9155404596,150.7710939501
From_KempsCreek_SW_S,"18","0","18",0.02794350379318,190.97916361433127,-33.9168908878,150.7708319669
From_KempsCreek_SW_S,"19","0","19",0.02878197869912,190.97945391201361,-33.9177140153,150.7706722754
From_KempsCreek_SW_S,"20","0","20",0.02975642281748,177.90465088892370,-33.9186706223,150.7704866836
From_KempsCreek_SW_S,"21","0","21",0.03023231429562,177.34476734720650,-33.9191299301,150.7706112189
From_KempsCreek_SW_S,"22","0","22",0.03159054872796,179.78629685777784,-33.9204681029,150.7703786373
From_KempsCreek_SW_S,"23","0","23",0.03278591152582,180.13850381364614,-33.9216442501,150.7705921086
From_KempsCreek_SW_S,"24","0","24",0.03375995638732,190.56435808421412,-33.9226017849,150.7704135295
From_KempsCreek_SW_S,"25","0","25",0.03459808824927,190.56463941970085,-33.9234257098,150.7702598647
From_KempsCreek_SW_S,"26","0","26",0.03597313233118,190.56498323067277,-33.9247774444,150.7700077540
From_KempsCreek_SW_S,"27","0","27",0.03730382071425,190.56536126323778,-33.9260855736,150.7697637672
From_KempsCreek_SW_S,"28","0","28",0.03867548962432,190.56574195774138,-33.9274339869,150.7695122575
From_KempsCreek_SW_S,"29","0","29",0.04004715912183,190.56612268471363,-33.9287823991,150.7692607387
From_KempsCreek_SW_S,"30","0","30",0.04137784919762,190.56650081763635,-33.9300905251,150.7690167256
From_KempsCreek_SW_S,"31","0","31",0.04275289619044,190.56684477137620,-33.9314422542,150.7687645697
From_KempsCreek_SW_S,"32","0","32",0.04359103040585,190.56716895631067,-33.9322661747,150.7686108683
From_KempsCreek_SW_S,"33","0","33",0.04517551863190,195.35957433040042,-33.9338237900,150.7683202874
From_KempsCreek_SW_S,"34","0","34",0.04662862116129,195.00814901936675,-33.9351879382,150.7678196809
From_KempsCreek_SW_S,"35","0","35",0.05070334254468,233.37656457169558,-33.9392024176,150.7671216058
From_KempsCreek_SW_S,"36","0","36",0.05232052206189,233.37762249710110,-33.9390084531,150.7655161004
From_KempsCreek_SW_S,"37","0","37",0.05639524831162,189.86696324769136,-33.9430229116,150.7648178762
From_KempsCreek_SW_S,"38","0","38",0.05775349132494,188.24937146022950,-33.9443610624,150.7645851179
From_KempsCreek_SW_S,"39","0","39",0.05829992423440,189.33645372160166,-33.9449038394,150.7645220148
From_KempsCreek_SW_S,"40","0","40",0.05911319149322,190.95485479380105,-33.9456992122,150.7643523510
From_KempsCreek_SW_S,"41","0","41",0.06182967984628,233.37961137564079,-33.9483755088,150.7638867919
From_KempsCreek_SW_S,"42","0","42",0.06910768818143,276.89100057232201,-33.9475022868,150.7566613585
To_KempsCreek_SW_W,"0","0","0",0.00000000000000,11.20448707255419,-33.9206997072,150.7367833845
To_KempsCreek_SW_W,"1","0","1",0.00589346151883,54.52160267921899,-33.9149185754,150.7379285499
To_KempsCreek_SW_W,"2","0","2",0.01289487541189,54.52270443914778,-33.9158734636,150.7448645419
To_KempsCreek_SW_W,"3","0","3",0.01551419897440,11.20625940179190,-33.9133040840,150.7453736045
To_KempsCreek_SW_W,"4","0","4",0.01878834984003,11.20539089666396,-33.9100923536,150.7460098838
To_KempsCreek_SW_W,"5","0","5",0.02149248924783,11.20465516853562,-33.9074397595,150.7465353499
To_KempsCreek_SW_W,"6","0","6",0.02286843995823,11.20412352029183,-33.9060900339,150.7468027094
To_KempsCreek_SW_W,"7","0","7",0.02468181135904,354.92494963979885,-33.9043112218,150.7471550492
To_KempsCreek_SW_W,"8","0","8",0.02503535497170,354.25922266147586,-33.9039819495,150.7470263138
To_KempsCreek_SW_W,"9","0","9",0.02911005356201,53.38470656233876,-33.8999675893,150.7477249419
To_KempsCreek_SW_W,"10","0","10",0.03961694050926,53.38089278824947,-33.9012293031,150.7581557976
To_KempsCreek_SW_W,"11","0","11",0.04233340110516,53.37923565021329,-33.8985530061,150.7586211926
To_KempsCreek_SW_W,"12","0","12",0.04556624175544,94.84247745127475,-33.8989410344,150.7618306618
To_KempsCreek_SW_W,"13","0","13",0.05100840006108,95.37038019526292,-33.8992060564,150.7672663632
To_KempsCreek_SW_W,"14","0","14",0.05216565736111,97.94921284711613,-33.8993661048,150.7684124998
To_KempsCreek_SW_W,"15","0","15",0.05316143961029,54.65149809351312,-33.8995038123,150.7693987142
To_KempsCreek_SW_W,"16","0","16",0.05497504652205,35.30706224886762,-33.8977256988,150.7697557607
To_KempsCreek_SW_W,"17","0","17",0.05678521163040,59.25953068423240,-33.8968004477,150.7713115911
To_KempsCreek_SW_W,"18","0","18",0.05859535911533,78.60289839837628,-33.8958751755,150.7728673884
To_KempsCreek_SW_W,"19","0","19",0.06074832823442,97.94631114180258,-33.8961728320,150.7749996822
To_KempsCreek_SW_W,"20","0","20",0.06290130906906,118.70201314391153,-33.8964704521,150.7771319928
To_KempsCreek_SW_W,"21","0","21",0.06460848222369,139.45770630196958,-33.8977677880,150.7782416593
To_KempsCreek_SW_W,"22","0","22",0.06631567011470,165.40255156354692,-33.8990651150,150.7793513588
To_KempsCreek_SW_W,"23","0","23",0.06812927408206,191.34791595304247,-33.9008432639,150.7789945030
From_KempsCreek_SW_W,"0","0","0",0.00000000000000,191.34845254476497,-33.9008432639,150.7789945030
From_KempsCreek_SW_W,"1","0","1",0.00181360522965,215.30332301678604,-33.9026214106,150.7786376302
From_KempsCreek_SW_W,"2","0","2",0.00362384732217,239.25874889064193,-33.9035467524,150.7770817642
From_KempsCreek_SW_W,"3","0","3",0.00543410704971,258.60266655505649,-33.9044720730,150.7755258651
From_KempsCreek_SW_W,"4","0","4",0.00758728152825,277.94653921066958,-33.9041744176,150.7733933638
From_KempsCreek_SW_W,"5","0","5",0.00974044428395,298.70375345556789,-33.9038767259,150.7712608795
From_KempsCreek_SW_W,"6","0","6",0.01144764041313,319.46097643748232,-33.9025793293,150.7701512486
From_KempsCreek_SW_W,"7","0","7",0.01315482180118,345.40803558277469,-33.9012819238,150.7690416508
From_KempsCreek_SW_W,"8","0","8",0.01496842997661,324.65176664234525,-33.8995038123,150.7693987142
From_KempsCreek_SW_W,"9","0","9",0.01596421222579,277.94921284711609,-33.8993661048,150.7684124998
From_KempsCreek_SW_W,"10","0","10",0.01712146952581,275.37038019526290,-33.8992060564,150.7672663632
From_KempsCreek_SW_W,"11","0","11",0.02256362783145,274.84247745127476,-33.8989410344,150.7618306618
From_KempsCreek_SW_W,"12","0","12",0.02579646848173,233.37923565021330,-33.8985530061,150.7586211926
From_KempsCreek_SW_W,"13","0","13",0.02851292907763,233.38089278824950,-33.9012293031,150.7581557976
From_KempsCreek_SW_W,"14","0","14",0.03901981602489,233.38470656233878,-33.8999675893,150.7477249419
From_KempsCreek_SW_W,"15","0","15",0.04309451461519,174.25922266147586,-33.9039819495,150.7470263138
From_KempsCreek_SW_W,"16","0","16",0.04344805822785,174.92494963979891,-33.9043112218,150.7471550492
From_KempsCreek_SW_W,"17","0","17",0.04526142962867,191.20422090693449,-33.9060900339,150.7468027094
From_KempsCreek_SW_W,"18","0","18",0.04796894621233,191.20484994991853,-33.9087459444,150.7462766057
From_KempsCreek_SW_W,"19","0","19",0.04934151974686,191.20534917882341,-33.9100923536,150.7460098838
From_KempsCreek_SW_W,"20","0","20",0.05071409398160,191.20578951123883,-33.9114387615,150.7457431523
From_KempsCreek_SW_W,"21","0","21",0.05261567061252,191.20622713034825,-33.9133040840,150.7453736045
From_KempsCreek_SW_W,"22","0","22",0.05342161605230,191.20661687899909,-33.9140946628,150.7452169736
From_KempsCreek_SW_W,"23","0","23",0.05523499417504,234.52276340982630,-33.9158734636,150.7448645419
From_KempsCreek_SW_W,"24","0","24",0.06223640806811,234.52160267921897,-33.9149185754,150.7379285499
From_KempsCreek_SW_W,"25","0","25",0.06812986958693,191.20448707255417,-33.9206997072,150.7367833845
From_Rossmore_SE_E,"0","0","0",0.00000000000000,10.55965230845720,-33.9286108788,150.7785949651
From_Rossmore_SE_E,"1","0","1",0.00181217676963,34.60104291418653,-33.9268293919,150.7789270630
From_Rossmore_SE_E,"2","0","2",0.00361936775367,58.64187548191797,-33.9258889706,150.7804702892
From_Rossmore_SE_E,"3","0","3",0.00542654103647,78.01011085283756,-33.9249485285,150.7820134820
From_Rossmore_SE_E,"4","0","4",0.00758146005452,97.37839476526052,-33.9252252858,150.7841505551
From_Rossmore_SE_E,"5","0","5",0.00973639015939,118.06243567910920,-33.9255020064,150.7862876441
From_Rossmore_SE_E,"6","0","6",0.01144744644320,138.74646313480795,-33.9267883873,150.7874158896
From_Rossmore_SE_E,"7","0","7",0.01315851782738,164.64970599984781,-33.9280747589,150.7885441685
From_Rossmore_SE_E,"8","0","8",0.01497069217246,143.96472489552806,-33.9298562793,150.7882122632
From_Rossmore_SE_E,"9","0","9",0.01596740266882,97.37572319341470,-33.9299842368,150.7892007260
From_Rossmore_SE_E,"10","0","10",0.01712574487263,94.40652939183438,-33.9301329343,150.7903494843
From_Rossmore_SE_E,"11","0","11",0.01857389699121,95.02020245517987,-33.9301692657,150.7917971806
From_Rossmore_SE_E,"12","0","12",0.01987966093497,98.60254067229840,-33.9303645869,150.7930882534
From_Rossmore_SE_E,"13","0","13",0.02087510188063,98.60195397014354,-33.9305134795,150.7940724961
From_Rossmore_SE_E,"14","0","14",0.02250823337807,98.60125867837860,-33.9307577366,150.7956872583
From_Rossmore_SE_E,"15","0","15",0.02408869003744,98.60049423724041,-33.9309940946,150.7972499413
From_Rossmore_SE_E,"16","0","16",0.02571782554520,98.59972447456673,-33.9312377111,150.7988607590
From_Rossmore_SE_E,"17","0","17",0.02734696818145,98.59887418465817,-33.9314813069,150.8004715870
From_Rossmore_SE_E,"18","0","18",0.02960400737542,98.59802920304919,-33.9318187522,150.8027032582
From_Rossmore_SE_E,"19","0","19",0.03056061219894,98.59741440596832,-33.9319617595,150.8036491132
From_Rossmore_SE_E,"20","0","20",0.03155608170163,98.59692591691619,-33.9321105690,150.8046333974
From_Rossmore_SE_E,"21","0","21",0.03271298203293,97.97379396210511,-33.9322835000,150.8057773000
From_Rossmore_SE_E,"22","0","22",0.03318522548363,97.35074451090335,-33.9323439217,150.8062456621
From_Rossmore_SE_E,"23","0","23",0.03418194570944,97.35025970226937,-33.9324714421,150.8072341912
From_Rossmore_SE_E,"24","0","24",0.03581717534636,97.34937531067526,-33.9326806358,150.8088559847
From_Rossmore_SE_E,"25","0","25",0.03739949405333,97.34880206680926,-33.9328830293,150.8104253060
From_Rossmore_SE_E,"26","0","26",0.03903088858875,97.59265632621276,-33.9330917000,150.8120433000
From_Rossmore_SE_E,"27","0","27",0.04066141166158,98.00147421785722,-33.9333140167,150.8136585959
From_Rossmore_SE_E,"28","0","28",0.04224268018056,98.08211628149544,-33.9335386345,150.8152238297
From_Rossmore_SE_E,"29","0","29",0.04387694470725,97.99748268890967,-33.9337660179,150.8168421984
From_Rossmore_SE_E,"30","0","30",0.04487308310620,97.99691517362005,-33.9339046049,150.8178286493
From_Rossmore_SE_E,"31","0","31",0.04603076062149,97.99591514020403,-33.9340656556,150.8189750698
From_Rossmore_SE_E,"32","0","32",0.04692542597466,97.99644524021284,-33.9341900943,150.8198610388
From_Rossmore_SE_E,"33","0","33",0.04740414334124,96.59319047999934,-33.9342567000,150.8203351000
From_Rossmore_SE_E,"34","0","34",0.04767394891939,90.02333279927340,-33.9342811000,150.8206038000
From_Rossmore_SE_E,"35","0","35",0.04782234612288,72.42346223476164,-33.9342678000,150.8207516000
From_Rossmore_SE_E,"36","0","36",0.04800388531977,58.11779605263800,-33.9341770000,150.8209088000
From_Rossmore_SE_E,"37","0","37",0.04817972538917,54.28483256309637,-33.9340793000,150.8210550000
From_Rossmore_SE_E,"38","0","38",0.04871783877864,40.06557855240542,-33.9337504000,150.8214809000
From_Rossmore_SE_E,"39","0","39",0.04896520611683,18.17782567010350,-33.9335316000,150.8215963000
From_Rossmore_SE_E,"40","0","40",0.04915157612513,355.28811186408137,-33.9333473000,150.8216240000
From_Rossmore_SE_E,"41","0","41",0.04970644753371,347.28097103506968,-33.9328195000,150.8214528000
From_Rossmore_SE_E,"42","0","42",0.04990190494599,352.55240522081607,-33.9326257000,150.8214274000
From_Rossmore_SE_E,"43","0","43",0.04998389305479,352.57160489469879,-33.9325444000,150.8214168000
To_Rossmore_SE_E,"0","0","0",0.00000000000000,172.54455296325617,-33.9325444000,150.8214168000
To_Rossmore_SE_E,"1","0","1",0.00027744550810,167.28664474323111,-33.9328195000,150.8214528000
To_Rossmore_SE_E,"2","0","2",0.00083231691669,175.28811186408129,-33.9333473000,150.8216240000
To_Rossmore_SE_E,"3","0","3",0.00101868692498,198.17782567010352,-33.9335316000,150.8215963000
To_Rossmore_SE_E,"4","0","4",0.00126605426317,220.54861684641793,-33.9337504000,150.8214809000
To_Rossmore_SE_E,"5","0","5",0.00197969700989,236.63899475311453,-33.9341770000,150.8209088000
To_Rossmore_SE_E,"6","0","6",0.00216123620678,252.42346223476167,-33.9342678000,150.8207516000
To_Rossmore_SE_E,"7","0","7",0.00230963341027,270.02333279927342,-33.9342811000,150.8206038000
To_Rossmore_SE_E,"8","0","8",0.00257943898841,276.59319047999929,-33.9342567000,150.8203351000
To_Rossmore_SE_E,"9","0","9",0.00305815635500,277.99644524021284,-33.9341900943,150.8198610388
To_Rossmore_SE_E,"10","0","10",0.00395282170817,277.99591514020398,-33.9340656556,150.8189750698
To_Rossmore_SE_E,"11","0","11",0.00511049922346,277.99691517362004,-33.9339046049,150.8178286493
To_Rossmore_SE_E,"12","0","12",0.00610663762241,277.99740237931610,-33.9337660179,150.8168421984
To_Rossmore_SE_E,"13","0","13",0.00706388536560,277.99782795466047,-33.9336328339,150.8158942611
To_Rossmore_SE_E,"14","0","14",0.00774090214911,278.08222983285646,-33.9335386345,150.8152238297
To_Rossmore_SE_E,"15","0","15",0.00932217066809,278.00147421785721,-33.9333140167,150.8136585959
To_Rossmore_SE_E,"16","0","16",0.01095269374091,277.59265632621276,-33.9330917000,150.8120433000
To_Rossmore_SE_E,"17","0","17",0.01258408827634,277.34880206680924,-33.9328830293,150.8104253060
To_Rossmore_SE_E,"18","0","18",0.01416640698331,277.34937531067527,-33.9326806358,150.8088559847
To_Rossmore_SE_E,"19","0","19",0.01580163662023,277.35025970226934,-33.9324714421,150.8072341912
To_Rossmore_SE_E,"20","0","20",0.01679835684604,277.35074451090338,-33.9323439217,150.8062456621
To_Rossmore_SE_E,"21","0","21",0.01727060029674,277.97379396210511,-33.9322835000,150.8057773000
To_Rossmore_SE_E,"22","0","22",0.01842750062804,278.59703976646063,-33.9321105690,150.8046333974
To_Rossmore_SE_E,"23","0","23",0.02037957495423,278.59791072805660,-33.9318187522,150.8027032582
To_Rossmore_SE_E,"24","0","24",0.02263661414821,278.59887418465814,-33.9314813069,150.8004715870
To_Rossmore_SE_E,"25","0","25",0.02426575678445,278.59972447456676,-33.9312377111,150.7988607590
To_Rossmore_SE_E,"26","0","26",0.02589489229222,278.60049423724041,-33.9309940946,150.7972499413
To_Rossmore_SE_E,"27","0","27",0.02747534895158,278.60125867837854,-33.9307577366,150.7956872583
To_Rossmore_SE_E,"28","0","28",0.02910848044902,278.60195397014354,-33.9305134795,150.7940724961
To_Rossmore_SE_E,"29","0","29",0.03010392139468,278.60254067229840,-33.9303645869,150.7930882534
To_Rossmore_SE_E,"30","0","30",0.03140968533844,275.02020245517986,-33.9301692657,150.7917971806
To_Rossmore_SE_E,"31","0","31",0.03285783745703,274.40652939183440,-33.9301329343,150.7903494843
To_Rossmore_SE_E,"32","0","32",0.03401617966083,277.37572319341467,-33.9299842368,150.7892007260
To_Rossmore_SE_E,"33","0","33",0.03501289015719,233.96497777287956,-33.9298562793,150.7882122632
To_Rossmore_SE_E,"34","0","34",0.03682506552501,214.59722793709233,-33.9316377977,150.7878803419
To_Rossmore_SE_E,"35","0","35",0.03863233067374,238.64103642424260,-33.9325783102,150.7863370845
To_Rossmore_SE_E,"36","0","36",0.04043961353526,258.00985174739060,-33.9335188019,150.7847937936
To_Rossmore_SE_E,"37","0","37",0.04259473896481,277.37861854925143,-33.9332420478,150.7826565120
To_Rossmore_SE_E,"38","0","38",0.04474985330055,298.06412559970056,-33.9329652571,150.7805192463
To_Rossmore_SE_E,"39","0","39",0.04646093497426,318.74964600968542,-33.9316788150,150.7793910320
To_Rossmore_SE_E,"40","0","40",0.04817200154261,344.65516377625062,-33.9303923638,150.7782628512
To_Rossmore_SE_E,"41","0","41",0.04998417933636,10.56015858027416,-33.9286108788,150.7785949651
To_Rossmore_SW_E,"0","0","0",0.00000000000000,172.54455296325617,-33.9325444000,150.8214168000
To_Rossmore_SW_E,"1","0","1",0.00027744550810,167.31430716621162,-33.9328195000,150.8214528000
To_Rossmore_SW_E,"2","0","2",0.00059861960411,162.01838207167353,-33.9331251000,150.8215516000
To_Rossmore_SW_E,"3","0","3",0.00083231727219,175.25009498956828,-33.9333473000,150.8216240000
To_Rossmore_SW_E,"4","0","4",0.00101868728049,198.17782567010352,-33.9335316000,150.8215963000
To_Rossmore_SW_E,"5","0","5",0.00126605461868,220.06557855240544,-33.9337504000,150.8214809000
To_Rossmore_SW_E,"6","0","6",0.00180416800815,234.28483256309633,-33.9340793000,150.8210550000
To_Rossmore_SW_E,"7","0","7",0.00198000807755,238.11779605263800,-33.9341770000,150.8209088000
To_Rossmore_SW_E,"8","0","8",0.00216154727444,252.42346223476167,-33.9342678000,150.8207516000
To_Rossmore_SW_E,"9","0","9",0.00230994447793,270.02333279927342,-33.9342811000,150.8206038000
To_Rossmore_SW_E,"10","0","10",0.00257975005607,276.59319047999929,-33.9342567000,150.8203351000
To_Rossmore_SW_E,"11","0","11",0.00305846742266,277.99644524021284,-33.9341900943,150.8198610388
To_Rossmore_SW_E,"12","0","12",0.00395313277583,277.99591514020398,-33.9340656556,150.8189750698
To_Rossmore_SW_E,"13","0","13",0.00511081029112,277.99690920632270,-33.9339046049,150.8178286493
To_Rossmore_SW_E,"14","0","14",0.00605664480369,277.99739044502076,-33.9337730166,150.8168920131
To_Rossmore_SW_E,"15","0","15",0.00706419643326,277.99782198766246,-33.9336328339,150.8158942611
To_Rossmore_SW_E,"16","0","16",0.00774121321677,278.08222983285646,-33.9335386345,150.8152238297
To_Rossmore_SW_E,"17","0","17",0.00932248173575,278.00147421785721,-33.9333140167,150.8136585959
To_Rossmore_SW_E,"18","0","18",0.01095300480858,277.59325351430346,-33.9330917000,150.8120433000
To_Rossmore_SW_E,"19","0","19",0.01258439705117,277.35030868563820,-33.9328829958,150.8104253126
To_Rossmore_SW_E,"20","0","20",0.01409709005482,277.34971329626899,-33.9326894605,150.8089250512
To_Rossmore_SW_E,"21","0","21",0.01582799272473,277.34825355312682,-33.9324680617,150.8072083665
To_Rossmore_SW_E,"22","0","22",0.01679866791419,277.34930980690541,-33.9323439217,150.8062456621
To_Rossmore_SW_E,"23","0","23",0.01727091136489,277.97379396088729,-33.9322835000,150.8057773000
To_Rossmore_SW_E,"24","0","24",0.01842781169619,278.59692591569836,-33.9321105690,150.8046333974
To_Rossmore_SW_E,"25","0","25",0.01942328119887,278.59749492823823,-33.9319617595,150.8036491132
To_Rossmore_SW_E,"26","0","26",0.02105644801707,278.59819024535949,-33.9317176052,150.8020342998
To_Rossmore_SW_E,"27","0","27",0.02263692521638,278.59895470556330,-33.9314813069,150.8004715870
To_Rossmore_SW_E,"28","0","28",0.02426606785263,278.59972447543157,-33.9312377111,150.7988607590
To_Rossmore_SW_E,"29","0","29",0.02589520336040,278.60049423724041,-33.9309940946,150.7972499413
To_Rossmore_SW_E,"30","0","30",0.02747566001977,278.60125867837854,-33.9307577366,150.7956872583
To_Rossmore_SW_E,"31","0","31",0.02910879151721,278.60195397014354,-33.9305134795,150.7940724961
To_Rossmore_SW_E,"32","0","32",0.03010423246287,278.24407458866369,-33.9303645869,150.7930882534
To_Rossmore_SW_E,"33","0","33",0.03141078372688,274.98151424525429,-33.9301853275,150.7917940578
To_Rossmore_SW_E,"34","0","34",0.03285630708042,274.72630726432357,-33.9301329343,150.7903494843
To_Rossmore_SW_E,"35","0","35",0.03401464928421,277.37583642959481,-33.9299842368,150.7892007260
To_Rossmore_SW_E,"36","0","36",0.03596915742314,277.37670268792539,-33.9297333097,150.7872623922
To_Rossmore_SW_E,"37","0","37",0.03822901205712,277.37766094342953,-33.9294431422,150.7850212439
To_Rossmore_SW_E,"38","0","38",0.03986018782715,277.37850664400065,-33.9292336716,150.7834035738
To_Rossmore_SW_E,"39","0","39",0.04149135724326,277.37927225342440,-33.9290241801,150.7817859129
To_Rossmore_SW_E,"40","0","40",0.04307378778614,277.38003257046995,-33.9288209274,150.7802165899
To_Rossmore_SW_E,"41","0","41",0.04470895972893,277.38086104780001,-33.9286108788,150.7785949651
To_Rossmore_SW_E,"42","0","42",0.04686395143219,277.38170083564074,-33.9283340225,150.7764578315
To_Rossmore_SW_E,"43","0","43",0.04802225488623,277.38234730600340,-33.9281851971,150.7753091288
To_Rossmore_SW_E,"44","0","44",0.04901893203528,233.97275373326841,-33.9280571296,150.7743207139
To_Rossmore_SW_E,"45","0","45",0.05083111089672,214.60501347261487,-33.9298385997,150.7739885145
To_Rossmore_SW_E,"46","0","46",0.05263837622969,238.64767970823596,-33.9307789334,150.7724451478
To_Rossmore_SW_E,"47","0","47",0.05444565926572,258.01648574372541,-33.9317192462,150.7709017477
To_Rossmore_SW_E,"48","0","48",0.05660071253133,277.38524319307828,-33.9314422542,150.7687645697
To_Rossmore_SW_E,"49","0","49",0.05875575468348,298.07174923564867,-33.9311652257,150.7666274076
To_Rossmore_SW_E,"50","0","50",0.06046676804396,318.75824605992744,-33.9298786653,150.7654994320
To_Rossmore_SW_E,"51","0","51",0.06203110867581,342.93065840533922,-33.9287023743,150.7644681701
To_Rossmore_SW_E,"52","0","52",0.06393745250084,7.10257039720165,-33.9268106590,150.7647038819
From_Rossmore_SW_E,"0","0","0",0.00000000000000,10.56857803686653,-33.9268106590,150.7647038819
From_Rossmore_SW_E,"1","0","1",0.00181218021424,34.60882647097071,-33.9250292204,150.7650362579
From_Rossmore_SW_E,"2","0","2",0.00361937130863,58.64851683343326,-33.9240889780,150.7665795932
From_Rossmore_SW_E,"3","0","3",0.00542654471150,78.01674311530489,-33.9231487147,150.7681228951
From_Rossmore_SW_E,"4","0","4",0.00758139159096,97.38501800506167,-33.9234257098,150.7702598647
From_Rossmore_SW_E,"5","0","5",0.00973624957699,118.07005749868885,-33.9237026682,150.7723968501
From_Rossmore_SW_E,"6","0","6",0.01144723761652,138.75508370652838,-33.9249891675,150.7735248571
From_Rossmore_SW_E,"7","0","7",0.01315824075521,164.65847992467559,-33.9262756576,150.7746528974
From_Rossmore_SW_E,"8","0","8",0.01497041859200,143.97250048196622,-33.9280571296,150.7743207139
From_Rossmore_SW_E,"9","0","9",0.01596709574105,97.38234730600340,-33.9281851971,150.7753091288
From_Rossmore_SW_E,"10","0","10",0.01712539919509,97.38181866577757,-33.9283340225,150.7764578315
From_Rossmore_SW_E,"11","0","11",0.01828370585608,97.38117679265353,-33.9284828373,150.7776065388
From_Rossmore_SW_E,"12","0","12",0.02023816855095,97.38031056848263,-33.9287339143,150.7795448073
From_Rossmore_SW_E,"13","0","13",0.02249799338401,97.37935233672044,-33.9290241801,150.7817859129
From_Rossmore_SW_E,"14","0","14",0.02412916280012,97.37850664400065,-33.9292336716,150.7834035738
From_Rossmore_SW_E,"15","0","15",0.02576033857015,97.37766094342955,-33.9294431422,150.7850212439
From_Rossmore_SW_E,"16","0","16",0.02802019320413,97.37682052376204,-33.9297333097,150.7872623922
From_Rossmore_SW_E,"17","0","17",0.02897799084671,97.37620904678619,-33.9298562793,150.7882122632
From_Rossmore_SW_E,"18","0","18",0.02997470134308,97.37572319422013,-33.9299842368,150.7892007260
From_Rossmore_SW_E,"19","0","19",0.03113304354687,94.40652939061442,-33.9301329343,150.7903494843
From_Rossmore_SW_E,"20","0","20",0.03258119566546,95.02008398632371,-33.9301692657,150.7917971806
From_Rossmore_SW_E,"21","0","21",0.03488240055485,98.60210937098523,-33.9305134795,150.7940724961
From_Rossmore_SW_E,"22","0","22",0.03651553205229,98.60125867837860,-33.9307577366,150.7956872583
From_Rossmore_SW_E,"23","0","23",0.03809598871166,98.60049423724041,-33.9309940946,150.7972499413
From_Rossmore_SW_E,"24","0","24",0.03972512421942,98.59972447543154,-33.9312377111,150.7988607590
From_Rossmore_SW_E,"25","0","25",0.04135426685568,98.59895470556332,-33.9314813069,150.8004715870
From_Rossmore_SW_E,"26","0","26",0.04293474405498,98.59819024535942,-33.9317176052,150.8020342998
From_Rossmore_SW_E,"27","0","27",0.04456791087318,98.59749492823822,-33.9319617595,150.8036491132
From_Rossmore_SW_E,"28","0","28",0.04556338037587,98.59692591569838,-33.9321105690,150.8046333974
From_Rossmore_SW_E,"29","0","29",0.04672028070716,97.97379396088731,-33.9322835000,150.8057773000
From_Rossmore_SW_E,"30","0","30",0.04719252415786,97.34930980690537,-33.9323439217,150.8062456621
From_Rossmore_SW_E,"31","0","31",0.04816319934732,97.34966816734523,-33.9324680617,150.8072083665
From_Rossmore_SW_E,"32","0","32",0.04982447402200,97.34960277154700,-33.9326806358,150.8088559847
From_Rossmore_SW_E,"33","0","33",0.05140679502252,97.34878354669776,-33.9328829958,150.8104253126
From_Rossmore_SW_E,"34","0","34",0.05303818726511,97.59325351430341,-33.9330917000,150.8120433000
From_Rossmore_SW_E,"35","0","35",0.05466871033794,98.00147421785722,-33.9333140167,150.8136585959
From_Rossmore_SW_E,"36","0","36",0.05624997885692,98.08222983285648,-33.9335386345,150.8152238297
From_Rossmore_SW_E,"37","0","37",0.05692699564042,97.99782795466051,-33.9336328339,150.8158942611
From_Rossmore_SW_E,"38","0","38",0.05788424338362,97.99740237931610,-33.9337660179,150.8168421984
From_Rossmore_SW_E,"39","0","39",0.05888038178257,97.99691517362005,-33.9339046049,150.8178286493
From_Rossmore_SW_E,"40","0","40",0.06003805929785,97.99591514020403,-33.9340656556,150.8189750698
From_Rossmore_SW_E,"41","0","41",0.06093272465103,97.99644524021284,-33.9341900943,150.8198610388
From_Rossmore_SW_E,"42","0","42",0.06141144201761,96.59319047999934,-33.9342567000,150.8203351000
From_Rossmore_SW_E,"43","0","43",0.06168124759576,90.02333279927340,-33.9342811000,150.8206038000
From_Rossmore_SW_E,"44","0","44",0.06182964479924,72.42346223476164,-33.9342678000,150.8207516000
From_Rossmore_SW_E,"45","0","45",0.06201118399613,58.11779605263800,-33.9341770000,150.8209088000
From_Rossmore_SW_E,"46","0","46",0.06218702406554,54.28483256309637,-33.9340793000,150.8210550000
From_Rossmore_SW_E,"47","0","47",0.06272513745501,40.06557855240542,-33.9337504000,150.8214809000
From_Rossmore_SW_E,"48","0","48",0.06297250479320,18.17782567010350,-33.9335316000,150.8215963000
From_Rossmore_SW_E,"49","0","49",0.06315887480150,355.28811186408137,-33.9333473000,150.8216240000
From_Rossmore_SW_E,"50","0","50",0.06371374621008,347.28664474323108,-33.9328195000,150.8214528000
From_Rossmore_SW_E,"51","0","51",0.06399119171819,352.54455296325619,-33.9325444000,150.8214168000
To_Rossmore_SW_N,"0","0","0",0.00000000000000,189.79805112095423,-33.8764047516,150.7788515514
To_Rossmore_SW_N,"1","0","1",0.00083078013715,189.86214062129727,-33.8772234137,150.7787101725
To_Rossmore_SW_N,"2","0","2",0.00135822036779,189.88720762325701,-33.8777429585,150.7786192523
To_Rossmore_SW_N,"3","0","3",0.00271644038777,189.84836415077945,-33.8790811643,150.7783869449
To_Rossmore_SW_N,"4","0","4",0.00333782688873,189.84854317768691,-33.8796933936,150.7782806603
To_Rossmore_SW_N,"5","0","5",0.00407466086738,189.84872222086227,-33.8804193692,150.7781546290
To_Rossmore_SW_N,"6","0","6",0.00458894576537,189.84890126241908,-33.8809260747,150.7780666603
To_Rossmore_SW_N,"7","0","7",0.00543288180666,178.91904990109373,-33.8817575730,150.7779223047
To_Rossmore_SW_N,"8","0","8",0.00624338459177,178.05548673560432,-33.8825503326,150.7780909671
To_Rossmore_SW_N,"9","0","9",0.00684200524712,189.64808375337168,-33.8831429491,150.7780063955
To_Rossmore_SW_N,"10","0","10",0.00769688190860,190.58945458797675,-33.8839816189,150.7778407239
To_Rossmore_SW_N,"11","0","11",0.00906355743225,190.29250192193894,-33.8853275128,150.7776032971
To_Rossmore_SW_N,"12","0","12",0.01039249476497,189.85723493502846,-33.8866338555,150.7773592822
To_Rossmore_SW_N,"13","0","13",0.01176095460036,190.16976630483242,-33.8879849630,150.7771420478
To_Rossmore_SW_N,"14","0","14",0.01313352883512,191.20574780869507,-33.8893313709,150.7768753163
To_Rossmore_SW_N,"15","0","15",0.01446509672601,191.20608475416918,-33.8906375525,150.7766165446
To_Rossmore_SW_N,"16","0","16",0.01503510546604,191.20632454847117,-33.8911966935,150.7765057685
To_Rossmore_SW_N,"17","0","17",0.01584105090580,191.20654555734799,-33.8919872722,150.7763491376
To_Rossmore_SW_N,"18","0","18",0.01667973813555,190.71367654091674,-33.8928099678,150.7761861400
To_Rossmore_SW_N,"19","0","19",0.01736674421503,204.06619194320510,-33.8934860722,150.7760642376
To_Rossmore_SW_N,"20","0","20",0.01851841901155,204.63067113507461,-33.8943946961,150.7753565953
To_Rossmore_SW_N,"21","0","21",0.01949323025391,191.34977974109995,-33.8953504444,150.7751647566
To_Rossmore_SW_N,"22","0","22",0.02033202161470,191.35003559722290,-33.8961728320,150.7749996822
To_Rossmore_SW_N,"23","0","23",0.02113806762128,191.35025910425898,-33.8969631140,150.7748410487
To_Rossmore_SW_N,"24","0","24",0.02170814778405,191.35050163684426,-33.8975220445,150.7747288523
To_Rossmore_SW_N,"25","0","25",0.02303988347867,191.35084247309064,-33.8988277329,150.7744667497
To_Rossmore_SW_N,"26","0","26",0.02441263208746,191.35124576909246,-33.9001736301,150.7741965658
To_Rossmore_SW_N,"27","0","27",0.02578538141982,191.35164909694996,-33.9015195262,150.7739263722
To_Rossmore_SW_N,"28","0","28",0.02711711919950,191.35199001674206,-33.9028252111,150.7736642416
To_Rossmore_SW_N,"29","0","29",0.02768720067107,191.35223263690432,-33.9033841395,150.7735520278
To_Rossmore_SW_N,"30","0","30",0.02849324895418,191.35245624730564,-33.9041744176,150.7733933638
To_Rossmore_SW_N,"31","0","31",0.02933204321384,191.35273805231091,-33.9049968004,150.7732282506
To_Rossmore_SW_N,"32","0","32",0.03065529246705,193.84979020356150,-33.9062941581,150.7729677671
To_Rossmore_SW_N,"33","0","33",0.03149749126462,193.66157542550843,-33.9071023121,150.7727307314
To_Rossmore_SW_N,"34","0","34",0.03247193170346,190.97659915498679,-33.9080589256,150.7725451923
To_Rossmore_SW_N,"35","0","35",0.03331040397428,190.97684822798126,-33.9088820577,150.7723855385
To_Rossmore_SW_N,"36","0","36",0.03411614332469,190.97706580544758,-33.9096730551,150.7722321142
To_Rossmore_SW_N,"37","0","37",0.03468600658963,190.97730190653971,-33.9102324916,150.7721236021
To_Rossmore_SW_N,"38","0","38",0.03601723555618,190.97763370749183,-33.9115393621,150.7718701062
To_Rossmore_SW_N,"39","0","39",0.03738946176677,190.97802630828505,-33.9128864779,150.7716087944
To_Rossmore_SW_N,"40","0","40",0.03876168863517,190.97841894279162,-33.9142335925,150.7713474731
To_Rossmore_SW_N,"41","0","41",0.04009291949695,190.97875081956369,-33.9155404596,150.7710939501
To_Rossmore_SW_N,"42","0","42",0.04066278395171,190.97898700972030,-33.9160998941,150.7709854209
To_Rossmore_SW_N,"43","0","43",0.04146852537149,190.97920469250485,-33.9168908878,150.7708319669
To_Rossmore_SW_N,"44","0","44",0.04230700027741,190.97945391256786,-33.9177140153,150.7706722754
To_Rossmore_SW_N,"45","0","45",0.04328144439579,177.90465088444347,-33.9186706223,150.7704866836
To_Rossmore_SW_N,"46","0","46",0.04375733587393,177.34476734077907,-33.9191299301,150.7706112189
To_Rossmore_SW_N,"47","0","47",0.04511557030630,179.78629685829145,-33.9204681029,150.7703786373
To_Rossmore_SW_N,"48","0","48",0.04631093310416,180.13850381364614,-33.9216442501,150.7705921086
To_Rossmore_SW_N,"49","0","49",0.04728497796567,190.56435808421412,-33.9226017849,150.7704135295
To_Rossmore_SW_N,"50","0","50",0.04812310982761,143.97449663769029,-33.9234257098,150.7702598647
To_Rossmore_SW_N,"51","0","51",0.05027796781364,118.07005749868885,-33.9237026682,150.7723968501
To_Rossmore_SW_N,"52","0","52",0.05198895585317,138.75508370652838,-33.9249891675,150.7735248571
To_Rossmore_SW_N,"53","0","53",0.05369995899186,164.65847992481974,-33.9262756576,150.7746528974
To_Rossmore_SW_N,"54","0","54",0.05551213682860,190.56265214366908,-33.9280571296,150.7743207139
To_Rossmore_SW_N,"55","0","55",0.05732431569009,214.60501347161718,-33.9298385997,150.7739885145
To_Rossmore_SW_N,"56","0","56",0.05913158102302,238.64767970823593,-33.9307789334,150.7724451478
To_Rossmore_SW_N,"57","0","57",0.06093886405910,258.01648574457892,-33.9317192462,150.7709017477
To_Rossmore_SW_N,"58","0","58",0.06309391732470,277.38473362123733,-33.9314422542,150.7687645697
From_Rossmore_SW_N,"0","0","0",0.00000000000000,277.38575276491929,-33.9314422542,150.7687645697
From_Rossmore_SW_N,"1","0","1",0.00215504215215,298.07174923564867,-33.9311652257,150.7666274076
From_Rossmore_SW_N,"2","0","2",0.00386605551263,318.75824605992744,-33.9298786653,150.7654994320
From_Rossmore_SW_N,"3","0","3",0.00543039614448,342.93065840533922,-33.9287023743,150.7644681701
From_Rossmore_SW_N,"4","0","4",0.00733673996951,8.83557421703409,-33.9268106590,150.7647038819
From_Rossmore_SW_N,"5","0","5",0.00914892018375,34.60882647097071,-33.9250292204,150.7650362579
From_Rossmore_SW_N,"6","0","6",0.01095611127815,58.64851683343326,-33.9240889780,150.7665795932
From_Rossmore_SW_N,"7","0","7",0.01276328468101,78.01674311530489,-33.9231487147,150.7681228951
From_Rossmore_SW_N,"8","0","8",0.01491813156048,53.97500610144674,-33.9234257098,150.7702598647
From_Rossmore_SW_N,"9","0","9",0.01575626342242,10.56435808421414,-33.9226017849,150.7704135295
From_Rossmore_SW_N,"10","0","10",0.01673030828393,0.13850381364613,-33.9216442501,150.7705921086
From_Rossmore_SW_N,"11","0","11",0.01792567108179,359.78629685829145,-33.9204681029,150.7703786373
From_Rossmore_SW_N,"12","0","12",0.01928390551416,357.34476734077907,-33.9191299301,150.7706112189
From_Rossmore_SW_N,"13","0","13",0.01975979699230,357.90465088444341,-33.9186706223,150.7704866836
From_Rossmore_SW_N,"14","0","14",0.02073424111068,10.97945391256783,-33.9177140153,150.7706722754
From_Rossmore_SW_N,"15","0","15",0.02157271601660,10.97920469250483,-33.9168908878,150.7708319669
From_Rossmore_SW_N,"16","0","16",0.02237845743638,10.97898700972030,-33.9160998941,150.7709854209
From_Rossmore_SW_N,"17","0","17",0.02294832189114,10.97875081956369,-33.9155404596,150.7710939501
From_Rossmore_SW_N,"18","0","18",0.02427955275292,10.97841894279158,-33.9142335925,150.7713474731
From_Rossmore_SW_N,"19","0","19",0.02565177962132,10.97802630828502,-33.9128864779,150.7716087944
From_Rossmore_SW_N,"20","0","20",0.02702400583191,10.97763370749185,-33.9115393621,150.7718701062
From_Rossmore_SW_N,"21","0","21",0.02835523479846,10.97730190653972,-33.9102324916,150.7721236021
From_Rossmore_SW_N,"22","0","22",0.02892509806340,10.97706580544754,-33.9096730551,150.7722321142
From_Rossmore_SW_N,"23","0","23",0.02973083741381,10.97684822798127,-33.9088820577,150.7723855385
From_Rossmore_SW_N,"24","0","24",0.03056930968463,10.97659915498678,-33.9080589256,150.7725451923
From_Rossmore_SW_N,"25","0","25",0.03154375012347,13.66157542550842,-33.9071023121,150.7727307314
From_Rossmore_SW_N,"26","0","26",0.03238594892104,13.84979020356145,-33.9062941581,150.7729677671
From_Rossmore_SW_N,"27","0","27",0.03370919817425,11.35273805231092,-33.9049968004,150.7732282506
From_Rossmore_SW_N,"28","0","28",0.03454799243391,11.35245624730563,-33.9041744176,150.7733933638
From_Rossmore_SW_N,"29","0","29",0.03535404071702,11.35223263690432,-33.9033841395,150.7735520278
From_Rossmore_SW_N,"30","0","30",0.03592412218859,11.35199001674208,-33.9028252111,150.7736642416
From_Rossmore_SW_N,"31","0","31",0.03725585996827,11.35164909694994,-33.9015195262,150.7739263722
From_Rossmore_SW_N,"32","0","32",0.03862860930063,11.35124576909248,-33.9001736301,150.7741965658
From_Rossmore_SW_N,"33","0","33",0.04000135790942,11.35084247309065,-33.8988277329,150.7744667497
From_Rossmore_SW_N,"34","0","34",0.04133309360404,11.35050163684420,-33.8975220445,150.7747288523
From_Rossmore_SW_N,"35","0","35",0.04190317376681,11.35025910425898,-33.8969631140,150.7748410487
From_Rossmore_SW_N,"36","0","36",0.04270921977339,11.35003559722287,-33.8961728320,150.7749996822
From_Rossmore_SW_N,"37","0","37",0.04354801113418,11.34977974109994,-33.8953504444,150.7751647566
From_Rossmore_SW_N,"38","0","38",0.04452282237654,24.63067113507458,-33.8943946961,150.7753565953
From_Rossmore_SW_N,"39","0","39",0.04567449717306,24.06619194320508,-33.8934860722,150.7760642376
From_Rossmore_SW_N,"40","0","40",0.04636150325254,10.71367654091673,-33.8928099678,150.7761861400
From_Rossmore_SW_N,"41","0","41",0.04720019048229,11.20650385167130,-33.8919872722,150.7763491376
From_Rossmore_SW_N,"42","0","42",0.04857614466208,11.20614372256315,-33.8906375525,150.7766165446
From_Rossmore_SW_N,"43","0","43",0.04990771255297,11.20574780869509,-33.8893313709,150.7768753163
From_Rossmore_SW_N,"44","0","44",0.05128028678773,10.16976630483239,-33.8879849630,150.7771420478
From_Rossmore_SW_N,"45","0","45",0.05264874662312,9.85723493502844,-33.8866338555,150.7773592822
From_Rossmore_SW_N,"46","0","46",0.05397768395584,9.86087335214878,-33.8853275128,150.7776032971
From_Rossmore_SW_N,"47","0","47",0.05456018841157,9.89346140311140,-33.8847524064,150.7776958391
From_Rossmore_SW_N,"48","0","48",0.05534447469709,10.91002796084486,-33.8839816189,150.7778407239
From_Rossmore_SW_N,"49","0","49",0.05619935135857,9.64808375337169,-33.8831429491,150.7780063955
From_Rossmore_SW_N,"50","0","50",0.05679797201392,358.05548673560429,-33.8825503326,150.7780909671
From_Rossmore_SW_N,"51","0","51",0.05760847479903,358.91904990109373,-33.8817575730,150.7779223047
From_Rossmore_SW_N,"52","0","52",0.05845241084032,9.84890126241905,-33.8809260747,150.7780666603
From_Rossmore_SW_N,"53","0","53",0.05896669573831,9.84872222086227,-33.8804193692,150.7781546290
From_Rossmore_SW_N,"54","0","54",0.05970352971696,9.84854317768690,-33.8796933936,150.7782806603
From_Rossmore_SW_N,"55","0","55",0.06032491621792,9.84836415077945,-33.8790811643,150.7783869449
From_Rossmore_SW_N,"56","0","56",0.06168313623790,9.88720762325704,-33.8777429585,150.7786192523
From_Rossmore_SW_N,"57","0","57",0.06221057646854,9.86214062129727,-33.8772234137,150.7787101725
From_Rossmore_SW_N,"58","0","58",0.06304135660569,9.79805112095422,-33.8764047516,150.7788515514
To_Rossmore_SW_S,"0","0","0",0.00000000000000,96.89100057232201,-33.9475022868,150.7566613585
To_Rossmore_SW_S,"1","0","1",0.00727800833515,53.37961137564078,-33.9483755088,150.7638867919
To_Rossmore_SW_S,"2","0","2",0.00999449668822,10.95485479380103,-33.9456992122,150.7643523510
To_Rossmore_SW_S,"3","0","3",0.01080776394704,9.33645372160165,-33.9449038394,150.7645220148
To_Rossmore_SW_S,"4","0","4",0.01135419685650,8.24937146022950,-33.9443610624,150.7645851179
To_Rossmore_SW_S,"5","0","5",0.01271243986982,9.86714305643096,-33.9430229116,150.7648178762
To_Rossmore_SW_S,"6","0","6",0.01407068241804,9.86669351380809,-33.9416847597,150.7650506261
To_Rossmore_SW_S,"7","0","7",0.01678716611958,53.37753259268513,-33.9390084531,150.7655161004
To_Rossmore_SW_S,"8","0","8",0.01840434563680,53.37656457169555,-33.9392024176,150.7671216058
To_Rossmore_SW_S,"9","0","9",0.02247906702018,15.00814901936677,-33.9351879382,150.7678196809
To_Rossmore_SW_S,"10","0","10",0.02393216954957,15.35957433040043,-33.9338237900,150.7683202874
To_Rossmore_SW_S,"11","0","11",0.02551665777562,10.56716895804250,-33.9322661747,150.7686108683
To_Rossmore_SW_S,"12","0","12",0.02635479199107,323.97637615013173,-33.9314422542,150.7687645697
To_Rossmore_SW_S,"13","0","13",0.02850983414322,298.07174923564867,-33.9311652257,150.7666274076
To_Rossmore_SW_S,"14","0","14",0.03022084750370,318.75824605992744,-33.9298786653,150.7654994320
To_Rossmore_SW_S,"15","0","15",0.03178518813555,342.93065840533922,-33.9287023743,150.7644681701
To_Rossmore_SW_S,"16","0","16",0.03369153196058,8.83557421703409,-33.9268106590,150.7647038819
To_Rossmore_SW_S,"17","0","17",0.03550371217482,34.60882647097071,-33.9250292204,150.7650362579
To_Rossmore_SW_S,"18","0","18",0.03731090326922,58.64851683343326,-33.9240889780,150.7665795932
To_Rossmore_SW_S,"19","0","19",0.03911807667208,78.01674311530489,-33.9231487147,150.7681228951
To_Rossmore_SW_S,"20","0","20",0.04127292355155,97.38552746881814,-33.9234257098,150.7702598647
From_Rossmore_SW_S,"0","0","0",0.00000000000000,97.38450854130525,-33.9234257098,150.7702598647
From_Rossmore_SW_S,"1","0","1",0.00215485798603,118.07005749868885,-33.9237026682,150.7723968501
From_Rossmore_SW_S,"2","0","2",0.00386584602555,138.75508370652838,-33.9249891675,150.7735248571
From_Rossmore_SW_S,"3","0","3",0.00557684916425,164.65847992467559,-33.9262756576,150.7746528974
From_Rossmore_SW_S,"4","0","4",0.00738902700104,190.56265214366908,-33.9280571296,150.7743207139
From_Rossmore_SW_S,"5","0","5",0.00920120586247,214.60501347176131,-33.9298385997,150.7739885145
From_Rossmore_SW_S,"6","0","6",0.01100847119541,238.64767970823593,-33.9307789334,150.7724451478
From_Rossmore_SW_S,"7","0","7",0.01281575423148,258.01648574457892,-33.9317192462,150.7709017477
From_Rossmore_SW_S,"8","0","8",0.01497080749709,233.97586657829078,-33.9314422542,150.7687645697
From_Rossmore_SW_S,"9","0","9",0.01580894171254,190.56716895804252,-33.9322661747,150.7686108683
From_Rossmore_SW_S,"10","0","10",0.01739342993859,195.35957433040042,-33.9338237900,150.7683202874
From_Rossmore_SW_S,"11","0","11",0.01884653246798,195.00814901936675,-33.9351879382,150.7678196809
From_Rossmore_SW_S,"12","0","12",0.02292125385136,233.37656457169558,-33.9392024176,150.7671216058
From_Rossmore_SW_S,"13","0","13",0.02453843336858,233.37762249710110,-33.9390084531,150.7655161004
From_Rossmore_SW_S,"14","0","14",0.02861315961830,189.86696324769136,-33.9430229116,150.7648178762
From_Rossmore_SW_S,"15","0","15",0.02997140263162,188.24937146022950,-33.9443610624,150.7645851179
From_Rossmore_SW_S,"16","0","16",0.03051783554108,189.33645372160166,-33.9449038394,150.7645220148
From_Rossmore_SW_S,"17","0","17",0.03133110279990,190.95485479380105,-33.9456992122,150.7643523510
From_Rossmore_SW_S,"18","0","18",0.03404759115297,233.37961137564079,-33.9483755088,150.7638867919
From_Rossmore_SW_S,"19","0","19",0.04132559948812,276.89100057232201,-33.9475022868,150.7566613585
To_Rossmore_SW_W,"0","0","0",0.00000000000000,97.83710646420788,-33.9344642654,150.7404433226
To_Rossmore_SW_W,"1","0","1",0.00072468578370,54.52488300243501,-33.9345630816,150.7411612397
To_Rossmore_SW_W,"2","0","2",0.00799114782649,54.52536617439148,-33.9274353202,150.7425742111
To_Rossmore_SW_W,"3","0","3",0.01499073782988,71.32690646653995,-33.9283898815,150.7495084070
To_Rossmore_SW_W,"4","0","4",0.01609891493001,27.34481650397542,-33.9276037660,150.7502894825
To_Rossmore_SW_W,"5","0","5",0.02017363427680,53.38489512573388,-33.9235894032,150.7509882162
To_Rossmore_SW_W,"6","0","6",0.02340738338365,96.89484859769520,-33.9239776657,150.7541985722
To_Rossmore_SW_W,"7","0","7",0.02906650150408,96.89284638620177,-33.9246569263,150.7598167768
To_Rossmore_SW_W,"8","0","8",0.03149186010957,143.37908535911524,-33.9249479605,150.7622246106
To_Rossmore_SW_W,"9","0","9",0.03285009787399,148.86572522055368,-33.9262861104,150.7619918775
To_Rossmore_SW_W,"10","0","10",0.03379303630835,102.62663216445195,-33.9265753833,150.7628893485
To_Rossmore_SW_W,"11","0","11",0.03462610759979,97.38787535131398,-33.9266825075,150.7637155035
To_Rossmore_SW_W,"12","0","12",0.03562275924955,53.97811853947832,-33.9268106590,150.7647038819
To_Rossmore_SW_W,"13","0","13",0.03743493946379,34.60882647097071,-33.9250292204,150.7650362579
To_Rossmore_SW_W,"14","0","14",0.03924213055819,58.64851683343326,-33.9240889780,150.7665795932
To_Rossmore_SW_W,"15","0","15",0.04104930396105,78.01674311530489,-33.9231487147,150.7681228951
To_Rossmore_SW_W,"16","0","16",0.04320415084052,97.38501800506167,-33.9234257098,150.7702598647
To_Rossmore_SW_W,"17","0","17",0.04535900882655,118.07005749868885,-33.9237026682,150.7723968501
To_Rossmore_SW_W,"18","0","18",0.04706999686607,138.75508370652838,-33.9249891675,150.7735248571
To_Rossmore_SW_W,"19","0","19",0.04878100000477,164.65847992481974,-33.9262756576,150.7746528974
To_Rossmore_SW_W,"20","0","20",0.05059317784150,190.56239889265518,-33.9280571296,150.7743207139
From_Rossmore_SW_W,"0","0","0",0.00000000000000,190.56290539468304,-33.9280571296,150.7743207139
From_Rossmore_SW_W,"1","0","1",0.00181217886149,214.60501347161718,-33.9298385997,150.7739885145
From_Rossmore_SW_W,"2","0","2",0.00361944419442,238.64767970823593,-33.9307789334,150.7724451478
From_Rossmore_SW_W,"3","0","3",0.00542672723049,258.01648574410711,-33.9317192462,150.7709017477
From_Rossmore_SW_W,"4","0","4",0.00758178049615,277.38524319307828,-33.9314422542,150.7687645697
From_Rossmore_SW_W,"5","0","5",0.00973682264825,298.07174923612047,-33.9311652257,150.7666274076
From_Rossmore_SW_W,"6","0","6",0.01144783600873,318.75824605992744,-33.9298786653,150.7654994320
From_Rossmore_SW_W,"7","0","7",0.01301217664058,342.93065840533922,-33.9287023743,150.7644681701
From_Rossmore_SW_W,"8","0","8",0.01491852046561,322.24511471964587,-33.9268106590,150.7647038819
From_Rossmore_SW_W,"9","0","9",0.01591517211538,277.38787535131399,-33.9266825075,150.7637155035
From_Rossmore_SW_W,"10","0","10",0.01674824340681,282.62663216445196,-33.9265753833,150.7628893485
From_Rossmore_SW_W,"11","0","11",0.01769118184118,328.86572522055366,-33.9262861104,150.7619918775
From_Rossmore_SW_W,"12","0","12",0.01904941960560,323.37908535911521,-33.9249479605,150.7622246106
From_Rossmore_SW_W,"13","0","13",0.02147477821109,276.89284638620177,-33.9246569263,150.7598167768
From_Rossmore_SW_W,"14","0","14",0.02713389633152,276.89484859769522,-33.9239776657,150.7541985722
From_Rossmore_SW_W,"15","0","15",0.03036764543837,233.38489512573389,-33.9235894032,150.7509882162
From_Rossmore_SW_W,"16","0","16",0.03444236478516,207.34481650397541,-33.9276037660,150.7502894825
From_Rossmore_SW_W,"17","0","17",0.03555054188528,251.32690646653995,-33.9283898815,150.7495084070
From_Rossmore_SW_W,"18","0","18",0.04255013188868,234.52619401459842,-33.9274353202,150.7425742111
From_Rossmore_SW_W,"19","0","19",0.04844401970977,191.20993260240832,-33.9332166736,150.7414279711
From_Rossmore_SW_W,"20","0","20",0.04981659394450,234.52132822397419,-33.9345630816,150.7411612397
From_Rossmore_SW_W,"21","0","21",0.05054127972819,277.83710646420781,-33.9344642654,150.7404433226
To_KempsCreek_NE_E,"0","0","0",0.00000000000000,191.65263671591683,-33.8805742000,150.7927635000
To_KempsCreek_NE_E,"1","0","1",0.00396712228108,189.88720582317791,-33.8844595603,150.7919622295
To_KempsCreek_NE_E,"2","0","2",0.00456574293646,189.64808375317952,-33.8850521768,150.7918776579
To_KempsCreek_NE_E,"3","0","3",0.00542061959794,144.35464714197147,-33.8858908466,150.7917119863
To_KempsCreek_NE_E,"4","0","4",0.00766812907316,118.42488939074303,-33.8861855628,150.7939400889
To_KempsCreek_NE_E,"5","0","5",0.00937628809007,139.31435626298412,-33.8874808660,150.7950536404
To_KempsCreek_NE_E,"6","0","6",0.01108446192757,165.25792395021136,-33.8887761602,150.7961672251
To_KempsCreek_NE_E,"7","0","7",0.01289783456143,191.20227761602854,-33.8905549850,150.7958149434
To_KempsCreek_NE_E,"8","0","8",0.01471120841681,215.17639513179546,-33.8923338078,150.7954626449
To_KempsCreek_NE_E,"9","0","9",0.01652135006597,239.15080363675872,-33.8932620277,150.7939086113
To_KempsCreek_NE_E,"10","0","10",0.01833150941879,258.49392899847658,-33.8941902265,150.7923545444
To_KempsCreek_NE_E,"11","0","11",0.02048577206731,277.83649820288707,-33.8938965000,150.7902204000
From_KempsCreek_NE_E,"0","0","0",0.00000000000000,277.83751953515252,-33.8938965000,150.7902204000
From_KempsCreek_NE_E,"1","0","1",0.00215425106181,298.57730461504900,-33.8936027370,150.7880862723
From_KempsCreek_NE_E,"2","0","2",0.00386243362427,319.31761050860911,-33.8923073730,150.7869727555
From_KempsCreek_NE_E,"3","0","3",0.00557060136136,345.26340862474325,-33.8910119999,150.7858592719
From_KempsCreek_NE_E,"4","0","4",0.00738397824106,11.20842050390391,-33.8892332119,150.7862117617
From_KempsCreek_NE_E,"5","0","5",0.00919735389789,35.18015569940869,-33.8874544219,150.7865642347
From_KempsCreek_NE_E,"6","0","6",0.01100741914123,59.15160024816456,-33.8865262929,150.7881182337
From_KempsCreek_NE_E,"7","0","7",0.01281746669251,78.65854160558011,-33.8855981429,150.7896721995
From_KempsCreek_NE_E,"8","0","8",0.01487814762822,54.67021580448724,-33.8858908466,150.7917119863
From_KempsCreek_NE_E,"9","0","9",0.01573302428970,9.64808375317953,-33.8850521768,150.7918776579
From_KempsCreek_NE_E,"10","0","10",0.01633164494507,9.88720582317790,-33.8844595603,150.7919622295
From_KempsCreek_NE_E,"11","0","11",0.02029876722615,11.65263671591681,-33.8805742000,150.7927635000
