shape_id,shape_pt_lat,shape_pt_lon,shape_pt_sequence
15th-LVPL-AERO,-33.9229662,150.92687969999997,1
15th-LVPL-AERO,-33.9227614,150.9253742,2
15th-LVPL-AERO,-33.9227143,150.9250215,3
15th-LVPL-AERO,-33.9226973,150.9249006,4
15th-LVPL-AERO,-33.922544,150.9237247,5
15th-LVPL-AERO,-33.924426700000005,150.9233545,6
15th-LVPL-AERO,-33.9246139,150.9233142,7
15th-LVPL-AERO,-33.9247792,150.92326709999998,8
15th-LVPL-AERO,-33.924887700000006,150.92319519999995,9
15th-LVPL-AERO,-33.9252402,150.92264609999995,10
15th-LVPL-AERO,-33.925478000000005,150.9222756,11
15th-LVPL-AERO,-33.9260633,150.92142900000005,12
15th-LVPL-AERO,-33.9262701,150.9211513,13
15th-LVPL-AERO,-33.9266232,150.9206634,14
15th-LVPL-AERO,-33.9267765,150.9205225,15
15th-LVPL-AERO,-33.9269412,150.9203937,16
15th-LVPL-AERO,-33.927023600000005,150.920324,17
15th-LVPL-AERO,-33.9271326,150.9202221,18
15th-LVPL-AERO,-33.9272239,150.9200853,19
15th-LVPL-AERO,-33.927286200000005,150.9199512,20
15th-LVPL-AERO,-33.92746210000001,150.91962780000003,21
15th-LVPL-AERO,-33.9275287,150.9195071,22
15th-LVPL-AERO,-33.927669,150.91930469999997,23
15th-LVPL-AERO,-33.9277025,150.9192633,24
15th-LVPL-AERO,-33.9278493,150.9190821,25
15th-LVPL-AERO,-33.9281364,150.9187361,26
15th-LVPL-AERO,-33.928407799999995,150.91843669999997,27
15th-LVPL-AERO,-33.9285788,150.9181997,28
15th-LVPL-AERO,-33.92865,150.9180817,29
15th-LVPL-AERO,-33.9287278,150.91791,30
15th-LVPL-AERO,-33.9287974,150.9175282,31
15th-LVPL-AERO,-33.928807899999995,150.91729919999997,32
15th-LVPL-AERO,-33.9287855,150.9169,33
15th-LVPL-AERO,-33.928738,150.9167973,34
15th-LVPL-AERO,-33.928720299999995,150.91662240000005,35
15th-LVPL-AERO,-33.928720299999995,150.91662240000005,36
15th-LVPL-AERO,-33.9286204,150.9156364,37
15th-LVPL-AERO,-33.928293700000005,150.9132937,38
15th-LVPL-AERO,-33.928277,150.9129064,39
15th-LVPL-AERO,-33.9282268,150.9124865,40
15th-LVPL-AERO,-33.9282076,150.9123332,41
15th-LVPL-AERO,-33.9280838,150.9114485,42
15th-LVPL-AERO,-33.9280643,150.9112795,43
15th-LVPL-AERO,-33.9280518,150.9110499,44
15th-LVPL-AERO,-33.9280381,150.91083500000005,45
15th-LVPL-AERO,-33.9280328,150.910742,46
15th-LVPL-AERO,-33.9280112,150.910404,47
15th-LVPL-AERO,-33.9279925,150.9101691,48
15th-LVPL-AERO,-33.92796679999999,150.9099289,49
15th-LVPL-AERO,-33.9279397,150.9097178,50
15th-LVPL-AERO,-33.9278362,150.9089564,51
15th-LVPL-AERO,-33.9278034,150.9087154,52
15th-LVPL-AERO,-33.92778060000001,150.908522,53
15th-LVPL-AERO,-33.9277136,150.9080181,54
15th-LVPL-AERO,-33.927473600000006,150.9067231,55
15th-LVPL-AERO,-33.9274136,150.9063996,56
15th-LVPL-AERO,-33.927261,150.9052007,57
15th-LVPL-AERO,-33.927010700000004,150.9032733,58
15th-LVPL-AERO,-33.926986600000006,150.903113,59
15th-LVPL-AERO,-33.9266703,150.90081659999996,60
15th-LVPL-AERO,-33.92662120000001,150.9005091,61
15th-LVPL-AERO,-33.9265878,150.9002718,62
15th-LVPL-AERO,-33.92655429999999,150.90005369999997,63
15th-LVPL-AERO,-33.9265465,150.8997519,64
15th-LVPL-AERO,-33.9265476,150.8995169,65
15th-LVPL-AERO,-33.9265887,150.8986832,66
15th-LVPL-AERO,-33.9265715,150.8984042,67
15th-LVPL-AERO,-33.9265607,150.8982292,68
15th-LVPL-AERO,-33.926539500000004,150.8978303,69
15th-LVPL-AERO,-33.926519299999995,150.8975543,70
15th-LVPL-AERO,-33.92650689999999,150.89732869999997,71
15th-LVPL-AERO,-33.9265078,150.89714009999997,72
15th-LVPL-AERO,-33.9265329,150.89684640000004,73
15th-LVPL-AERO,-33.9265893,150.8965099,74
15th-LVPL-AERO,-33.926602200000005,150.8964364,75
15th-LVPL-AERO,-33.9272742,150.89261580000004,76
15th-LVPL-AERO,-33.927344,150.8922128,77
15th-LVPL-AERO,-33.9273887,150.8919553,78
15th-LVPL-AERO,-33.9274414,150.8916511,79
15th-LVPL-AERO,-33.9274733,150.89134130000005,80
15th-LVPL-AERO,-33.9274987,150.8910946,81
15th-LVPL-AERO,-33.9275314,150.890777,82
15th-LVPL-AERO,-33.927539700000004,150.89065259999995,83
15th-LVPL-AERO,-33.9275468,150.89057160000004,84
15th-LVPL-AERO,-33.92760560000001,150.89030380000003,85
15th-LVPL-AERO,-33.9276217,150.8899514,86
15th-LVPL-AERO,-33.92761220000001,150.889491,87
15th-LVPL-AERO,-33.9276054,150.8892497,88
15th-LVPL-AERO,-33.927606,150.8881535,89
15th-LVPL-AERO,-33.9276164,150.8876386,90
15th-LVPL-AERO,-33.9276315,150.886892,91
15th-LVPL-AERO,-33.9276296,150.88602590000005,92
15th-LVPL-AERO,-33.927675,150.88476780000005,93
15th-LVPL-AERO,-33.927739700000004,150.88404419999995,94
15th-LVPL-AERO,-33.9277724,150.8836365,95
15th-LVPL-AERO,-33.9278302,150.8825709,96
15th-LVPL-AERO,-33.927837100000005,150.8821995,97
15th-LVPL-AERO,-33.9278283,150.8816182,98
15th-LVPL-AERO,-33.92781779999999,150.8806496,99
15th-LVPL-AERO,-33.927874,150.877919,100
15th-LVPL-AERO,-33.9279078,150.8765184,101
15th-LVPL-AERO,-33.9279117,150.87581540000005,102
15th-LVPL-AERO,-33.927924700000005,150.8751676,103
15th-LVPL-AERO,-33.9279256,150.8746412,104
15th-LVPL-AERO,-33.9278744,150.8740862,105
15th-LVPL-AERO,-33.9278519,150.8739198,106
15th-LVPL-AERO,-33.9278092,150.8736618,107
15th-LVPL-AERO,-33.927797600000005,150.8736058,108
15th-LVPL-AERO,-33.9277513,150.873375,109
15th-LVPL-AERO,-33.927636799999995,150.8728241,110
15th-LVPL-AERO,-33.9275066,150.8722238,111
15th-LVPL-AERO,-33.9273545,150.87164719999996,112
15th-LVPL-AERO,-33.9273034,150.87143909999998,113
15th-LVPL-AERO,-33.9272617,150.87126899999996,114
15th-LVPL-AERO,-33.9271055,150.8707103,115
15th-LVPL-AERO,-33.926927899999995,150.8701156,116
15th-LVPL-AERO,-33.9266871,150.86940669999996,117
15th-LVPL-AERO,-33.926482799999995,150.8687531,118
15th-LVPL-AERO,-33.92634879999999,150.868248,119
15th-LVPL-AERO,-33.926291,150.8678135,120
15th-LVPL-AERO,-33.9262335,150.86722959999997,121
15th-LVPL-AERO,-33.926201299999995,150.8665931,122
15th-LVPL-AERO,-33.9261946,150.86641540000005,123
15th-LVPL-AERO,-33.9261924,150.8659905,124
15th-LVPL-AERO,-33.9262024,150.86557209999995,125
15th-LVPL-AERO,-33.9262269,150.865218,126
15th-LVPL-AERO,-33.926300399999995,150.8644147,127
15th-LVPL-AERO,-33.926402200000005,150.8632728,128
15th-LVPL-AERO,-33.9264516,150.8625196,129
15th-LVPL-AERO,-33.9264627,150.86235280000002,130
15th-LVPL-AERO,-33.926512,150.8618677,131
15th-LVPL-AERO,-33.9266097,150.86050790000004,132
15th-LVPL-AERO,-33.9266333,150.8598248,133
15th-LVPL-AERO,-33.9266406,150.85958380000002,134
15th-LVPL-AERO,-33.9266381,150.859225,135
15th-LVPL-AERO,-33.926638700000005,150.8589667,136
15th-LVPL-AERO,-33.9266397,150.8580658,137
15th-LVPL-AERO,-33.9266036,150.857495,138
15th-LVPL-AERO,-33.92656229999999,150.8570143,139
15th-LVPL-AERO,-33.9264144,150.855739,140
15th-LVPL-AERO,-33.9262771,150.8548153,141
15th-LVPL-AERO,-33.9260343,150.85349,142
15th-LVPL-AERO,-33.92543060000001,150.8509051,143
15th-LVPL-AERO,-33.9252899,150.8502941,144
15th-LVPL-AERO,-33.9251559,150.84971389999995,145
15th-LVPL-AERO,-33.9249689,150.849199,146
15th-LVPL-AERO,-33.9248531,150.8489387,147
15th-LVPL-AERO,-33.9248043,150.8488288,148
15th-LVPL-AERO,-33.924682399999995,150.8485751,149
15th-LVPL-AERO,-33.9246314,150.8484792,150
15th-LVPL-AERO,-33.9245523,150.8483375,151
15th-LVPL-AERO,-33.9243771,150.8484196,152
15th-LVPL-AERO,-33.9243771,150.8484196,153
15th-LVPL-AERO,-33.92445670000001,150.84855359999997,154
15th-LVPL-AERO,-33.9246314,150.8484792,155
15th-LVPL-AERO,-33.9245523,150.8483375,156
15th-LVPL-AERO,-33.924500200000004,150.8482378,157
15th-LVPL-AERO,-33.9244392,150.8481412,158
15th-LVPL-AERO,-33.9241905,150.84776200000005,159
15th-LVPL-AERO,-33.923511600000005,150.8467531,160
15th-LVPL-AERO,-33.923284499999994,150.84635780000005,161
15th-LVPL-AERO,-33.9232088,150.84618909999998,162
15th-LVPL-AERO,-33.9230998,150.8459365,163
15th-LVPL-AERO,-33.923064600000004,150.8456679,164
15th-LVPL-AERO,-33.9227025,150.8430885,165
15th-LVPL-AERO,-33.9226548,150.8427488,166
15th-LVPL-AERO,-33.9225815,150.84221440000005,167
15th-LVPL-AERO,-33.922284399999995,150.8400497,168
15th-LVPL-AERO,-33.9222914,150.8400479,169
15th-LVPL-AERO,-33.9222982,150.8400453,170
15th-LVPL-AERO,-33.92230479999999,150.8400418,171
15th-LVPL-AERO,-33.9223111,150.84003769999995,172
15th-LVPL-AERO,-33.922317,150.8400327,173
15th-LVPL-AERO,-33.9223225,150.84002719999995,174
15th-LVPL-AERO,-33.9223275,150.840021,175
15th-LVPL-AERO,-33.922332,150.8400142,176
15th-LVPL-AERO,-33.9223359,150.84000690000005,177
15th-LVPL-AERO,-33.9223392,150.8399993,178
15th-LVPL-AERO,-33.9223418,150.8399912,179
15th-LVPL-AERO,-33.92234379999999,150.83998290000005,180
15th-LVPL-AERO,-33.9223451,150.8399744,181
15th-LVPL-AERO,-33.92234570000001,150.83996580000004,182
15th-LVPL-AERO,-33.9223456,150.8399571,183
15th-LVPL-AERO,-33.9223448,150.83994850000005,184
15th-LVPL-AERO,-33.922343299999994,150.83994009999995,185
15th-LVPL-AERO,-33.922341100000004,150.8399319,186
15th-LVPL-AERO,-33.9223383,150.8399239,187
15th-LVPL-AERO,-33.9223348,150.83991630000003,188
15th-LVPL-AERO,-33.9223307,150.8399092,189
15th-LVPL-AERO,-33.9223261,150.8399026,190
15th-LVPL-AERO,-33.922321000000004,150.8398966,191
15th-LVPL-AERO,-33.922315399999995,150.83989119999995,192
15th-LVPL-AERO,-33.9223093,150.8398865,193
15th-LVPL-AERO,-33.922303,150.8398825,194
15th-LVPL-AERO,-33.9222963,150.8398793,195
15th-LVPL-AERO,-33.9222894,150.8398769,196
15th-LVPL-AERO,-33.9222823,150.83987539999995,197
15th-LVPL-AERO,-33.9222752,150.8398746,198
15th-LVPL-AERO,-33.922268,150.83987480000005,199
15th-LVPL-AERO,-33.9222609,150.8398757,200
15th-LVPL-AERO,-33.9220148,150.8380768,201
15th-LVPL-AERO,-33.9215784,150.8348862,202
15th-LVPL-AERO,-33.9214339,150.8338552,203
15th-LVPL-AERO,-33.921211,150.8322656,204
15th-LVPL-AERO,-33.920866100000005,150.82974230000005,205
15th-LVPL-AERO,-33.9208311,150.8294999,206
15th-LVPL-AERO,-33.9208026,150.8293073,207
15th-LVPL-AERO,-33.9207408,150.8289072,208
15th-LVPL-AERO,-33.9207225,150.82877309999995,209
15th-LVPL-AERO,-33.9207225,150.8287731,210
15th-LVPL-AERO,-33.920599811399995,150.827886663,211
15th-LVPL-AERO,-33.920419306599996,150.826582586,212
15th-LVPL-AERO,-33.9202984271,150.82570933739999,213
15th-LVPL-AERO,-33.9202339581,150.82524362459998,214
15th-LVPL-AERO,-33.9201422605,150.824582044,215
15th-LVPL-AERO,-33.919945391999995,150.8231592357,216
15th-LVPL-AERO,-33.9198874892,150.8227418366,217
15th-LVPL-AERO,-33.919761529,150.821841777,218
15th-LVPL-AERO,-33.919601805700005,150.8206952728,219
15th-LVPL-AERO,-33.919464360999996,150.8197087497,220
15th-LVPL-AERO,-33.9193322747,150.81876074299998,221
15th-LVPL-AERO,-33.9192388516,150.8180902626,222
15th-LVPL-AERO,-33.919020596799996,150.816523994,223
15th-LVPL-AERO,-33.9187956,150.8149095,224
15th-LVPL-AERO,-33.9185705824,150.8132950157,225
15th-LVPL-AERO,-33.918352267399996,150.8117287749,226
15th-LVPL-AERO,-33.9182588066,150.811058312,227
15th-LVPL-AERO,-33.918126654699996,150.8101103356,228
15th-LVPL-AERO,-33.9179891264,150.8091238513,229
15th-LVPL-AERO,-33.9179280466,150.8086857478,230
15th-LVPL-AERO,-33.917919,150.8085544,231
15th-LVPL-AERO,-33.9178785,150.8083264,232
15th-LVPL-AERO,-33.9178437,150.8080945,233
15th-LVPL-AERO,-33.9177469584,150.80739382049998,234
15th-LVPL-AERO,-33.917675505,150.80687631770002,235
15th-LVPL-AERO,-33.9175821622,150.8062003051,236
15th-LVPL-AERO,-33.9174411603,150.8051791874,237
15th-LVPL-AERO,-33.9173837624,150.8047635368,238
15th-LVPL-AERO,-33.9172724983,150.80395784200002,239
15th-LVPL-AERO,-33.9171609773,150.8031503273,240
15th-LVPL-AERO,-33.9171201171,150.80285447190002,241
15th-LVPL-AERO,-33.9170297679,150.8022003015,242
15th-LVPL-AERO,-33.9169112366,150.80134211930002,243
15th-LVPL-AERO,-33.916794464,150.800496715,244
15th-LVPL-AERO,-33.9166610279,150.79953072520001,245
15th-LVPL-AERO,-33.9165013785,150.7983676277,246
15th-LVPL-AERO,-33.9160048,150.7947631,247
15th-LVPL-AERO,-33.9158731419,150.793767186,248
15th-LVPL-AERO,-33.9157715064,150.79301899450002,249
15th-LVPL-AERO,-33.9156169846,150.7918715342,250
15th-LVPL-AERO,-33.9155467014,150.7913496549,251
15th-LVPL-AERO,-33.9154840155,150.7908841885,252
15th-LVPL-AERO,-33.9153562301,150.78993539110002,253
15th-LVPL-AERO,-33.9152658489,150.7892643514,254
15th-LVPL-AERO,-33.9151646097,150.7885127489,255
15th-LVPL-AERO,-33.9150546999,150.7876967761,256
15th-LVPL-AERO,-33.914972829899995,150.7870890322,257
15th-LVPL-AERO,-33.9149264679,150.78674487360001,258
15th-LVPL-AERO,-33.914911259899995,150.7866319809,259
15th-LVPL-AERO,-33.9148963604,150.7865228834,260
15th-LVPL-AERO,-33.9148887109,150.7864645933,261
15th-LVPL-AERO,-33.9148821775,150.7864160936,262
15th-LVPL-AERO,-33.9148757297,150.7863682301,263
15th-LVPL-AERO,-33.914869914,150.78632814190001,264
15th-LVPL-AERO,-33.9148645961,150.7862855823,265
15th-LVPL-AERO,-33.9148595675,150.7862482532,266
15th-LVPL-AERO,-33.9148554887,150.7862127395,267
15th-LVPL-AERO,-33.914837027800004,150.786080935,268
15th-LVPL-AERO,-33.9148290041,150.786021379,269
15th-LVPL-AERO,-33.9148163826,150.7859276954,270
15th-LVPL-AERO,-33.9147897384,150.7857299285,271
15th-LVPL-AERO,-33.9147633514,150.78553407040002,272
15th-LVPL-AERO,-33.914745554,150.7854019689,273
15th-LVPL-AERO,-33.9147136054,150.78516482959998,274
15th-LVPL-AERO,-33.914673832,150.7848696108,275
15th-LVPL-AERO,-33.9146193348,150.7844651033,276
15th-LVPL-AERO,-33.9145238639,150.78375653959998,277
15th-LVPL-AERO,-33.9144081255,150.7828975551,278
15th-LVPL-AERO,-33.9143177065,150.7822265325,279
15th-LVPL-AERO,-33.9141898554,150.78127776469998,280
15th-LVPL-AERO,-33.914156892,150.7810331625,281
15th-LVPL-AERO,-33.914135064899995,150.7808711959,282
15th-LVPL-AERO,-33.9141012183,150.7806200402,283
15th-LVPL-AERO,-33.9140568026,150.7802904566,284
15th-LVPL-AERO,-33.914027526999995,150.780073238,285
15th-LVPL-AERO,-33.9139876814,150.77977759200002,286
15th-LVPL-AERO,-33.9139044276,150.77915986690002,287
15th-LVPL-AERO,-33.9138217601,150.7785464918,288
15th-LVPL-AERO,-33.9136671054,150.77739909139999,289
15th-LVPL-AERO,-33.9136224457,150.7770677785,290
15th-LVPL-AERO,-33.913534022,150.7764117971,291
15th-LVPL-AERO,-33.9134061267,150.77546304930001,292
15th-LVPL-AERO,-33.9133156677,150.7747920446,293
15th-LVPL-AERO,-33.9131043372,150.77322455110001,294
15th-LVPL-AERO,-33.9129960147,150.7724235828,295
15th-LVPL-AERO,-33.9128864779,150.7716087944,296
15th-LVPL-AERO,-33.9127910751,150.7709013099,297
15th-LVPL-AERO,-33.9126685977,150.769993047,298
15th-LVPL-AERO,-33.9125868219,150.769386678,299
15th-LVPL-AERO,-33.9124572069,150.76842558069998,300
15th-LVPL-AERO,-33.9123667102,150.7677545931,301
15th-LVPL-AERO,-33.9122387491,150.7668058749,302
15th-LVPL-AERO,-33.912187664099996,150.7664271479,303
15th-LVPL-AERO,-33.912105581999995,150.7658186184,304
15th-LVPL-AERO,-33.9120405052,150.7653361934,305
15th-LVPL-AERO,-33.9119508104,150.7646712707,306
15th-LVPL-AERO,-33.911469420100005,150.7637489829,307
15th-LVPL-AERO,-33.911372428600004,150.7629464928,308
15th-LVPL-AERO,-33.9104992732,150.7557241775,309
15th-LVPL-AERO,-33.910402230100004,150.7549217086,310
15th-LVPL-AERO,-33.9103051818,150.7541192419,311
15th-LVPL-AERO,-33.9102081284,150.75331677719998,312
15th-LVPL-AERO,-33.9110467749,150.7529456033,313
15th-LVPL-AERO,-33.910888954899995,150.7517985298,314
15th-LVPL-AERO,-33.9107531478,150.75081151700002,315
15th-LVPL-AERO,-33.9106226352,150.7498630395,316
15th-LVPL-AERO,-33.910530325100005,150.7491922262,317
15th-LVPL-AERO,-33.910314670300004,150.74762517969998,318
15th-LVPL-AERO,-33.9100923536,150.74600988379999,319
15th-LVPL-AERO,-33.9114387615,150.7457431523,320
15th-LVPL-AERO,-33.912744943,150.7454843806,321
15th-LVPL-AERO,-33.913304084,150.7453736045,322
15th-LVPL-AERO,-33.914094662800004,150.7452169736,323
15th-LVPL-AERO,-33.9144251031,150.7451515047,324
15th-LVPL-AERO,-33.914917358400004,150.745053976,325
15th-LVPL-AERO,-33.9158734636,150.7448645419,326
15th-LVPL-AERO,-33.9155796928,150.7427303717,327
15th-LVPL-AERO,-33.9152122594,150.74006246049998,328
15th-LVPL-AERO,-33.9149185754,150.7379285499,329
15th-LVPL-AERO,-33.9158746871,150.7377391693,330
15th-LVPL-AERO,-33.9166973875,150.7375762101,331
15th-LVPL-AERO,-33.91748797,150.7374196093,332
15th-LVPL-AERO,-33.9180471131,150.7373088506,333
15th-LVPL-AERO,-33.919353298000004,150.7370501064,334
15th-LVPL-AERO,-33.9195498979,150.7370111602,335
15th-LVPL-AERO,-33.9198571425,150.73695029540002,336
15th-LVPL-AERO,-33.920048866,150.7369123153,337
15th-LVPL-AERO,-33.920267614000004,150.7368689816,338
15th-LVPL-AERO,-33.9206997072,150.7367833845,339
15th-AERO-LVPL,-33.9206997072,150.7367833845,1
15th-AERO-LVPL,-33.920267614000004,150.7368689816,2
15th-AERO-LVPL,-33.920048866,150.7369123153,3
15th-AERO-LVPL,-33.9198571425,150.73695029540002,4
15th-AERO-LVPL,-33.9195498979,150.7370111602,5
15th-AERO-LVPL,-33.919353298000004,150.7370501064,6
15th-AERO-LVPL,-33.9180471131,150.7373088506,7
15th-AERO-LVPL,-33.91748797,150.7374196093,8
15th-AERO-LVPL,-33.9166973875,150.7375762101,9
15th-AERO-LVPL,-33.9149185754,150.7379285499,10
15th-AERO-LVPL,-33.9152122594,150.74006246049998,11
15th-AERO-LVPL,-33.9155796928,150.7427303717,12
15th-AERO-LVPL,-33.9158734636,150.7448645419,13
15th-AERO-LVPL,-33.914917358400004,150.745053976,14
15th-AERO-LVPL,-33.914094662800004,150.7452169736,15
15th-AERO-LVPL,-33.913304084,150.7453736045,16
15th-AERO-LVPL,-33.912744943,150.7454843806,17
15th-AERO-LVPL,-33.9114387615,150.7457431523,18
15th-AERO-LVPL,-33.9100923536,150.74600988379999,19
15th-AERO-LVPL,-33.910314670300004,150.74762517969998,20
15th-AERO-LVPL,-33.910530325100005,150.7491922262,21
15th-AERO-LVPL,-33.9106226352,150.7498630395,22
15th-AERO-LVPL,-33.9107531478,150.75081151700002,23
15th-AERO-LVPL,-33.910888954899995,150.7517985298,24
15th-AERO-LVPL,-33.9110467749,150.7529456033,25
15th-AERO-LVPL,-33.9102081284,150.75331677719998,26
15th-AERO-LVPL,-33.9103051818,150.7541192419,27
15th-AERO-LVPL,-33.910402230100004,150.7549217086,28
15th-AERO-LVPL,-33.9104992732,150.7557241775,29
15th-AERO-LVPL,-33.911372428600004,150.7629464928,30
15th-AERO-LVPL,-33.911469420100005,150.7637489829,31
15th-AERO-LVPL,-33.9119508104,150.7646712707,32
15th-AERO-LVPL,-33.9120410736,150.76534040709998,33
15th-AERO-LVPL,-33.912105581999995,150.7658186184,34
15th-AERO-LVPL,-33.9122387491,150.7668058749,35
15th-AERO-LVPL,-33.9123667102,150.7677545931,36
15th-AERO-LVPL,-33.9124572069,150.76842558069998,37
15th-AERO-LVPL,-33.9125633621,150.7692127231,38
15th-AERO-LVPL,-33.9126685977,150.769993047,39
15th-AERO-LVPL,-33.9127745807,150.7707789917,40
15th-AERO-LVPL,-33.9128864779,150.7716087944,41
15th-AERO-LVPL,-33.912997012699996,150.7724285779,42
15th-AERO-LVPL,-33.9131043372,150.77322455110001,43
15th-AERO-LVPL,-33.9132125833,150.7740274408,44
15th-AERO-LVPL,-33.9133156677,150.7747920446,45
15th-AERO-LVPL,-33.9134061267,150.77546304930001,46
15th-AERO-LVPL,-33.913534022,150.7764117971,47
15th-AERO-LVPL,-33.9136671054,150.77739909139999,48
15th-AERO-LVPL,-33.9137436368,150.77796688610002,49
15th-AERO-LVPL,-33.9138217601,150.7785464918,50
15th-AERO-LVPL,-33.9140568026,150.7802904566,51
15th-AERO-LVPL,-33.9141172133,150.7807387294,52
15th-AERO-LVPL,-33.9141898554,150.78127776469998,53
15th-AERO-LVPL,-33.914246971,150.7817016129,54
15th-AERO-LVPL,-33.9143177065,150.7822265325,55
15th-AERO-LVPL,-33.9144081255,150.7828975551,56
15th-AERO-LVPL,-33.9145243747,150.7837603306,57
15th-AERO-LVPL,-33.9146193348,150.7844651033,58
15th-AERO-LVPL,-33.914732138299996,150.7853023902,59
15th-AERO-LVPL,-33.914837027800004,150.786080935,60
15th-AERO-LVPL,-33.9149084564,150.78661116979998,61
15th-AERO-LVPL,-33.9149963565,150.7872636763,62
15th-AERO-LVPL,-33.9150546999,150.7876967761,63
15th-AERO-LVPL,-33.9151660044,150.7885231033,64
15th-AERO-LVPL,-33.9152658489,150.7892643514,65
15th-AERO-LVPL,-33.9153562301,150.78993539110002,66
15th-AERO-LVPL,-33.9154840155,150.7908841885,67
15th-AERO-LVPL,-33.9156169846,150.7918715342,68
15th-AERO-LVPL,-33.9157715064,150.79301899450002,69
15th-AERO-LVPL,-33.9158942129,150.7941140715,70
15th-AERO-LVPL,-33.9160556304,150.7952601702,71
15th-AERO-LVPL,-33.9161945161,150.796246352,72
15th-AERO-LVPL,-33.9163279725,150.7971940377,73
15th-AERO-LVPL,-33.916432065500004,150.79786237870002,74
15th-AERO-LVPL,-33.9166428261,150.7994300558,75
15th-AERO-LVPL,-33.9168700654,150.8010440454,76
15th-AERO-LVPL,-33.917097283800004,150.8026580447,77
15th-AERO-LVPL,-33.9172122568,150.8034748099,78
15th-AERO-LVPL,-33.917317694,150.8042238335,79
15th-AERO-LVPL,-33.9174120397,150.8048941086,80
15th-AERO-LVPL,-33.917488408800004,150.8054366094,81
15th-AERO-LVPL,-33.9175454305,150.805841825,82
15th-AERO-LVPL,-33.9176842328,150.8068280459,83
15th-AERO-LVPL,-33.9177447129,150.8072888648,84
15th-AERO-LVPL,-33.917800651,150.8077150762,85
15th-AERO-LVPL,-33.9178699657,150.80824320899998,86
15th-AERO-LVPL,-33.9179280466,150.8086857478,87
15th-AERO-LVPL,-33.9179891264,150.8091238513,88
15th-AERO-LVPL,-33.918126654699996,150.8101103356,89
15th-AERO-LVPL,-33.9182588066,150.811058312,90
15th-AERO-LVPL,-33.918352267399996,150.8117287749,91
15th-AERO-LVPL,-33.9185705824,150.8132950157,92
15th-AERO-LVPL,-33.9187956,150.8149095,93
15th-AERO-LVPL,-33.919020596799996,150.816523994,94
15th-AERO-LVPL,-33.9192388516,150.8180902626,95
15th-AERO-LVPL,-33.9193322747,150.81876074299998,96
15th-AERO-LVPL,-33.919464360999996,150.8197087497,97
15th-AERO-LVPL,-33.919601805700005,150.8206952728,98
15th-AERO-LVPL,-33.919761529,150.821841777,99
15th-AERO-LVPL,-33.9198874892,150.8227418366,100
15th-AERO-LVPL,-33.919945391999995,150.8231592357,101
15th-AERO-LVPL,-33.9201423698,150.8245820294,102
15th-AERO-LVPL,-33.9202339581,150.82524362459998,103
15th-AERO-LVPL,-33.9202984271,150.82570933739999,104
15th-AERO-LVPL,-33.920419306599996,150.826582586,105
15th-AERO-LVPL,-33.920599811399995,150.827886663,106
15th-AERO-LVPL,-33.9207225,150.8287731,107
15th-AERO-LVPL,-33.9207225,150.82877309999995,108
15th-AERO-LVPL,-33.9207408,150.8289072,109
15th-AERO-LVPL,-33.9208026,150.8293073,110
15th-AERO-LVPL,-33.9208311,150.8294999,111
15th-AERO-LVPL,-33.920866100000005,150.82974230000005,112
15th-AERO-LVPL,-33.921211,150.8322656,113
15th-AERO-LVPL,-33.9214339,150.8338552,114
15th-AERO-LVPL,-33.9215784,150.8348862,115
15th-AERO-LVPL,-33.9220148,150.8380768,116
15th-AERO-LVPL,-33.9222609,150.8398757,117
15th-AERO-LVPL,-33.9222539,150.8398775,118
15th-AERO-LVPL,-33.922247,150.83988019999995,119
15th-AERO-LVPL,-33.9222404,150.83988359999995,120
15th-AERO-LVPL,-33.922234100000004,150.8398878,121
15th-AERO-LVPL,-33.9222282,150.83989269999995,122
15th-AERO-LVPL,-33.92222279999999,150.8398983,123
15th-AERO-LVPL,-33.9222178,150.8399045,124
15th-AERO-LVPL,-33.9222133,150.8399112,125
15th-AERO-LVPL,-33.9222094,150.8399185,126
15th-AERO-LVPL,-33.9222061,150.83992619999995,127
15th-AERO-LVPL,-33.9222034,150.8399342,128
15th-AERO-LVPL,-33.9222015,150.8399425,129
15th-AERO-LVPL,-33.922200200000006,150.839951,130
15th-AERO-LVPL,-33.9221995,150.8399596,131
15th-AERO-LVPL,-33.9221997,150.8399683,132
15th-AERO-LVPL,-33.9222005,150.8399769,133
15th-AERO-LVPL,-33.922202,150.83998530000005,134
15th-AERO-LVPL,-33.9222041,150.8399936,135
15th-AERO-LVPL,-33.922207,150.8400015,136
15th-AERO-LVPL,-33.9222105,150.8400091,137
15th-AERO-LVPL,-33.9222145,150.84001619999995,138
15th-AERO-LVPL,-33.9222192,150.8400228,139
15th-AERO-LVPL,-33.9222243,150.84002890000005,140
15th-AERO-LVPL,-33.9222299,150.8400342,141
15th-AERO-LVPL,-33.9222359,150.8400389,142
15th-AERO-LVPL,-33.92224229999999,150.8400429,143
15th-AERO-LVPL,-33.922249,150.8400461,144
15th-AERO-LVPL,-33.9222559,150.84004850000005,145
15th-AERO-LVPL,-33.92226289999999,150.84005009999996,146
15th-AERO-LVPL,-33.9222701,150.84005080000003,147
15th-AERO-LVPL,-33.9222773,150.8400507,148
15th-AERO-LVPL,-33.922284399999995,150.8400497,149
15th-AERO-LVPL,-33.9225815,150.84221440000005,150
15th-AERO-LVPL,-33.9226548,150.8427488,151
15th-AERO-LVPL,-33.9227025,150.8430885,152
15th-AERO-LVPL,-33.923064600000004,150.8456679,153
15th-AERO-LVPL,-33.9230998,150.8459365,154
15th-AERO-LVPL,-33.9231469,150.846214,155
15th-AERO-LVPL,-33.923261600000004,150.84659,156
15th-AERO-LVPL,-33.9234084,150.8469245,157
15th-AERO-LVPL,-33.9234245,150.84695159999995,158
15th-AERO-LVPL,-33.9236079,150.8472589,159
15th-AERO-LVPL,-33.9241238,150.8480298,160
15th-AERO-LVPL,-33.9243174,150.84831719999997,161
15th-AERO-LVPL,-33.9243771,150.8484196,162
15th-AERO-LVPL,-33.92445670000001,150.84855359999997,163
15th-AERO-LVPL,-33.9246314,150.8484792,164
15th-AERO-LVPL,-33.9245523,150.8483375,165
15th-AERO-LVPL,-33.9245523,150.8483375,166
15th-AERO-LVPL,-33.9243771,150.8484196,167
15th-AERO-LVPL,-33.92445670000001,150.84855359999997,168
15th-AERO-LVPL,-33.924511200000005,150.84864230000005,169
15th-AERO-LVPL,-33.9245598,150.8487494,170
15th-AERO-LVPL,-33.924711200000004,150.8490874,171
15th-AERO-LVPL,-33.9248537,150.849468,172
15th-AERO-LVPL,-33.9250001,150.8499323,173
15th-AERO-LVPL,-33.925177399999995,150.8506976,174
15th-AERO-LVPL,-33.9255843,150.85233119999995,175
15th-AERO-LVPL,-33.92590070000001,150.8535999,176
15th-AERO-LVPL,-33.92624179999999,150.8555135,177
15th-AERO-LVPL,-33.9264066,150.8570779,178
15th-AERO-LVPL,-33.9264714,150.8580033,179
15th-AERO-LVPL,-33.926475700000005,150.858371,180
15th-AERO-LVPL,-33.9264734,150.8589714,181
15th-AERO-LVPL,-33.926466299999994,150.85965990000003,182
15th-AERO-LVPL,-33.9264569,150.8599105,183
15th-AERO-LVPL,-33.9264509,150.860288,184
15th-AERO-LVPL,-33.926403,150.8610139,185
15th-AERO-LVPL,-33.9263238,150.8618053,186
15th-AERO-LVPL,-33.926294299999995,150.8622967,187
15th-AERO-LVPL,-33.9262766,150.862465,188
15th-AERO-LVPL,-33.926100899999994,150.86501289999995,189
15th-AERO-LVPL,-33.92600770000001,150.8664023,190
15th-AERO-LVPL,-33.926017,150.8666073,191
15th-AERO-LVPL,-33.9260415,150.8669865,192
15th-AERO-LVPL,-33.9261044,150.86762119999997,193
15th-AERO-LVPL,-33.926223799999995,150.86832859999996,194
15th-AERO-LVPL,-33.9263804,150.8688872,195
15th-AERO-LVPL,-33.9266355,150.8697264,196
15th-AERO-LVPL,-33.927001000000004,150.87103369999997,197
15th-AERO-LVPL,-33.9271296,150.8715104,198
15th-AERO-LVPL,-33.92718,150.87169699999995,199
15th-AERO-LVPL,-33.9274469,150.8728247,200
15th-AERO-LVPL,-33.9275883,150.8735151,201
15th-AERO-LVPL,-33.9276465,150.87384619999997,202
15th-AERO-LVPL,-33.927665399999995,150.8740549,203
15th-AERO-LVPL,-33.9276921,150.87420490000005,204
15th-AERO-LVPL,-33.9277269,150.8747077,205
15th-AERO-LVPL,-33.9277619,150.8752332,206
15th-AERO-LVPL,-33.9277607,150.87587969999996,207
15th-AERO-LVPL,-33.9277466,150.8764174,208
15th-AERO-LVPL,-33.9277105,150.877152,209
15th-AERO-LVPL,-33.927607,150.8804605,210
15th-AERO-LVPL,-33.92759279999999,150.8809407,211
15th-AERO-LVPL,-33.9275741,150.8816318,212
15th-AERO-LVPL,-33.9275683,150.88259209999995,213
15th-AERO-LVPL,-33.92753,150.8838494,214
15th-AERO-LVPL,-33.927499600000004,150.88497619999995,215
15th-AERO-LVPL,-33.9274735,150.88571930000003,216
15th-AERO-LVPL,-33.9274598,150.8861438,217
15th-AERO-LVPL,-33.9274554,150.8869681,218
15th-AERO-LVPL,-33.9274335,150.8881525,219
15th-AERO-LVPL,-33.927417,150.8884778,220
15th-AERO-LVPL,-33.9274201,150.88917880000002,221
15th-AERO-LVPL,-33.9273949,150.8903605,222
15th-AERO-LVPL,-33.9273886,150.8905311,223
15th-AERO-LVPL,-33.9273783,150.8906207,224
15th-AERO-LVPL,-33.927322700000005,150.89110209999996,225
15th-AERO-LVPL,-33.9272961,150.8913321,226
15th-AERO-LVPL,-33.9272651,150.891593,227
15th-AERO-LVPL,-33.9270822,150.8926594,228
15th-AERO-LVPL,-33.9267657,150.8944591,229
15th-AERO-LVPL,-33.9266681,150.89505780000005,230
15th-AERO-LVPL,-33.9266162,150.8953876,231
15th-AERO-LVPL,-33.9264412,150.89639590000004,232
15th-AERO-LVPL,-33.92642670000001,150.8964672,233
15th-AERO-LVPL,-33.9263799,150.8967521,234
15th-AERO-LVPL,-33.9263375,150.8970312,235
15th-AERO-LVPL,-33.9263141,150.8973221,236
15th-AERO-LVPL,-33.9263019,150.8975109,237
15th-AERO-LVPL,-33.9263015,150.89797430000004,238
15th-AERO-LVPL,-33.926326,150.8983887,239
15th-AERO-LVPL,-33.926342299999995,150.8987285,240
15th-AERO-LVPL,-33.9263451,150.8990602,241
15th-AERO-LVPL,-33.9263504,150.89931719999996,242
15th-AERO-LVPL,-33.9263737,150.89985890000003,243
15th-AERO-LVPL,-33.9264573,150.90054650000005,244
15th-AERO-LVPL,-33.9267935,150.9029759,245
15th-AERO-LVPL,-33.9268165,150.9031422,246
15th-AERO-LVPL,-33.9271636,150.90563799999995,247
15th-AERO-LVPL,-33.9272863,150.9066003,248
15th-AERO-LVPL,-33.92757329999999,150.90831830000005,249
15th-AERO-LVPL,-33.927609999999994,150.9085398,250
15th-AERO-LVPL,-33.9278354,150.9101775,251
15th-AERO-LVPL,-33.9278611,150.9103895,252
15th-AERO-LVPL,-33.9278664,150.9104364,253
15th-AERO-LVPL,-33.927876399999995,150.9105137,254
15th-AERO-LVPL,-33.9278843,150.9105754,255
15th-AERO-LVPL,-33.927903,150.9107895,256
15th-AERO-LVPL,-33.9279312,150.9110909,257
15th-AERO-LVPL,-33.927988799999994,150.91149019999997,258
15th-AERO-LVPL,-33.9280923,150.9122216,259
15th-AERO-LVPL,-33.9281055,150.9123078,260
15th-AERO-LVPL,-33.9281159,150.91239480000004,261
15th-AERO-LVPL,-33.9281511,150.9126776,262
15th-AERO-LVPL,-33.92816679999999,150.91278169999995,263
15th-AERO-LVPL,-33.928194500000004,150.9129196,264
15th-AERO-LVPL,-33.9282358,150.9131073,265
15th-AERO-LVPL,-33.928293700000005,150.9132937,266
15th-AERO-LVPL,-33.9286204,150.9156364,267
15th-AERO-LVPL,-33.928720299999995,150.91662240000005,268
15th-AERO-LVPL,-33.928720299999995,150.91662240000005,269
15th-AERO-LVPL,-33.928738,150.9167973,270
15th-AERO-LVPL,-33.9287172,150.9168962,271
15th-AERO-LVPL,-33.9287171,150.91694840000005,272
15th-AERO-LVPL,-33.928706700000006,150.9171889,273
15th-AERO-LVPL,-33.9286614,150.9175166,274
15th-AERO-LVPL,-33.928629,150.91775890000005,275
15th-AERO-LVPL,-33.9286033,150.9179072,276
15th-AERO-LVPL,-33.9285342,150.91806440000005,277
15th-AERO-LVPL,-33.9284835,150.9181487,278
15th-AERO-LVPL,-33.928416799999994,150.9182399,279
15th-AERO-LVPL,-33.9283331,150.9183362,280
15th-AERO-LVPL,-33.9280166,150.9187004,281
15th-AERO-LVPL,-33.927807200000004,150.91894399999995,282
15th-AERO-LVPL,-33.9275908,150.9192372,283
15th-AERO-LVPL,-33.9273614,150.91956000000005,284
15th-AERO-LVPL,-33.9272873,150.91966409999995,285
15th-AERO-LVPL,-33.9270903,150.920104,286
15th-AERO-LVPL,-33.9270463,150.9202239,287
15th-AERO-LVPL,-33.927023600000005,150.920324,288
15th-AERO-LVPL,-33.9270303,150.92048490000005,289
15th-AERO-LVPL,-33.9270013,150.9206941,290
15th-AERO-LVPL,-33.926922999999995,150.9210446,291
15th-AERO-LVPL,-33.9268766,150.9211648,292
15th-AERO-LVPL,-33.9265825,150.92190180000003,293
15th-AERO-LVPL,-33.9262186,150.92281709999997,294
15th-AERO-LVPL,-33.9259566,150.9235103,295
15th-AERO-LVPL,-33.9258782,150.92373930000005,296
15th-AERO-LVPL,-33.9258044,150.92395459999997,297
15th-AERO-LVPL,-33.92573220000001,150.9241743,298
15th-AERO-LVPL,-33.925659499999995,150.9243794,299
15th-AERO-LVPL,-33.925642100000005,150.92442830000005,300
15th-AERO-LVPL,-33.9253504,150.925119,301
15th-AERO-LVPL,-33.9253255,150.925165,302
15th-AERO-LVPL,-33.925299200000005,150.9251968,303
15th-AERO-LVPL,-33.9252605,150.92522119999995,304
15th-AERO-LVPL,-33.925222,150.9252501,305
15th-AERO-LVPL,-33.92519420000001,150.925306,306
15th-AERO-LVPL,-33.9251789,150.92540019999996,307
15th-AERO-LVPL,-33.9251854,150.9254833,308
15th-AERO-LVPL,-33.9252684,150.9262649,309
15th-AERO-LVPL,-33.9252672,150.9263205,310
15th-AERO-LVPL,-33.925247,150.92638280000003,311
15th-AERO-LVPL,-33.925189700000004,150.92645159999995,312
15th-AERO-LVPL,-33.9243966,150.9266084,313
15th-AERO-LVPL,-33.9242855,150.9266285,314
15th-AERO-LVPL,-33.9239726,150.9266844,315
15th-AERO-LVPL,-33.9236997,150.9267331,316
15th-AERO-LVPL,-33.9236607,150.9267404,317
15th-AERO-LVPL,-33.9229662,150.92687969999997,318
10th-CSLA-ASTH,-33.9499038,150.9114352,1
10th-CSLA-ASTH,-33.9502754,150.9113252,2
10th-CSLA-ASTH,-33.9503532,150.9112796,3
10th-CSLA-ASTH,-33.950489,150.9110946,4
10th-CSLA-ASTH,-33.9505647,150.9110579,5
10th-CSLA-ASTH,-33.9505773,150.9109604,6
10th-CSLA-ASTH,-33.9506079,150.910891,7
10th-CSLA-ASTH,-33.950651,150.9108455,8
10th-CSLA-ASTH,-33.9507158,150.9108021,9
10th-CSLA-ASTH,-33.9508219,150.9107739,10
10th-CSLA-ASTH,-33.9509568,150.9107457,11
10th-CSLA-ASTH,-33.9510648,150.9107167,12
10th-CSLA-ASTH,-33.9511447,150.9106903,13
10th-CSLA-ASTH,-33.9511943,150.9106714,14
10th-CSLA-ASTH,-33.9512409,150.9106482,15
10th-CSLA-ASTH,-33.9512895,150.9105961,16
10th-CSLA-ASTH,-33.9513055,150.9105715,17
10th-CSLA-ASTH,-33.9513188,150.910533,18
10th-CSLA-ASTH,-33.95132,150.9104703,19
10th-CSLA-ASTH,-33.951307,150.910408,20
10th-CSLA-ASTH,-33.9512777,150.9103462,21
10th-CSLA-ASTH,-33.9512371,150.9102924,22
10th-CSLA-ASTH,-33.9511926,150.9102282,23
10th-CSLA-ASTH,-33.9511514,150.9101647,24
10th-CSLA-ASTH,-33.9510892,150.9100599,25
10th-CSLA-ASTH,-33.9510652,150.9100103,26
10th-CSLA-ASTH,-33.951044,150.9099522,27
10th-CSLA-ASTH,-33.9510061,150.9098106,28
10th-CSLA-ASTH,-33.9509924,150.9097427,29
10th-CSLA-ASTH,-33.9509979,150.9097005,30
10th-CSLA-ASTH,-33.9510195,150.9096355,31
10th-CSLA-ASTH,-33.9510524,150.9095925,32
10th-CSLA-ASTH,-33.9510975,150.9095623,33
10th-CSLA-ASTH,-33.951192,150.9095323,34
10th-CSLA-ASTH,-33.9512605,150.9095127,35
10th-CSLA-ASTH,-33.9513005,150.909498,36
10th-CSLA-ASTH,-33.9513371,150.9094736,37
10th-CSLA-ASTH,-33.9513633,150.9094435,38
10th-CSLA-ASTH,-33.9513823,150.9093659,39
10th-CSLA-ASTH,-33.9513862,150.909339,40
10th-CSLA-ASTH,-33.9513828,150.9093042,41
10th-CSLA-ASTH,-33.9513539,150.9092241,42
10th-CSLA-ASTH,-33.9513161,150.9091882,43
10th-CSLA-ASTH,-33.9512729,150.9091732,44
10th-CSLA-ASTH,-33.9509642,150.9092711,45
10th-CSLA-ASTH,-33.9507582,150.9093386,46
10th-CSLA-ASTH,-33.9505344,150.9093723,47
10th-CSLA-ASTH,-33.9504047,150.9093876,48
10th-CSLA-ASTH,-33.9502209,150.9088396,49
10th-CSLA-ASTH,-33.9500038,150.9081923,50
10th-CSLA-ASTH,-33.9492504,150.9059126,51
10th-CSLA-ASTH,-33.9492189,150.9057248,52
10th-CSLA-ASTH,-33.9484098,150.9065941,53
10th-CSLA-ASTH,-33.9478573,150.9071226,54
10th-CSLA-ASTH,-33.9478163,150.9068683,55
10th-CSLA-ASTH,-33.9477128,150.9060899,56
10th-CSLA-ASTH,-33.9476538,150.9056464,57
10th-CSLA-ASTH,-33.9475831,150.9051302,58
10th-CSLA-ASTH,-33.9474356,150.9040536,59
10th-CSLA-ASTH,-33.9474316,150.9038994,60
10th-CSLA-ASTH,-33.9474392,150.9037696,61
10th-CSLA-ASTH,-33.9474654,150.9036144,62
10th-CSLA-ASTH,-33.9474949,150.9034834,63
10th-CSLA-ASTH,-33.9475357,150.9033455,64
10th-CSLA-ASTH,-33.9476038,150.9032152,65
10th-CSLA-ASTH,-33.9476176,150.9032249,66
10th-CSLA-ASTH,-33.9476329,150.9032306,67
10th-CSLA-ASTH,-33.9476489,150.9032318,68
10th-CSLA-ASTH,-33.9476646,150.9032286,69
10th-CSLA-ASTH,-33.9476794,150.9032211,70
10th-CSLA-ASTH,-33.9476912,150.9032109,71
10th-CSLA-ASTH,-33.947701,150.9031979,72
10th-CSLA-ASTH,-33.9477083,150.9031827,73
10th-CSLA-ASTH,-33.9477128,150.903166,74
10th-CSLA-ASTH,-33.9477143,150.9031485,75
10th-CSLA-ASTH,-33.9477119,150.9031271,76
10th-CSLA-ASTH,-33.947705,150.9031072,77
10th-CSLA-ASTH,-33.9476941,150.9030901,78
10th-CSLA-ASTH,-33.9476799,150.903077,79
10th-CSLA-ASTH,-33.9476634,150.9030687,80
10th-CSLA-ASTH,-33.9476457,150.9030658,81
10th-CSLA-ASTH,-33.9476279,150.9030685,82
10th-CSLA-ASTH,-33.9475854,150.9030422,83
10th-CSLA-ASTH,-33.9475384,150.9029916,84
10th-CSLA-ASTH,-33.9475047,150.9029514,85
10th-CSLA-ASTH,-33.9474725,150.9029111,86
10th-CSLA-ASTH,-33.9474402,150.9028635,87
10th-CSLA-ASTH,-33.9474093,150.9028122,88
10th-CSLA-ASTH,-33.9473478,150.9027049,89
10th-CSLA-ASTH,-33.9472695,150.9025208,90
10th-CSLA-ASTH,-33.9472178,150.9023413,91
10th-CSLA-ASTH,-33.9471859,150.902159,92
10th-CSLA-ASTH,-33.9471487,150.901832,93
10th-CSLA-ASTH,-33.9471406,150.9017605,94
10th-CSLA-ASTH,-33.9471336,150.9016989,95
10th-CSLA-ASTH,-33.947147,150.901694,96
10th-CSLA-ASTH,-33.9471621,150.9016839,97
10th-CSLA-ASTH,-33.9471742,150.9016705,98
10th-CSLA-ASTH,-33.9471858,150.901648,99
10th-CSLA-ASTH,-33.9471911,150.9016229,100
10th-CSLA-ASTH,-33.9471908,150.9016016,101
10th-CSLA-ASTH,-33.9471817,150.9015704,102
10th-CSLA-ASTH,-33.9471674,150.9015495,103
10th-CSLA-ASTH,-33.9471528,150.9015374,104
10th-CSLA-ASTH,-33.9471357,150.9015299,105
10th-CSLA-ASTH,-33.9471186,150.9014388,106
10th-CSLA-ASTH,-33.9470954,150.9012812,107
10th-CSLA-ASTH,-33.947061,150.9010354,108
10th-CSLA-ASTH,-33.9470515,150.9009674,109
10th-CSLA-ASTH,-33.9470341,150.9008304,110
10th-CSLA-ASTH,-33.9469613,150.9005912,111
10th-CSLA-ASTH,-33.9469407,150.9003944,112
10th-CSLA-ASTH,-33.9469158,150.9002101,113
10th-CSLA-ASTH,-33.9467958,150.8993957,114
10th-CSLA-ASTH,-33.9467589,150.8991459,115
10th-CSLA-ASTH,-33.9465293,150.8974398,116
10th-CSLA-ASTH,-33.9464384,150.896928,117
10th-CSLA-ASTH,-33.9463243,150.8962697,118
10th-CSLA-ASTH,-33.9461899,150.8955362,119
10th-CSLA-ASTH,-33.9460144,150.8944824,120
10th-CSLA-ASTH,-33.9459059,150.8937942,121
10th-CSLA-ASTH,-33.9458339,150.8934519,122
10th-CSLA-ASTH,-33.9458194,150.8933765,123
10th-CSLA-ASTH,-33.9458328,150.8933716,124
10th-CSLA-ASTH,-33.9458478,150.8933614,125
10th-CSLA-ASTH,-33.9458598,150.893348,126
10th-CSLA-ASTH,-33.9458714,150.8933256,127
10th-CSLA-ASTH,-33.9458768,150.8933005,128
10th-CSLA-ASTH,-33.9458762,150.8932776,129
10th-CSLA-ASTH,-33.9458674,150.893248,130
10th-CSLA-ASTH,-33.9458531,150.8932271,131
10th-CSLA-ASTH,-33.9458386,150.893215,132
10th-CSLA-ASTH,-33.9458215,150.8932074,133
10th-CSLA-ASTH,-33.9457975,150.8932057,134
10th-CSLA-ASTH,-33.9457785,150.8932115,135
10th-CSLA-ASTH,-33.945778,150.8931236,136
10th-CSLA-ASTH,-33.9457775,150.8929908,137
10th-CSLA-ASTH,-33.9456218,150.8919779,138
10th-CSLA-ASTH,-33.9455266,150.8913583,139
10th-CSLA-ASTH,-33.9454567,150.8909019,140
10th-CSLA-ASTH,-33.9451122,150.8883754,141
10th-CSLA-ASTH,-33.9450784,150.8882294,142
10th-CSLA-ASTH,-33.9450934,150.8882192,143
10th-CSLA-ASTH,-33.9451055,150.8882058,144
10th-CSLA-ASTH,-33.9451171,150.8881834,145
10th-CSLA-ASTH,-33.9451225,150.8881584,146
10th-CSLA-ASTH,-33.9451219,150.8881354,147
10th-CSLA-ASTH,-33.9451131,150.8881058,148
10th-CSLA-ASTH,-33.9450989,150.8880848,149
10th-CSLA-ASTH,-33.9450843,150.8880726,150
10th-CSLA-ASTH,-33.9450671,150.888065,151
10th-CSLA-ASTH,-33.9450431,150.8880634,152
10th-CSLA-ASTH,-33.9450342,150.8878222,153
10th-CSLA-ASTH,-33.945005,150.8876041,154
10th-CSLA-ASTH,-33.9449769,150.8873935,155
10th-CSLA-ASTH,-33.9449061,150.8868642,156
10th-CSLA-ASTH,-33.9442843,150.8823982,157
10th-CSLA-ASTH,-33.9443068,150.8823933,158
10th-CSLA-ASTH,-33.944328,150.8823832,159
10th-CSLA-ASTH,-33.9443471,150.8823681,160
10th-CSLA-ASTH,-33.9443633,150.8823486,161
10th-CSLA-ASTH,-33.9443759,150.8823257,162
10th-CSLA-ASTH,-33.9443844,150.8823002,163
10th-CSLA-ASTH,-33.9443886,150.8822731,164
10th-CSLA-ASTH,-33.9443879,150.8822456,165
10th-CSLA-ASTH,-33.9443828,150.8822188,166
10th-CSLA-ASTH,-33.9443733,150.8821937,167
10th-CSLA-ASTH,-33.9443598,150.8821715,168
10th-CSLA-ASTH,-33.9443429,150.882153,169
10th-CSLA-ASTH,-33.9443232,150.882139,170
10th-CSLA-ASTH,-33.9443016,150.8821301,171
10th-CSLA-ASTH,-33.944279,150.8821266,172
10th-CSLA-ASTH,-33.9442572,150.8821305,173
10th-CSLA-ASTH,-33.9441729,150.8815127,174
10th-CSLA-ASTH,-33.9441016,150.8807718,175
10th-CSLA-ASTH,-33.9440262,150.8801409,176
10th-CSLA-ASTH,-33.9438171,150.878718,177
10th-CSLA-ASTH,-33.9437065868,150.87793099389998,178
10th-CSLA-ASTH,-33.9435963,150.8771456,179
10th-CSLA-ASTH,-33.9434367,150.875995,180
10th-CSLA-ASTH,-33.9433859,150.8756286,181
10th-CSLA-ASTH,-33.9432313,150.8745644,182
10th-CSLA-ASTH,-33.9432243,150.8745145,183
10th-CSLA-ASTH,-33.9429266,150.8724024,184
10th-CSLA-ASTH,-33.942916,150.8722347,185
10th-CSLA-ASTH,-33.9429389,150.8722329,186
10th-CSLA-ASTH,-33.9429529,150.8722276,187
10th-CSLA-ASTH,-33.9429675,150.872218,188
10th-CSLA-ASTH,-33.9429845,150.8721986,189
10th-CSLA-ASTH,-33.9429931,150.8721819,190
10th-CSLA-ASTH,-33.942999,150.8721623,191
10th-CSLA-ASTH,-33.9430011,150.8721304,192
10th-CSLA-ASTH,-33.9429964,150.8721077,193
10th-CSLA-ASTH,-33.9429866,150.8720852,194
10th-CSLA-ASTH,-33.942977,150.8720718,195
10th-CSLA-ASTH,-33.9429583,150.8720557,196
10th-CSLA-ASTH,-33.9429358,150.8720467,197
10th-CSLA-ASTH,-33.9429187,150.8720454,198
10th-CSLA-ASTH,-33.9428962,150.8720508,199
10th-CSLA-ASTH,-33.9428618,150.8719099,200
10th-CSLA-ASTH,-33.9423894,150.8685003,201
10th-CSLA-ASTH,-33.9422433,150.8675086,202
10th-CSLA-ASTH,-33.9422253,150.8673866,203
10th-CSLA-ASTH,-33.9422003,150.8671972,204
10th-CSLA-ASTH,-33.9413287,150.8606128,205
10th-CSLA-ASTH,-33.9410253,150.8583803,206
10th-CSLA-ASTH,-33.9409548,150.8578283,207
10th-CSLA-ASTH,-33.9408887,150.8573112,208
10th-CSLA-ASTH,-33.9407129,150.8562095,209
10th-CSLA-ASTH,-33.9405883,150.8559197,210
10th-CSLA-ASTH,-33.9405185,150.8557737,211
10th-CSLA-ASTH,-33.9403992,150.8555605,212
10th-CSLA-ASTH,-33.9402205,150.8553138,213
10th-CSLA-ASTH,-33.9400268,150.855045,214
10th-CSLA-ASTH,-33.9397947,150.8547126,215
10th-CSLA-ASTH,-33.9395568,150.8544142,216
10th-CSLA-ASTH,-33.9394807,150.8543188,217
10th-CSLA-ASTH,-33.9390427,150.8537811,218
10th-CSLA-ASTH,-33.9387327,150.8533087,219
10th-CSLA-ASTH,-33.9382636,150.8527427,220
10th-CSLA-ASTH,-33.9376554,150.8521589,221
10th-CSLA-ASTH,-33.9374774,150.8518987,222
10th-CSLA-ASTH,-33.9374814,150.8518499,223
10th-CSLA-ASTH,-33.9374761,150.8518017,224
10th-CSLA-ASTH,-33.9374617,150.8517563,225
10th-CSLA-ASTH,-33.9374391,150.8517161,226
10th-CSLA-ASTH,-33.9374093,150.8516832,227
10th-CSLA-ASTH,-33.9373741,150.8516595,228
10th-CSLA-ASTH,-33.9373363,150.8516464,229
10th-CSLA-ASTH,-33.937298,150.8516445,230
10th-CSLA-ASTH,-33.9369832,150.8514451,231
10th-CSLA-ASTH,-33.9368954,150.8513366,232
10th-CSLA-ASTH,-33.9367629,150.8510957,233
10th-CSLA-ASTH,-33.9365848,150.8506941,234
10th-CSLA-ASTH,-33.9364962,150.8504377,235
10th-CSLA-ASTH,-33.9364273,150.8501762,236
10th-CSLA-ASTH,-33.936375,150.8498798,237
10th-CSLA-ASTH,-33.9363483,150.849515,238
10th-CSLA-ASTH,-33.936336,150.8492897,239
10th-CSLA-ASTH,-33.9362562,150.8479407,240
10th-CSLA-ASTH,-33.936239,150.8476526,241
10th-CSLA-ASTH,-33.9362318,150.8475507,242
10th-CSLA-ASTH,-33.9363026,150.8471039,243
10th-CSLA-ASTH,-33.9363244,150.8470832,244
10th-CSLA-ASTH,-33.9363426,150.8470581,245
10th-CSLA-ASTH,-33.9363567,150.8470293,246
10th-CSLA-ASTH,-33.9363661,150.8469979,247
10th-CSLA-ASTH,-33.9363677,150.8469155,248
10th-CSLA-ASTH,-33.9363387,150.8468408,249
10th-CSLA-ASTH,-33.9363178,150.8468147,250
10th-CSLA-ASTH,-33.936283914099995,150.8467504337,251
10th-CSLA-ASTH,-33.9362511,150.8466882,252
10th-CSLA-ASTH,-33.9362418567,150.8466672964,253
10th-CSLA-ASTH,-33.9362163,150.8466095,254
10th-CSLA-ASTH,-33.9359415,150.8445348,255
10th-CSLA-ASTH,-33.9359284,150.8444444,256
10th-CSLA-ASTH,-33.9358511,150.8438687,257
10th-CSLA-ASTH,-33.9357811,150.8433468,258
10th-CSLA-ASTH,-33.9357654,150.8432284,259
10th-CSLA-ASTH,-33.9357394,150.8430731,260
10th-CSLA-ASTH,-33.9356997,150.8429745,261
10th-CSLA-ASTH,-33.9356835,150.8428436,262
10th-CSLA-ASTH,-33.935663,150.8427049,263
10th-CSLA-ASTH,-33.9356627,150.8424099,264
10th-CSLA-ASTH,-33.9357161,150.842072,265
10th-CSLA-ASTH,-33.9358176,150.8417649,266
10th-CSLA-ASTH,-33.9360119,150.8414066,267
10th-CSLA-ASTH,-33.9361515,150.8410352,268
10th-CSLA-ASTH,-33.9361999,150.8406402,269
10th-CSLA-ASTH,-33.9361979,150.840336,270
10th-CSLA-ASTH,-33.9362199,150.8402113,271
10th-CSLA-ASTH,-33.9362429,150.8401744,272
10th-CSLA-ASTH,-33.9362587,150.8401375,273
10th-CSLA-ASTH,-33.9362653,150.8400968,274
10th-CSLA-ASTH,-33.9362623,150.8400596,275
10th-CSLA-ASTH,-33.9362461,150.8400106,276
10th-CSLA-ASTH,-33.9362188,150.8399745,277
10th-CSLA-ASTH,-33.9361832,150.8399513,278
10th-CSLA-ASTH,-33.9361432,150.8399435,279
10th-CSLA-ASTH,-33.9361055,150.8399501,280
10th-CSLA-ASTH,-33.9360389,150.8394485,281
10th-CSLA-ASTH,-33.9360614,150.8388715,282
10th-CSLA-ASTH,-33.9361283,150.8383788,283
10th-CSLA-ASTH,-33.936211,150.8379262,284
10th-CSLA-ASTH,-33.9361976,150.8378023,285
10th-CSLA-ASTH,-33.936135,150.8373496,286
10th-CSLA-ASTH,-33.9360769,150.8372014,287
10th-CSLA-ASTH,-33.9358438,150.836785,288
10th-CSLA-ASTH,-33.9356164,150.8364281,289
10th-CSLA-ASTH,-33.9355158,150.8360832,290
10th-CSLA-ASTH,-33.9354465,150.8357393,291
10th-CSLA-ASTH,-33.9354876,150.8357314,292
10th-CSLA-ASTH,-33.9355268,150.8357038,293
10th-CSLA-ASTH,-33.9355569,150.8356539,294
10th-CSLA-ASTH,-33.9355664,150.8356073,295
10th-CSLA-ASTH,-33.9355624,150.8355592,296
10th-CSLA-ASTH,-33.9355472,150.8355192,297
10th-CSLA-ASTH,-33.9355215,150.8354855,298
10th-CSLA-ASTH,-33.9354909,150.8354647,299
10th-CSLA-ASTH,-33.9354433,150.8354555,300
10th-CSLA-ASTH,-33.9354151,150.8354613,301
10th-CSLA-ASTH,-33.9353797,150.8354824,302
10th-CSLA-ASTH,-33.9353526,150.8355156,303
10th-CSLA-ASTH,-33.9353335,150.835569,304
10th-CSLA-ASTH,-33.9353328,150.8356216,305
10th-CSLA-ASTH,-33.935339,150.8356484,306
10th-CSLA-ASTH,-33.9352064,150.835762,307
10th-CSLA-ASTH,-33.9350296,150.8358852,308
10th-CSLA-ASTH,-33.9349837,150.8359171,309
10th-CSLA-ASTH,-33.9348114,150.8359566,310
10th-CSLA-ASTH,-33.934572,150.8360121,311
10th-CSLA-ASTH,-33.934297,150.8360519,312
10th-CSLA-ASTH,-33.9342486,150.8360823,313
10th-CSLA-ASTH,-33.9342188,150.8361142,314
10th-CSLA-ASTH,-33.9341807,150.8359893,315
10th-CSLA-ASTH,-33.9341667,150.83594,316
10th-CSLA-ASTH,-33.9341593,150.835875,317
10th-CSLA-ASTH,-33.9341658,150.8358358,318
10th-CSLA-ASTH,-33.9341649,150.8357852,319
10th-CSLA-ASTH,-33.9341844,150.8356305,320
10th-CSLA-ASTH,-33.9342188,150.8354275,321
10th-CSLA-ASTH,-33.9342625,150.8352594,322
10th-CSLA-ASTH,-33.9342877,150.8351495,323
10th-CSLA-ASTH,-33.9343146,150.8350665,324
10th-CSLA-ASTH,-33.9344542,150.834692,325
10th-CSLA-ASTH,-33.9344737,150.834637,326
10th-CSLA-ASTH,-33.9344728,150.8345843,327
10th-CSLA-ASTH,-33.9344579,150.834507,328
10th-CSLA-ASTH,-33.9345081,150.8344677,329
10th-CSLA-ASTH,-33.9345435,150.8344318,330
10th-CSLA-ASTH,-33.9345798,150.834378,331
10th-CSLA-ASTH,-33.9347779,150.8338947,332
10th-CSLA-ASTH,-33.9347886398,150.8338666562,333
10th-CSLA-ASTH,-33.9348096,150.8338005,334
10th-CSLA-ASTH,-33.9348189,150.8337467,335
10th-CSLA-ASTH,-33.9348096,150.8336985,336
10th-CSLA-ASTH,-33.9347863,150.8336536,337
10th-CSLA-ASTH,-33.9348142,150.8336279,338
10th-CSLA-ASTH,-33.9348738,150.8335516,339
10th-CSLA-ASTH,-33.9348989,150.8335056,340
10th-CSLA-ASTH,-33.9349203,150.833435,341
10th-CSLA-ASTH,-33.9349389,150.8332982,342
10th-CSLA-ASTH,-33.9349798,150.8329024,343
10th-CSLA-ASTH,-33.9349821,150.8328269,344
10th-CSLA-ASTH,-33.9349607,150.832772,345
10th-CSLA-ASTH,-33.9349412,150.8327316,346
10th-CSLA-ASTH,-33.9349709,150.8327002,347
10th-CSLA-ASTH,-33.9349979,150.8326408,348
10th-CSLA-ASTH,-33.9350147,150.8325656,349
10th-CSLA-ASTH,-33.9350509,150.8321597,350
10th-CSLA-ASTH,-33.9350537,150.8320936,351
10th-CSLA-ASTH,-33.9350528,150.8320162,352
10th-CSLA-ASTH,-33.9350333,150.8319568,353
10th-CSLA-ASTH,-33.935002,150.8319173,354
10th-CSLA-ASTH,-33.9349727,150.8318974,355
10th-CSLA-ASTH,-33.9349268,150.8318839,356
10th-CSLA-ASTH,-33.9348226,150.8318714,357
10th-CSLA-ASTH,-33.9346196,150.8318527,358
10th-CSLA-ASTH,-33.9342148,150.8318289,359
10th-CSLA-ASTH,-33.9336678,150.8317795,360
10th-CSLA-ASTH,-33.9334432,150.8317836,361
10th-CSLA-ASTH,-33.9324031,150.8223029,362
10th-CSLA-ASTH,-33.9325444,150.8214168,363
10th-CSLA-ASTH,-33.9328195,150.8214528,364
10th-CSLA-ASTH,-33.9333473,150.821624,365
10th-CSLA-ASTH,-33.9335316,150.8215963,366
10th-CSLA-ASTH,-33.9337504,150.8214809,367
10th-CSLA-ASTH,-33.9340793,150.821055,368
10th-CSLA-ASTH,-33.934177,150.8209088,369
10th-CSLA-ASTH,-33.9342678,150.8207516,370
10th-CSLA-ASTH,-33.9342811,150.8206038,371
10th-CSLA-ASTH,-33.9342567,150.8203351,372
10th-CSLA-ASTH,-33.9341900943,150.81986103879998,373
10th-CSLA-ASTH,-33.9340732509,150.8190294149,374
10th-CSLA-ASTH,-33.933939418899996,150.8180764624,375
10th-CSLA-ASTH,-33.9337730166,150.8168920131,376
10th-CSLA-ASTH,-33.933528161,150.8151497782,377
10th-CSLA-ASTH,-33.933364614,150.8139857448,378
10th-CSLA-ASTH,-33.9330917,150.8120433,379
10th-CSLA-ASTH,-33.932964117800005,150.8110541856,380
10th-CSLA-ASTH,-33.9328033517,150.8098078958,381
10th-CSLA-ASTH,-33.9326894605,150.80892505120002,382
10th-CSLA-ASTH,-33.9324680617,150.8072083665,383
10th-CSLA-ASTH,-33.9322835,150.8057773,384
10th-CSLA-ASTH,-33.932210073,150.8052915955,385
10th-CSLA-ASTH,-33.932152531599996,150.8049109713,386
10th-CSLA-ASTH,-33.932110569,150.8046333974,387
10th-CSLA-ASTH,-33.9320198227,150.8040331658,388
10th-CSLA-ASTH,-33.9319617595,150.8036491132,389
10th-CSLA-ASTH,-33.931818752199995,150.80270325819998,390
10th-CSLA-ASTH,-33.9317176052,150.8020342998,391
10th-CSLA-ASTH,-33.931481306900004,150.800471587,392
10th-CSLA-ASTH,-33.9312377111,150.798860759,393
10th-CSLA-ASTH,-33.9307577366,150.7956872583,394
10th-CSLA-ASTH,-33.930656552100004,150.7950183186,395
10th-CSLA-ASTH,-33.9305134795,150.7940724961,396
10th-CSLA-ASTH,-33.9304031443,150.793343134,397
10th-CSLA-ASTH,-33.9303645869,150.79308825340001,398
10th-CSLA-ASTH,-33.93026215,150.7924111627,399
10th-CSLA-ASTH,-33.9301853275,150.79179405780002,400
10th-CSLA-ASTH,-33.9301329343,150.7903494843,401
10th-CSLA-ASTH,-33.9298562793,150.7882122632,402
10th-CSLA-ASTH,-33.9296463346,150.7865905932,403
10th-CSLA-ASTH,-33.9294431422,150.7850212439,404
10th-CSLA-ASTH,-33.929233671599995,150.7834035738,405
10th-CSLA-ASTH,-33.9290241801,150.7817859129,406
10th-CSLA-ASTH,-33.9288209274,150.7802165899,407
10th-CSLA-ASTH,-33.9287339143,150.7795448073,408
10th-CSLA-ASTH,-33.9286108788,150.7785949651,409
10th-CSLA-ASTH,-33.9284828373,150.7776065388,410
10th-CSLA-ASTH,-33.9283340225,150.77645783149998,411
10th-CSLA-ASTH,-33.928245976,150.77577824850002,412
10th-CSLA-ASTH,-33.9281851971,150.7753091288,413
10th-CSLA-ASTH,-33.9281228864,150.7748282199,414
10th-CSLA-ASTH,-33.9280571296,150.77432071389998,415
10th-CSLA-ASTH,-33.9279964017,150.7738520503,416
10th-CSLA-ASTH,-33.9279340544,150.773370889,417
10th-CSLA-ASTH,-33.9278470044,150.7726991225,418
10th-CSLA-ASTH,-33.927754070700004,150.7719820034,419
10th-CSLA-ASTH,-33.927643637399996,150.7711298492,420
10th-CSLA-ASTH,-33.9275346129,150.7702886532,421
10th-CSLA-ASTH,-33.9274339869,150.7695122575,422
10th-CSLA-ASTH,-33.9272243154,150.767894675,423
10th-CSLA-ASTH,-33.927020888,150.766325428,424
10th-CSLA-ASTH,-33.9269338002,150.7656536781,425
10th-CSLA-ASTH,-33.926810659000004,150.7647038819,426
10th-CSLA-ASTH,-33.9266825075,150.7637155035,427
10th-CSLA-ASTH,-33.9265753833,150.7628893485,428
10th-CSLA-ASTH,-33.9264509426,150.76250327030002,429
10th-CSLA-ASTH,-33.9262861104,150.7619918775,430
10th-CSLA-ASTH,-33.9249479605,150.7622246106,431
10th-CSLA-ASTH,-33.9248509543,150.7614219972,432
10th-CSLA-ASTH,-33.9247539429,150.760619386,433
10th-CSLA-ASTH,-33.9246569263,150.7598167768,434
10th-CSLA-ASTH,-33.9239776657,150.75419857219998,435
10th-CSLA-ASTH,-33.9238806078,150.7533959801,436
10th-CSLA-ASTH,-33.9237835448,150.75259339,437
10th-CSLA-ASTH,-33.9236864766,150.7517908021,438
10th-CSLA-ASTH,-33.923589403200005,150.7509882162,439
10th-CSLA-ASTH,-33.9249275251,150.7507553135,440
10th-CSLA-ASTH,-33.9262656461,150.7505224022,441
10th-CSLA-ASTH,-33.927603766,150.7502894825,442
10th-CSLA-ASTH,-33.9283898815,150.749508407,443
10th-CSLA-ASTH,-33.9277292258,150.7447070472,444
10th-CSLA-ASTH,-33.9274353202,150.7425742111,445
10th-CSLA-ASTH,-33.9283916536,150.742383756,446
10th-CSLA-ASTH,-33.9292143539,150.7422207968,447
10th-CSLA-ASTH,-33.930004936399996,150.7420641959,448
10th-CSLA-ASTH,-33.9305640795,150.74195343719998,449
10th-CSLA-ASTH,-33.9318702645,150.7416946931,450
10th-CSLA-ASTH,-33.9332166736,150.7414279711,451
10th-CSLA-ASTH,-33.9345630816,150.7411612397,452
10th-CSLA-ASTH,-33.9344642654,150.74044332260002,453
10th-ASTH-CSLA,-33.9344642654,150.74044332260002,1
10th-ASTH-CSLA,-33.9345630816,150.7411612397,2
10th-ASTH-CSLA,-33.9332166736,150.7414279711,3
10th-ASTH-CSLA,-33.9318702645,150.7416946931,4
10th-ASTH-CSLA,-33.9305640795,150.74195343719998,5
10th-ASTH-CSLA,-33.930004936399996,150.7420641959,6
10th-ASTH-CSLA,-33.9292143539,150.7422207968,7
10th-ASTH-CSLA,-33.9283916536,150.742383756,8
10th-ASTH-CSLA,-33.9274353202,150.7425742111,9
10th-ASTH-CSLA,-33.9277292258,150.7447070472,10
10th-ASTH-CSLA,-33.9283898815,150.749508407,11
10th-ASTH-CSLA,-33.927603766,150.7502894825,12
10th-ASTH-CSLA,-33.9262656461,150.7505224022,13
10th-ASTH-CSLA,-33.9249275251,150.7507553135,14
10th-ASTH-CSLA,-33.923589403200005,150.7509882162,15
10th-ASTH-CSLA,-33.9236864766,150.7517908021,16
10th-ASTH-CSLA,-33.9237835448,150.75259339,17
10th-ASTH-CSLA,-33.9238806078,150.7533959801,18
10th-ASTH-CSLA,-33.9239776657,150.75419857219998,19
10th-ASTH-CSLA,-33.9246569263,150.7598167768,20
10th-ASTH-CSLA,-33.9247539429,150.760619386,21
10th-ASTH-CSLA,-33.9248509543,150.7614219972,22
10th-ASTH-CSLA,-33.9249479605,150.7622246106,23
10th-ASTH-CSLA,-33.9262861104,150.7619918775,24
10th-ASTH-CSLA,-33.9265753833,150.7628893485,25
10th-ASTH-CSLA,-33.9266825075,150.7637155035,26
10th-ASTH-CSLA,-33.926810659000004,150.7647038819,27
10th-ASTH-CSLA,-33.9269338002,150.7656536781,28
10th-ASTH-CSLA,-33.927020888,150.766325428,29
10th-ASTH-CSLA,-33.9272243154,150.767894675,30
10th-ASTH-CSLA,-33.9273195763,150.7686295981,31
10th-ASTH-CSLA,-33.9274339869,150.7695122575,32
10th-ASTH-CSLA,-33.9275336921,150.7702815487,33
10th-ASTH-CSLA,-33.927643637399996,150.7711298492,34
10th-ASTH-CSLA,-33.927736784699995,150.7718486166,35
10th-ASTH-CSLA,-33.9278470044,150.7726991225,36
10th-ASTH-CSLA,-33.9279340544,150.773370889,37
10th-ASTH-CSLA,-33.9280571296,150.77432071389998,38
10th-ASTH-CSLA,-33.928121582399996,150.7748181558,39
10th-ASTH-CSLA,-33.9281851971,150.7753091288,40
10th-ASTH-CSLA,-33.928237430500005,150.7757122905,41
10th-ASTH-CSLA,-33.9282794136,150.776036335,42
10th-ASTH-CSLA,-33.9283340225,150.77645783149998,43
10th-ASTH-CSLA,-33.9284828373,150.7776065388,44
10th-ASTH-CSLA,-33.9286108788,150.7785949651,45
10th-ASTH-CSLA,-33.9287339143,150.7795448073,46
10th-ASTH-CSLA,-33.9288209274,150.7802165899,47
10th-ASTH-CSLA,-33.9289389299,150.7811276923,48
10th-ASTH-CSLA,-33.9290241801,150.7817859129,49
10th-ASTH-CSLA,-33.929233671599995,150.7834035738,50
10th-ASTH-CSLA,-33.9294431422,150.7850212439,51
10th-ASTH-CSLA,-33.9298562793,150.7882122632,52
10th-ASTH-CSLA,-33.9301329343,150.7903494843,53
10th-ASTH-CSLA,-33.9301853275,150.79179405780002,54
10th-ASTH-CSLA,-33.9302536589,150.79235503520002,55
10th-ASTH-CSLA,-33.930310777399995,150.7927325989,56
10th-ASTH-CSLA,-33.9303645869,150.79308825340001,57
10th-ASTH-CSLA,-33.9304070036,150.7933686712,58
10th-ASTH-CSLA,-33.9304642524,150.7937470965,59
10th-ASTH-CSLA,-33.9305134795,150.7940724961,60
10th-ASTH-CSLA,-33.9305725295,150.7944628632,61
10th-ASTH-CSLA,-33.930656552100004,150.7950183186,62
10th-ASTH-CSLA,-33.9307577366,150.7956872583,63
10th-ASTH-CSLA,-33.9309940946,150.79724994129998,64
10th-ASTH-CSLA,-33.9311151446,150.7980503361,65
10th-ASTH-CSLA,-33.9312377111,150.798860759,66
10th-ASTH-CSLA,-33.9313829735,150.7998148819,67
10th-ASTH-CSLA,-33.931481306900004,150.800471587,68
10th-ASTH-CSLA,-33.9319617595,150.8036491132,69
10th-ASTH-CSLA,-33.9322835,150.8057773,70
10th-ASTH-CSLA,-33.9324680617,150.8072083665,71
10th-ASTH-CSLA,-33.9326894605,150.80892505120002,72
10th-ASTH-CSLA,-33.9328033517,150.8098078958,73
10th-ASTH-CSLA,-33.932964117800005,150.8110541856,74
10th-ASTH-CSLA,-33.9330917,150.8120433,75
10th-ASTH-CSLA,-33.933364614,150.8139857448,76
10th-ASTH-CSLA,-33.933939418899996,150.8180764624,77
10th-ASTH-CSLA,-33.9337730166,150.8168920131,78
10th-ASTH-CSLA,-33.933939418899996,150.8180764624,79
10th-ASTH-CSLA,-33.9340732509,150.8190294149,80
10th-ASTH-CSLA,-33.9341900943,150.81986103879998,81
10th-ASTH-CSLA,-33.9342567,150.8203351,82
10th-ASTH-CSLA,-33.9342811,150.8206038,83
10th-ASTH-CSLA,-33.9342678,150.8207516,84
10th-ASTH-CSLA,-33.934177,150.8209088,85
10th-ASTH-CSLA,-33.9340793,150.821055,86
10th-ASTH-CSLA,-33.9337504,150.8214809,87
10th-ASTH-CSLA,-33.9335316,150.8215963,88
10th-ASTH-CSLA,-33.9333473,150.821624,89
10th-ASTH-CSLA,-33.9331251,150.8215516,90
10th-ASTH-CSLA,-33.9328195,150.8214528,91
10th-ASTH-CSLA,-33.9326257,150.8214274,92
10th-ASTH-CSLA,-33.9325444,150.8214168,93
10th-ASTH-CSLA,-33.9324031,150.8223029,94
10th-ASTH-CSLA,-33.9334432,150.8317836,95
10th-ASTH-CSLA,-33.9336678,150.8317795,96
10th-ASTH-CSLA,-33.9342148,150.8318289,97
10th-ASTH-CSLA,-33.9346196,150.8318527,98
10th-ASTH-CSLA,-33.9348226,150.8318714,99
10th-ASTH-CSLA,-33.9349268,150.8318839,100
10th-ASTH-CSLA,-33.9349727,150.8318974,101
10th-ASTH-CSLA,-33.935002,150.8319173,102
10th-ASTH-CSLA,-33.9350333,150.8319568,103
10th-ASTH-CSLA,-33.9350528,150.8320162,104
10th-ASTH-CSLA,-33.9350537,150.8320936,105
10th-ASTH-CSLA,-33.9350509,150.8321597,106
10th-ASTH-CSLA,-33.9350147,150.8325656,107
10th-ASTH-CSLA,-33.9349979,150.8326408,108
10th-ASTH-CSLA,-33.9349709,150.8327002,109
10th-ASTH-CSLA,-33.9349412,150.8327316,110
10th-ASTH-CSLA,-33.9349607,150.832772,111
10th-ASTH-CSLA,-33.9349821,150.8328269,112
10th-ASTH-CSLA,-33.9349798,150.8329024,113
10th-ASTH-CSLA,-33.9349389,150.8332982,114
10th-ASTH-CSLA,-33.9349203,150.833435,115
10th-ASTH-CSLA,-33.9348989,150.8335056,116
10th-ASTH-CSLA,-33.9348738,150.8335516,117
10th-ASTH-CSLA,-33.9348142,150.8336279,118
10th-ASTH-CSLA,-33.9347863,150.8336536,119
10th-ASTH-CSLA,-33.9348096,150.8336985,120
10th-ASTH-CSLA,-33.9348189,150.8337467,121
10th-ASTH-CSLA,-33.9348096,150.8338005,122
10th-ASTH-CSLA,-33.9347886398,150.8338666562,123
10th-ASTH-CSLA,-33.9347779,150.8338947,124
10th-ASTH-CSLA,-33.9345798,150.834378,125
10th-ASTH-CSLA,-33.9345435,150.8344318,126
10th-ASTH-CSLA,-33.9345081,150.8344677,127
10th-ASTH-CSLA,-33.9344579,150.834507,128
10th-ASTH-CSLA,-33.9344728,150.8345843,129
10th-ASTH-CSLA,-33.9344737,150.834637,130
10th-ASTH-CSLA,-33.9344542,150.834692,131
10th-ASTH-CSLA,-33.9343146,150.8350665,132
10th-ASTH-CSLA,-33.9342877,150.8351495,133
10th-ASTH-CSLA,-33.9342625,150.8352594,134
10th-ASTH-CSLA,-33.9342188,150.8354275,135
10th-ASTH-CSLA,-33.9341844,150.8356305,136
10th-ASTH-CSLA,-33.9341649,150.8357852,137
10th-ASTH-CSLA,-33.9341658,150.8358358,138
10th-ASTH-CSLA,-33.9341593,150.835875,139
10th-ASTH-CSLA,-33.9341667,150.83594,140
10th-ASTH-CSLA,-33.9341807,150.8359893,141
10th-ASTH-CSLA,-33.9342188,150.8361142,142
10th-ASTH-CSLA,-33.9342486,150.8360823,143
10th-ASTH-CSLA,-33.934297,150.8360519,144
10th-ASTH-CSLA,-33.934572,150.8360121,145
10th-ASTH-CSLA,-33.9348114,150.8359566,146
10th-ASTH-CSLA,-33.9349837,150.8359171,147
10th-ASTH-CSLA,-33.9350296,150.8358852,148
10th-ASTH-CSLA,-33.9352064,150.835762,149
10th-ASTH-CSLA,-33.935339,150.8356484,150
10th-ASTH-CSLA,-33.9353495,150.8356735,151
10th-ASTH-CSLA,-33.9353734,150.8357063,152
10th-ASTH-CSLA,-33.9353926,150.835722,153
10th-ASTH-CSLA,-33.9354167,150.8357339,154
10th-ASTH-CSLA,-33.9354465,150.8357393,155
10th-ASTH-CSLA,-33.9355158,150.8360832,156
10th-ASTH-CSLA,-33.9356164,150.8364281,157
10th-ASTH-CSLA,-33.9358438,150.836785,158
10th-ASTH-CSLA,-33.9360769,150.8372014,159
10th-ASTH-CSLA,-33.936135,150.8373496,160
10th-ASTH-CSLA,-33.9361976,150.8378023,161
10th-ASTH-CSLA,-33.936211,150.8379262,162
10th-ASTH-CSLA,-33.9361283,150.8383788,163
10th-ASTH-CSLA,-33.9360614,150.8388715,164
10th-ASTH-CSLA,-33.9360389,150.8394485,165
10th-ASTH-CSLA,-33.9361055,150.8399501,166
10th-ASTH-CSLA,-33.9360689,150.839975,167
10th-ASTH-CSLA,-33.9360425,150.84001,168
10th-ASTH-CSLA,-33.9360267,150.8400533,169
10th-ASTH-CSLA,-33.9360232,150.8401005,170
10th-ASTH-CSLA,-33.9360274,150.8401215,171
10th-ASTH-CSLA,-33.9360324,150.8401466,172
10th-ASTH-CSLA,-33.9360534,150.8401866,173
10th-ASTH-CSLA,-33.9360849,150.8402245,174
10th-ASTH-CSLA,-33.9361181,150.8406099,175
10th-ASTH-CSLA,-33.9360691,150.8410605,176
10th-ASTH-CSLA,-33.9359222,150.841436,177
10th-ASTH-CSLA,-33.9357387,150.8417437,178
10th-ASTH-CSLA,-33.9356528,150.8418968,179
10th-ASTH-CSLA,-33.9356055,150.8420702,180
10th-ASTH-CSLA,-33.9355828,150.8422235,181
10th-ASTH-CSLA,-33.9355639,150.842382,182
10th-ASTH-CSLA,-33.9355938,150.8427302,183
10th-ASTH-CSLA,-33.9356397,150.8430185,184
10th-ASTH-CSLA,-33.9356556,150.8431192,185
10th-ASTH-CSLA,-33.9356812,150.8432794,186
10th-ASTH-CSLA,-33.9357015,150.8434107,187
10th-ASTH-CSLA,-33.9358408,150.8444105,188
10th-ASTH-CSLA,-33.9358582,150.8445307,189
10th-ASTH-CSLA,-33.935864,150.844584,190
10th-ASTH-CSLA,-33.9361406,150.8465707,191
10th-ASTH-CSLA,-33.9361447,150.8466,192
10th-ASTH-CSLA,-33.9361257,150.8467263,193
10th-ASTH-CSLA,-33.9360856,150.8468764,194
10th-ASTH-CSLA,-33.936075,150.8469146,195
10th-ASTH-CSLA,-33.9360716,150.8469547,196
10th-ASTH-CSLA,-33.9360777,150.8470034,197
10th-ASTH-CSLA,-33.9360945,150.8470484,198
10th-ASTH-CSLA,-33.9361207,150.8470861,199
10th-ASTH-CSLA,-33.9361545,150.8471139,200
10th-ASTH-CSLA,-33.9362318,150.8475507,201
10th-ASTH-CSLA,-33.9362562,150.8479407,202
10th-ASTH-CSLA,-33.936336,150.8492897,203
10th-ASTH-CSLA,-33.9363483,150.849515,204
10th-ASTH-CSLA,-33.936375,150.8498798,205
10th-ASTH-CSLA,-33.9364273,150.8501762,206
10th-ASTH-CSLA,-33.9364962,150.8504377,207
10th-ASTH-CSLA,-33.9365848,150.8506941,208
10th-ASTH-CSLA,-33.9367629,150.8510957,209
10th-ASTH-CSLA,-33.9368954,150.8513366,210
10th-ASTH-CSLA,-33.9369832,150.8514451,211
10th-ASTH-CSLA,-33.9371353,150.8518213,212
10th-ASTH-CSLA,-33.9371343,150.8518691,213
10th-ASTH-CSLA,-33.9371403,150.8519122,214
10th-ASTH-CSLA,-33.9371543,150.8519531,215
10th-ASTH-CSLA,-33.9371751,150.8519896,216
10th-ASTH-CSLA,-33.9372018,150.85202,217
10th-ASTH-CSLA,-33.9372331,150.852043,218
10th-ASTH-CSLA,-33.937267,150.8520582,219
10th-ASTH-CSLA,-33.9373042,150.852063,220
10th-ASTH-CSLA,-33.9373407,150.8520591,221
10th-ASTH-CSLA,-33.9373785,150.8520444,222
10th-ASTH-CSLA,-33.9376554,150.8521589,223
10th-ASTH-CSLA,-33.9382636,150.8527427,224
10th-ASTH-CSLA,-33.9387327,150.8533087,225
10th-ASTH-CSLA,-33.9390427,150.8537811,226
10th-ASTH-CSLA,-33.9394807,150.8543188,227
10th-ASTH-CSLA,-33.9395568,150.8544142,228
10th-ASTH-CSLA,-33.9397947,150.8547126,229
10th-ASTH-CSLA,-33.9400268,150.855045,230
10th-ASTH-CSLA,-33.9402205,150.8553138,231
10th-ASTH-CSLA,-33.9403992,150.8555605,232
10th-ASTH-CSLA,-33.9405185,150.8557737,233
10th-ASTH-CSLA,-33.9405883,150.8559197,234
10th-ASTH-CSLA,-33.9407129,150.8562095,235
10th-ASTH-CSLA,-33.9408887,150.8573112,236
10th-ASTH-CSLA,-33.9409548,150.8578283,237
10th-ASTH-CSLA,-33.9410253,150.8583803,238
10th-ASTH-CSLA,-33.9413287,150.8606128,239
10th-ASTH-CSLA,-33.9422003,150.8671972,240
10th-ASTH-CSLA,-33.9422253,150.8673866,241
10th-ASTH-CSLA,-33.9422433,150.8675086,242
10th-ASTH-CSLA,-33.9423894,150.8685003,243
10th-ASTH-CSLA,-33.9428618,150.8719099,244
10th-ASTH-CSLA,-33.9428962,150.8720508,245
10th-ASTH-CSLA,-33.9428845,150.8720571,246
10th-ASTH-CSLA,-33.9428678,150.872072,247
10th-ASTH-CSLA,-33.9428535,150.8720946,248
10th-ASTH-CSLA,-33.9428448,150.8721254,249
10th-ASTH-CSLA,-33.9428441,150.8721484,250
10th-ASTH-CSLA,-33.9428496,150.8721758,251
10th-ASTH-CSLA,-33.9428585,150.8721953,252
10th-ASTH-CSLA,-33.9428774,150.8722179,253
10th-ASTH-CSLA,-33.9428929,150.872228,254
10th-ASTH-CSLA,-33.942916,150.8722347,255
10th-ASTH-CSLA,-33.9429266,150.8724024,256
10th-ASTH-CSLA,-33.9432243,150.8745145,257
10th-ASTH-CSLA,-33.9433859,150.8756286,258
10th-ASTH-CSLA,-33.9434367,150.875995,259
10th-ASTH-CSLA,-33.9435963,150.8771456,260
10th-ASTH-CSLA,-33.9437065868,150.87793099389998,261
10th-ASTH-CSLA,-33.9438171,150.878718,262
10th-ASTH-CSLA,-33.9440262,150.8801409,263
10th-ASTH-CSLA,-33.9441016,150.8807718,264
10th-ASTH-CSLA,-33.9441729,150.8815127,265
10th-ASTH-CSLA,-33.9442572,150.8821305,266
10th-ASTH-CSLA,-33.9442343,150.8821362,267
10th-ASTH-CSLA,-33.944214,150.8821489,268
10th-ASTH-CSLA,-33.9441963,150.8821662,269
10th-ASTH-CSLA,-33.9441818,150.8821875,270
10th-ASTH-CSLA,-33.9441712,150.8822119,271
10th-ASTH-CSLA,-33.9441649,150.8822383,272
10th-ASTH-CSLA,-33.9441632,150.8822658,273
10th-ASTH-CSLA,-33.944166,150.8822931,274
10th-ASTH-CSLA,-33.9441734,150.8823191,275
10th-ASTH-CSLA,-33.9441849,150.8823429,276
10th-ASTH-CSLA,-33.9442002,150.8823633,277
10th-ASTH-CSLA,-33.9442186,150.8823796,278
10th-ASTH-CSLA,-33.9442393,150.8823912,279
10th-ASTH-CSLA,-33.9442615,150.8823974,280
10th-ASTH-CSLA,-33.9442843,150.8823982,281
10th-ASTH-CSLA,-33.9449061,150.8868642,282
10th-ASTH-CSLA,-33.9449769,150.8873935,283
10th-ASTH-CSLA,-33.945005,150.8876041,284
10th-ASTH-CSLA,-33.9450342,150.8878222,285
10th-ASTH-CSLA,-33.9450431,150.8880634,286
10th-ASTH-CSLA,-33.9450241,150.8880692,287
10th-ASTH-CSLA,-33.9450043,150.8880838,288
10th-ASTH-CSLA,-33.9449924,150.8880996,289
10th-ASTH-CSLA,-33.9449828,150.888123,290
10th-ASTH-CSLA,-33.9449795,150.8881438,291
10th-ASTH-CSLA,-33.9449809,150.8881752,292
10th-ASTH-CSLA,-33.9449885,150.8881917,293
10th-ASTH-CSLA,-33.9449984,150.888208,294
10th-ASTH-CSLA,-33.9450112,150.8882213,295
10th-ASTH-CSLA,-33.9450289,150.8882316,296
10th-ASTH-CSLA,-33.9450492,150.8882358,297
10th-ASTH-CSLA,-33.945065,150.8882342,298
10th-ASTH-CSLA,-33.9450784,150.8882294,299
10th-ASTH-CSLA,-33.9451122,150.8883754,300
10th-ASTH-CSLA,-33.9454567,150.8909019,301
10th-ASTH-CSLA,-33.9455266,150.8913583,302
10th-ASTH-CSLA,-33.9456218,150.8919779,303
10th-ASTH-CSLA,-33.9457775,150.8929908,304
10th-ASTH-CSLA,-33.945778,150.8931236,305
10th-ASTH-CSLA,-33.9457785,150.8932115,306
10th-ASTH-CSLA,-33.9457586,150.8932261,307
10th-ASTH-CSLA,-33.9457482817,150.8932389696,308
10th-ASTH-CSLA,-33.9457371,150.8932651,309
10th-ASTH-CSLA,-33.9457338,150.893286,310
10th-ASTH-CSLA,-33.9457344,150.8933037,311
10th-ASTH-CSLA,-33.9457364,150.8933154,312
10th-ASTH-CSLA,-33.9457428,150.8933339,313
10th-ASTH-CSLA,-33.9457526,150.8933503,314
10th-ASTH-CSLA,-33.9457655,150.8933636,315
10th-ASTH-CSLA,-33.9457833,150.8933739,316
10th-ASTH-CSLA,-33.9458036,150.8933781,317
10th-ASTH-CSLA,-33.9458194,150.8933765,318
10th-ASTH-CSLA,-33.9458339,150.8934519,319
10th-ASTH-CSLA,-33.9459059,150.8937942,320
10th-ASTH-CSLA,-33.9460144,150.8944824,321
10th-ASTH-CSLA,-33.9461899,150.8955362,322
10th-ASTH-CSLA,-33.9463243,150.8962697,323
10th-ASTH-CSLA,-33.9464384,150.896928,324
10th-ASTH-CSLA,-33.9465293,150.8974398,325
10th-ASTH-CSLA,-33.9467589,150.8991459,326
10th-ASTH-CSLA,-33.9467958,150.8993957,327
10th-ASTH-CSLA,-33.9469158,150.9002101,328
10th-ASTH-CSLA,-33.9469407,150.9003944,329
10th-ASTH-CSLA,-33.9469613,150.9005912,330
10th-ASTH-CSLA,-33.9469718,150.9008472,331
10th-ASTH-CSLA,-33.9470372,150.9013041,332
10th-ASTH-CSLA,-33.9470677,150.9014517,333
10th-ASTH-CSLA,-33.9470731,150.9015487,334
10th-ASTH-CSLA,-33.9470613,150.9015644,335
10th-ASTH-CSLA,-33.9470517,150.9015876,336
10th-ASTH-CSLA,-33.9470484,150.9016084,337
10th-ASTH-CSLA,-33.9470489,150.9016261,338
10th-ASTH-CSLA,-33.9470509,150.9016377,339
10th-ASTH-CSLA,-33.9470573,150.9016562,340
10th-ASTH-CSLA,-33.947067,150.9016725,341
10th-ASTH-CSLA,-33.9470799,150.9016858,342
10th-ASTH-CSLA,-33.9470975,150.9016962,343
10th-ASTH-CSLA,-33.9471178,150.9017005,344
10th-ASTH-CSLA,-33.9471336,150.9016989,345
10th-ASTH-CSLA,-33.9471406,150.9017605,346
10th-ASTH-CSLA,-33.9471487,150.901832,347
10th-ASTH-CSLA,-33.9471859,150.902159,348
10th-ASTH-CSLA,-33.9472178,150.9023413,349
10th-ASTH-CSLA,-33.9472695,150.9025208,350
10th-ASTH-CSLA,-33.9473478,150.9027049,351
10th-ASTH-CSLA,-33.9473732,150.9027686,352
10th-ASTH-CSLA,-33.9474043,150.902836,353
10th-ASTH-CSLA,-33.9474427,150.9029064,354
10th-ASTH-CSLA,-33.9474741,150.9029648,355
10th-ASTH-CSLA,-33.9475431,150.9030737,356
10th-ASTH-CSLA,-33.9475775,150.9031345,357
10th-ASTH-CSLA,-33.9475765,150.9031526,358
10th-ASTH-CSLA,-33.9475789,150.9031706,359
10th-ASTH-CSLA,-33.9475844,150.9031876,360
10th-ASTH-CSLA,-33.9475929,150.9032027,361
10th-ASTH-CSLA,-33.9476038,150.9032152,362
10th-ASTH-CSLA,-33.9475357,150.9033455,363
10th-ASTH-CSLA,-33.9474949,150.9034834,364
10th-ASTH-CSLA,-33.9474654,150.9036144,365
10th-ASTH-CSLA,-33.9474392,150.9037696,366
10th-ASTH-CSLA,-33.9474316,150.9038994,367
10th-ASTH-CSLA,-33.9474356,150.9040536,368
10th-ASTH-CSLA,-33.9475831,150.9051302,369
10th-ASTH-CSLA,-33.9476538,150.9056464,370
10th-ASTH-CSLA,-33.9477128,150.9060899,371
10th-ASTH-CSLA,-33.9478163,150.9068683,372
10th-ASTH-CSLA,-33.9478573,150.9071226,373
10th-ASTH-CSLA,-33.9479468,150.9072714,374
10th-ASTH-CSLA,-33.9485205,150.9066948,375
10th-ASTH-CSLA,-33.9492504,150.9059126,376
10th-ASTH-CSLA,-33.9500038,150.9081923,377
10th-ASTH-CSLA,-33.9502209,150.9088396,378
10th-ASTH-CSLA,-33.9504047,150.9093876,379
10th-ASTH-CSLA,-33.9505344,150.9093723,380
10th-ASTH-CSLA,-33.9507582,150.9093386,381
10th-ASTH-CSLA,-33.9509642,150.9092711,382
10th-ASTH-CSLA,-33.9512729,150.9091732,383
10th-ASTH-CSLA,-33.9513161,150.9091882,384
10th-ASTH-CSLA,-33.9513539,150.9092241,385
10th-ASTH-CSLA,-33.9513706,150.9092686,386
10th-ASTH-CSLA,-33.9513828,150.9093042,387
10th-ASTH-CSLA,-33.9513862,150.909339,388
10th-ASTH-CSLA,-33.9513823,150.9093659,389
10th-ASTH-CSLA,-33.9513678,150.9094249,390
10th-ASTH-CSLA,-33.9513633,150.9094435,391
10th-ASTH-CSLA,-33.9513371,150.9094736,392
10th-ASTH-CSLA,-33.9513005,150.909498,393
10th-ASTH-CSLA,-33.9512605,150.9095127,394
10th-ASTH-CSLA,-33.951192,150.9095323,395
10th-ASTH-CSLA,-33.9510975,150.9095623,396
10th-ASTH-CSLA,-33.9510524,150.9095925,397
10th-ASTH-CSLA,-33.9510195,150.9096355,398
10th-ASTH-CSLA,-33.9509979,150.9097005,399
10th-ASTH-CSLA,-33.9509924,150.9097427,400
10th-ASTH-CSLA,-33.9510061,150.9098106,401
10th-ASTH-CSLA,-33.951044,150.9099522,402
10th-ASTH-CSLA,-33.9510652,150.9100103,403
10th-ASTH-CSLA,-33.9510892,150.9100599,404
10th-ASTH-CSLA,-33.9511514,150.9101647,405
10th-ASTH-CSLA,-33.9511926,150.9102282,406
10th-ASTH-CSLA,-33.9512371,150.9102924,407
10th-ASTH-CSLA,-33.9512777,150.9103462,408
10th-ASTH-CSLA,-33.951307,150.910408,409
10th-ASTH-CSLA,-33.95132,150.9104703,410
10th-ASTH-CSLA,-33.9513188,150.910533,411
10th-ASTH-CSLA,-33.9513055,150.9105715,412
10th-ASTH-CSLA,-33.9512895,150.9105961,413
10th-ASTH-CSLA,-33.9512409,150.9106482,414
10th-ASTH-CSLA,-33.9511943,150.9106714,415
10th-ASTH-CSLA,-33.9511447,150.9106903,416
10th-ASTH-CSLA,-33.9510648,150.9107167,417
10th-ASTH-CSLA,-33.9509568,150.9107457,418
10th-ASTH-CSLA,-33.9508219,150.9107739,419
10th-ASTH-CSLA,-33.9507158,150.9108021,420
10th-ASTH-CSLA,-33.950651,150.9108455,421
10th-ASTH-CSLA,-33.9506079,150.910891,422
10th-ASTH-CSLA,-33.9505773,150.9109604,423
10th-ASTH-CSLA,-33.9505647,150.9110579,424
10th-ASTH-CSLA,-33.950489,150.9110946,425
10th-ASTH-CSLA,-33.9503532,150.9112796,426
10th-ASTH-CSLA,-33.9502754,150.9113252,427
10th-ASTH-CSLA,-33.9499038,150.9114352,428
20th-LVPL-AERO,-33.9229662,150.92687969999997,1
20th-LVPL-AERO,-33.9227614,150.9253742,2
20th-LVPL-AERO,-33.9227143,150.9250215,3
20th-LVPL-AERO,-33.9226973,150.9249006,4
20th-LVPL-AERO,-33.922544,150.9237247,5
20th-LVPL-AERO,-33.924426700000005,150.9233545,6
20th-LVPL-AERO,-33.9246139,150.9233142,7
20th-LVPL-AERO,-33.9247792,150.92326709999998,8
20th-LVPL-AERO,-33.924887700000006,150.92319519999995,9
20th-LVPL-AERO,-33.9252402,150.92264609999995,10
20th-LVPL-AERO,-33.925478000000005,150.9222756,11
20th-LVPL-AERO,-33.9260633,150.92142900000005,12
20th-LVPL-AERO,-33.9262701,150.9211513,13
20th-LVPL-AERO,-33.9266232,150.9206634,14
20th-LVPL-AERO,-33.9267765,150.9205225,15
20th-LVPL-AERO,-33.9269412,150.9203937,16
20th-LVPL-AERO,-33.927023600000005,150.920324,17
20th-LVPL-AERO,-33.9271326,150.9202221,18
20th-LVPL-AERO,-33.9272239,150.9200853,19
20th-LVPL-AERO,-33.927286200000005,150.9199512,20
20th-LVPL-AERO,-33.92746210000001,150.91962780000003,21
20th-LVPL-AERO,-33.9275287,150.9195071,22
20th-LVPL-AERO,-33.927669,150.91930469999997,23
20th-LVPL-AERO,-33.9277025,150.9192633,24
20th-LVPL-AERO,-33.9278493,150.9190821,25
20th-LVPL-AERO,-33.9281364,150.9187361,26
20th-LVPL-AERO,-33.928407799999995,150.91843669999997,27
20th-LVPL-AERO,-33.9285788,150.9181997,28
20th-LVPL-AERO,-33.92865,150.9180817,29
20th-LVPL-AERO,-33.9287278,150.91791,30
20th-LVPL-AERO,-33.9287974,150.9175282,31
20th-LVPL-AERO,-33.928807899999995,150.91729919999997,32
20th-LVPL-AERO,-33.9287855,150.9169,33
20th-LVPL-AERO,-33.928738,150.9167973,34
20th-LVPL-AERO,-33.928720299999995,150.91662240000005,35
20th-LVPL-AERO,-33.928720299999995,150.91662240000005,36
20th-LVPL-AERO,-33.9286204,150.9156364,37
20th-LVPL-AERO,-33.928293700000005,150.9132937,38
20th-LVPL-AERO,-33.928277,150.9129064,39
20th-LVPL-AERO,-33.9282268,150.9124865,40
20th-LVPL-AERO,-33.9282076,150.9123332,41
20th-LVPL-AERO,-33.9280838,150.9114485,42
20th-LVPL-AERO,-33.9280643,150.9112795,43
20th-LVPL-AERO,-33.9280518,150.9110499,44
20th-LVPL-AERO,-33.9280381,150.91083500000005,45
20th-LVPL-AERO,-33.9280328,150.910742,46
20th-LVPL-AERO,-33.9280112,150.910404,47
20th-LVPL-AERO,-33.9279925,150.9101691,48
20th-LVPL-AERO,-33.92796679999999,150.9099289,49
20th-LVPL-AERO,-33.9279397,150.9097178,50
20th-LVPL-AERO,-33.9278362,150.9089564,51
20th-LVPL-AERO,-33.9278034,150.9087154,52
20th-LVPL-AERO,-33.92778060000001,150.908522,53
20th-LVPL-AERO,-33.9277136,150.9080181,54
20th-LVPL-AERO,-33.927473600000006,150.9067231,55
20th-LVPL-AERO,-33.9274136,150.9063996,56
20th-LVPL-AERO,-33.927261,150.9052007,57
20th-LVPL-AERO,-33.927010700000004,150.9032733,58
20th-LVPL-AERO,-33.926986600000006,150.903113,59
20th-LVPL-AERO,-33.9266703,150.90081659999996,60
20th-LVPL-AERO,-33.92662120000001,150.9005091,61
20th-LVPL-AERO,-33.9265878,150.9002718,62
20th-LVPL-AERO,-33.92655429999999,150.90005369999997,63
20th-LVPL-AERO,-33.9265465,150.8997519,64
20th-LVPL-AERO,-33.9265476,150.8995169,65
20th-LVPL-AERO,-33.9265887,150.8986832,66
20th-LVPL-AERO,-33.9265715,150.8984042,67
20th-LVPL-AERO,-33.9265607,150.8982292,68
20th-LVPL-AERO,-33.926539500000004,150.8978303,69
20th-LVPL-AERO,-33.926519299999995,150.8975543,70
20th-LVPL-AERO,-33.92650689999999,150.89732869999997,71
20th-LVPL-AERO,-33.9265078,150.89714009999997,72
20th-LVPL-AERO,-33.9265329,150.89684640000004,73
20th-LVPL-AERO,-33.9265893,150.8965099,74
20th-LVPL-AERO,-33.926602200000005,150.8964364,75
20th-LVPL-AERO,-33.9272742,150.89261580000004,76
20th-LVPL-AERO,-33.927344,150.8922128,77
20th-LVPL-AERO,-33.9273887,150.8919553,78
20th-LVPL-AERO,-33.9274414,150.8916511,79
20th-LVPL-AERO,-33.9274733,150.89134130000005,80
20th-LVPL-AERO,-33.9274987,150.8910946,81
20th-LVPL-AERO,-33.9275314,150.890777,82
20th-LVPL-AERO,-33.927539700000004,150.89065259999995,83
20th-LVPL-AERO,-33.9275468,150.89057160000004,84
20th-LVPL-AERO,-33.92760560000001,150.89030380000003,85
20th-LVPL-AERO,-33.9276217,150.8899514,86
20th-LVPL-AERO,-33.92761220000001,150.889491,87
20th-LVPL-AERO,-33.9276054,150.8892497,88
20th-LVPL-AERO,-33.927606,150.8881535,89
20th-LVPL-AERO,-33.9276164,150.8876386,90
20th-LVPL-AERO,-33.9276315,150.886892,91
20th-LVPL-AERO,-33.9276296,150.88602590000005,92
20th-LVPL-AERO,-33.927675,150.88476780000005,93
20th-LVPL-AERO,-33.927739700000004,150.88404419999995,94
20th-LVPL-AERO,-33.9277724,150.8836365,95
20th-LVPL-AERO,-33.9278302,150.8825709,96
20th-LVPL-AERO,-33.927837100000005,150.8821995,97
20th-LVPL-AERO,-33.9278283,150.8816182,98
20th-LVPL-AERO,-33.92781779999999,150.8806496,99
20th-LVPL-AERO,-33.927874,150.877919,100
20th-LVPL-AERO,-33.9279078,150.8765184,101
20th-LVPL-AERO,-33.9279117,150.87581540000005,102
20th-LVPL-AERO,-33.927924700000005,150.8751676,103
20th-LVPL-AERO,-33.9279256,150.8746412,104
20th-LVPL-AERO,-33.9278744,150.8740862,105
20th-LVPL-AERO,-33.9278519,150.8739198,106
20th-LVPL-AERO,-33.9278092,150.8736618,107
20th-LVPL-AERO,-33.927797600000005,150.8736058,108
20th-LVPL-AERO,-33.9277513,150.873375,109
20th-LVPL-AERO,-33.927636799999995,150.8728241,110
20th-LVPL-AERO,-33.9275066,150.8722238,111
20th-LVPL-AERO,-33.9273545,150.87164719999996,112
20th-LVPL-AERO,-33.9273034,150.87143909999998,113
20th-LVPL-AERO,-33.9272617,150.87126899999996,114
20th-LVPL-AERO,-33.9271055,150.8707103,115
20th-LVPL-AERO,-33.926927899999995,150.8701156,116
20th-LVPL-AERO,-33.9266871,150.86940669999996,117
20th-LVPL-AERO,-33.926482799999995,150.8687531,118
20th-LVPL-AERO,-33.92634879999999,150.868248,119
20th-LVPL-AERO,-33.926291,150.8678135,120
20th-LVPL-AERO,-33.9262335,150.86722959999997,121
20th-LVPL-AERO,-33.926201299999995,150.8665931,122
20th-LVPL-AERO,-33.9261946,150.86641540000005,123
20th-LVPL-AERO,-33.9261924,150.8659905,124
20th-LVPL-AERO,-33.9262024,150.86557209999995,125
20th-LVPL-AERO,-33.9262269,150.865218,126
20th-LVPL-AERO,-33.926300399999995,150.8644147,127
20th-LVPL-AERO,-33.926402200000005,150.8632728,128
20th-LVPL-AERO,-33.9264516,150.8625196,129
20th-LVPL-AERO,-33.9264627,150.86235280000002,130
20th-LVPL-AERO,-33.926512,150.8618677,131
20th-LVPL-AERO,-33.9266097,150.86050790000004,132
20th-LVPL-AERO,-33.9266333,150.8598248,133
20th-LVPL-AERO,-33.9266406,150.85958380000002,134
20th-LVPL-AERO,-33.9266381,150.859225,135
20th-LVPL-AERO,-33.926638700000005,150.8589667,136
20th-LVPL-AERO,-33.9266397,150.8580658,137
20th-LVPL-AERO,-33.9266036,150.857495,138
20th-LVPL-AERO,-33.92656229999999,150.8570143,139
20th-LVPL-AERO,-33.9264144,150.855739,140
20th-LVPL-AERO,-33.9262771,150.8548153,141
20th-LVPL-AERO,-33.9260343,150.85349,142
20th-LVPL-AERO,-33.92543060000001,150.8509051,143
20th-LVPL-AERO,-33.9252899,150.8502941,144
20th-LVPL-AERO,-33.9251559,150.84971389999995,145
20th-LVPL-AERO,-33.9249689,150.849199,146
20th-LVPL-AERO,-33.9248531,150.8489387,147
20th-LVPL-AERO,-33.9248043,150.8488288,148
20th-LVPL-AERO,-33.924682399999995,150.8485751,149
20th-LVPL-AERO,-33.9246314,150.8484792,150
20th-LVPL-AERO,-33.9245523,150.8483375,151
20th-LVPL-AERO,-33.9243771,150.8484196,152
20th-LVPL-AERO,-33.9243771,150.8484196,153
20th-LVPL-AERO,-33.92445670000001,150.84855359999997,154
20th-LVPL-AERO,-33.9246314,150.8484792,155
20th-LVPL-AERO,-33.9245523,150.8483375,156
20th-LVPL-AERO,-33.924500200000004,150.8482378,157
20th-LVPL-AERO,-33.9244392,150.8481412,158
20th-LVPL-AERO,-33.9241905,150.84776200000005,159
20th-LVPL-AERO,-33.923511600000005,150.8467531,160
20th-LVPL-AERO,-33.923284499999994,150.84635780000005,161
20th-LVPL-AERO,-33.9232088,150.84618909999998,162
20th-LVPL-AERO,-33.9230998,150.8459365,163
20th-LVPL-AERO,-33.923064600000004,150.8456679,164
20th-LVPL-AERO,-33.9227025,150.8430885,165
20th-LVPL-AERO,-33.9226548,150.8427488,166
20th-LVPL-AERO,-33.9225815,150.84221440000005,167
20th-LVPL-AERO,-33.922284399999995,150.8400497,168
20th-LVPL-AERO,-33.9222914,150.8400479,169
20th-LVPL-AERO,-33.9222982,150.8400453,170
20th-LVPL-AERO,-33.92230479999999,150.8400418,171
20th-LVPL-AERO,-33.9223111,150.84003769999995,172
20th-LVPL-AERO,-33.922317,150.8400327,173
20th-LVPL-AERO,-33.9223225,150.84002719999995,174
20th-LVPL-AERO,-33.9223275,150.840021,175
20th-LVPL-AERO,-33.922332,150.8400142,176
20th-LVPL-AERO,-33.9223359,150.84000690000005,177
20th-LVPL-AERO,-33.9223392,150.8399993,178
20th-LVPL-AERO,-33.9223418,150.8399912,179
20th-LVPL-AERO,-33.92234379999999,150.83998290000005,180
20th-LVPL-AERO,-33.9223451,150.8399744,181
20th-LVPL-AERO,-33.92234570000001,150.83996580000004,182
20th-LVPL-AERO,-33.9223456,150.8399571,183
20th-LVPL-AERO,-33.9223448,150.83994850000005,184
20th-LVPL-AERO,-33.922343299999994,150.83994009999995,185
20th-LVPL-AERO,-33.922341100000004,150.8399319,186
20th-LVPL-AERO,-33.9223383,150.8399239,187
20th-LVPL-AERO,-33.9223348,150.83991630000003,188
20th-LVPL-AERO,-33.9223307,150.8399092,189
20th-LVPL-AERO,-33.9223261,150.8399026,190
20th-LVPL-AERO,-33.922321000000004,150.8398966,191
20th-LVPL-AERO,-33.922315399999995,150.83989119999995,192
20th-LVPL-AERO,-33.9223093,150.8398865,193
20th-LVPL-AERO,-33.922303,150.8398825,194
20th-LVPL-AERO,-33.9222963,150.8398793,195
20th-LVPL-AERO,-33.9222894,150.8398769,196
20th-LVPL-AERO,-33.9222823,150.83987539999995,197
20th-LVPL-AERO,-33.9222752,150.8398746,198
20th-LVPL-AERO,-33.922268,150.83987480000005,199
20th-LVPL-AERO,-33.9222609,150.8398757,200
20th-LVPL-AERO,-33.9220148,150.8380768,201
20th-LVPL-AERO,-33.9215784,150.8348862,202
20th-LVPL-AERO,-33.9214339,150.8338552,203
20th-LVPL-AERO,-33.921211,150.8322656,204
20th-LVPL-AERO,-33.920866100000005,150.82974230000005,205
20th-LVPL-AERO,-33.9208311,150.8294999,206
20th-LVPL-AERO,-33.9208026,150.8293073,207
20th-LVPL-AERO,-33.9207408,150.8289072,208
20th-LVPL-AERO,-33.9207225,150.82877309999995,209
20th-LVPL-AERO,-33.9207225,150.8287731,210
20th-LVPL-AERO,-33.9205997763,150.82788667,211
20th-LVPL-AERO,-33.920419306599996,150.826582586,212
20th-LVPL-AERO,-33.9202984271,150.82570933739999,213
20th-LVPL-AERO,-33.9202339581,150.82524362459998,214
20th-LVPL-AERO,-33.9201422605,150.824582044,215
20th-LVPL-AERO,-33.919945391999995,150.8231592357,216
20th-LVPL-AERO,-33.9198874892,150.8227418366,217
20th-LVPL-AERO,-33.9197295499,150.8216010454,218
20th-LVPL-AERO,-33.919650604699996,150.821030186,219
20th-LVPL-AERO,-33.9195930561,150.8206145833,220
20th-LVPL-AERO,-33.9194708386,150.819731993,221
20th-LVPL-AERO,-33.9193506023,150.8188637568,222
20th-LVPL-AERO,-33.9192784,150.8183424,223
20th-LVPL-AERO,-33.9192361766,150.8180421462,224
20th-LVPL-AERO,-33.9190566692,150.8167657174,225
20th-LVPL-AERO,-33.9189390432,150.81592943799998,226
20th-LVPL-AERO,-33.9187956,150.8149095,227
20th-LVPL-AERO,-33.9186422541,150.81382182,228
20th-LVPL-AERO,-33.9185380936,150.8130830525,229
20th-LVPL-AERO,-33.918352267399996,150.8117287749,230
20th-LVPL-AERO,-33.9182588066,150.811058312,231
20th-LVPL-AERO,-33.9181946688,150.8105982098,232
20th-LVPL-AERO,-33.918126654699996,150.8101103356,233
20th-LVPL-AERO,-33.9179891264,150.8091238513,234
20th-LVPL-AERO,-33.9179469007,150.808821001,235
20th-LVPL-AERO,-33.9179419341,150.8087855092,236
20th-LVPL-AERO,-33.9179402618,150.8087747826,237
20th-LVPL-AERO,-33.9179386882,150.8087627185,238
20th-LVPL-AERO,-33.9179371162,150.80875080049998,239
20th-LVPL-AERO,-33.9179355583,150.8087396535,240
20th-LVPL-AERO,-33.9179343305,150.8087308157,241
20th-LVPL-AERO,-33.9179330156,150.8087214176,242
20th-LVPL-AERO,-33.917931788699995,150.8087125168,243
20th-LVPL-AERO,-33.9179306016,150.8087042644,244
20th-LVPL-AERO,-33.9179296397,150.80869720340002,245
20th-LVPL-AERO,-33.9179288623,150.8086917106,246
20th-LVPL-AERO,-33.9179280466,150.8086857478,247
20th-LVPL-AERO,-33.9179153235,150.8085888059,248
20th-LVPL-AERO,-33.9179034512,150.8084983465,249
20th-LVPL-AERO,-33.9178763962,150.8082922053,250
20th-LVPL-AERO,-33.917852834899996,150.8081126839,251
20th-LVPL-AERO,-33.9178219307,150.8078772138,252
20th-LVPL-AERO,-33.9177943565,150.80766711639998,253
20th-LVPL-AERO,-33.9177734731,150.8075079988,254
20th-LVPL-AERO,-33.9177448667,150.8072900363,255
20th-LVPL-AERO,-33.917712705700005,150.8070449907,256
20th-LVPL-AERO,-33.9176842328,150.8068280459,257
20th-LVPL-AERO,-33.9175454305,150.805841825,258
20th-LVPL-AERO,-33.9174120397,150.8048941086,259
20th-LVPL-AERO,-33.917317694,150.8042238335,260
20th-LVPL-AERO,-33.917097283800004,150.8026580447,261
20th-LVPL-AERO,-33.9168700654,150.8010440454,262
20th-LVPL-AERO,-33.9155244785,150.8013165954,263
20th-LVPL-AERO,-33.9150646372,150.8014097334,264
20th-LVPL-AERO,-33.9147110097,150.8014813584,265
20th-LVPL-AERO,-33.9142190911,150.8015809934,266
20th-LVPL-AERO,-33.9136602894,150.8016941723,267
20th-LVPL-AERO,-33.9128701897,150.801854195,268
20th-LVPL-AERO,-33.9120479917,150.8020207151,269
20th-LVPL-AERO,-33.9111744725,150.8021976236,270
20th-LVPL-AERO,-33.9105274786,150.8023286554,271
20th-LVPL-AERO,-33.9102421083,150.8001934853,272
20th-LVPL-AERO,-33.9096465144,150.7957598632,273
20th-LVPL-AERO,-33.9092356595,150.79447133530002,274
20th-LVPL-AERO,-33.9030185828,150.7956286975,275
20th-LVPL-AERO,-33.902742044600004,150.7934921266,276
20th-LVPL-AERO,-33.9021197,150.7886849,277
20th-LVPL-AERO,-33.901910297,150.7870677311,278
20th-LVPL-AERO,-33.901497170300004,150.7838777539,279
20th-LVPL-AERO,-33.9011408498,150.7811269414,280
20th-LVPL-AERO,-33.900980888,150.77998075620002,281
20th-LVPL-AERO,-33.9008432639,150.77899450299998,282
20th-LVPL-AERO,-33.9003989205,150.77581061819998,283
20th-LVPL-AERO,-33.9001736301,150.7741965658,284
20th-LVPL-AERO,-33.8995038123,150.7693987142,285
20th-LVPL-AERO,-33.8992060564,150.7672663632,286
20th-LVPL-AERO,-33.8989410344,150.7618306618,287
20th-LVPL-AERO,-33.8985530061,150.7586211926,288
20th-LVPL-AERO,-33.8985530061,150.7586211926,289
20th-LVPL-AERO,-33.898692267600005,150.7585969761,290
20th-LVPL-AERO,-33.8988809844,150.7585641598,291
20th-LVPL-AERO,-33.8990208027,150.75853984649999,292
20th-LVPL-AERO,-33.8992038604,150.7585080143,293
20th-LVPL-AERO,-33.8994378356,150.7584673279,294
20th-LVPL-AERO,-33.8997017131,150.7584214417,295
20th-LVPL-AERO,-33.8998911551,150.7583884993,296
20th-LVPL-AERO,-33.9012293031,150.7581557976,297
20th-LVPL-AERO,-33.9005500271,150.7525391385,298
20th-LVPL-AERO,-33.900452967,150.7517367671,299
20th-LVPL-AERO,-33.9003559018,150.7509343978,300
20th-LVPL-AERO,-33.9002588314,150.7501320307,301
20th-LVPL-AERO,-33.9001617559,150.7493296656,302
20th-LVPL-AERO,-33.9000646752,150.7485273027,303
20th-LVPL-AERO,-33.8999675893,150.7477249419,304
20th-LVPL-AERO,-33.9013057104,150.7474920743,305
20th-LVPL-AERO,-33.9026438304,150.7472591983,306
20th-LVPL-AERO,-33.9039819495,150.74702631379998,307
20th-LVPL-AERO,-33.9043112218,150.7471550492,308
20th-LVPL-AERO,-33.9052673335,150.7469656687,309
20th-LVPL-AERO,-33.9060900339,150.74680270940001,310
20th-LVPL-AERO,-33.906880616399995,150.7466461086,311
20th-LVPL-AERO,-33.9074397595,150.7465353499,312
20th-LVPL-AERO,-33.9087459444,150.7462766057,313
20th-LVPL-AERO,-33.9100923536,150.74600988379999,314
20th-LVPL-AERO,-33.9114387615,150.7457431523,315
20th-LVPL-AERO,-33.912744943,150.7454843806,316
20th-LVPL-AERO,-33.913304084,150.7453736045,317
20th-LVPL-AERO,-33.914094662800004,150.7452169736,318
20th-LVPL-AERO,-33.914917358400004,150.745053976,319
20th-LVPL-AERO,-33.9158734636,150.7448645419,320
20th-LVPL-AERO,-33.9155796928,150.7427303717,321
20th-LVPL-AERO,-33.9152122594,150.74006246049998,322
20th-LVPL-AERO,-33.9149185754,150.7379285499,323
20th-LVPL-AERO,-33.9158746871,150.7377391693,324
20th-LVPL-AERO,-33.9166973875,150.7375762101,325
20th-LVPL-AERO,-33.91748797,150.7374196093,326
20th-LVPL-AERO,-33.9180471131,150.7373088506,327
20th-LVPL-AERO,-33.919353298000004,150.7370501064,328
20th-LVPL-AERO,-33.9206997072,150.7367833845,329
20th-AERO-LVPL,-33.9206997072,150.7367833845,1
20th-AERO-LVPL,-33.919353298000004,150.7370501064,2
20th-AERO-LVPL,-33.9180471131,150.7373088506,3
20th-AERO-LVPL,-33.91748797,150.7374196093,4
20th-AERO-LVPL,-33.9166973875,150.7375762101,5
20th-AERO-LVPL,-33.9158746871,150.7377391693,6
20th-AERO-LVPL,-33.9149185754,150.7379285499,7
20th-AERO-LVPL,-33.9152122594,150.74006246049998,8
20th-AERO-LVPL,-33.9155796928,150.7427303717,9
20th-AERO-LVPL,-33.9158734636,150.7448645419,10
20th-AERO-LVPL,-33.914917358400004,150.745053976,11
20th-AERO-LVPL,-33.914094662800004,150.7452169736,12
20th-AERO-LVPL,-33.913304084,150.7453736045,13
20th-AERO-LVPL,-33.912744943,150.7454843806,14
20th-AERO-LVPL,-33.9114387615,150.7457431523,15
20th-AERO-LVPL,-33.9100923536,150.74600988379999,16
20th-AERO-LVPL,-33.9087459444,150.7462766057,17
20th-AERO-LVPL,-33.9074397595,150.7465353499,18
20th-AERO-LVPL,-33.906880616399995,150.7466461086,19
20th-AERO-LVPL,-33.9060900339,150.74680270940001,20
20th-AERO-LVPL,-33.9052673335,150.7469656687,21
20th-AERO-LVPL,-33.9043112218,150.7471550492,22
20th-AERO-LVPL,-33.9039819495,150.74702631379998,23
20th-AERO-LVPL,-33.9026438304,150.7472591983,24
20th-AERO-LVPL,-33.9013057104,150.7474920743,25
20th-AERO-LVPL,-33.8999675893,150.7477249419,26
20th-AERO-LVPL,-33.9000646752,150.7485273027,27
20th-AERO-LVPL,-33.9001617559,150.7493296656,28
20th-AERO-LVPL,-33.9002588314,150.7501320307,29
20th-AERO-LVPL,-33.9003559018,150.7509343978,30
20th-AERO-LVPL,-33.900452967,150.7517367671,31
20th-AERO-LVPL,-33.9005500271,150.7525391385,32
20th-AERO-LVPL,-33.9012293031,150.7581557976,33
20th-AERO-LVPL,-33.8998911551,150.7583884993,34
20th-AERO-LVPL,-33.8997017131,150.7584214417,35
20th-AERO-LVPL,-33.8994378356,150.7584673279,36
20th-AERO-LVPL,-33.8992038604,150.7585080143,37
20th-AERO-LVPL,-33.8990208027,150.75853984649999,38
20th-AERO-LVPL,-33.8988809844,150.7585641598,39
20th-AERO-LVPL,-33.898692267600005,150.7585969761,40
20th-AERO-LVPL,-33.8985530061,150.7586211926,41
20th-AERO-LVPL,-33.8985530061,150.7586211926,42
20th-AERO-LVPL,-33.8989410344,150.7618306618,43
20th-AERO-LVPL,-33.8992060564,150.7672663632,44
20th-AERO-LVPL,-33.8995038123,150.7693987142,45
20th-AERO-LVPL,-33.9001736301,150.7741965658,46
20th-AERO-LVPL,-33.9003989205,150.77581061819998,47
20th-AERO-LVPL,-33.9008432639,150.77899450299998,48
20th-AERO-LVPL,-33.900980888,150.77998075620002,49
20th-AERO-LVPL,-33.9011408197,150.7811269469,50
20th-AERO-LVPL,-33.901369183,150.7828896283,51
20th-AERO-LVPL,-33.901497170300004,150.7838777539,52
20th-AERO-LVPL,-33.9021197,150.7886849,53
20th-AERO-LVPL,-33.902742044600004,150.7934921266,54
20th-AERO-LVPL,-33.9030185828,150.7956286975,55
20th-AERO-LVPL,-33.9092356595,150.79447133530002,56
20th-AERO-LVPL,-33.9096465144,150.7957598632,57
20th-AERO-LVPL,-33.9102421083,150.8001934853,58
20th-AERO-LVPL,-33.9103893793,150.80129538219998,59
20th-AERO-LVPL,-33.9105274786,150.8023286554,60
20th-AERO-LVPL,-33.9113898213,150.8021540103,61
20th-AERO-LVPL,-33.9120479917,150.8020207151,62
20th-AERO-LVPL,-33.9125634201,150.8019163252,63
20th-AERO-LVPL,-33.9128701897,150.801854195,64
20th-AERO-LVPL,-33.9131582455,150.8017958537,65
20th-AERO-LVPL,-33.9136602894,150.8016941723,66
20th-AERO-LVPL,-33.913916785,150.80164222209999,67
20th-AERO-LVPL,-33.9142190911,150.8015809934,68
20th-AERO-LVPL,-33.9155244785,150.8013165954,69
20th-AERO-LVPL,-33.9168700654,150.8010440454,70
20th-AERO-LVPL,-33.917097283800004,150.8026580447,71
20th-AERO-LVPL,-33.917317694,150.8042238335,72
20th-AERO-LVPL,-33.9174120397,150.8048941086,73
20th-AERO-LVPL,-33.9175454305,150.805841825,74
20th-AERO-LVPL,-33.9176842328,150.8068280459,75
20th-AERO-LVPL,-33.9177257339,150.80714425760002,76
20th-AERO-LVPL,-33.9177621929,150.8074220508,77
20th-AERO-LVPL,-33.9177925332,150.8076532239,78
20th-AERO-LVPL,-33.917826112600004,150.80790907719998,79
20th-AERO-LVPL,-33.917855664,150.80813423979998,80
20th-AERO-LVPL,-33.917879708200005,150.8083174405,81
20th-AERO-LVPL,-33.917908285799996,150.80853715889998,82
20th-AERO-LVPL,-33.9179280466,150.8086857478,83
20th-AERO-LVPL,-33.9179427213,150.8087909641,84
20th-AERO-LVPL,-33.9179891264,150.8091238513,85
20th-AERO-LVPL,-33.9180325402,150.8094352563,86
20th-AERO-LVPL,-33.918126654699996,150.8101103356,87
20th-AERO-LVPL,-33.918205184,150.8106754868,88
20th-AERO-LVPL,-33.9182588066,150.811058312,89
20th-AERO-LVPL,-33.9182864675,150.8112985077,90
20th-AERO-LVPL,-33.918352267399996,150.8117287749,91
20th-AERO-LVPL,-33.9183927979,150.81201955,92
20th-AERO-LVPL,-33.9185705824,150.8132950157,93
20th-AERO-LVPL,-33.9186422541,150.81382182,94
20th-AERO-LVPL,-33.9187956,150.8149095,95
20th-AERO-LVPL,-33.9189390432,150.81592943799998,96
20th-AERO-LVPL,-33.9190566692,150.8167657174,97
20th-AERO-LVPL,-33.9192361766,150.8180421462,98
20th-AERO-LVPL,-33.9192784,150.8183424,99
20th-AERO-LVPL,-33.9193506023,150.8188637568,100
20th-AERO-LVPL,-33.9194708386,150.819731993,101
20th-AERO-LVPL,-33.9195930561,150.8206145833,102
20th-AERO-LVPL,-33.919650604699996,150.821030186,103
20th-AERO-LVPL,-33.9197295499,150.8216010454,104
20th-AERO-LVPL,-33.9198874892,150.8227418366,105
20th-AERO-LVPL,-33.919945391999995,150.8231592357,106
20th-AERO-LVPL,-33.9201422605,150.824582044,107
20th-AERO-LVPL,-33.9202339581,150.82524362459998,108
20th-AERO-LVPL,-33.9202984271,150.82570933739999,109
20th-AERO-LVPL,-33.920419306599996,150.826582586,110
20th-AERO-LVPL,-33.9205997763,150.82788667,111
20th-AERO-LVPL,-33.9207225,150.8287731,112
20th-AERO-LVPL,-33.9207225,150.82877309999995,113
20th-AERO-LVPL,-33.9207408,150.8289072,114
20th-AERO-LVPL,-33.9208026,150.8293073,115
20th-AERO-LVPL,-33.9208311,150.8294999,116
20th-AERO-LVPL,-33.920866100000005,150.82974230000005,117
20th-AERO-LVPL,-33.921211,150.8322656,118
20th-AERO-LVPL,-33.9214339,150.8338552,119
20th-AERO-LVPL,-33.9215784,150.8348862,120
20th-AERO-LVPL,-33.9220148,150.8380768,121
20th-AERO-LVPL,-33.9222609,150.8398757,122
20th-AERO-LVPL,-33.9222539,150.8398775,123
20th-AERO-LVPL,-33.922247,150.83988019999995,124
20th-AERO-LVPL,-33.9222404,150.83988359999995,125
20th-AERO-LVPL,-33.922234100000004,150.8398878,126
20th-AERO-LVPL,-33.9222282,150.83989269999995,127
20th-AERO-LVPL,-33.92222279999999,150.8398983,128
20th-AERO-LVPL,-33.9222178,150.8399045,129
20th-AERO-LVPL,-33.9222133,150.8399112,130
20th-AERO-LVPL,-33.9222094,150.8399185,131
20th-AERO-LVPL,-33.9222061,150.83992619999995,132
20th-AERO-LVPL,-33.9222034,150.8399342,133
20th-AERO-LVPL,-33.9222015,150.8399425,134
20th-AERO-LVPL,-33.922200200000006,150.839951,135
20th-AERO-LVPL,-33.9221995,150.8399596,136
20th-AERO-LVPL,-33.9221997,150.8399683,137
20th-AERO-LVPL,-33.9222005,150.8399769,138
20th-AERO-LVPL,-33.922202,150.83998530000005,139
20th-AERO-LVPL,-33.9222041,150.8399936,140
20th-AERO-LVPL,-33.922207,150.8400015,141
20th-AERO-LVPL,-33.9222105,150.8400091,142
20th-AERO-LVPL,-33.9222145,150.84001619999995,143
20th-AERO-LVPL,-33.9222192,150.8400228,144
20th-AERO-LVPL,-33.9222243,150.84002890000005,145
20th-AERO-LVPL,-33.9222299,150.8400342,146
20th-AERO-LVPL,-33.9222359,150.8400389,147
20th-AERO-LVPL,-33.92224229999999,150.8400429,148
20th-AERO-LVPL,-33.922249,150.8400461,149
20th-AERO-LVPL,-33.9222559,150.84004850000005,150
20th-AERO-LVPL,-33.92226289999999,150.84005009999996,151
20th-AERO-LVPL,-33.9222701,150.84005080000003,152
20th-AERO-LVPL,-33.9222773,150.8400507,153
20th-AERO-LVPL,-33.922284399999995,150.8400497,154
20th-AERO-LVPL,-33.9225815,150.84221440000005,155
20th-AERO-LVPL,-33.9226548,150.8427488,156
20th-AERO-LVPL,-33.9227025,150.8430885,157
20th-AERO-LVPL,-33.923064600000004,150.8456679,158
20th-AERO-LVPL,-33.9230998,150.8459365,159
20th-AERO-LVPL,-33.9231469,150.846214,160
20th-AERO-LVPL,-33.923261600000004,150.84659,161
20th-AERO-LVPL,-33.9234084,150.8469245,162
20th-AERO-LVPL,-33.9234245,150.84695159999995,163
20th-AERO-LVPL,-33.9236079,150.8472589,164
20th-AERO-LVPL,-33.9241238,150.8480298,165
20th-AERO-LVPL,-33.9243174,150.84831719999997,166
20th-AERO-LVPL,-33.9243771,150.8484196,167
20th-AERO-LVPL,-33.92445670000001,150.84855359999997,168
20th-AERO-LVPL,-33.9246314,150.8484792,169
20th-AERO-LVPL,-33.9245523,150.8483375,170
20th-AERO-LVPL,-33.9245523,150.8483375,171
20th-AERO-LVPL,-33.9243771,150.8484196,172
20th-AERO-LVPL,-33.92445670000001,150.84855359999997,173
20th-AERO-LVPL,-33.924511200000005,150.84864230000005,174
20th-AERO-LVPL,-33.9245598,150.8487494,175
20th-AERO-LVPL,-33.924711200000004,150.8490874,176
20th-AERO-LVPL,-33.9248537,150.849468,177
20th-AERO-LVPL,-33.9250001,150.8499323,178
20th-AERO-LVPL,-33.925177399999995,150.8506976,179
20th-AERO-LVPL,-33.9255843,150.85233119999995,180
20th-AERO-LVPL,-33.92590070000001,150.8535999,181
20th-AERO-LVPL,-33.92624179999999,150.8555135,182
20th-AERO-LVPL,-33.9264066,150.8570779,183
20th-AERO-LVPL,-33.9264714,150.8580033,184
20th-AERO-LVPL,-33.926475700000005,150.858371,185
20th-AERO-LVPL,-33.9264734,150.8589714,186
20th-AERO-LVPL,-33.926466299999994,150.85965990000003,187
20th-AERO-LVPL,-33.9264569,150.8599105,188
20th-AERO-LVPL,-33.9264509,150.860288,189
20th-AERO-LVPL,-33.926403,150.8610139,190
20th-AERO-LVPL,-33.9263238,150.8618053,191
20th-AERO-LVPL,-33.926294299999995,150.8622967,192
20th-AERO-LVPL,-33.9262766,150.862465,193
20th-AERO-LVPL,-33.926100899999994,150.86501289999995,194
20th-AERO-LVPL,-33.92600770000001,150.8664023,195
20th-AERO-LVPL,-33.926017,150.8666073,196
20th-AERO-LVPL,-33.9260415,150.8669865,197
20th-AERO-LVPL,-33.9261044,150.86762119999997,198
20th-AERO-LVPL,-33.926223799999995,150.86832859999996,199
20th-AERO-LVPL,-33.9263804,150.8688872,200
20th-AERO-LVPL,-33.9266355,150.8697264,201
20th-AERO-LVPL,-33.927001000000004,150.87103369999997,202
20th-AERO-LVPL,-33.9271296,150.8715104,203
20th-AERO-LVPL,-33.92718,150.87169699999995,204
20th-AERO-LVPL,-33.9274469,150.8728247,205
20th-AERO-LVPL,-33.9275883,150.8735151,206
20th-AERO-LVPL,-33.9276465,150.87384619999997,207
20th-AERO-LVPL,-33.927665399999995,150.8740549,208
20th-AERO-LVPL,-33.9276921,150.87420490000005,209
20th-AERO-LVPL,-33.9277269,150.8747077,210
20th-AERO-LVPL,-33.9277619,150.8752332,211
20th-AERO-LVPL,-33.9277607,150.87587969999996,212
20th-AERO-LVPL,-33.9277466,150.8764174,213
20th-AERO-LVPL,-33.9277105,150.877152,214
20th-AERO-LVPL,-33.927607,150.8804605,215
20th-AERO-LVPL,-33.92759279999999,150.8809407,216
20th-AERO-LVPL,-33.9275741,150.8816318,217
20th-AERO-LVPL,-33.9275683,150.88259209999995,218
20th-AERO-LVPL,-33.92753,150.8838494,219
20th-AERO-LVPL,-33.927499600000004,150.88497619999995,220
20th-AERO-LVPL,-33.9274735,150.88571930000003,221
20th-AERO-LVPL,-33.9274598,150.8861438,222
20th-AERO-LVPL,-33.9274554,150.8869681,223
20th-AERO-LVPL,-33.9274335,150.8881525,224
20th-AERO-LVPL,-33.927417,150.8884778,225
20th-AERO-LVPL,-33.9274201,150.88917880000002,226
20th-AERO-LVPL,-33.9273949,150.8903605,227
20th-AERO-LVPL,-33.9273886,150.8905311,228
20th-AERO-LVPL,-33.9273783,150.8906207,229
20th-AERO-LVPL,-33.927322700000005,150.89110209999996,230
20th-AERO-LVPL,-33.9272961,150.8913321,231
20th-AERO-LVPL,-33.9272651,150.891593,232
20th-AERO-LVPL,-33.9270822,150.8926594,233
20th-AERO-LVPL,-33.9267657,150.8944591,234
20th-AERO-LVPL,-33.9266681,150.89505780000005,235
20th-AERO-LVPL,-33.9266162,150.8953876,236
20th-AERO-LVPL,-33.9264412,150.89639590000004,237
20th-AERO-LVPL,-33.92642670000001,150.8964672,238
20th-AERO-LVPL,-33.9263799,150.8967521,239
20th-AERO-LVPL,-33.9263375,150.8970312,240
20th-AERO-LVPL,-33.9263141,150.8973221,241
20th-AERO-LVPL,-33.9263019,150.8975109,242
20th-AERO-LVPL,-33.9263015,150.89797430000004,243
20th-AERO-LVPL,-33.926326,150.8983887,244
20th-AERO-LVPL,-33.926342299999995,150.8987285,245
20th-AERO-LVPL,-33.9263451,150.8990602,246
20th-AERO-LVPL,-33.9263504,150.89931719999996,247
20th-AERO-LVPL,-33.9263737,150.89985890000003,248
20th-AERO-LVPL,-33.9264573,150.90054650000005,249
20th-AERO-LVPL,-33.9267935,150.9029759,250
20th-AERO-LVPL,-33.9268165,150.9031422,251
20th-AERO-LVPL,-33.9271636,150.90563799999995,252
20th-AERO-LVPL,-33.9272863,150.9066003,253
20th-AERO-LVPL,-33.92757329999999,150.90831830000005,254
20th-AERO-LVPL,-33.927609999999994,150.9085398,255
20th-AERO-LVPL,-33.9278354,150.9101775,256
20th-AERO-LVPL,-33.9278611,150.9103895,257
20th-AERO-LVPL,-33.9278664,150.9104364,258
20th-AERO-LVPL,-33.927876399999995,150.9105137,259
20th-AERO-LVPL,-33.9278843,150.9105754,260
20th-AERO-LVPL,-33.927903,150.9107895,261
20th-AERO-LVPL,-33.9279312,150.9110909,262
20th-AERO-LVPL,-33.927988799999994,150.91149019999997,263
20th-AERO-LVPL,-33.9280923,150.9122216,264
20th-AERO-LVPL,-33.9281055,150.9123078,265
20th-AERO-LVPL,-33.9281159,150.91239480000004,266
20th-AERO-LVPL,-33.9281511,150.9126776,267
20th-AERO-LVPL,-33.92816679999999,150.91278169999995,268
20th-AERO-LVPL,-33.928194500000004,150.9129196,269
20th-AERO-LVPL,-33.9282358,150.9131073,270
20th-AERO-LVPL,-33.928293700000005,150.9132937,271
20th-AERO-LVPL,-33.9286204,150.9156364,272
20th-AERO-LVPL,-33.928720299999995,150.91662240000005,273
20th-AERO-LVPL,-33.928720299999995,150.91662240000005,274
20th-AERO-LVPL,-33.928738,150.9167973,275
20th-AERO-LVPL,-33.9287172,150.9168962,276
20th-AERO-LVPL,-33.9287171,150.91694840000005,277
20th-AERO-LVPL,-33.928706700000006,150.9171889,278
20th-AERO-LVPL,-33.9286614,150.9175166,279
20th-AERO-LVPL,-33.928629,150.91775890000005,280
20th-AERO-LVPL,-33.9286033,150.9179072,281
20th-AERO-LVPL,-33.9285342,150.91806440000005,282
20th-AERO-LVPL,-33.9284835,150.9181487,283
20th-AERO-LVPL,-33.928416799999994,150.9182399,284
20th-AERO-LVPL,-33.9283331,150.9183362,285
20th-AERO-LVPL,-33.9280166,150.9187004,286
20th-AERO-LVPL,-33.927807200000004,150.91894399999995,287
20th-AERO-LVPL,-33.9275908,150.9192372,288
20th-AERO-LVPL,-33.9273614,150.91956000000005,289
20th-AERO-LVPL,-33.9272873,150.91966409999995,290
20th-AERO-LVPL,-33.9270903,150.920104,291
20th-AERO-LVPL,-33.9270463,150.9202239,292
20th-AERO-LVPL,-33.927023600000005,150.920324,293
20th-AERO-LVPL,-33.9270303,150.92048490000005,294
20th-AERO-LVPL,-33.9270013,150.9206941,295
20th-AERO-LVPL,-33.926922999999995,150.9210446,296
20th-AERO-LVPL,-33.9268766,150.9211648,297
20th-AERO-LVPL,-33.9265825,150.92190180000003,298
20th-AERO-LVPL,-33.9262186,150.92281709999997,299
20th-AERO-LVPL,-33.9259566,150.9235103,300
20th-AERO-LVPL,-33.9258782,150.92373930000005,301
20th-AERO-LVPL,-33.9258044,150.92395459999997,302
20th-AERO-LVPL,-33.92573220000001,150.9241743,303
20th-AERO-LVPL,-33.925659499999995,150.9243794,304
20th-AERO-LVPL,-33.925642100000005,150.92442830000005,305
20th-AERO-LVPL,-33.9253504,150.925119,306
20th-AERO-LVPL,-33.9253255,150.925165,307
20th-AERO-LVPL,-33.925299200000005,150.9251968,308
20th-AERO-LVPL,-33.9252605,150.92522119999995,309
20th-AERO-LVPL,-33.925222,150.9252501,310
20th-AERO-LVPL,-33.92519420000001,150.925306,311
20th-AERO-LVPL,-33.9251789,150.92540019999996,312
20th-AERO-LVPL,-33.9251854,150.9254833,313
20th-AERO-LVPL,-33.9252684,150.9262649,314
20th-AERO-LVPL,-33.9252672,150.9263205,315
20th-AERO-LVPL,-33.925247,150.92638280000003,316
20th-AERO-LVPL,-33.925189700000004,150.92645159999995,317
20th-AERO-LVPL,-33.9243966,150.9266084,318
20th-AERO-LVPL,-33.9242855,150.9266285,319
20th-AERO-LVPL,-33.9239726,150.9266844,320
20th-AERO-LVPL,-33.9236997,150.9267331,321
20th-AERO-LVPL,-33.9236607,150.9267404,322
20th-AERO-LVPL,-33.9229662,150.92687969999997,323
25th-CBMT-BPRK,-33.89494,150.9385216,1
25th-CBMT-BPRK,-33.8951734,150.9384749,2
25th-CBMT-BPRK,-33.8953904,150.9384336,3
25th-CBMT-BPRK,-33.8953906,150.9383271,4
25th-CBMT-BPRK,-33.8953356,150.9378082,5
25th-CBMT-BPRK,-33.8953062,150.9375663,6
25th-CBMT-BPRK,-33.8951994,150.9368241,7
25th-CBMT-BPRK,-33.8950641,150.9358838,8
25th-CBMT-BPRK,-33.8947439,150.933657,9
25th-CBMT-BPRK,-33.8952622,150.9335522,10
25th-CBMT-BPRK,-33.8953394,150.9335366,11
25th-CBMT-BPRK,-33.8955459,150.9334948,12
25th-CBMT-BPRK,-33.8958649,150.9334709,13
25th-CBMT-BPRK,-33.8958518,150.9330872,14
25th-CBMT-BPRK,-33.8958678,150.9327269,15
25th-CBMT-BPRK,-33.8958891,150.9324441,16
25th-CBMT-BPRK,-33.8959458,150.9321075,17
25th-CBMT-BPRK,-33.8961184,150.9313495,18
25th-CBMT-BPRK,-33.8963951,150.930085,19
25th-CBMT-BPRK,-33.8964549,150.9298451,20
25th-CBMT-BPRK,-33.8966047,150.9290833,21
25th-CBMT-BPRK,-33.8966335,150.9289624,22
25th-CBMT-BPRK,-33.8966983,150.928676,23
25th-CBMT-BPRK,-33.8968877,150.9278387,24
25th-CBMT-BPRK,-33.8969851,150.9274391,25
25th-CBMT-BPRK,-33.8971535,150.9268645,26
25th-CBMT-BPRK,-33.8972377,150.9266251,27
25th-CBMT-BPRK,-33.8973295,150.9263697,28
25th-CBMT-BPRK,-33.89743,150.9261301,29
25th-CBMT-BPRK,-33.8976771,150.9257024,30
25th-CBMT-BPRK,-33.8979352,150.9252803,31
25th-CBMT-BPRK,-33.898179,150.9249245,32
25th-CBMT-BPRK,-33.8983113,150.9246947,33
25th-CBMT-BPRK,-33.8984315,150.9244871,34
25th-CBMT-BPRK,-33.8985743,150.9241679,35
25th-CBMT-BPRK,-33.8989432,150.9229774,36
25th-CBMT-BPRK,-33.8990322,150.922691,37
25th-CBMT-BPRK,-33.8990924,150.9224776,38
25th-CBMT-BPRK,-33.8993419,150.9216582,39
25th-CBMT-BPRK,-33.899391,150.9214783,40
25th-CBMT-BPRK,-33.8994457,150.92136,41
25th-CBMT-BPRK,-33.8994981,150.9209871,42
25th-CBMT-BPRK,-33.8995197,150.9207813,43
25th-CBMT-BPRK,-33.8995369,150.9204979,44
25th-CBMT-BPRK,-33.8995398,150.9201121,45
25th-CBMT-BPRK,-33.8995138,150.9195828,46
25th-CBMT-BPRK,-33.8994941,150.9193301,47
25th-CBMT-BPRK,-33.8994865,150.9192334,48
25th-CBMT-BPRK,-33.8994795,150.9190777,49
25th-CBMT-BPRK,-33.8994529,150.9187562,50
25th-CBMT-BPRK,-33.899438,150.9186479,51
25th-CBMT-BPRK,-33.8994075,150.9184276,52
25th-CBMT-BPRK,-33.8993561,150.9181554,53
25th-CBMT-BPRK,-33.8992996,150.9179055,54
25th-CBMT-BPRK,-33.8992359,150.9176968,55
25th-CBMT-BPRK,-33.899168,150.9174869,56
25th-CBMT-BPRK,-33.8991074,150.9173181,57
25th-CBMT-BPRK,-33.8989742,150.9170165,58
25th-CBMT-BPRK,-33.8987695,150.91664,59
25th-CBMT-BPRK,-33.8985712,150.916256,60
25th-CBMT-BPRK,-33.8980716,150.9151593,61
25th-CBMT-BPRK,-33.8977523,150.9144584,62
25th-CBMT-BPRK,-33.8975835,150.9140913,63
25th-CBMT-BPRK,-33.8972453,150.9133273,64
25th-CBMT-BPRK,-33.8971276,150.9130615,65
25th-CBMT-BPRK,-33.8971047,150.9130144,66
25th-CBMT-BPRK,-33.8969891,150.9127405,67
25th-CBMT-BPRK,-33.896718,150.9123331,68
25th-CBMT-BPRK,-33.896423,150.9119342,69
25th-CBMT-BPRK,-33.8960944,150.911497,70
25th-CBMT-BPRK,-33.89598,150.9112819,71
25th-CBMT-BPRK,-33.8959205,150.9110982,72
25th-CBMT-BPRK,-33.8958778,150.9108903,73
25th-CBMT-BPRK,-33.8957323,150.9097405,74
25th-CBMT-BPRK,-33.8955711,150.9085855,75
25th-CBMT-BPRK,-33.8952253,150.9060218,76
25th-CBMT-BPRK,-33.8950461,150.9047208,77
25th-CBMT-BPRK,-33.8949908,150.9043193,78
25th-CBMT-BPRK,-33.8948253,150.9031173,79
25th-CBMT-BPRK,-33.8948144,150.9030331,80
25th-CBMT-BPRK,-33.8945202,150.9008523,81
25th-CBMT-BPRK,-33.8943284,150.8994425,82
25th-CBMT-BPRK,-33.8940752,150.8975423,83
25th-CBMT-BPRK,-33.8940549,150.8974056,84
25th-CBMT-BPRK,-33.8940421,150.8973227,85
25th-CBMT-BPRK,-33.8938559,150.8959902,86
25th-CBMT-BPRK,-33.8936358,150.8943836,87
25th-CBMT-BPRK,-33.893478,150.8932319,88
25th-CBMT-BPRK,-33.8933756,150.8924847,89
25th-CBMT-BPRK,-33.8933172,150.8920584,90
25th-CBMT-BPRK,-33.8933,150.8919452,91
25th-CBMT-BPRK,-33.893211,150.8912234,92
25th-CBMT-BPRK,-33.8931406,150.8907346,93
25th-CBMT-BPRK,-33.8929919,150.8897644,94
25th-CBMT-BPRK,-33.8929707,150.8895882,95
25th-CBMT-BPRK,-33.8929867,150.8894465,96
25th-CBMT-BPRK,-33.893015,150.8893144,97
25th-CBMT-BPRK,-33.8930624,150.8892213,98
25th-CBMT-BPRK,-33.8931443,150.8891179,99
25th-CBMT-BPRK,-33.8929743,150.8888853,100
25th-CBMT-BPRK,-33.8928572,150.8887334,101
25th-CBMT-BPRK,-33.8926984,150.8884869,102
25th-CBMT-BPRK,-33.8926781,150.8884553,103
25th-CBMT-BPRK,-33.8926073,150.8882873,104
25th-CBMT-BPRK,-33.892407,150.8879569,105
25th-CBMT-BPRK,-33.8911637,150.8858869,106
25th-CBMT-BPRK,-33.8910105,150.8857718,107
25th-CBMT-BPRK,-33.8905317,150.8849783,108
25th-CBMT-BPRK,-33.8904756,150.8848828,109
25th-CBMT-BPRK,-33.8893585,150.8830392,110
25th-CBMT-BPRK,-33.8892957,150.8829395,111
25th-CBMT-BPRK,-33.8891979,150.8827875,112
25th-CBMT-BPRK,-33.8889268,150.8822518,113
25th-CBMT-BPRK,-33.8887194,150.8818806,114
25th-CBMT-BPRK,-33.8885648,150.8815743,115
25th-CBMT-BPRK,-33.8884538,150.8812516,116
25th-CBMT-BPRK,-33.8884223,150.8811599,117
25th-CBMT-BPRK,-33.888389,150.881063,118
25th-CBMT-BPRK,-33.8883497,150.8809486,119
25th-CBMT-BPRK,-33.8883043,150.8807477,120
25th-CBMT-BPRK,-33.8882373,150.8804507,121
25th-CBMT-BPRK,-33.8882105,150.880118,122
25th-CBMT-BPRK,-33.8881728,150.8795684,123
25th-CBMT-BPRK,-33.8881728,150.8791265,124
25th-CBMT-BPRK,-33.8881571,150.8781774,125
25th-CBMT-BPRK,-33.8881318,150.877878,126
25th-CBMT-BPRK,-33.8879844,150.8771717,127
25th-CBMT-BPRK,-33.8877016,150.8759076,128
25th-CBMT-BPRK,-33.8873959,150.8747768,129
25th-CBMT-BPRK,-33.8871882,150.8742431,130
25th-CBMT-BPRK,-33.8870974,150.87401,131
25th-CBMT-BPRK,-33.8862199,150.8717398,132
25th-CBMT-BPRK,-33.8860381,150.8712722,133
25th-CBMT-BPRK,-33.8858998,150.8709166,134
25th-CBMT-BPRK,-33.8854726,150.8697726,135
25th-CBMT-BPRK,-33.8842957,150.8668225,136
25th-CBMT-BPRK,-33.8839756,150.866112,137
25th-CBMT-BPRK,-33.8836951,150.8654145,138
25th-CBMT-BPRK,-33.8835476,150.8648525,139
25th-CBMT-BPRK,-33.8835409,150.8648181,140
25th-CBMT-BPRK,-33.883521,150.8647409,141
25th-CBMT-BPRK,-33.8834901,150.8645697,142
25th-CBMT-BPRK,-33.8834285,150.8641562,143
25th-CBMT-BPRK,-33.8834231,150.8640968,144
25th-CBMT-BPRK,-33.8833923,150.8637597,145
25th-CBMT-BPRK,-33.8833737,150.8632293,146
25th-CBMT-BPRK,-33.8834095,150.862354,147
25th-CBMT-BPRK,-33.8834375,150.8618485,148
25th-CBMT-BPRK,-33.8834849,150.8611635,149
25th-CBMT-BPRK,-33.8836048,150.8590605,150
25th-CBMT-BPRK,-33.8836777,150.857897,151
25th-CBMT-BPRK,-33.8836857,150.857752,152
25th-CBMT-BPRK,-33.8836925,150.8576546,153
25th-CBMT-BPRK,-33.8837706,150.8563425,154
25th-CBMT-BPRK,-33.8838677,150.8546226,155
25th-CBMT-BPRK,-33.8838749,150.8539164,156
25th-CBMT-BPRK,-33.8837886,150.8533835,157
25th-CBMT-BPRK,-33.8835692,150.8524434,158
25th-CBMT-BPRK,-33.8832419,150.8516245,159
25th-CBMT-BPRK,-33.8826557,150.8507841,160
25th-CBMT-BPRK,-33.8817349,150.8497876,161
25th-CBMT-BPRK,-33.8803214,150.8482886,162
25th-CBMT-BPRK,-33.8798251,150.8477167,163
25th-CBMT-BPRK,-33.8792712,150.8468243,164
25th-CBMT-BPRK,-33.8789079,150.8460921,165
25th-CBMT-BPRK,-33.8781866,150.8447509,166
25th-CBMT-BPRK,-33.8777245,150.8440342,167
25th-CBMT-BPRK,-33.8772326,150.8434704,168
25th-CBMT-BPRK,-33.8768433,150.8430118,169
25th-CBMT-BPRK,-33.8763236,150.8423982,170
25th-CBMT-BPRK,-33.8761866,150.8422364,171
25th-CBMT-BPRK,-33.8757386,150.8417064,172
25th-CBMT-BPRK,-33.8753863,150.8412479,173
25th-CBMT-BPRK,-33.8751906,150.8409885,174
25th-CBMT-BPRK,-33.8750706,150.8407469,175
25th-CBMT-BPRK,-33.874963,150.8404746,176
25th-CBMT-BPRK,-33.8748806,150.8402279,177
25th-CBMT-BPRK,-33.8748114,150.8399389,178
25th-CBMT-BPRK,-33.8747581,150.8396512,179
25th-CBMT-BPRK,-33.874725,150.8393934,180
25th-CBMT-BPRK,-33.8747127,150.8391338,181
25th-CBMT-BPRK,-33.8747158,150.8388867,182
25th-CBMT-BPRK,-33.8747203,150.8388313,183
25th-CBMT-BPRK,-33.8747403,150.8385863,184
25th-CBMT-BPRK,-33.8747715,150.8383262,185
25th-CBMT-BPRK,-33.8748116,150.8381223,186
25th-CBMT-BPRK,-33.8748583,150.8378782,187
25th-CBMT-BPRK,-33.874921,150.8375829,188
25th-CBMT-BPRK,-33.8750142,150.8371701,189
25th-CBMT-BPRK,-33.8751857,150.8364137,190
25th-CBMT-BPRK,-33.8757174,150.8340923,191
25th-CBMT-BPRK,-33.8757633,150.8338491,192
25th-CBMT-BPRK,-33.8758003,150.8335734,193
25th-CBMT-BPRK,-33.8758315,150.833214,194
25th-CBMT-BPRK,-33.8758426,150.8328439,195
25th-CBMT-BPRK,-33.8758293,150.83253,196
25th-CBMT-BPRK,-33.8758003,150.8322377,197
25th-CBMT-BPRK,-33.8757469,150.8318917,198
25th-CBMT-BPRK,-33.8756906,150.8315966,199
25th-CBMT-BPRK,-33.8755954,150.8311031,200
25th-CBMT-BPRK,-33.875473,150.8304782,201
25th-CBMT-BPRK,-33.8754373,150.8302368,202
25th-CBMT-BPRK,-33.8754262,150.8300383,203
25th-CBMT-BPRK,-33.8754262,150.829821,204
25th-CBMT-BPRK,-33.8754485,150.8295287,205
25th-CBMT-BPRK,-33.8754885,150.8292551,206
25th-CBMT-BPRK,-33.8755353,150.8290083,207
25th-CBMT-BPRK,-33.8755999,150.8287937,208
25th-CBMT-BPRK,-33.8756912,150.8285309,209
25th-CBMT-BPRK,-33.8757691,150.8283458,210
25th-CBMT-BPRK,-33.8759339,150.8280481,211
25th-CBMT-BPRK,-33.8760876,150.8278013,212
25th-CBMT-BPRK,-33.876386,150.8273722,213
25th-CBMT-BPRK,-33.8766247,150.8270357,214
25th-CBMT-BPRK,-33.8776638,150.8255709,215
25th-CBMT-BPRK,-33.8787783,150.8239941,216
25th-CBMT-BPRK,-33.8792891,150.8232714,217
25th-CBMT-BPRK,-33.879374,150.8231528,218
25th-CBMT-BPRK,-33.8799422,150.8223591,219
25th-CBMT-BPRK,-33.8802028,150.8219621,220
25th-CBMT-BPRK,-33.8803542,150.8217154,221
25th-CBMT-BPRK,-33.8804744,150.8214472,222
25th-CBMT-BPRK,-33.8806303,150.8210153,223
25th-CBMT-BPRK,-33.8807149,150.8205996,224
25th-CBMT-BPRK,-33.8807506,150.8202911,225
25th-CBMT-BPRK,-33.8807528,150.8200658,226
25th-CBMT-BPRK,-33.8807417,150.8197869,227
25th-CBMT-BPRK,-33.8807127,150.8195052,228
25th-CBMT-BPRK,-33.8806303,150.8191378,229
25th-CBMT-BPRK,-33.8805435,150.8188669,230
25th-CBMT-BPRK,-33.8803052,150.8182956,231
25th-CBMT-BPRK,-33.8800202,150.8176384,232
25th-CBMT-BPRK,-33.8798354,150.8171637,233
25th-CBMT-BPRK,-33.8797418,150.8168499,234
25th-CBMT-BPRK,-33.8796728,150.8165789,235
25th-CBMT-BPRK,-33.8795904,150.8161203,236
25th-CBMT-BPRK,-33.8795481,150.815785,237
25th-CBMT-BPRK,-33.8795212,150.8154002,238
25th-CBMT-BPRK,-33.8795235,150.8150578,239
25th-CBMT-BPRK,-33.8795243,150.8149239,240
25th-CBMT-BPRK,-33.8795358,150.8147038,241
25th-CBMT-BPRK,-33.8795515,150.8145189,242
25th-CBMT-BPRK,-33.8796105,150.814256,243
25th-CBMT-BPRK,-33.8796373,150.814087,244
25th-CBMT-BPRK,-33.8797274,150.8135519,245
25th-CBMT-BPRK,-33.880139,150.8113384,246
25th-CBMT-BPRK,-33.8803887,150.8100181,247
25th-CBMT-BPRK,-33.8805045,150.8094522,248
25th-CBMT-BPRK,-33.8806092,150.8088862,249
25th-CBMT-BPRK,-33.8806422,150.8086937,250
25th-CBMT-BPRK,-33.88065,150.8085891,251
25th-CBMT-BPRK,-33.8806537,150.8084692,252
25th-CBMT-BPRK,-33.8806522,150.8083786,253
25th-CBMT-BPRK,-33.8806589,150.8082847,254
25th-CBMT-BPRK,-33.8806704,150.8082304,255
25th-CBMT-BPRK,-33.8806927,150.808162,256
25th-CBMT-BPRK,-33.8807398,150.8080079,257
25th-CBMT-BPRK,-33.8807795,150.8079502,258
25th-CBMT-BPRK,-33.8807975,150.8078926,259
25th-CBMT-BPRK,-33.8807987,150.8078164,260
25th-CBMT-BPRK,-33.8807637,150.8076541,261
25th-CBMT-BPRK,-33.8807395,150.8075758,262
25th-CBMT-BPRK,-33.880717,150.8074696,263
25th-CBMT-BPRK,-33.8806966,150.8073304,264
25th-CBMT-BPRK,-33.8806882,150.8072019,265
25th-CBMT-BPRK,-33.8807283,150.8061398,266
25th-CBMT-BPRK,-33.8808113,150.8030231,267
25th-CBMT-BPRK,-33.8807827,150.7997803,268
25th-CBMT-BPRK,-33.8807862,150.7995228,269
25th-CBMT-BPRK,-33.8807995,150.7991875,270
25th-CBMT-BPRK,-33.8808196,150.7988549,271
25th-CBMT-BPRK,-33.8808512,150.7983064,272
25th-CBMT-BPRK,-33.8808665,150.7980467,273
25th-CBMT-BPRK,-33.8808842,150.7977606,274
25th-CBMT-BPRK,-33.8808886,150.7974226,275
25th-CBMT-BPRK,-33.8808842,150.7969961,276
25th-CBMT-BPRK,-33.8807595,150.7939143,277
25th-CBMT-BPRK,-33.8807394,150.7936353,278
25th-CBMT-BPRK,-33.8807149,150.7934503,279
25th-CBMT-BPRK,-33.8806814,150.7932358,280
25th-CBMT-BPRK,-33.8805742,150.7927635,281
25th-CBMT-BPRK,-33.8805742,150.7927635,282
25th-CBMT-BPRK,-33.8844595603,150.7919622295,283
25th-CBMT-BPRK,-33.884733697,150.79192310780002,284
25th-CBMT-BPRK,-33.885052176799995,150.79187765790002,285
25th-CBMT-BPRK,-33.885512033000005,150.7917868175,286
25th-CBMT-BPRK,-33.8858908466,150.7917119863,287
25th-CBMT-BPRK,-33.8862010744,150.7916536728,288
25th-CBMT-BPRK,-33.8866616341,150.7915671015,289
25th-CBMT-BPRK,-33.8872367406,150.79147455950002,290
25th-CBMT-BPRK,-33.8879342638,150.7913442674,291
25th-CBMT-BPRK,-33.8885430832,150.79123054459998,292
25th-CBMT-BPRK,-33.8892536172,150.7911163032,293
25th-CBMT-BPRK,-33.8898941908,150.79101331020001,294
25th-CBMT-BPRK,-33.8896718531,150.7893980239,295
25th-CBMT-BPRK,-33.8894561381,150.787831005,296
25th-CBMT-BPRK,-33.8893637903,150.787160209,297
25th-CBMT-BPRK,-33.8892332119,150.7862117617,298
25th-CBMT-BPRK,-33.8890973212,150.78522478719998,299
25th-CBMT-BPRK,-33.888939384299995,150.7840777673,300
25th-CBMT-BPRK,-33.888853076,150.7834504578,301
25th-CBMT-BPRK,-33.8887815643,150.78293069379998,302
25th-CBMT-BPRK,-33.8887009304,150.782344666,303
25th-CBMT-BPRK,-33.8886457573,150.781943681,304
25th-CBMT-BPRK,-33.8885809575,150.7814727601,305
25th-CBMT-BPRK,-33.8885152446,150.7809952035,306
25th-CBMT-BPRK,-33.8884648681,150.78062911959998,307
25th-CBMT-BPRK,-33.8884229346,150.7803243901,308
25th-CBMT-BPRK,-33.8883655692,150.7799075469,309
25th-CBMT-BPRK,-33.888277982,150.7792710987,310
25th-CBMT-BPRK,-33.8882072797,150.77875734370002,311
25th-CBMT-BPRK,-33.8881384881,150.77825752180001,312
25th-CBMT-BPRK,-33.8880586512,150.7776774471,313
25th-CBMT-BPRK,-33.887984963,150.7771420478,314
25th-CBMT-BPRK,-33.8877626254,150.7755267615,315
25th-CBMT-BPRK,-33.8875469104,150.7739597426,316
25th-CBMT-BPRK,-33.8874545625,150.7732889466,317
25th-CBMT-BPRK,-33.8873239842,150.77234049930001,318
25th-CBMT-BPRK,-33.8871880935,150.7713535248,319
25th-CBMT-BPRK,-33.8870301566,150.7702065049,320
25th-CBMT-BPRK,-33.8860608884,150.7683061366,321
25th-CBMT-BPRK,-33.8856563836,150.7649588959,322
25th-CBMT-BPRK,-33.8855594094,150.76415664430002,323
25th-CBMT-BPRK,-33.88546243,150.7633543948,324
25th-CBMT-BPRK,-33.8853654454,150.7625521475,325
25th-CBMT-BPRK,-33.8852684557,150.76174990229998,326
25th-CBMT-BPRK,-33.8859888,150.7612671,327
25th-CBMT-BPRK,-33.886509619899996,150.7607150506,328
25th-CBMT-BPRK,-33.886412617800005,150.7599127975,329
25th-CBMT-BPRK,-33.8863156107,150.75911054649998,330
25th-CBMT-BPRK,-33.8862185983,150.7583082977,331
25th-CBMT-BPRK,-33.8861215809,150.7575060509,332
25th-CBMT-BPRK,-33.8860245582,150.75670380629998,333
25th-CBMT-BPRK,-33.8859275304,150.7559015638,334
25th-CBMT-BPRK,-33.8858304974,150.7550993234,335
25th-CBMT-BPRK,-33.8857334593,150.7542970851,336
25th-CBMT-BPRK,-33.8837151609,150.7437620613,337
25th-CBMT-BPRK,-33.8814497,150.7417659,338
25th-CBMT-BPRK,-33.8846815079,150.736318826,339
25th-BPRK-CBMT,-33.8846815079,150.736318826,1
25th-BPRK-CBMT,-33.8814497,150.7417659,2
25th-BPRK-CBMT,-33.8837151609,150.7437620613,3
25th-BPRK-CBMT,-33.8857334593,150.7542970851,4
25th-BPRK-CBMT,-33.8858304974,150.7550993234,5
25th-BPRK-CBMT,-33.8859275304,150.7559015638,6
25th-BPRK-CBMT,-33.8860245582,150.75670380629998,7
25th-BPRK-CBMT,-33.8861215809,150.7575060509,8
25th-BPRK-CBMT,-33.8862185983,150.7583082977,9
25th-BPRK-CBMT,-33.8863156107,150.75911054649998,10
25th-BPRK-CBMT,-33.886412617800005,150.7599127975,11
25th-BPRK-CBMT,-33.886509619899996,150.7607150506,12
25th-BPRK-CBMT,-33.8859888,150.7612671,13
25th-BPRK-CBMT,-33.8852684557,150.76174990229998,14
25th-BPRK-CBMT,-33.8853654454,150.7625521475,15
25th-BPRK-CBMT,-33.88546243,150.7633543948,16
25th-BPRK-CBMT,-33.8855594094,150.76415664430002,17
25th-BPRK-CBMT,-33.8856563836,150.7649588959,18
25th-BPRK-CBMT,-33.8860608884,150.7683061366,19
25th-BPRK-CBMT,-33.8870301566,150.7702065049,20
25th-BPRK-CBMT,-33.8871880935,150.7713535248,21
25th-BPRK-CBMT,-33.8873239842,150.77234049930001,22
25th-BPRK-CBMT,-33.8874545625,150.7732889466,23
25th-BPRK-CBMT,-33.8875469104,150.7739597426,24
25th-BPRK-CBMT,-33.8877626254,150.7755267615,25
25th-BPRK-CBMT,-33.887984963,150.7771420478,26
25th-BPRK-CBMT,-33.8880422171,150.77755804129998,27
25th-BPRK-CBMT,-33.8881364519,150.77824272680002,28
25th-BPRK-CBMT,-33.8882072797,150.77875734370002,29
25th-BPRK-CBMT,-33.8882874788,150.7793401065,30
25th-BPRK-CBMT,-33.8883367121,150.779697858,31
25th-BPRK-CBMT,-33.8883798866,150.7800115842,32
25th-BPRK-CBMT,-33.8884229346,150.7803243901,33
25th-BPRK-CBMT,-33.8884662328,150.7806390365,34
25th-BPRK-CBMT,-33.8885152446,150.7809952035,35
25th-BPRK-CBMT,-33.8886457573,150.781943681,36
25th-BPRK-CBMT,-33.8887053544,150.7823768186,37
25th-BPRK-CBMT,-33.8887815643,150.78293069379998,38
25th-BPRK-CBMT,-33.888939384299995,150.7840777673,39
25th-BPRK-CBMT,-33.8890973212,150.78522478719998,40
25th-BPRK-CBMT,-33.8892332119,150.7862117617,41
25th-BPRK-CBMT,-33.8893637903,150.787160209,42
25th-BPRK-CBMT,-33.8894561381,150.787831005,43
25th-BPRK-CBMT,-33.8896718531,150.7893980239,44
25th-BPRK-CBMT,-33.8897618193,150.7900516292,45
25th-BPRK-CBMT,-33.8898941908,150.79101331020001,46
25th-BPRK-CBMT,-33.8891819567,150.7911278249,47
25th-BPRK-CBMT,-33.8885430832,150.79123054459998,48
25th-BPRK-CBMT,-33.8878099079,150.7913674962,49
25th-BPRK-CBMT,-33.8872367406,150.79147455950002,50
25th-BPRK-CBMT,-33.8866616341,150.7915671015,51
25th-BPRK-CBMT,-33.8861467942,150.7916638759,52
25th-BPRK-CBMT,-33.8858908466,150.7917119863,53
25th-BPRK-CBMT,-33.8855234317,150.7917845658,54
25th-BPRK-CBMT,-33.885052176799995,150.79187765790002,55
25th-BPRK-CBMT,-33.884733697,150.79192310780002,56
25th-BPRK-CBMT,-33.8844595603,150.7919622295,57
25th-BPRK-CBMT,-33.8805742,150.7927635,58
25th-BPRK-CBMT,-33.8805742,150.7927635,59
25th-BPRK-CBMT,-33.8806814,150.7932358,60
25th-BPRK-CBMT,-33.8807149,150.7934503,61
25th-BPRK-CBMT,-33.8807394,150.7936353,62
25th-BPRK-CBMT,-33.8807595,150.7939143,63
25th-BPRK-CBMT,-33.8808842,150.7969961,64
25th-BPRK-CBMT,-33.8808886,150.7974226,65
25th-BPRK-CBMT,-33.8808842,150.7977606,66
25th-BPRK-CBMT,-33.8808665,150.7980467,67
25th-BPRK-CBMT,-33.8808512,150.7983064,68
25th-BPRK-CBMT,-33.8808196,150.7988549,69
25th-BPRK-CBMT,-33.8807995,150.7991875,70
25th-BPRK-CBMT,-33.8807862,150.7995228,71
25th-BPRK-CBMT,-33.8807827,150.7997803,72
25th-BPRK-CBMT,-33.8808113,150.8030231,73
25th-BPRK-CBMT,-33.8807283,150.8061398,74
25th-BPRK-CBMT,-33.8806882,150.8072019,75
25th-BPRK-CBMT,-33.8806493,150.8073949,76
25th-BPRK-CBMT,-33.8806154,150.8074997,77
25th-BPRK-CBMT,-33.8805699,150.8076049,78
25th-BPRK-CBMT,-33.8805341,150.8076763,79
25th-BPRK-CBMT,-33.8805048,150.807705,80
25th-BPRK-CBMT,-33.880476,150.8077474,81
25th-BPRK-CBMT,-33.8804644,150.8078102,82
25th-BPRK-CBMT,-33.8804625,150.8078767,83
25th-BPRK-CBMT,-33.8804785,150.8079407,84
25th-BPRK-CBMT,-33.8804954,150.8079797,85
25th-BPRK-CBMT,-33.8805112,150.8079955,86
25th-BPRK-CBMT,-33.8805725,150.8082439,87
25th-BPRK-CBMT,-33.8805914,150.8084289,88
25th-BPRK-CBMT,-33.8805903,150.8085389,89
25th-BPRK-CBMT,-33.8805791,150.8086824,90
25th-BPRK-CBMT,-33.8805453,150.8089123,91
25th-BPRK-CBMT,-33.8805081,150.8091092,92
25th-BPRK-CBMT,-33.8804622,150.8093516,93
25th-BPRK-CBMT,-33.8800859,150.8113673,94
25th-BPRK-CBMT,-33.8798599,150.8125877,95
25th-BPRK-CBMT,-33.8796406,150.8137746,96
25th-BPRK-CBMT,-33.8795727,150.8141903,97
25th-BPRK-CBMT,-33.8795515,150.8145189,98
25th-BPRK-CBMT,-33.8795358,150.8147038,99
25th-BPRK-CBMT,-33.8795243,150.8149239,100
25th-BPRK-CBMT,-33.8795235,150.8150578,101
25th-BPRK-CBMT,-33.8795212,150.8154002,102
25th-BPRK-CBMT,-33.8795481,150.815785,103
25th-BPRK-CBMT,-33.8795904,150.8161203,104
25th-BPRK-CBMT,-33.8796728,150.8165789,105
25th-BPRK-CBMT,-33.8797418,150.8168499,106
25th-BPRK-CBMT,-33.8798354,150.8171637,107
25th-BPRK-CBMT,-33.8800202,150.8176384,108
25th-BPRK-CBMT,-33.8803052,150.8182956,109
25th-BPRK-CBMT,-33.8805435,150.8188669,110
25th-BPRK-CBMT,-33.8806303,150.8191378,111
25th-BPRK-CBMT,-33.8807127,150.8195052,112
25th-BPRK-CBMT,-33.8807417,150.8197869,113
25th-BPRK-CBMT,-33.8807528,150.8200658,114
25th-BPRK-CBMT,-33.8807506,150.8202911,115
25th-BPRK-CBMT,-33.8807149,150.8205996,116
25th-BPRK-CBMT,-33.8806303,150.8210153,117
25th-BPRK-CBMT,-33.8804744,150.8214472,118
25th-BPRK-CBMT,-33.8803542,150.8217154,119
25th-BPRK-CBMT,-33.8802028,150.8219621,120
25th-BPRK-CBMT,-33.8799422,150.8223591,121
25th-BPRK-CBMT,-33.879374,150.8231528,122
25th-BPRK-CBMT,-33.8792891,150.8232714,123
25th-BPRK-CBMT,-33.8787783,150.8239941,124
25th-BPRK-CBMT,-33.8776638,150.8255709,125
25th-BPRK-CBMT,-33.8766247,150.8270357,126
25th-BPRK-CBMT,-33.876386,150.8273722,127
25th-BPRK-CBMT,-33.8760876,150.8278013,128
25th-BPRK-CBMT,-33.8759339,150.8280481,129
25th-BPRK-CBMT,-33.8757691,150.8283458,130
25th-BPRK-CBMT,-33.8756912,150.8285309,131
25th-BPRK-CBMT,-33.8755999,150.8287937,132
25th-BPRK-CBMT,-33.8755353,150.8290083,133
25th-BPRK-CBMT,-33.8754885,150.8292551,134
25th-BPRK-CBMT,-33.8754485,150.8295287,135
25th-BPRK-CBMT,-33.8754262,150.829821,136
25th-BPRK-CBMT,-33.8754262,150.8300383,137
25th-BPRK-CBMT,-33.8754373,150.8302368,138
25th-BPRK-CBMT,-33.875473,150.8304782,139
25th-BPRK-CBMT,-33.8755954,150.8311031,140
25th-BPRK-CBMT,-33.8756906,150.8315966,141
25th-BPRK-CBMT,-33.8757469,150.8318917,142
25th-BPRK-CBMT,-33.8758003,150.8322377,143
25th-BPRK-CBMT,-33.8758293,150.83253,144
25th-BPRK-CBMT,-33.8758426,150.8328439,145
25th-BPRK-CBMT,-33.8758315,150.833214,146
25th-BPRK-CBMT,-33.8758003,150.8335734,147
25th-BPRK-CBMT,-33.8757633,150.8338491,148
25th-BPRK-CBMT,-33.8757174,150.8340923,149
25th-BPRK-CBMT,-33.8751857,150.8364137,150
25th-BPRK-CBMT,-33.8750142,150.8371701,151
25th-BPRK-CBMT,-33.874921,150.8375829,152
25th-BPRK-CBMT,-33.8748583,150.8378782,153
25th-BPRK-CBMT,-33.8748116,150.8381223,154
25th-BPRK-CBMT,-33.8747715,150.8383262,155
25th-BPRK-CBMT,-33.8747403,150.8385863,156
25th-BPRK-CBMT,-33.8747203,150.8388313,157
25th-BPRK-CBMT,-33.8747127,150.8391338,158
25th-BPRK-CBMT,-33.874725,150.8393934,159
25th-BPRK-CBMT,-33.8747581,150.8396512,160
25th-BPRK-CBMT,-33.8748114,150.8399389,161
25th-BPRK-CBMT,-33.8748806,150.8402279,162
25th-BPRK-CBMT,-33.874963,150.8404746,163
25th-BPRK-CBMT,-33.8750706,150.8407469,164
25th-BPRK-CBMT,-33.8751906,150.8409885,165
25th-BPRK-CBMT,-33.8753872,150.8414248,166
25th-BPRK-CBMT,-33.875778,150.841979,167
25th-BPRK-CBMT,-33.8760314,150.8423353,168
25th-BPRK-CBMT,-33.8761019,150.8424364,169
25th-BPRK-CBMT,-33.8770779,150.8435818,170
25th-BPRK-CBMT,-33.8782681,150.8450602,171
25th-BPRK-CBMT,-33.8788134,150.8461419,172
25th-BPRK-CBMT,-33.8791839,150.8468801,173
25th-BPRK-CBMT,-33.8797183,150.8478156,174
25th-BPRK-CBMT,-33.880221,150.8483996,175
25th-BPRK-CBMT,-33.8810843,150.8493305,176
25th-BPRK-CBMT,-33.8816668,150.84989,177
25th-BPRK-CBMT,-33.8825045,150.8508798,178
25th-BPRK-CBMT,-33.8830979,150.8517384,179
25th-BPRK-CBMT,-33.8834556,150.8524838,180
25th-BPRK-CBMT,-33.8836643,150.853408,181
25th-BPRK-CBMT,-33.8837436,150.8541909,182
25th-BPRK-CBMT,-33.8836878,150.8555708,183
25th-BPRK-CBMT,-33.8835827,150.8574685,184
25th-BPRK-CBMT,-33.8835729,150.857645,185
25th-BPRK-CBMT,-33.8835675,150.8577405,186
25th-BPRK-CBMT,-33.8834683,150.8593828,187
25th-BPRK-CBMT,-33.8834023,150.8605186,188
25th-BPRK-CBMT,-33.8833073,150.8620487,189
25th-BPRK-CBMT,-33.8833027,150.8621362,190
25th-BPRK-CBMT,-33.8832395,150.8632098,191
25th-BPRK-CBMT,-33.8832417,150.8635722,192
25th-BPRK-CBMT,-33.8832534,150.8638016,193
25th-BPRK-CBMT,-33.8832585,150.8639008,194
25th-BPRK-CBMT,-33.8832715,150.8640163,195
25th-BPRK-CBMT,-33.883306,150.8643232,196
25th-BPRK-CBMT,-33.8833411,150.8645159,197
25th-BPRK-CBMT,-33.8833633,150.8646487,198
25th-BPRK-CBMT,-33.8834029,150.8648218,199
25th-BPRK-CBMT,-33.8834249,150.8648969,200
25th-BPRK-CBMT,-33.8834769,150.8650745,201
25th-BPRK-CBMT,-33.8835937,150.8654728,202
25th-BPRK-CBMT,-33.8838802,150.8661428,203
25th-BPRK-CBMT,-33.8841825,150.8668736,204
25th-BPRK-CBMT,-33.885382,150.8698195,205
25th-BPRK-CBMT,-33.8860688,150.8718135,206
25th-BPRK-CBMT,-33.8869217,150.8740047,207
25th-BPRK-CBMT,-33.8872377,150.8748635,208
25th-BPRK-CBMT,-33.8875326,150.8759682,209
25th-BPRK-CBMT,-33.8878311,150.8772939,210
25th-BPRK-CBMT,-33.8879462,150.8779828,211
25th-BPRK-CBMT,-33.8880289,150.8791612,212
25th-BPRK-CBMT,-33.8880793,150.8802486,213
25th-BPRK-CBMT,-33.888133,150.8806256,214
25th-BPRK-CBMT,-33.8882057,150.8809565,215
25th-BPRK-CBMT,-33.888261,150.8811482,216
25th-BPRK-CBMT,-33.8882947,150.8812449,217
25th-BPRK-CBMT,-33.8883659,150.8814199,218
25th-BPRK-CBMT,-33.8884605,150.8816523,219
25th-BPRK-CBMT,-33.8886322,150.8819736,220
25th-BPRK-CBMT,-33.8887509,150.8821553,221
25th-BPRK-CBMT,-33.888847,150.8823023,222
25th-BPRK-CBMT,-33.8889749,150.8824792,223
25th-BPRK-CBMT,-33.8891979,150.8827875,224
25th-BPRK-CBMT,-33.8892957,150.8829395,225
25th-BPRK-CBMT,-33.8893585,150.8830392,226
25th-BPRK-CBMT,-33.8904756,150.8848828,227
25th-BPRK-CBMT,-33.8910105,150.8857718,228
25th-BPRK-CBMT,-33.8911029,150.8859769,229
25th-BPRK-CBMT,-33.8922937,150.8879089,230
25th-BPRK-CBMT,-33.8924071,150.8880948,231
25th-BPRK-CBMT,-33.892557,150.888331,232
25th-BPRK-CBMT,-33.8926781,150.8884553,233
25th-BPRK-CBMT,-33.8926984,150.8884869,234
25th-BPRK-CBMT,-33.8928193,150.888918,235
25th-BPRK-CBMT,-33.8929122,150.8894386,236
25th-BPRK-CBMT,-33.8929919,150.8897644,237
25th-BPRK-CBMT,-33.8931406,150.8907346,238
25th-BPRK-CBMT,-33.893211,150.8912234,239
25th-BPRK-CBMT,-33.8933,150.8919452,240
25th-BPRK-CBMT,-33.8933172,150.8920584,241
25th-BPRK-CBMT,-33.8933756,150.8924847,242
25th-BPRK-CBMT,-33.893478,150.8932319,243
25th-BPRK-CBMT,-33.8936358,150.8943836,244
25th-BPRK-CBMT,-33.8938559,150.8959902,245
25th-BPRK-CBMT,-33.8940421,150.8973227,246
25th-BPRK-CBMT,-33.8940549,150.8974056,247
25th-BPRK-CBMT,-33.8940752,150.8975423,248
25th-BPRK-CBMT,-33.8943284,150.8994425,249
25th-BPRK-CBMT,-33.8945202,150.9008523,250
25th-BPRK-CBMT,-33.8948144,150.9030331,251
25th-BPRK-CBMT,-33.8949908,150.9043193,252
25th-BPRK-CBMT,-33.8950461,150.9047208,253
25th-BPRK-CBMT,-33.8952253,150.9060218,254
25th-BPRK-CBMT,-33.8955711,150.9085855,255
25th-BPRK-CBMT,-33.8957323,150.9097405,256
25th-BPRK-CBMT,-33.8958778,150.9108903,257
25th-BPRK-CBMT,-33.8959205,150.9110982,258
25th-BPRK-CBMT,-33.89598,150.9112819,259
25th-BPRK-CBMT,-33.8960944,150.911497,260
25th-BPRK-CBMT,-33.896423,150.9119342,261
25th-BPRK-CBMT,-33.896718,150.9123331,262
25th-BPRK-CBMT,-33.8969891,150.9127405,263
25th-BPRK-CBMT,-33.8971047,150.9130144,264
25th-BPRK-CBMT,-33.8971276,150.9130615,265
25th-BPRK-CBMT,-33.8972453,150.9133273,266
25th-BPRK-CBMT,-33.8975835,150.9140913,267
25th-BPRK-CBMT,-33.8980716,150.9151593,268
25th-BPRK-CBMT,-33.8985712,150.916256,269
25th-BPRK-CBMT,-33.8987695,150.91664,270
25th-BPRK-CBMT,-33.8988685,150.9169149,271
25th-BPRK-CBMT,-33.8989932,150.9172287,272
25th-BPRK-CBMT,-33.8990847,150.9175125,273
25th-BPRK-CBMT,-33.8991747,150.9178202,274
25th-BPRK-CBMT,-33.8992615,150.9181769,275
25th-BPRK-CBMT,-33.899326,150.9185323,276
25th-BPRK-CBMT,-33.899355,150.9188246,277
25th-BPRK-CBMT,-33.8993665,150.9189595,278
25th-BPRK-CBMT,-33.8993793,150.9191097,279
25th-BPRK-CBMT,-33.8993905,150.9192544,280
25th-BPRK-CBMT,-33.899414,150.9196508,281
25th-BPRK-CBMT,-33.8994162,150.919702,282
25th-BPRK-CBMT,-33.8994318,150.9200585,283
25th-BPRK-CBMT,-33.8994392,150.9203531,284
25th-BPRK-CBMT,-33.8994407,150.9204112,285
25th-BPRK-CBMT,-33.8994196,150.9208517,286
25th-BPRK-CBMT,-33.8993917,150.9212474,287
25th-BPRK-CBMT,-33.899391,150.9214783,288
25th-BPRK-CBMT,-33.8993419,150.9216582,289
25th-BPRK-CBMT,-33.8990924,150.9224776,290
25th-BPRK-CBMT,-33.8989432,150.9229774,291
25th-BPRK-CBMT,-33.8985743,150.9241679,292
25th-BPRK-CBMT,-33.8984315,150.9244871,293
25th-BPRK-CBMT,-33.8983113,150.9246947,294
25th-BPRK-CBMT,-33.898179,150.9249245,295
25th-BPRK-CBMT,-33.8979352,150.9252803,296
25th-BPRK-CBMT,-33.8976771,150.9257024,297
25th-BPRK-CBMT,-33.89743,150.9261301,298
25th-BPRK-CBMT,-33.8973295,150.9263697,299
25th-BPRK-CBMT,-33.8972377,150.9266251,300
25th-BPRK-CBMT,-33.8971535,150.9268645,301
25th-BPRK-CBMT,-33.8969851,150.9274391,302
25th-BPRK-CBMT,-33.8968877,150.9278387,303
25th-BPRK-CBMT,-33.8966983,150.928676,304
25th-BPRK-CBMT,-33.8966335,150.9289624,305
25th-BPRK-CBMT,-33.8964549,150.9298451,306
25th-BPRK-CBMT,-33.8963951,150.930085,307
25th-BPRK-CBMT,-33.8961184,150.9313495,308
25th-BPRK-CBMT,-33.8959458,150.9321075,309
25th-BPRK-CBMT,-33.8958891,150.9324441,310
25th-BPRK-CBMT,-33.8958678,150.9327269,311
25th-BPRK-CBMT,-33.8958518,150.9330872,312
25th-BPRK-CBMT,-33.8958649,150.9334709,313
25th-BPRK-CBMT,-33.8959038,150.9340314,314
25th-BPRK-CBMT,-33.8959417,150.934517,315
25th-BPRK-CBMT,-33.8959508,150.934734,316
25th-BPRK-CBMT,-33.8959227,150.9353406,317
25th-BPRK-CBMT,-33.895903,150.9357147,318
25th-BPRK-CBMT,-33.8958833,150.9360579,319
25th-BPRK-CBMT,-33.8956877,150.9371523,320
25th-BPRK-CBMT,-33.8955746,150.937789,321
25th-BPRK-CBMT,-33.8955427,150.9379685,322
25th-BPRK-CBMT,-33.8954741,150.9384176,323
25th-BPRK-CBMT,-33.8953904,150.9384336,324
25th-BPRK-CBMT,-33.89494,150.9385216,325
E-LPTN-BPRK,-33.9536059,150.8081771,1
E-LPTN-BPRK,-33.953663,150.8084793,2
E-LPTN-BPRK,-33.95369,150.8086373,3
E-LPTN-BPRK,-33.9534790016,150.8091887332,4
E-LPTN-BPRK,-33.9523668903,150.8091186556,5
E-LPTN-BPRK,-33.9509907997,150.8090179061,6
E-LPTN-BPRK,-33.9507076,150.8088019,7
E-LPTN-BPRK,-33.9504929,150.8087926,8
E-LPTN-BPRK,-33.9503771,150.8087904,9
E-LPTN-BPRK,-33.9494621,150.8087975,10
E-LPTN-BPRK,-33.9493341,150.808807,11
E-LPTN-BPRK,-33.9492062,150.8088165,12
E-LPTN-BPRK,-33.9486979,150.808897,13
E-LPTN-BPRK,-33.9483415,150.8089844,14
E-LPTN-BPRK,-33.9479361,150.8090799,15
E-LPTN-BPRK,-33.9474479,150.8091746,16
E-LPTN-BPRK,-33.9445821,150.8097737,17
E-LPTN-BPRK,-33.942885841999995,150.8101094732,18
E-LPTN-BPRK,-33.942432873899996,150.8101991353,19
E-LPTN-BPRK,-33.9416803,150.8103481,20
E-LPTN-BPRK,-33.9408452236,150.8105182727,21
E-LPTN-BPRK,-33.9402091,150.8106479,22
E-LPTN-BPRK,-33.939612752600006,150.8107694094,23
E-LPTN-BPRK,-33.9388406,150.8109267,24
E-LPTN-BPRK,-33.9379187373,150.8111027152,25
E-LPTN-BPRK,-33.9370940092,150.8112503898,26
E-LPTN-BPRK,-33.936303430500004,150.8114070207,27
E-LPTN-BPRK,-33.9357442895,150.8115177967,28
E-LPTN-BPRK,-33.9330917,150.8120433,29
E-LPTN-BPRK,-33.9304391059,150.81256876610001,30
E-LPTN-BPRK,-33.9290893803,150.8128361256,31
E-LPTN-BPRK,-33.92826668,150.81299908489999,32
E-LPTN-BPRK,-33.9273629,150.8131781,33
E-LPTN-BPRK,-33.9265700237,150.81333781840002,34
E-LPTN-BPRK,-33.9259275778,150.81346723389998,35
E-LPTN-BPRK,-33.9253033248,150.81359298450002,36
E-LPTN-BPRK,-33.9249400389,150.81366616309998,37
E-LPTN-BPRK,-33.924501,150.8137546,38
E-LPTN-BPRK,-33.9236190262,150.8139422332,39
E-LPTN-BPRK,-33.9227965998,150.8141071677,40
E-LPTN-BPRK,-33.9220062797,150.8142656599,41
E-LPTN-BPRK,-33.9214473217,150.8143777522,42
E-LPTN-BPRK,-33.9201415675,150.8146395989,43
E-LPTN-BPRK,-33.9187956,150.8149095,44
E-LPTN-BPRK,-33.9174496313,150.8151793914,45
E-LPTN-BPRK,-33.9161438737,150.8154412103,46
E-LPTN-BPRK,-33.9155849135,150.8155532852,47
E-LPTN-BPRK,-33.9147945896,150.8157117469,48
E-LPTN-BPRK,-33.9139650728,150.8158258011,49
E-LPTN-BPRK,-33.9131430945,150.8159683686,50
E-LPTN-BPRK,-33.9130089302,150.8159916387,51
E-LPTN-BPRK,-33.9125162,150.8160771,52
E-LPTN-BPRK,-33.9123511,150.8160506,53
E-LPTN-BPRK,-33.9123511,150.8160506,54
E-LPTN-BPRK,-33.912218055100006,150.8150433102,55
E-LPTN-BPRK,-33.911950514000004,150.81301794040002,56
E-LPTN-BPRK,-33.9118515767,150.8122690205,57
E-LPTN-BPRK,-33.9117855104,150.8117689421,58
E-LPTN-BPRK,-33.9116455788,150.8107098056,59
E-LPTN-BPRK,-33.9114919,150.8095467,60
E-LPTN-BPRK,-33.9113524554,150.8085028467,61
E-LPTN-BPRK,-33.911214172,150.8074677536,62
E-LPTN-BPRK,-33.9110781625,150.806449748,63
E-LPTN-BPRK,-33.9110237093,150.806042195,64
E-LPTN-BPRK,-33.9107540986,150.8040244559,65
E-LPTN-BPRK,-33.9104654358,150.8018644202,66
E-LPTN-BPRK,-33.9102910704,150.80055980379998,67
E-LPTN-BPRK,-33.91016802,150.7996391961,68
E-LPTN-BPRK,-33.9098489414,150.7973373384,69
E-LPTN-BPRK,-33.909736776100004,150.7965248757,70
E-LPTN-BPRK,-33.909701494299995,150.7962657538,71
E-LPTN-BPRK,-33.9096858638,150.7961552624,72
E-LPTN-BPRK,-33.9096798832,150.7961118444,73
E-LPTN-BPRK,-33.9096731,150.7960626,74
E-LPTN-BPRK,-33.9096465144,150.7957598632,75
E-LPTN-BPRK,-33.9092356595,150.79447133530002,76
E-LPTN-BPRK,-33.908886606399996,150.7945363161,77
E-LPTN-BPRK,-33.9086257582,150.7945848764,78
E-LPTN-BPRK,-33.9083891719,150.7946289201,79
E-LPTN-BPRK,-33.908114502,150.7946800535,80
E-LPTN-BPRK,-33.9079378707,150.7947129357,81
E-LPTN-BPRK,-33.9075945702,150.79477684559998,82
E-LPTN-BPRK,-33.907326002800005,150.79482684299998,83
E-LPTN-BPRK,-33.9067871031,150.7949271662,84
E-LPTN-BPRK,-33.9030185828,150.7956286975,85
E-LPTN-BPRK,-33.902742044600004,150.7934921266,86
E-LPTN-BPRK,-33.902329082,150.790302078,87
E-LPTN-BPRK,-33.9021197,150.7886849,88
E-LPTN-BPRK,-33.9020403722,150.7880722701,89
E-LPTN-BPRK,-33.9019773235,150.78758536040002,90
E-LPTN-BPRK,-33.901910297,150.7870677311,91
E-LPTN-BPRK,-33.9018029588,150.7862388704,92
E-LPTN-BPRK,-33.9017071301,150.78549888540002,93
E-LPTN-BPRK,-33.9016201538,150.7848273072,94
E-LPTN-BPRK,-33.901497170300004,150.7838777539,95
E-LPTN-BPRK,-33.901369183,150.7828896283,96
E-LPTN-BPRK,-33.9012575988,150.7820283369,97
E-LPTN-BPRK,-33.9011408197,150.7811269469,98
E-LPTN-BPRK,-33.900980888,150.77998075620002,99
E-LPTN-BPRK,-33.9009153541,150.7795111218,100
E-LPTN-BPRK,-33.9008432639,150.77899450299998,101
E-LPTN-BPRK,-33.9007110051,150.7780467555,102
E-LPTN-BPRK,-33.9006174601,150.77737645850002,103
E-LPTN-BPRK,-33.9004808181,150.7763974158,104
E-LPTN-BPRK,-33.9003989205,150.77581061819998,105
E-LPTN-BPRK,-33.9002727149,150.7749064405,106
E-LPTN-BPRK,-33.9001736301,150.7741965658,107
E-LPTN-BPRK,-33.899948319,150.7725825231,108
E-LPTN-BPRK,-33.8995038123,150.7693987142,109
E-LPTN-BPRK,-33.8993661048,150.7684124998,110
E-LPTN-BPRK,-33.8992060564,150.7672663632,111
E-LPTN-BPRK,-33.8989410344,150.7618306618,112
E-LPTN-BPRK,-33.898844035,150.7610282913,113
E-LPTN-BPRK,-33.898747030500004,150.76022592290002,114
E-LPTN-BPRK,-33.8986500209,150.7594235567,115
E-LPTN-BPRK,-33.8985530061,150.7586211926,116
E-LPTN-BPRK,-33.8985530061,150.7586211926,117
E-LPTN-BPRK,-33.8972148561,150.7588538773,118
E-LPTN-BPRK,-33.8958767051,150.7590865536,119
E-LPTN-BPRK,-33.894538553000004,150.7593192214,120
E-LPTN-BPRK,-33.8932004,150.7595518808,121
E-LPTN-BPRK,-33.891862246,150.7597845317,122
E-LPTN-BPRK,-33.890524090999996,150.7600171741,123
E-LPTN-BPRK,-33.8891859349,150.76024980809999,124
E-LPTN-BPRK,-33.8878477779,150.7604824336,125
E-LPTN-BPRK,-33.886509619899996,150.7607150506,126
E-LPTN-BPRK,-33.886412617800005,150.7599127975,127
E-LPTN-BPRK,-33.8863156107,150.75911054649998,128
E-LPTN-BPRK,-33.8862185983,150.7583082977,129
E-LPTN-BPRK,-33.8861215809,150.7575060509,130
E-LPTN-BPRK,-33.8860245582,150.75670380629998,131
E-LPTN-BPRK,-33.8859275304,150.7559015638,132
E-LPTN-BPRK,-33.8858304974,150.7550993234,133
E-LPTN-BPRK,-33.8857334593,150.7542970851,134
E-LPTN-BPRK,-33.8837151609,150.7437620613,135
E-LPTN-BPRK,-33.8814497,150.7417659,136
E-LPTN-BPRK,-33.8846815079,150.736318826,137
E-BPRK-LPTN,-33.8846815079,150.736318826,1
E-BPRK-LPTN,-33.8814497,150.7417659,2
E-BPRK-LPTN,-33.8837151609,150.7437620613,3
E-BPRK-LPTN,-33.8857334593,150.7542970851,4
E-BPRK-LPTN,-33.8858304974,150.7550993234,5
E-BPRK-LPTN,-33.8859275304,150.7559015638,6
E-BPRK-LPTN,-33.8860245582,150.75670380629998,7
E-BPRK-LPTN,-33.8861215809,150.7575060509,8
E-BPRK-LPTN,-33.8862185983,150.7583082977,9
E-BPRK-LPTN,-33.8863156107,150.75911054649998,10
E-BPRK-LPTN,-33.886412617800005,150.7599127975,11
E-BPRK-LPTN,-33.886509619899996,150.7607150506,12
E-BPRK-LPTN,-33.8878477779,150.7604824336,13
E-BPRK-LPTN,-33.8891859349,150.76024980809999,14
E-BPRK-LPTN,-33.890524090999996,150.7600171741,15
E-BPRK-LPTN,-33.891862246,150.7597845317,16
E-BPRK-LPTN,-33.8932004,150.7595518808,17
E-BPRK-LPTN,-33.894538553000004,150.7593192214,18
E-BPRK-LPTN,-33.8958767051,150.7590865536,19
E-BPRK-LPTN,-33.8972148561,150.7588538773,20
E-BPRK-LPTN,-33.8985530061,150.7586211926,21
E-BPRK-LPTN,-33.8985530061,150.7586211926,22
E-BPRK-LPTN,-33.8986500209,150.7594235567,23
E-BPRK-LPTN,-33.898747030500004,150.76022592290002,24
E-BPRK-LPTN,-33.898844035,150.7610282913,25
E-BPRK-LPTN,-33.8989410344,150.7618306618,26
E-BPRK-LPTN,-33.8992060564,150.7672663632,27
E-BPRK-LPTN,-33.8995038123,150.7693987142,28
E-BPRK-LPTN,-33.8997297193,150.7710167107,29
E-BPRK-LPTN,-33.899948319,150.7725825231,30
E-BPRK-LPTN,-33.9000662949,150.7734276575,31
E-BPRK-LPTN,-33.9001736301,150.7741965658,32
E-BPRK-LPTN,-33.9003114664,150.775184069,33
E-BPRK-LPTN,-33.9003989205,150.77581061819998,34
E-BPRK-LPTN,-33.9005411854,150.7768299485,35
E-BPRK-LPTN,-33.9006174601,150.77737645850002,36
E-BPRK-LPTN,-33.9007110051,150.7780467555,37
E-BPRK-LPTN,-33.9008432639,150.77899450299998,38
E-BPRK-LPTN,-33.900980888,150.77998075620002,39
E-BPRK-LPTN,-33.9011408197,150.7811269469,40
E-BPRK-LPTN,-33.9012569216,150.7820231092,41
E-BPRK-LPTN,-33.901369183,150.7828896283,42
E-BPRK-LPTN,-33.901497170300004,150.7838777539,43
E-BPRK-LPTN,-33.9015679192,150.78442400469999,44
E-BPRK-LPTN,-33.9016201538,150.7848273072,45
E-BPRK-LPTN,-33.9017071301,150.78549888540002,46
E-BPRK-LPTN,-33.901910297,150.7870677311,47
E-BPRK-LPTN,-33.9019746309,150.78756456620002,48
E-BPRK-LPTN,-33.9020627814,150.7882453311,49
E-BPRK-LPTN,-33.9021197,150.7886849,50
E-BPRK-LPTN,-33.9025321886,150.7918709499,51
E-BPRK-LPTN,-33.9030185828,150.7956286975,52
E-BPRK-LPTN,-33.9069556121,150.7948957961,53
E-BPRK-LPTN,-33.9072521493,150.7948405918,54
E-BPRK-LPTN,-33.9074795084,150.7947982659,55
E-BPRK-LPTN,-33.90773498,150.7947507065,56
E-BPRK-LPTN,-33.9079371258,150.7947130744,57
E-BPRK-LPTN,-33.9081507119,150.7946733125,58
E-BPRK-LPTN,-33.9083729911,150.7946327773,59
E-BPRK-LPTN,-33.9086564231,150.7945791678,60
E-BPRK-LPTN,-33.908913407600004,150.7945313267,61
E-BPRK-LPTN,-33.9092356595,150.79447133530002,62
E-BPRK-LPTN,-33.9096465144,150.7957598632,63
E-BPRK-LPTN,-33.9096731,150.7960626,64
E-BPRK-LPTN,-33.9096803002,150.796115349,65
E-BPRK-LPTN,-33.9096891824,150.7961793553,66
E-BPRK-LPTN,-33.9097076014,150.7963130729,67
E-BPRK-LPTN,-33.9097367101,150.7965243961,68
E-BPRK-LPTN,-33.9098809508,150.7975715547,69
E-BPRK-LPTN,-33.91016802,150.7996391961,70
E-BPRK-LPTN,-33.9102910704,150.80055980379998,71
E-BPRK-LPTN,-33.9104654358,150.8018644202,72
E-BPRK-LPTN,-33.9107540986,150.8040244559,73
E-BPRK-LPTN,-33.9110237093,150.806042195,74
E-BPRK-LPTN,-33.9110781625,150.806449748,75
E-BPRK-LPTN,-33.911214172,150.8074677536,76
E-BPRK-LPTN,-33.9113524554,150.8085028467,77
E-BPRK-LPTN,-33.9114919,150.8095467,78
E-BPRK-LPTN,-33.9116455788,150.8107098056,79
E-BPRK-LPTN,-33.9117855104,150.8117689421,80
E-BPRK-LPTN,-33.9118515767,150.8122690205,81
E-BPRK-LPTN,-33.911950514000004,150.81301794040002,82
E-BPRK-LPTN,-33.912218055100006,150.8150433102,83
E-BPRK-LPTN,-33.9123511,150.8160506,84
E-BPRK-LPTN,-33.9123511,150.8160506,85
E-BPRK-LPTN,-33.9125162,150.8160771,86
E-BPRK-LPTN,-33.9130865057,150.8159781836,87
E-BPRK-LPTN,-33.9139650728,150.8158258011,88
E-BPRK-LPTN,-33.9147945896,150.8157117469,89
E-BPRK-LPTN,-33.9155849135,150.8155532852,90
E-BPRK-LPTN,-33.9161438737,150.8154412103,91
E-BPRK-LPTN,-33.9174496313,150.8151793914,92
E-BPRK-LPTN,-33.9178632538,150.8150964525,93
E-BPRK-LPTN,-33.9187956,150.8149095,94
E-BPRK-LPTN,-33.9201415675,150.8146395989,95
E-BPRK-LPTN,-33.9214473217,150.8143777522,96
E-BPRK-LPTN,-33.9220062797,150.8142656599,97
E-BPRK-LPTN,-33.9227965998,150.8141071677,98
E-BPRK-LPTN,-33.9236190262,150.8139422332,99
E-BPRK-LPTN,-33.924501,150.8137546,100
E-BPRK-LPTN,-33.9249400389,150.81366616309998,101
E-BPRK-LPTN,-33.9253033248,150.81359298450002,102
E-BPRK-LPTN,-33.9259275778,150.81346723389998,103
E-BPRK-LPTN,-33.9265700237,150.81333781840002,104
E-BPRK-LPTN,-33.9273629,150.8131781,105
E-BPRK-LPTN,-33.92826668,150.81299908489999,106
E-BPRK-LPTN,-33.9290893803,150.8128361256,107
E-BPRK-LPTN,-33.9298799628,150.8126795248,108
E-BPRK-LPTN,-33.9304391059,150.81256876610001,109
E-BPRK-LPTN,-33.9330917,150.8120433,110
E-BPRK-LPTN,-33.9357442895,150.8115177967,111
E-BPRK-LPTN,-33.9370940092,150.8112503898,112
E-BPRK-LPTN,-33.9379187373,150.8111027152,113
E-BPRK-LPTN,-33.9388406,150.8109267,114
E-BPRK-LPTN,-33.939182959,150.8108569602,115
E-BPRK-LPTN,-33.939612752600006,150.8107694094,116
E-BPRK-LPTN,-33.9402091,150.8106479,117
E-BPRK-LPTN,-33.9408452236,150.8105182727,118
E-BPRK-LPTN,-33.9416803,150.8103481,119
E-BPRK-LPTN,-33.942432873899996,150.8101991353,120
E-BPRK-LPTN,-33.942885841999995,150.8101094732,121
E-BPRK-LPTN,-33.9445821,150.8097737,122
E-BPRK-LPTN,-33.9474479,150.8091746,123
E-BPRK-LPTN,-33.9479361,150.8090799,124
E-BPRK-LPTN,-33.9482409,150.809053,125
E-BPRK-LPTN,-33.9487566,150.809054,126
E-BPRK-LPTN,-33.9494011,150.8090761,127
E-BPRK-LPTN,-33.9497692,150.8090855,128
E-BPRK-LPTN,-33.9500448,150.8091033,129
E-BPRK-LPTN,-33.9503891,150.8091197,130
E-BPRK-LPTN,-33.9504254,150.8091214,131
E-BPRK-LPTN,-33.9505367,150.8091213,132
E-BPRK-LPTN,-33.9507512,150.8091192,133
E-BPRK-LPTN,-33.9509907997,150.8090179061,134
E-BPRK-LPTN,-33.9523668903,150.8091186556,135
E-BPRK-LPTN,-33.9534790016,150.8091887332,136
E-BPRK-LPTN,-33.954062004,150.80924276209998,137
E-BPRK-LPTN,-33.9540839,150.8083795,138
E-BPRK-LPTN,-33.953978605799996,150.8078966223,139
D-RSMR-MTDT,-33.950411398600004,150.7807468044,1
D-RSMR-MTDT,-33.9506051739,150.7823525686,2
D-RSMR-MTDT,-33.9479287856,150.7828175693,3
D-RSMR-MTDT,-33.9481225323,150.7844232934,4
D-RSMR-MTDT,-33.9480473,150.7845089,5
D-RSMR-MTDT,-33.9480184,150.7843185,6
D-RSMR-MTDT,-33.9474166,150.7844487,7
D-RSMR-MTDT,-33.9472006,150.7844923,8
D-RSMR-MTDT,-33.9468817317,150.7845566592,9
D-RSMR-MTDT,-33.9467843327,150.7846557568,10
D-RSMR-MTDT,-33.9414315242,150.7855855258,11
D-RSMR-MTDT,-33.9411409262,150.7831771249,12
D-RSMR-MTDT,-33.9371263273,150.783874472,13
D-RSMR-MTDT,-33.9369325814,150.7822689548,14
D-RSMR-MTDT,-33.9356451672,150.7822085906,15
D-RSMR-MTDT,-33.9332420478,150.78265651200002,16
D-RSMR-MTDT,-33.929233671599995,150.7834035738,17
D-RSMR-MTDT,-33.925225285799996,150.7841505551,18
D-RSMR-MTDT,-33.9234437778,150.7844825209,19
D-RSMR-MTDT,-33.9206213406,150.7849597623,20
D-RSMR-MTDT,-33.9196647057,150.785145199,21
D-RSMR-MTDT,-33.918841554299995,150.785304757,22
D-RSMR-MTDT,-33.9180505375,150.78545808270002,23
D-RSMR-MTDT,-33.9174910868,150.7855665211,24
D-RSMR-MTDT,-33.916184181599995,150.7858198322,25
D-RSMR-MTDT,-33.914837027800004,150.786080935,26
D-RSMR-MTDT,-33.9147394285,150.78609985079999,27
D-RSMR-MTDT,-33.914605140300004,150.7861258773,28
D-RSMR-MTDT,-33.914331953499996,150.7861788239,29
D-RSMR-MTDT,-33.9141561294,150.7862129006,30
D-RSMR-MTDT,-33.9139286045,150.7862569974,31
D-RSMR-MTDT,-33.9134898728,150.78634202840001,32
D-RSMR-MTDT,-33.9121829643,150.7865953124,33
D-RSMR-MTDT,-33.911623511500004,150.7867037337,34
D-RSMR-MTDT,-33.910832491,150.7868570298,35
D-RSMR-MTDT,-33.910009335,150.7870165501,36
D-RSMR-MTDT,-33.9094585644,150.787123282,37
D-RSMR-MTDT,-33.9090526937,150.7872019342,38
D-RSMR-MTDT,-33.9083313545,150.7874858266,39
D-RSMR-MTDT,-33.9064769,150.7878428,40
D-RSMR-MTDT,-33.9021197,150.7886849,41
D-RSMR-MTDT,-33.8981112464,150.7894313259,42
D-RSMR-MTDT,-33.8953953,150.7899355,43
D-RSMR-MTDT,-33.8947191956,150.7900574024,44
D-RSMR-MTDT,-33.8938965,150.7902204,45
D-RSMR-MTDT,-33.8931059212,150.7903770309,46
D-RSMR-MTDT,-33.8925467802,150.790487807,47
D-RSMR-MTDT,-33.8912405987,150.7907465787,48
D-RSMR-MTDT,-33.8898941908,150.79101331020001,49
D-RSMR-MTDT,-33.8885430832,150.79123054459998,50
D-RSMR-MTDT,-33.8872367406,150.79147455950002,51
D-RSMR-MTDT,-33.8866616341,150.7915671015,52
D-RSMR-MTDT,-33.8858908466,150.7917119863,53
D-RSMR-MTDT,-33.885052176799995,150.79187765790002,54
D-RSMR-MTDT,-33.8844595603,150.7919622295,55
D-RSMR-MTDT,-33.8805742,150.7927635,56
D-RSMR-MTDT,-33.8804351,150.7921182,57
D-RSMR-MTDT,-33.8804351,150.7921182,58
D-RSMR-MTDT,-33.87938918,150.7922569506,59
D-RSMR-MTDT,-33.8780509394,150.7924890439,60
D-RSMR-MTDT,-33.8767126979,150.7927211288,61
D-RSMR-MTDT,-33.875374455300005,150.7929532053,62
D-RSMR-MTDT,-33.8740362117,150.7931852733,63
D-RSMR-MTDT,-33.8728578483,150.793383383,64
D-RSMR-MTDT,-33.8726979672,150.79341733299998,65
D-RSMR-MTDT,-33.8713597216,150.7936493842,66
D-RSMR-MTDT,-33.8700214751,150.793881427,67
D-RSMR-MTDT,-33.8686832275,150.7941134613,68
D-RSMR-MTDT,-33.867344979,150.7943454873,69
D-RSMR-MTDT,-33.8660067294,150.7945775048,70
D-RSMR-MTDT,-33.865681037399995,150.7946339692,71
D-RSMR-MTDT,-33.8646684789,150.7948095139,72
D-RSMR-MTDT,-33.8633302274,150.7950415146,73
D-RSMR-MTDT,-33.8619919748,150.79527350680002,74
D-RSMR-MTDT,-33.860653721300004,150.7955054907,75
D-RSMR-MTDT,-33.8593154668,150.7957374661,76
D-RSMR-MTDT,-33.8579772113,150.7959694331,77
D-RSMR-MTDT,-33.8566389548,150.7962013917,78
D-RSMR-MTDT,-33.8553006973,150.7964333419,79
D-RSMR-MTDT,-33.853962438800004,150.7966652836,80
D-RSMR-MTDT,-33.8526241793,150.796897217,81
D-RSMR-MTDT,-33.8512859188,150.7971291419,82
D-RSMR-MTDT,-33.8499476573,150.7973610585,83
D-RSMR-MTDT,-33.8486093948,150.7975929666,84
D-RSMR-MTDT,-33.8488996131,150.7999988481,85
D-RSMR-MTDT,-33.8234723244,150.8044028169,86
D-RSMR-MTDT,-33.8179753,150.8073391,87
D-RSMR-MTDT,-33.8179018,150.8071111,88
D-RSMR-MTDT,-33.8178973,150.8059256,89
D-RSMR-MTDT,-33.8178884,150.8057673,90
D-RSMR-MTDT,-33.817875,150.8056493,91
D-RSMR-MTDT,-33.817855,150.8055367,92
D-RSMR-MTDT,-33.8177948,150.8053275,93
D-RSMR-MTDT,-33.8177347,150.805129,94
D-RSMR-MTDT,-33.8177101,150.8050217,95
D-RSMR-MTDT,-33.8176901,150.8049251,96
D-RSMR-MTDT,-33.81767,150.8048098,97
D-RSMR-MTDT,-33.8176589,150.8046891,98
D-RSMR-MTDT,-33.8176544,150.8045898,99
D-RSMR-MTDT,-33.8176558,150.7998292,100
D-RSMR-MTDT,-33.8176567,150.7968986,101
D-RSMR-MTDT,-33.8174929,150.7962696,102
D-RSMR-MTDT,-33.8157057,150.7969837,103
D-RSMR-MTDT,-33.8156445,150.7967316,104
D-RSMR-MTDT,-33.8155255,150.7962848,105
D-RSMR-MTDT,-33.8154,150.7959119,106
D-RSMR-MTDT,-33.8152393,150.7954786,107
D-RSMR-MTDT,-33.8150844,150.7950108,108
D-RSMR-MTDT,-33.8149286,150.7944825,109
D-RSMR-MTDT,-33.8147997,150.7939751,110
D-RSMR-MTDT,-33.8147224,150.7936707,111
D-RSMR-MTDT,-33.8144416,150.7925647,112
D-RSMR-MTDT,-33.8142673,150.7917248,113
D-RSMR-MTDT,-33.8139743,150.7896688,114
D-RSMR-MTDT,-33.8138621,150.7888606,115
D-RSMR-MTDT,-33.8138035,150.7884467,116
D-RSMR-MTDT,-33.8137307,150.7881333,117
D-RSMR-MTDT,-33.8136259,150.787843,118
D-RSMR-MTDT,-33.8134826,150.7875467,119
D-RSMR-MTDT,-33.8133337,150.7872648,120
D-RSMR-MTDT,-33.8126094,150.7860078,121
D-RSMR-MTDT,-33.8125476,150.7860643,122
D-RSMR-MTDT,-33.8124767,150.7861251,123
D-RSMR-MTDT,-33.8122984,150.7862535,124
D-RSMR-MTDT,-33.8120914,150.7863807,125
D-RSMR-MTDT,-33.8118145,150.7865187,126
D-RSMR-MTDT,-33.8114086,150.7867093,127
D-RSMR-MTDT,-33.811024,150.7868738,128
D-RSMR-MTDT,-33.8108183,150.7869791,129
D-RSMR-MTDT,-33.8106439,150.787074,130
D-RSMR-MTDT,-33.8100024,150.7874353,131
D-RSMR-MTDT,-33.809219,150.7878785,132
D-RSMR-MTDT,-33.8088544,150.7881174,133
D-RSMR-MTDT,-33.8085295,150.7883564,134
D-RSMR-MTDT,-33.8083518,150.7885163,135
D-RSMR-MTDT,-33.8081767,150.7886932,136
D-RSMR-MTDT,-33.8078869,150.7890298,137
D-RSMR-MTDT,-33.80762,150.7893286,138
D-RSMR-MTDT,-33.8067533,150.790368,139
D-RSMR-MTDT,-33.8061688,150.7911193,140
D-RSMR-MTDT,-33.8051936,150.7925226,141
D-RSMR-MTDT,-33.8049144,150.7929521,142
D-RSMR-MTDT,-33.8045363,150.7935677,143
D-RSMR-MTDT,-33.8024331,150.7970569,144
D-RSMR-MTDT,-33.8014408,150.7985947,145
D-RSMR-MTDT,-33.8010418,150.7991009,146
D-RSMR-MTDT,-33.8008212,150.7994174,147
D-RSMR-MTDT,-33.8001191,150.8005171,148
D-RSMR-MTDT,-33.8000491,150.8006243,149
D-RSMR-MTDT,-33.7988085,150.8025985,150
D-RSMR-MTDT,-33.7982901,150.8034674,151
D-RSMR-MTDT,-33.7981989,150.8036137,152
D-RSMR-MTDT,-33.7979215,150.8040366,153
D-RSMR-MTDT,-33.7976606,150.8044197,154
D-RSMR-MTDT,-33.7973998,150.804814,155
D-RSMR-MTDT,-33.7969652,150.8053478,156
D-RSMR-MTDT,-33.7966085,150.8057045,157
D-RSMR-MTDT,-33.7962296,150.8059996,158
D-RSMR-MTDT,-33.7958708,150.8062275,159
D-RSMR-MTDT,-33.7954955,150.8064316,160
D-RSMR-MTDT,-33.7951887,150.8065843,161
D-RSMR-MTDT,-33.7945646,150.8068445,162
D-RSMR-MTDT,-33.7939939,150.8070698,163
D-RSMR-MTDT,-33.7934879,150.8072548,164
D-RSMR-MTDT,-33.7931224,150.8073728,165
D-RSMR-MTDT,-33.7924291,150.8075124,166
D-RSMR-MTDT,-33.7923633,150.8075566,167
D-RSMR-MTDT,-33.7916708,150.8075733,168
D-RSMR-MTDT,-33.7915438,150.8075706,169
D-RSMR-MTDT,-33.7907078,150.8075062,170
D-RSMR-MTDT,-33.7899045,150.8073396,171
D-RSMR-MTDT,-33.7897037,150.807292,172
D-RSMR-MTDT,-33.7890258,150.8070344,173
D-RSMR-MTDT,-33.7881737,150.8066892,174
D-RSMR-MTDT,-33.7868279,150.8061236,175
D-RSMR-MTDT,-33.7865912,150.8060591,176
D-RSMR-MTDT,-33.7863772,150.8060469,177
D-RSMR-MTDT,-33.7862825,150.8060557,178
D-RSMR-MTDT,-33.785795,150.8059712,179
D-RSMR-MTDT,-33.7857681,150.805931,180
D-RSMR-MTDT,-33.785732,150.8059031,181
D-RSMR-MTDT,-33.7856904,150.8058904,182
D-RSMR-MTDT,-33.7856477,150.8058943,183
D-RSMR-MTDT,-33.7856081,150.8059143,184
D-RSMR-MTDT,-33.7855748,150.80595,185
D-RSMR-MTDT,-33.7855531,150.805997,186
D-RSMR-MTDT,-33.7855455,150.8060499,187
D-RSMR-MTDT,-33.7855528,150.8061029,188
D-RSMR-MTDT,-33.7854367,150.8065812,189
D-RSMR-MTDT,-33.7845267,150.8093128,190
D-RSMR-MTDT,-33.7843127,150.8099511,191
D-RSMR-MTDT,-33.7840201,150.8108389,192
D-RSMR-MTDT,-33.7839577,150.811028,193
D-RSMR-MTDT,-33.7838897,150.811193,194
D-RSMR-MTDT,-33.7837805,150.8114237,195
D-RSMR-MTDT,-33.7836796,150.8116141,196
D-RSMR-MTDT,-33.7835626,150.8118112,197
D-RSMR-MTDT,-33.7833055,150.8122047,198
D-RSMR-MTDT,-33.7831988,150.812324,199
D-RSMR-MTDT,-33.7831027,150.8124385,200
D-RSMR-MTDT,-33.7829541,150.8126008,201
D-RSMR-MTDT,-33.7827768,150.8127797,202
D-RSMR-MTDT,-33.7827199,150.8128224,203
D-RSMR-MTDT,-33.7826664,150.8128546,204
D-RSMR-MTDT,-33.7825019,150.8129118,205
D-RSMR-MTDT,-33.7824771,150.8129013,206
D-RSMR-MTDT,-33.7824515,150.8128943,207
D-RSMR-MTDT,-33.7824253,150.8128912,208
D-RSMR-MTDT,-33.7823991,150.8128918,209
D-RSMR-MTDT,-33.7823731,150.8128962,210
D-RSMR-MTDT,-33.7823477,150.8129043,211
D-RSMR-MTDT,-33.7823233,150.812916,212
D-RSMR-MTDT,-33.7823006,150.8129308,213
D-RSMR-MTDT,-33.7822796,150.8129487,214
D-RSMR-MTDT,-33.7822604,150.8129695,215
D-RSMR-MTDT,-33.7822434,150.8129929,216
D-RSMR-MTDT,-33.7822289,150.8130185,217
D-RSMR-MTDT,-33.7822169,150.813046,218
D-RSMR-MTDT,-33.7822077,150.8130749,219
D-RSMR-MTDT,-33.7822014,150.813105,220
D-RSMR-MTDT,-33.7821562,150.8132063,221
D-RSMR-MTDT,-33.7821247,150.813261,222
D-RSMR-MTDT,-33.7820884,150.8133079,223
D-RSMR-MTDT,-33.7820363,150.8133498,224
D-RSMR-MTDT,-33.7818371,150.8134823,225
D-RSMR-MTDT,-33.7814815,150.8136781,226
D-RSMR-MTDT,-33.7812508,150.8137894,227
D-RSMR-MTDT,-33.7810211,150.8138899,228
D-RSMR-MTDT,-33.7806299,150.8140402,229
D-RSMR-MTDT,-33.7803869,150.8141166,230
D-RSMR-MTDT,-33.7800101,150.8142158,231
D-RSMR-MTDT,-33.7795185,150.8143218,232
D-RSMR-MTDT,-33.7793158,150.8143656,233
D-RSMR-MTDT,-33.7791531,150.8143758,234
D-RSMR-MTDT,-33.7784219,150.8145715,235
D-RSMR-MTDT,-33.7780694,150.81463,236
D-RSMR-MTDT,-33.7775815,150.8147433,237
D-RSMR-MTDT,-33.7774098,150.8147784,238
D-RSMR-MTDT,-33.7772832183,150.8148030376,239
D-RSMR-MTDT,-33.7770368,150.814851,240
D-RSMR-MTDT,-33.7766676,150.81493,241
D-RSMR-MTDT,-33.7758832,150.8150689,242
D-RSMR-MTDT,-33.7756937,150.815129,243
D-RSMR-MTDT,-33.7748686,150.81529,244
D-RSMR-MTDT,-33.7739104,150.8154769,245
D-RSMR-MTDT,-33.7738363,150.8154914,246
D-RSMR-MTDT,-33.7730349,150.8156478,247
D-RSMR-MTDT,-33.7720205,150.8158457,248
D-RSMR-MTDT,-33.771411,150.8159825,249
D-RSMR-MTDT,-33.771276,150.8159611,250
D-RSMR-MTDT,-33.7705998,150.816071,251
D-RSMR-MTDT,-33.7702718,150.8161202,252
D-RSMR-MTDT,-33.7698914,150.8161726,253
D-RSMR-MTDT,-33.7695065,150.8162485,254
D-RSMR-MTDT,-33.7693721,150.8162558,255
D-RSMR-MTDT,-33.769226,150.8162287,256
D-RSMR-MTDT,-33.7692091,150.8163054,257
D-RSMR-MTDT,-33.769201,150.8164456,258
D-RSMR-MTDT,-33.76922,150.816609,259
D-RSMR-MTDT,-33.7692275,150.8166512,260
D-RSMR-MTDT,-33.7697329,150.8194998,261
D-RSMR-MTDT,-33.7697171,150.8195179,262
D-RSMR-MTDT,-33.7697097,150.8195426,263
D-RSMR-MTDT,-33.7697122,150.8195687,264
D-RSMR-MTDT,-33.7697243,150.8195906,265
D-RSMR-MTDT,-33.7697432,150.8196037,266
D-RSMR-MTDT,-33.769765,150.8196052,267
D-RSMR-MTDT,-33.7698095,150.8199137,268
D-RSMR-MTDT,-33.7698347,150.8200881,269
D-MTDT-RSMR,-33.7698347,150.8200881,1
D-MTDT-RSMR,-33.7698095,150.8199137,2
D-MTDT-RSMR,-33.769765,150.8196052,3
D-MTDT-RSMR,-33.7697879,150.8195919,4
D-MTDT-RSMR,-33.7698018,150.8195663,5
D-MTDT-RSMR,-33.7698027,150.8195358,6
D-MTDT-RSMR,-33.7697955,150.8195166,7
D-MTDT-RSMR,-33.769783,150.8195018,8
D-MTDT-RSMR,-33.7697669,150.8194935,9
D-MTDT-RSMR,-33.7697494,150.8194928,10
D-MTDT-RSMR,-33.7697329,150.8194998,11
D-MTDT-RSMR,-33.7692275,150.8166512,12
D-MTDT-RSMR,-33.7704377,150.8163804,13
D-MTDT-RSMR,-33.7712225,150.8161926,14
D-MTDT-RSMR,-33.7714333,150.8160793,15
D-MTDT-RSMR,-33.7718334,150.8160046,16
D-MTDT-RSMR,-33.7720371,150.8159679,17
D-MTDT-RSMR,-33.7728923,150.815817,18
D-MTDT-RSMR,-33.7738565,150.8156355,19
D-MTDT-RSMR,-33.7745992,150.8154783,20
D-MTDT-RSMR,-33.7757079,150.8152437,21
D-MTDT-RSMR,-33.7758639,150.8152508,22
D-MTDT-RSMR,-33.7759302,150.8152359,23
D-MTDT-RSMR,-33.7770561,150.8149843,24
D-MTDT-RSMR,-33.7773112,150.8149252,25
D-MTDT-RSMR,-33.7780897,150.8147738,26
D-MTDT-RSMR,-33.7782761,150.8147376,27
D-MTDT-RSMR,-33.7790795,150.8145538,28
D-MTDT-RSMR,-33.7791903,150.8145284,29
D-MTDT-RSMR,-33.7793507,150.8145031,30
D-MTDT-RSMR,-33.7795419,150.8144653,31
D-MTDT-RSMR,-33.780043,150.814358,32
D-MTDT-RSMR,-33.7803579,150.8142782,33
D-MTDT-RSMR,-33.7806237,150.8141971,34
D-MTDT-RSMR,-33.7806895,150.8141729,35
D-MTDT-RSMR,-33.7809743,150.8140656,36
D-MTDT-RSMR,-33.7814149,150.813874,37
D-MTDT-RSMR,-33.7816376,150.8137558,38
D-MTDT-RSMR,-33.7818989,150.813611,39
D-MTDT-RSMR,-33.782118,150.8134776,40
D-MTDT-RSMR,-33.7821567,150.8134558,41
D-MTDT-RSMR,-33.7821857,150.81344,42
D-MTDT-RSMR,-33.7822306,150.8134276,43
D-MTDT-RSMR,-33.7823494,150.8134051,44
D-MTDT-RSMR,-33.7823792,150.8134139,45
D-MTDT-RSMR,-33.7824098,150.8134176,46
D-MTDT-RSMR,-33.7824404,150.8134161,47
D-MTDT-RSMR,-33.7824706,150.8134095,48
D-MTDT-RSMR,-33.7824998,150.8133979,49
D-MTDT-RSMR,-33.7825273,150.8133814,50
D-MTDT-RSMR,-33.7825488,150.8133641,51
D-MTDT-RSMR,-33.7825685,150.8133438,52
D-MTDT-RSMR,-33.7825861,150.8133208,53
D-MTDT-RSMR,-33.7826012,150.8132955,54
D-MTDT-RSMR,-33.7826138,150.8132682,55
D-MTDT-RSMR,-33.7826236,150.8132393,56
D-MTDT-RSMR,-33.7826305,150.8132092,57
D-MTDT-RSMR,-33.7826344,150.8131784,58
D-MTDT-RSMR,-33.7827266,150.8130558,59
D-MTDT-RSMR,-33.7827734,150.8130035,60
D-MTDT-RSMR,-33.7829534,150.8128379,61
D-MTDT-RSMR,-33.7830119,150.8127835,62
D-MTDT-RSMR,-33.7830638,150.8127245,63
D-MTDT-RSMR,-33.7831095,150.8126561,64
D-MTDT-RSMR,-33.7831396,150.8125998,65
D-MTDT-RSMR,-33.7831847,150.8125053,66
D-MTDT-RSMR,-33.7832405,150.8123743,67
D-MTDT-RSMR,-33.7833055,150.8122047,68
D-MTDT-RSMR,-33.7835626,150.8118112,69
D-MTDT-RSMR,-33.7836796,150.8116141,70
D-MTDT-RSMR,-33.7837805,150.8114237,71
D-MTDT-RSMR,-33.7838897,150.811193,72
D-MTDT-RSMR,-33.7839577,150.811028,73
D-MTDT-RSMR,-33.7840201,150.8108389,74
D-MTDT-RSMR,-33.7843127,150.8099511,75
D-MTDT-RSMR,-33.7845267,150.8093128,76
D-MTDT-RSMR,-33.7854367,150.8065812,77
D-MTDT-RSMR,-33.7856933,150.8062099,78
D-MTDT-RSMR,-33.7857363,150.8061953,79
D-MTDT-RSMR,-33.7857728,150.8061643,80
D-MTDT-RSMR,-33.7862825,150.8060557,81
D-MTDT-RSMR,-33.7863772,150.8060469,82
D-MTDT-RSMR,-33.7865912,150.8060591,83
D-MTDT-RSMR,-33.7868279,150.8061236,84
D-MTDT-RSMR,-33.7881737,150.8066892,85
D-MTDT-RSMR,-33.7897037,150.807292,86
D-MTDT-RSMR,-33.7899045,150.8073396,87
D-MTDT-RSMR,-33.7907078,150.8075062,88
D-MTDT-RSMR,-33.7915438,150.8075706,89
D-MTDT-RSMR,-33.7916708,150.8075733,90
D-MTDT-RSMR,-33.7923633,150.8075566,91
D-MTDT-RSMR,-33.792442,150.8075891,92
D-MTDT-RSMR,-33.7925991,150.8075734,93
D-MTDT-RSMR,-33.7933937,150.8073926,94
D-MTDT-RSMR,-33.7943544,150.8070793,95
D-MTDT-RSMR,-33.7953645,150.8066562,96
D-MTDT-RSMR,-33.7955609,150.8065739,97
D-MTDT-RSMR,-33.7961258,150.8062761,98
D-MTDT-RSMR,-33.7967536,150.8057702,99
D-MTDT-RSMR,-33.7970308,150.8054786,100
D-MTDT-RSMR,-33.7972585,150.8052379,101
D-MTDT-RSMR,-33.7974641,150.8049683,102
D-MTDT-RSMR,-33.798019,150.8041607,103
D-MTDT-RSMR,-33.7983003,150.8036905,104
D-MTDT-RSMR,-33.7985224,150.8033377,105
D-MTDT-RSMR,-33.8001966,150.8007444,106
D-MTDT-RSMR,-33.8010501,150.7992584,107
D-MTDT-RSMR,-33.8013501,150.7987882,108
D-MTDT-RSMR,-33.8014408,150.7985947,109
D-MTDT-RSMR,-33.8024331,150.7970569,110
D-MTDT-RSMR,-33.8045363,150.7935677,111
D-MTDT-RSMR,-33.8049144,150.7929521,112
D-MTDT-RSMR,-33.8051936,150.7925226,113
D-MTDT-RSMR,-33.8061688,150.7911193,114
D-MTDT-RSMR,-33.8067533,150.790368,115
D-MTDT-RSMR,-33.80762,150.7893286,116
D-MTDT-RSMR,-33.8078869,150.7890298,117
D-MTDT-RSMR,-33.8081767,150.7886932,118
D-MTDT-RSMR,-33.8083518,150.7885163,119
D-MTDT-RSMR,-33.8085295,150.7883564,120
D-MTDT-RSMR,-33.8088544,150.7881174,121
D-MTDT-RSMR,-33.809219,150.7878785,122
D-MTDT-RSMR,-33.8100024,150.7874353,123
D-MTDT-RSMR,-33.8106439,150.787074,124
D-MTDT-RSMR,-33.8108183,150.7869791,125
D-MTDT-RSMR,-33.811024,150.7868738,126
D-MTDT-RSMR,-33.8114086,150.7867093,127
D-MTDT-RSMR,-33.8118145,150.7865187,128
D-MTDT-RSMR,-33.8120914,150.7863807,129
D-MTDT-RSMR,-33.8122984,150.7862535,130
D-MTDT-RSMR,-33.8124767,150.7861251,131
D-MTDT-RSMR,-33.8125476,150.7860643,132
D-MTDT-RSMR,-33.8131982,150.7872776,133
D-MTDT-RSMR,-33.8133644,150.7876016,134
D-MTDT-RSMR,-33.8135039,150.7878968,135
D-MTDT-RSMR,-33.8136132,150.7881897,136
D-MTDT-RSMR,-33.8136766,150.7884624,137
D-MTDT-RSMR,-33.8137322,150.788841,138
D-MTDT-RSMR,-33.8138436,150.7896949,139
D-MTDT-RSMR,-33.8141377,150.7917495,140
D-MTDT-RSMR,-33.8143194,150.7925995,141
D-MTDT-RSMR,-33.8145447,150.7934897,142
D-MTDT-RSMR,-33.8146784,150.7940182,143
D-MTDT-RSMR,-33.8147704,150.7943816,144
D-MTDT-RSMR,-33.8148008,150.7945018,145
D-MTDT-RSMR,-33.8149701,150.795066,146
D-MTDT-RSMR,-33.815123,150.7955326,147
D-MTDT-RSMR,-33.8152954,150.7960104,148
D-MTDT-RSMR,-33.8154289,150.7963921,149
D-MTDT-RSMR,-33.8155357,150.7967879,150
D-MTDT-RSMR,-33.8155984,150.7970275,151
D-MTDT-RSMR,-33.8157057,150.7969837,152
D-MTDT-RSMR,-33.8174929,150.7962696,153
D-MTDT-RSMR,-33.8176567,150.7968986,154
D-MTDT-RSMR,-33.8176558,150.7998292,155
D-MTDT-RSMR,-33.8176544,150.8045898,156
D-MTDT-RSMR,-33.8176589,150.8046891,157
D-MTDT-RSMR,-33.81767,150.8048098,158
D-MTDT-RSMR,-33.8176901,150.8049251,159
D-MTDT-RSMR,-33.8177101,150.8050217,160
D-MTDT-RSMR,-33.8177347,150.805129,161
D-MTDT-RSMR,-33.8177614,150.8052228,162
D-MTDT-RSMR,-33.8177948,150.8053275,163
D-MTDT-RSMR,-33.817826,150.8054294,164
D-MTDT-RSMR,-33.817855,150.8055367,165
D-MTDT-RSMR,-33.817875,150.8056493,166
D-MTDT-RSMR,-33.8178884,150.8057673,167
D-MTDT-RSMR,-33.8178973,150.8059256,168
D-MTDT-RSMR,-33.8179018,150.8071111,169
D-MTDT-RSMR,-33.8179753,150.8073391,170
D-MTDT-RSMR,-33.8234723244,150.8044028169,171
D-MTDT-RSMR,-33.8488996131,150.7999988481,172
D-MTDT-RSMR,-33.8486093948,150.7975929666,173
D-MTDT-RSMR,-33.8726979672,150.79341733299998,174
D-MTDT-RSMR,-33.87938918,150.7922569506,175
D-MTDT-RSMR,-33.8804351,150.7921182,176
D-MTDT-RSMR,-33.8804351,150.7921182,177
D-MTDT-RSMR,-33.8805742,150.7927635,178
D-MTDT-RSMR,-33.8844595603,150.7919622295,179
D-MTDT-RSMR,-33.885052176799995,150.79187765790002,180
D-MTDT-RSMR,-33.8858908466,150.7917119863,181
D-MTDT-RSMR,-33.8866616341,150.7915671015,182
D-MTDT-RSMR,-33.8872367406,150.79147455950002,183
D-MTDT-RSMR,-33.8885430832,150.79123054459998,184
D-MTDT-RSMR,-33.8898941908,150.79101331020001,185
D-MTDT-RSMR,-33.8912405987,150.7907465787,186
D-MTDT-RSMR,-33.8938965,150.7902204,187
D-MTDT-RSMR,-33.8953953,150.7899355,188
D-MTDT-RSMR,-33.8981112464,150.7894313259,189
D-MTDT-RSMR,-33.9021197,150.7886849,190
D-MTDT-RSMR,-33.9064769,150.7878428,191
D-MTDT-RSMR,-33.9083313545,150.7874858266,192
D-MTDT-RSMR,-33.9090526937,150.7872019342,193
D-MTDT-RSMR,-33.9096301669,150.7870900277,194
D-MTDT-RSMR,-33.9100147,150.7870202,195
D-MTDT-RSMR,-33.910832491,150.7868570298,196
D-MTDT-RSMR,-33.911623511500004,150.7867037337,197
D-MTDT-RSMR,-33.9121829643,150.7865953124,198
D-MTDT-RSMR,-33.9134898728,150.78634202840001,199
D-MTDT-RSMR,-33.914837027800004,150.786080935,200
D-MTDT-RSMR,-33.916184181599995,150.7858198322,201
D-MTDT-RSMR,-33.9174910868,150.7855665211,202
D-MTDT-RSMR,-33.9180505375,150.78545808270002,203
D-MTDT-RSMR,-33.918841554299995,150.785304757,204
D-MTDT-RSMR,-33.9190314962,150.7852679391,205
D-MTDT-RSMR,-33.9192065287,150.78523401110002,206
D-MTDT-RSMR,-33.9193815613,150.7852000832,207
D-MTDT-RSMR,-33.9195236049,150.78517254969998,208
D-MTDT-RSMR,-33.9196647057,150.785145199,209
D-MTDT-RSMR,-33.9206213406,150.7849597623,210
D-MTDT-RSMR,-33.9234437778,150.7844825209,211
D-MTDT-RSMR,-33.9244013386,150.7843040912,212
D-MTDT-RSMR,-33.925225285799996,150.7841505551,213
D-MTDT-RSMR,-33.926577056999996,150.7838986555,214
D-MTDT-RSMR,-33.929233671599995,150.7834035738,215
D-MTDT-RSMR,-33.9332420478,150.78265651200002,216
D-MTDT-RSMR,-33.9356451672,150.7822085906,217
D-MTDT-RSMR,-33.9369325814,150.7822689548,218
D-MTDT-RSMR,-33.9371263273,150.783874472,219
D-MTDT-RSMR,-33.9411409262,150.7831771249,220
D-MTDT-RSMR,-33.9414315242,150.7855855258,221
D-MTDT-RSMR,-33.9467843327,150.7846557568,222
D-MTDT-RSMR,-33.9469293883,150.7847616581,223
D-MTDT-RSMR,-33.947228,150.7847,224
D-MTDT-RSMR,-33.9474432,150.784654,225
D-MTDT-RSMR,-33.9477157,150.7845886,226
D-MTDT-RSMR,-33.9480473,150.7845089,227
D-MTDT-RSMR,-33.9481225323,150.7844232934,228
D-MTDT-RSMR,-33.9479287856,150.7828175693,229
D-MTDT-RSMR,-33.9506051739,150.7823525686,230
D-MTDT-RSMR,-33.950411398600004,150.7807468044,231
C-STCK-STMR,-33.947502286799995,150.7566613585,1
C-STCK-STMR,-33.9483755088,150.7638867919,2
C-STCK-STMR,-33.9456992122,150.764352351,3
C-STCK-STMR,-33.9449038394,150.7645220148,4
C-STCK-STMR,-33.9443610624,150.7645851179,5
C-STCK-STMR,-33.943022911599996,150.7648178762,6
C-STCK-STMR,-33.941684759699996,150.76505062610002,7
C-STCK-STMR,-33.9390084531,150.76551610040002,8
C-STCK-STMR,-33.9392024176,150.76712160579999,9
C-STCK-STMR,-33.9351879382,150.7678196809,10
C-STCK-STMR,-33.93382379,150.7683202874,11
C-STCK-STMR,-33.9314422542,150.76876456969998,12
C-STCK-STMR,-33.9274339869,150.7695122575,13
C-STCK-STMR,-33.9260855736,150.7697637672,14
C-STCK-STMR,-33.9234257098,150.7702598647,15
C-STCK-STMR,-33.9216442501,150.7705921086,16
C-STCK-STMR,-33.9204681029,150.77037863729998,17
C-STCK-STMR,-33.919129930100006,150.7706112189,18
C-STCK-STMR,-33.9186706223,150.7704866836,19
C-STCK-STMR,-33.9177140153,150.77067227540002,20
C-STCK-STMR,-33.9168908878,150.7708319669,21
C-STCK-STMR,-33.9160998941,150.7709854209,22
C-STCK-STMR,-33.9155404596,150.7710939501,23
C-STCK-STMR,-33.9142335925,150.7713474731,24
C-STCK-STMR,-33.9128864779,150.7716087944,25
C-STCK-STMR,-33.9115393621,150.7718701062,26
C-STCK-STMR,-33.9102324916,150.77212360209998,27
C-STCK-STMR,-33.9096730551,150.7722321142,28
C-STCK-STMR,-33.9088820577,150.7723855385,29
C-STCK-STMR,-33.9080589256,150.7725451923,30
C-STCK-STMR,-33.9071023121,150.7727307314,31
C-STCK-STMR,-33.906294158099996,150.7729677671,32
C-STCK-STMR,-33.9049968004,150.7732282506,33
C-STCK-STMR,-33.904174417600004,150.77339336379998,34
C-STCK-STMR,-33.9033841395,150.7735520278,35
C-STCK-STMR,-33.9028252111,150.7736642416,36
C-STCK-STMR,-33.9015195262,150.77392637219998,37
C-STCK-STMR,-33.9001736301,150.7741965658,38
C-STCK-STMR,-33.8988277329,150.7744667497,39
C-STCK-STMR,-33.8975220445,150.7747288523,40
C-STCK-STMR,-33.896963114,150.7748410487,41
C-STCK-STMR,-33.896172832,150.7749996822,42
C-STCK-STMR,-33.8953504444,150.7751647566,43
C-STCK-STMR,-33.8943946961,150.7753565953,44
C-STCK-STMR,-33.8940576361,150.77561909989998,45
C-STCK-STMR,-33.8938013626,150.77583100569998,46
C-STCK-STMR,-33.8934860722,150.7760642376,47
C-STCK-STMR,-33.892809967800005,150.77618614,48
C-STCK-STMR,-33.8919872722,150.7763491376,49
C-STCK-STMR,-33.8911966935,150.77650576850002,50
C-STCK-STMR,-33.8906375525,150.7766165446,51
C-STCK-STMR,-33.8893313709,150.7768753163,52
C-STCK-STMR,-33.887984963,150.7771420478,53
C-STCK-STMR,-33.8866338555,150.7773592822,54
C-STCK-STMR,-33.8853275128,150.7776032971,55
C-STCK-STMR,-33.8847524064,150.7776958391,56
C-STCK-STMR,-33.8839816189,150.7778407239,57
C-STCK-STMR,-33.8831429491,150.7780063955,58
C-STCK-STMR,-33.882550332600005,150.77809096709998,59
C-STCK-STMR,-33.881757573,150.77792230469998,60
C-STCK-STMR,-33.8809260747,150.7780666603,61
C-STCK-STMR,-33.8804193692,150.778154629,62
C-STCK-STMR,-33.8796933936,150.7782806603,63
C-STCK-STMR,-33.8790811643,150.7783869449,64
C-STCK-STMR,-33.8777429585,150.7786192523,65
C-STCK-STMR,-33.8772234137,150.7787101725,66
C-STCK-STMR,-33.8764047516,150.77885155139998,67
C-STCK-STMR,-33.8764047516,150.77885155139998,68
C-STCK-STMR,-33.8750665438,150.77908384190002,69
C-STCK-STMR,-33.872390125100004,150.7795483977,70
C-STCK-STMR,-33.8718087977,150.7747355283,71
C-STCK-STMR,-33.8624413843,150.7763617158,72
C-STCK-STMR,-33.8613696986,150.7768804559,73
C-STCK-STMR,-33.8612000633,150.7773960374,74
C-STCK-STMR,-33.8424650479,150.7806468851,75
C-STCK-STMR,-33.8429587,150.7811494,76
C-STCK-STMR,-33.8426042,150.7811227,77
C-STCK-STMR,-33.8420873,150.7811227,78
C-STCK-STMR,-33.8393649,150.7810261,79
C-STCK-STMR,-33.8354616,150.7809054,80
C-STCK-STMR,-33.834967,150.7808813,81
C-STCK-STMR,-33.8333785,150.7809349,82
C-STCK-STMR,-33.8315894,150.7809993,83
C-STCK-STMR,-33.8312342,150.7809939,84
C-STCK-STMR,-33.8310056,150.7809778,85
C-STCK-STMR,-33.8307949,150.7809356,86
C-STCK-STMR,-33.8305266,150.780852,87
C-STCK-STMR,-33.8303402,150.78077,88
C-STCK-STMR,-33.8301044,150.7806496,89
C-STCK-STMR,-33.8281697,150.7795112,90
C-STCK-STMR,-33.8272572,150.7789681,91
C-STCK-STMR,-33.8269587,150.7787911,92
C-STCK-STMR,-33.8262508,150.7782688,93
C-STCK-STMR,-33.8259562,150.7780762,94
C-STCK-STMR,-33.8255708,150.7778321,95
C-STCK-STMR,-33.8252956,150.7776754,96
C-STCK-STMR,-33.8251921,150.7776165,97
C-STCK-STMR,-33.8248189,150.7774099,98
C-STCK-STMR,-33.8241436,150.7770428,99
C-STCK-STMR,-33.823593,150.7767839,100
C-STCK-STMR,-33.823093,150.7765903,101
C-STCK-STMR,-33.8227596,150.776436,102
C-STCK-STMR,-33.8224943,150.7763234,103
C-STCK-STMR,-33.8221949,150.7762143,104
C-STCK-STMR,-33.8219044,150.7761371,105
C-STCK-STMR,-33.8211685,150.776046,106
C-STCK-STMR,-33.8207566,150.7759997,107
C-STCK-STMR,-33.8205373,150.7759751,108
C-STCK-STMR,-33.8201879,150.7759358,109
C-STCK-STMR,-33.8196711,150.7759117,110
C-STCK-STMR,-33.8190397,150.775909,111
C-STCK-STMR,-33.8177948,150.775893,112
C-STCK-STMR,-33.8174087,150.7758878,113
C-STCK-STMR,-33.8155227,150.7758628,114
C-STCK-STMR,-33.8143395,150.7758522,115
C-STCK-STMR,-33.8135169,150.7758343,116
C-STCK-STMR,-33.8131225,150.775809,117
C-STCK-STMR,-33.812851,150.7757756,118
C-STCK-STMR,-33.81254,150.7757013,119
C-STCK-STMR,-33.8122446,150.7756003,120
C-STCK-STMR,-33.8118787,150.7754191,121
C-STCK-STMR,-33.8115226,150.7751905,122
C-STCK-STMR,-33.8052557,150.7706465,123
C-STCK-STMR,-33.8037802,150.7695745,124
C-STCK-STMR,-33.8035076,150.7693804,125
C-STCK-STMR,-33.803344,150.769264,126
C-STCK-STMR,-33.8028015,150.7688803,127
C-STCK-STMR,-33.8024966,150.7686914,128
C-STCK-STMR,-33.8022507,150.7685795,129
C-STCK-STMR,-33.8019922,150.7684834,130
C-STCK-STMR,-33.8015353,150.7683359,131
C-STCK-STMR,-33.8009923,150.7682454,132
C-STCK-STMR,-33.8004576,150.7682519,133
C-STCK-STMR,-33.8001797,150.7682924,134
C-STCK-STMR,-33.7997388,150.7683681,135
C-STCK-STMR,-33.7989321,150.7685115,136
C-STCK-STMR,-33.798149,150.7686473,137
C-STCK-STMR,-33.7965929,150.7689282,138
C-STCK-STMR,-33.7950575,150.7691948,139
C-STCK-STMR,-33.7914522,150.7698363,140
C-STCK-STMR,-33.7901607,150.770044,141
C-STCK-STMR,-33.7898135,150.7701032,142
C-STCK-STMR,-33.7882885,150.770363,143
C-STCK-STMR,-33.7877715,150.7704234,144
C-STCK-STMR,-33.7875277,150.7703976,145
C-STCK-STMR,-33.7873444,150.7703928,146
C-STCK-STMR,-33.7871198,150.7703988,147
C-STCK-STMR,-33.7869264,150.7704146,148
C-STCK-STMR,-33.7862576,150.7705255,149
C-STCK-STMR,-33.7853478,150.7706912,150
C-STCK-STMR,-33.7850924,150.7707368,151
C-STCK-STMR,-33.7838059,150.770967,152
C-STCK-STMR,-33.7836457,150.7709956,153
C-STCK-STMR,-33.7832948,150.7710804,154
C-STCK-STMR,-33.7832003,150.7711032,155
C-STCK-STMR,-33.7831376,150.7711183,156
C-STCK-STMR,-33.7829201,150.7711709,157
C-STCK-STMR,-33.7825161,150.7712842,158
C-STCK-STMR,-33.7822063,150.7713688,159
C-STCK-STMR,-33.7818758,150.7714374,160
C-STCK-STMR,-33.7811302,150.7715724,161
C-STCK-STMR,-33.7806016,150.7716466,162
C-STCK-STMR,-33.7798903,150.7717729,163
C-STCK-STMR,-33.7793726,150.7718934,164
C-STCK-STMR,-33.7776208,150.7721965,165
C-STCK-STMR,-33.7773373,150.772247,166
C-STCK-STMR,-33.7751068,150.7726547,167
C-STCK-STMR,-33.774999,150.7726736,168
C-STCK-STMR,-33.7742765,150.7727939,169
C-STCK-STMR,-33.7732125,150.772982,170
C-STCK-STMR,-33.7719499,150.7731703,171
C-STCK-STMR,-33.7706979,150.7733701,172
C-STCK-STMR,-33.7700607,150.7734661,173
C-STCK-STMR,-33.7699457,150.7734854,174
C-STCK-STMR,-33.769061,150.7736463,175
C-STCK-STMR,-33.7689847,150.7736602,176
C-STCK-STMR,-33.7673185,150.7739255,177
C-STCK-STMR,-33.7667411,150.7740153,178
C-STCK-STMR,-33.7657519,150.7741934,179
C-STCK-STMR,-33.7642451,150.7744627,180
C-STCK-STMR,-33.7641816,150.774469,181
C-STCK-STMR,-33.7636438,150.7745584,182
C-STCK-STMR,-33.762875,150.7746846,183
C-STCK-STMR,-33.7626024,150.774734,184
C-STCK-STMR,-33.7625583,150.7747848,185
C-STCK-STMR,-33.7625548,150.7748137,186
C-STCK-STMR,-33.7625718,150.7749496,187
C-STCK-STMR,-33.7626725,150.7755454,188
C-STCK-STMR,-33.7625678,150.7757141,189
C-STCK-STMR,-33.7625265,150.7758066,190
C-STCK-STMR,-33.7626469,150.7766032,191
C-STMR-STCK,-33.7628314441,150.7764851661,1
C-STMR-STCK,-33.7626725,150.7755454,2
C-STMR-STCK,-33.7625718,150.7749496,3
C-STMR-STCK,-33.7625548,150.7748137,4
C-STMR-STCK,-33.7625583,150.7747848,5
C-STMR-STCK,-33.7626024,150.774734,6
C-STMR-STCK,-33.762875,150.7746846,7
C-STMR-STCK,-33.7636438,150.7745584,8
C-STMR-STCK,-33.7641816,150.774469,9
C-STMR-STCK,-33.7657519,150.7741934,10
C-STMR-STCK,-33.7667411,150.7740153,11
C-STMR-STCK,-33.7673185,150.7739255,12
C-STMR-STCK,-33.7683281,150.7737796,13
C-STMR-STCK,-33.7689847,150.7736602,14
C-STMR-STCK,-33.769061,150.7736463,15
C-STMR-STCK,-33.7699457,150.7734854,16
C-STMR-STCK,-33.7700607,150.7734661,17
C-STMR-STCK,-33.7706979,150.7733701,18
C-STMR-STCK,-33.7719499,150.7731703,19
C-STMR-STCK,-33.7732125,150.772982,20
C-STMR-STCK,-33.7742765,150.7727939,21
C-STMR-STCK,-33.774999,150.7726736,22
C-STMR-STCK,-33.7751068,150.7726547,23
C-STMR-STCK,-33.7773373,150.772247,24
C-STMR-STCK,-33.7776208,150.7721965,25
C-STMR-STCK,-33.7793726,150.7718934,26
C-STMR-STCK,-33.7806162,150.7717623,27
C-STMR-STCK,-33.7815556,150.7716503,28
C-STMR-STCK,-33.7823282,150.7714905,29
C-STMR-STCK,-33.7830574,150.7713153,30
C-STMR-STCK,-33.7833209,150.771252,31
C-STMR-STCK,-33.7838231,150.7711313,32
C-STMR-STCK,-33.7845412,150.7709951,33
C-STMR-STCK,-33.7846375,150.7709802,34
C-STMR-STCK,-33.7851291,150.7709008,35
C-STMR-STCK,-33.7852167,150.7708866,36
C-STMR-STCK,-33.7855119,150.7708331,37
C-STMR-STCK,-33.7864389142,150.7706650182,38
C-STMR-STCK,-33.7877715,150.7704234,39
C-STMR-STCK,-33.7882885,150.770363,40
C-STMR-STCK,-33.7898135,150.7701032,41
C-STMR-STCK,-33.7914522,150.7698363,42
C-STMR-STCK,-33.7950575,150.7691948,43
C-STMR-STCK,-33.7965929,150.7689282,44
C-STMR-STCK,-33.798149,150.7686473,45
C-STMR-STCK,-33.7989321,150.7685115,46
C-STMR-STCK,-33.7997388,150.7683681,47
C-STMR-STCK,-33.8001797,150.7682924,48
C-STMR-STCK,-33.8004576,150.7682519,49
C-STMR-STCK,-33.800742,150.7682342,50
C-STMR-STCK,-33.8009923,150.7682454,51
C-STMR-STCK,-33.8015353,150.7683359,52
C-STMR-STCK,-33.8019922,150.7684834,53
C-STMR-STCK,-33.8022507,150.7685795,54
C-STMR-STCK,-33.8024966,150.7686914,55
C-STMR-STCK,-33.8028015,150.7688803,56
C-STMR-STCK,-33.803344,150.769264,57
C-STMR-STCK,-33.8035076,150.7693804,58
C-STMR-STCK,-33.8037802,150.7695745,59
C-STMR-STCK,-33.8052557,150.7706465,60
C-STMR-STCK,-33.8115226,150.7751905,61
C-STMR-STCK,-33.8118787,150.7754191,62
C-STMR-STCK,-33.8122446,150.7756003,63
C-STMR-STCK,-33.81254,150.7757013,64
C-STMR-STCK,-33.812851,150.7757756,65
C-STMR-STCK,-33.8131225,150.775809,66
C-STMR-STCK,-33.8135169,150.7758343,67
C-STMR-STCK,-33.8143395,150.7758522,68
C-STMR-STCK,-33.8155227,150.7758628,69
C-STMR-STCK,-33.8161409,150.7759173,70
C-STMR-STCK,-33.8168992,150.7759993,71
C-STMR-STCK,-33.8171253,150.776013,72
C-STMR-STCK,-33.8174419,150.776022,73
C-STMR-STCK,-33.8176029,150.7760266,74
C-STMR-STCK,-33.8178012,150.7760264,75
C-STMR-STCK,-33.8178703,150.776026,76
C-STMR-STCK,-33.818563,150.7760222,77
C-STMR-STCK,-33.8196024,150.7760321,78
C-STMR-STCK,-33.8199297,150.7760353,79
C-STMR-STCK,-33.8201659,150.7760501,80
C-STMR-STCK,-33.8204819,150.7760855,81
C-STMR-STCK,-33.8206619,150.7761055,82
C-STMR-STCK,-33.8209767,150.7761405,83
C-STMR-STCK,-33.82191,150.7762457,84
C-STMR-STCK,-33.8224943,150.7763234,85
C-STMR-STCK,-33.8227596,150.776436,86
C-STMR-STCK,-33.823093,150.7765903,87
C-STMR-STCK,-33.8235821,150.7768541,88
C-STMR-STCK,-33.8243625,150.7773041,89
C-STMR-STCK,-33.8249858,150.7776478,90
C-STMR-STCK,-33.8253132,150.777834,91
C-STMR-STCK,-33.8259156,150.7781774,92
C-STMR-STCK,-33.8262241,150.7783629,93
C-STMR-STCK,-33.8269587,150.7787911,94
C-STMR-STCK,-33.8272572,150.7789681,95
C-STMR-STCK,-33.8281697,150.7795112,96
C-STMR-STCK,-33.8301044,150.7806496,97
C-STMR-STCK,-33.8303402,150.78077,98
C-STMR-STCK,-33.8305266,150.780852,99
C-STMR-STCK,-33.8307949,150.7809356,100
C-STMR-STCK,-33.8310056,150.7809778,101
C-STMR-STCK,-33.8312342,150.7809939,102
C-STMR-STCK,-33.831463,150.7810043,103
C-STMR-STCK,-33.8315894,150.7809993,104
C-STMR-STCK,-33.8333785,150.7809349,105
C-STMR-STCK,-33.834967,150.7808813,106
C-STMR-STCK,-33.8393649,150.7810261,107
C-STMR-STCK,-33.8420873,150.7811227,108
C-STMR-STCK,-33.8426042,150.7811227,109
C-STMR-STCK,-33.8429587,150.7811494,110
C-STMR-STCK,-33.8424650479,150.7806468851,111
C-STMR-STCK,-33.8451414907,150.7801825795,112
C-STMR-STCK,-33.8612000633,150.7773960374,113
C-STMR-STCK,-33.8613696986,150.7768804559,114
C-STMR-STCK,-33.8624413843,150.7763617158,115
C-STMR-STCK,-33.8718087977,150.7747355283,116
C-STMR-STCK,-33.872390125100004,150.7795483977,117
C-STMR-STCK,-33.8750665438,150.77908384190002,118
C-STMR-STCK,-33.8764047516,150.77885155139998,119
C-STMR-STCK,-33.8764047516,150.77885155139998,120
C-STMR-STCK,-33.8772234137,150.7787101725,121
C-STMR-STCK,-33.8777429585,150.7786192523,122
C-STMR-STCK,-33.8790811643,150.7783869449,123
C-STMR-STCK,-33.8796933936,150.7782806603,124
C-STMR-STCK,-33.8804193692,150.778154629,125
C-STMR-STCK,-33.8809260747,150.7780666603,126
C-STMR-STCK,-33.881757573,150.77792230469998,127
C-STMR-STCK,-33.882550332600005,150.77809096709998,128
C-STMR-STCK,-33.8831429491,150.7780063955,129
C-STMR-STCK,-33.8839816189,150.7778407239,130
C-STMR-STCK,-33.8847524064,150.7776958391,131
C-STMR-STCK,-33.8853275128,150.7776032971,132
C-STMR-STCK,-33.8866338555,150.7773592822,133
C-STMR-STCK,-33.887984963,150.7771420478,134
C-STMR-STCK,-33.8893313709,150.7768753163,135
C-STMR-STCK,-33.8906375525,150.7766165446,136
C-STMR-STCK,-33.8911966935,150.77650576850002,137
C-STMR-STCK,-33.8919872722,150.7763491376,138
C-STMR-STCK,-33.892809967800005,150.77618614,139
C-STMR-STCK,-33.8934860722,150.7760642376,140
C-STMR-STCK,-33.8938013626,150.77583100569998,141
C-STMR-STCK,-33.8943946961,150.7753565953,142
C-STMR-STCK,-33.8953504444,150.7751647566,143
C-STMR-STCK,-33.8957823683,150.7750780583,144
C-STMR-STCK,-33.896172832,150.7749996822,145
C-STMR-STCK,-33.9001736301,150.7741965658,146
C-STMR-STCK,-33.9015195262,150.77392637219998,147
C-STMR-STCK,-33.9028252111,150.7736642416,148
C-STMR-STCK,-33.9033841395,150.7735520278,149
C-STMR-STCK,-33.904174417600004,150.77339336379998,150
C-STMR-STCK,-33.9049968004,150.7732282506,151
C-STMR-STCK,-33.9055471969,150.773117742,152
C-STMR-STCK,-33.906294158099996,150.7729677671,153
C-STMR-STCK,-33.9071023121,150.7727307314,154
C-STMR-STCK,-33.9080589256,150.7725451923,155
C-STMR-STCK,-33.9088820577,150.7723855385,156
C-STMR-STCK,-33.9096730551,150.7722321142,157
C-STMR-STCK,-33.9102324916,150.77212360209998,158
C-STMR-STCK,-33.9115393621,150.7718701062,159
C-STMR-STCK,-33.9128864779,150.7716087944,160
C-STMR-STCK,-33.9142335925,150.7713474731,161
C-STMR-STCK,-33.9155404596,150.7710939501,162
C-STMR-STCK,-33.9160998941,150.7709854209,163
C-STMR-STCK,-33.9168908878,150.7708319669,164
C-STMR-STCK,-33.9177140153,150.77067227540002,165
C-STMR-STCK,-33.9186706223,150.7704866836,166
C-STMR-STCK,-33.919129930100006,150.7706112189,167
C-STMR-STCK,-33.9204681029,150.77037863729998,168
C-STMR-STCK,-33.9216442501,150.7705921086,169
C-STMR-STCK,-33.9234257098,150.7702598647,170
C-STMR-STCK,-33.9274339869,150.7695122575,171
C-STMR-STCK,-33.9314422542,150.76876456969998,172
C-STMR-STCK,-33.93382379,150.7683202874,173
C-STMR-STCK,-33.9351879382,150.7678196809,174
C-STMR-STCK,-33.9392024176,150.76712160579999,175
C-STMR-STCK,-33.9390084531,150.76551610040002,176
C-STMR-STCK,-33.9443610624,150.7645851179,177
C-STMR-STCK,-33.9449038394,150.7645220148,178
C-STMR-STCK,-33.9456992122,150.764352351,179
C-STMR-STCK,-33.9483755088,150.7638867919,180
C-STMR-STCK,-33.947502286799995,150.7566613585,181
B-AERO-BPRK,-33.9204773695,150.7351680982,1
B-AERO-BPRK,-33.920373692800005,150.7344149589,2
B-AERO-BPRK,-33.920261654499996,150.7336010793,3
B-AERO-BPRK,-33.920169306700004,150.7329302833,4
B-AERO-BPRK,-33.9200387283,150.7319818359,5
B-AERO-BPRK,-33.919902837600006,150.7309948614,6
B-AERO-BPRK,-33.9197487244,150.72987561120001,7
B-AERO-BPRK,-33.9196284015,150.7295524233,8
B-AERO-BPRK,-33.9182903316,150.7297856362,9
B-AERO-BPRK,-33.9169522606,150.73001884069998,10
B-AERO-BPRK,-33.9156141887,150.7302520366,11
B-AERO-BPRK,-33.914276115700005,150.730485224,12
B-AERO-BPRK,-33.9129380418,150.730718403,13
B-AERO-BPRK,-33.9130352425,150.7315208587,14
B-AERO-BPRK,-33.9131324381,150.7323233167,15
B-AERO-BPRK,-33.9117943591,150.7325564628,16
B-AERO-BPRK,-33.9104562792,150.73278960049998,17
B-AERO-BPRK,-33.909118198200005,150.7330227297,18
B-AERO-BPRK,-33.9077801162,150.7332558504,19
B-AERO-BPRK,-33.9064420332,150.7334889627,20
B-AERO-BPRK,-33.905103949099995,150.7337220664,21
B-AERO-BPRK,-33.9052011275,150.7345244537,22
B-AERO-BPRK,-33.9052983008,150.7353268433,23
B-AERO-BPRK,-33.9039602118,150.7355599142,24
B-AERO-BPRK,-33.9026221186,150.735792973,25
B-AERO-BPRK,-33.901284030700005,150.7360260308,26
B-AERO-BPRK,-33.8999459386,150.7362590763,27
B-AERO-BPRK,-33.900043098699996,150.7370614195,28
B-AERO-BPRK,-33.8990278,150.7381634,29
B-AERO-BPRK,-33.898743,150.7382517,30
B-AERO-BPRK,-33.8968396,150.7386975,31
B-AERO-BPRK,-33.8954892,150.7390003,32
B-AERO-BPRK,-33.8939289,150.7391462,33
B-AERO-BPRK,-33.892929,150.7393262,34
B-AERO-BPRK,-33.8902436,150.7399018,35
B-AERO-BPRK,-33.8870367,150.740604,36
B-AERO-BPRK,-33.8833728,150.7413744,37
B-AERO-BPRK,-33.8814497,150.7417659,38
B-AERO-BPRK,-33.8846815079,150.736318826,39
B-BPRK-AERO,-33.8846815079,150.736318826,1
B-BPRK-AERO,-33.8814497,150.7417659,2
B-BPRK-AERO,-33.8833728,150.7413744,3
B-BPRK-AERO,-33.8870367,150.740604,4
B-BPRK-AERO,-33.8902436,150.7399018,5
B-BPRK-AERO,-33.892929,150.7393262,6
B-BPRK-AERO,-33.8939289,150.7391462,7
B-BPRK-AERO,-33.8946058,150.7390776,8
B-BPRK-AERO,-33.8954892,150.7390003,9
B-BPRK-AERO,-33.8968396,150.7386975,10
B-BPRK-AERO,-33.898743,150.7382517,11
B-BPRK-AERO,-33.8990278,150.7381634,12
B-BPRK-AERO,-33.900043098699996,150.7370614195,13
B-BPRK-AERO,-33.8999459386,150.7362590763,14
B-BPRK-AERO,-33.901284030700005,150.7360260308,15
B-BPRK-AERO,-33.9026221186,150.735792973,16
B-BPRK-AERO,-33.9039602118,150.7355599142,17
B-BPRK-AERO,-33.9052983008,150.7353268433,18
B-BPRK-AERO,-33.9052011275,150.7345244537,19
B-BPRK-AERO,-33.905103949099995,150.7337220664,20
B-BPRK-AERO,-33.9064420332,150.7334889627,21
B-BPRK-AERO,-33.9077801162,150.7332558504,22
B-BPRK-AERO,-33.909118198200005,150.7330227297,23
B-BPRK-AERO,-33.9104562792,150.73278960049998,24
B-BPRK-AERO,-33.9117943591,150.7325564628,25
B-BPRK-AERO,-33.9131324381,150.7323233167,26
B-BPRK-AERO,-33.9130352425,150.7315208587,27
B-BPRK-AERO,-33.9129380418,150.730718403,28
B-BPRK-AERO,-33.914276115700005,150.730485224,29
B-BPRK-AERO,-33.9156141887,150.7302520366,30
B-BPRK-AERO,-33.9169522606,150.73001884069998,31
B-BPRK-AERO,-33.9182903316,150.7297856362,32
B-BPRK-AERO,-33.9196284015,150.7295524233,33
B-BPRK-AERO,-33.9197487244,150.72987561120001,34
B-BPRK-AERO,-33.919902837600006,150.7309948614,35
B-BPRK-AERO,-33.9200387283,150.7319818359,36
B-BPRK-AERO,-33.920169306700004,150.7329302833,37
B-BPRK-AERO,-33.920261654499996,150.7336010793,38
B-BPRK-AERO,-33.920373692800005,150.7344149589,39
B-BPRK-AERO,-33.9204773695,150.7351680982,40
