name,vertex_index,vertex_part,vertex_part_index,distance,angle,shape_pt_lat,shape_pt_lon
Liverpool-MG,"0","0","0",0.00000000000000,277.74665359607661,-33.9229662000,150.9268797000
Liverpool-MG,"1","0","1",0.00151936608161,277.72729297340641,-33.9227614000,150.9253742000
Liverpool-MG,"2","0","2",0.00199728424405,277.56779540816729,-33.9226973000,150.9249006000
Liverpool-MG,"3","0","3",0.00318313486701,234.27597425446572,-33.9225440000,150.9237247000
Liverpool-MG,"4","0","4",0.00510188636995,191.63669082488920,-33.9244267000,150.9233545000
Liverpool-MG,"5","0","5",0.00529337509024,194.02663870839197,-33.9246139000,150.9233142000
Liverpool-MG,"6","0","6",0.00546525440837,204.71776983965310,-33.9247792000,150.9232671000
Liverpool-MG,"7","0","7",0.00559541530882,225.41728094625455,-33.9248877000,150.9231952000
Liverpool-MG,"8","0","8",0.00668817248674,236.32251145615172,-33.9254780000,150.9222756000
Liverpool-MG,"9","0","9",0.00771739921100,234.58149748245296,-33.9260633000,150.9214290000
Liverpool-MG,"10","0","10",0.00866588820412,228.20384733567596,-33.9266232000,150.9206634000
Liverpool-MG,"11","0","11",0.00887410371747,220.30645753591247,-33.9267765000,150.9205225000
Liverpool-MG,"12","0","12",0.00908318630880,219.12670320615970,-33.9269412000,150.9203937000
Liverpool-MG,"13","0","13",0.00919111151439,221.64942886558637,-33.9270236000,150.9203240000
Liverpool-MG,"14","0","14",0.00934032481809,229.67639910352020,-33.9271326000,150.9202221000
Liverpool-MG,"15","0","15",0.00950479344730,240.68118524138279,-33.9272239000,150.9200853000
Liverpool-MG,"16","0","16",0.00965265858856,243.26964004942212,-33.9272862000,150.9199512000
Liverpool-MG,"17","0","17",0.01002080036830,241.28438227069958,-33.9274621000,150.9196278000
Liverpool-MG,"18","0","18",0.01015865554595,238.19095611958488,-33.9275287000,150.9195071000
Liverpool-MG,"19","0","19",0.01040492744856,233.13223185561665,-33.9276690000,150.9193047000
Liverpool-MG,"20","0","20",0.01069138660793,230.65431581833192,-33.9278493000,150.9190821000
Liverpool-MG,"21","0","21",0.01114098911015,229.06175269001417,-33.9281364000,150.9187361000
Liverpool-MG,"22","0","22",0.01154509097851,230.99858490141671,-33.9284078000,150.9184367000
Liverpool-MG,"23","0","23",0.01183734087156,236.54124104002108,-33.9285788000,150.9181997000
Liverpool-MG,"24","0","24",0.01197515756141,242.25880498584519,-33.9286500000,150.9180817000
Liverpool-MG,"25","0","25",0.01216366148709,252.64635391404053,-33.9287278000,150.9179100000
Liverpool-MG,"26","0","26",0.01255175348650,263.52174176156365,-33.9287974000,150.9175282000
Liverpool-MG,"27","0","27",0.01278099408066,270.03256375487001,-33.9288079000,150.9172992000
Liverpool-MG,"28","0","28",0.01309203692335,277.08329195352758,-33.9287933000,150.9169885000
Liverpool-MG,"29","0","29",0.01318214675227,281.57244883977376,-33.9287753717,150.9169001917
Liverpool-MG,"30","0","30",0.01331180404583,281.49381109237947,-33.9287491482,150.9167732140
Liverpool-MG,"31","0","31",0.01347050476415,278.49972404124424,-33.9287180000,150.9166176000
Liverpool-MG,"32","0","32",0.01445654695387,276.80974011032708,-33.9286204000,150.9156364000
Liverpool-MG,"33","0","33",0.01682191715323,275.20398083954353,-33.9282937000,150.9132937000
Liverpool-MG,"34","0","34",0.01720957702993,274.68623727248223,-33.9282770000,150.9129064000
Liverpool-MG,"35","0","35",0.01778696303599,277.32400263525068,-33.9282076000,150.9123332000
Liverpool-MG,"36","0","36",0.01885036257520,275.60766879892020,-33.9280643000,150.9112795000
Liverpool-MG,"37","0","37",0.01972747138260,274.40490561760396,-33.9280112000,150.9104040000
Liverpool-MG,"38","0","38",0.02020464155139,276.49383882255972,-33.9279668000,150.9099289000
Liverpool-MG,"39","0","39",0.02118587170280,277.69948848105003,-33.9278362000,150.9089564000
Liverpool-MG,"40","0","40",0.02142909349458,277.23695008717743,-33.9278034000,150.9087154000
Liverpool-MG,"41","0","41",0.02162383280750,277.14868787256484,-33.9277806000,150.9085220000
Liverpool-MG,"42","0","42",0.02213216754959,279.03659334057875,-33.9277136000,150.9080181000
Liverpool-MG,"43","0","43",0.02344921918108,280.50336509143045,-33.9274736000,150.9067231000
Liverpool-MG,"44","0","44",0.02377823627791,278.88056244350537,-33.9274136000,150.9063996000
Liverpool-MG,"45","0","45",0.02498680897741,277.32652306053700,-33.9272610000,150.9052007000
Liverpool-MG,"46","0","46",0.02693039351377,277.97462179237334,-33.9270107000,150.9032733000
Liverpool-MG,"47","0","47",0.02709249502518,278.19620614011984,-33.9269866000,150.9031130000
Liverpool-MG,"48","0","48",0.02941057583701,278.45726498896153,-33.9266703000,150.9008166000
Liverpool-MG,"49","0","49",0.02972197118055,278.54193303172974,-33.9266212000,150.9005091000
Liverpool-MG,"50","0","50",0.02996161017986,278.37205047646120,-33.9265878000,150.9002718000
Liverpool-MG,"51","0","51",0.03018226796925,275.10640953318426,-33.9265543000,150.9000537000
Liverpool-MG,"52","0","52",0.03048416874761,270.60614240375241,-33.9265465000,150.8997519000
Liverpool-MG,"53","0","53",0.03071917132207,268.45475440373963,-33.9265476000,150.8995169000
Liverpool-MG,"54","0","54",0.03155388378755,270.35272408067095,-33.9265887000,150.8986832000
Liverpool-MG,"55","0","55",0.03183341346397,273.35959498278794,-33.9265715000,150.8984042000
Liverpool-MG,"56","0","56",0.03240820491309,273.68868252325046,-33.9265395000,150.8978303000
Liverpool-MG,"57","0","57",0.03268494312875,273.66599692085083,-33.9265193000,150.8975543000
Liverpool-MG,"58","0","58",0.03291088365192,271.43632841383589,-33.9265069000,150.8973287000
Liverpool-MG,"59","0","59",0.03309948579931,267.42094019286822,-33.9265078000,150.8971401000
Liverpool-MG,"60","0","60",0.03339425638800,262.80025916460460,-33.9265329000,150.8968464000
Liverpool-MG,"61","0","61",0.03373545018927,260.26530868492347,-33.9265893000,150.8965099000
Liverpool-MG,"62","0","62",0.03381007364404,260.03487732461696,-33.9266022000,150.8964364000
Liverpool-MG,"63","0","63",0.03768932207120,260.09907959587633,-33.9272742000,150.8926158000
Liverpool-MG,"64","0","64",0.03809832212013,260.16820227996078,-33.9273440000,150.8922128000
Liverpool-MG,"65","0","65",0.03866840426336,262.14179980275082,-33.9274414000,150.8916511000
Liverpool-MG,"66","0","66",0.03897984229887,264.12128289767804,-33.9274733000,150.8913413000
Liverpool-MG,"67","0","67",0.03954712538520,265.15222069975204,-33.9275314000,150.8907770000
Liverpool-MG,"68","0","68",0.03967180196687,265.58672450294586,-33.9275397000,150.8906526000
Liverpool-MG,"69","0","69",0.03975311254419,261.30341841008749,-33.9275468000,150.8905716000
Liverpool-MG,"70","0","70",0.04002729182862,262.50020941460588,-33.9276056000,150.8903038000
Liverpool-MG,"71","0","71",0.04038005941503,269.28312468644543,-33.9276217000,150.8899514000
Liverpool-MG,"72","0","72",0.04084055741720,271.39814693798445,-33.9276122000,150.8894910000
Liverpool-MG,"73","0","73",0.04108195321253,270.79142334595929,-33.9276054000,150.8892497000
Liverpool-MG,"74","0","74",0.04217815337674,269.40576553118336,-33.9276060000,150.8881535000
Liverpool-MG,"75","0","75",0.04269315839611,268.84212065638638,-33.9276164000,150.8876386000
Liverpool-MG,"76","0","76",0.04343991107942,269.48352081654480,-33.9276315000,150.8868920000
Liverpool-MG,"77","0","77",0.04430601316341,269.02950198680117,-33.9276296000,150.8860259000
Liverpool-MG,"78","0","78",0.04556493205277,266.41192621106319,-33.9276750000,150.8847678000
Liverpool-MG,"79","0","79",0.04629141883871,265.15244477041313,-33.9277397000,150.8840442000
Liverpool-MG,"80","0","80",0.04670042810507,266.15478439961055,-33.9277724000,150.8836365000
Liverpool-MG,"81","0","81",0.04776759454007,267.91544046919978,-33.9278302000,150.8825709000
Liverpool-MG,"82","0","82",0.04813905862984,269.90148309473153,-33.9278371000,150.8821995000
Liverpool-MG,"83","0","83",0.04872042523537,270.74419454078583,-33.9278283000,150.8816182000
Liverpool-MG,"84","0","84",0.04968908214573,269.72100713425141,-33.9278178000,150.8806496000
Liverpool-MG,"85","0","85",0.05242026042626,268.71925359472743,-33.9278740000,150.8779190000
Liverpool-MG,"86","0","86",0.05382126820637,269.14986162365000,-33.9279078000,150.8765184000
Liverpool-MG,"87","0","87",0.05452427902417,269.26624661496970,-33.9279117000,150.8758154000
Liverpool-MG,"88","0","88",0.05517220945259,269.37619352710743,-33.9279247000,150.8751676000
Liverpool-MG,"89","0","89",0.05569861022195,272.58639314192334,-33.9279256000,150.8746412000
Liverpool-MG,"90","0","90",0.05625596687619,276.48568378585361,-33.9278744000,150.8740862000
Liverpool-MG,"91","0","91",0.05642388116978,278.54905445362164,-33.9278519000,150.8739198000
Liverpool-MG,"92","0","92",0.05668539080632,280.55019455326578,-33.9278092000,150.8736618000
Liverpool-MG,"93","0","93",0.05674257961641,281.52312406523538,-33.9277976000,150.8736058000
Liverpool-MG,"94","0","94",0.05697797785345,281.54231845273438,-33.9277513000,150.8733750000
Liverpool-MG,"95","0","95",0.05754065099126,281.98935984856348,-33.9276368000,150.8728241000
Liverpool-MG,"96","0","96",0.05815490837217,283.50736812078003,-33.9275066000,150.8722238000
Liverpool-MG,"97","0","97",0.05875123208463,284.28680164793673,-33.9273545000,150.8716472000
Liverpool-MG,"98","0","98",0.05896551418839,283.78534992033320,-33.9273034000,150.8714391000
Liverpool-MG,"99","0","99",0.05914065099208,284.69710229265792,-33.9272617000,150.8712690000
Liverpool-MG,"100","0","100",0.05972077522872,286.12371179195253,-33.9271055000,150.8707103000
Liverpool-MG,"101","0","101",0.06034142798996,287.69464030766159,-33.9269279000,150.8701156000
Liverpool-MG,"102","0","102",0.06109010939753,288.05983798343681,-33.9266871000,150.8694067000
Liverpool-MG,"103","0","103",0.06177489509390,286.10799165324772,-33.9264828000,150.8687531000
Liverpool-MG,"104","0","104",0.06229746758648,281.21766663496874,-33.9263488000,150.8682480000
Liverpool-MG,"105","0","105",0.06273579519226,276.60074016261791,-33.9262910000,150.8678135000
Liverpool-MG,"106","0","106",0.06332251953984,274.26009453885644,-33.9262335000,150.8672296000
Liverpool-MG,"107","0","107",0.06395983350483,272.52766670460653,-33.9262013000,150.8665931000
Liverpool-MG,"108","0","108",0.06413765976830,271.22795703732839,-33.9261946000,150.8664154000
Liverpool-MG,"109","0","109",0.06456256546376,269.46375786750309,-33.9261924000,150.8659905000
Liverpool-MG,"110","0","110",0.06498108494962,267.33645021438184,-33.9262024000,150.8655721000
Liverpool-MG,"111","0","111",0.06533603150893,265.40708674742723,-33.9262269000,150.8652180000
Liverpool-MG,"112","0","112",0.06614268703641,264.83885004715057,-33.9263004000,150.8644147000
Liverpool-MG,"113","0","113",0.06728911577383,265.57654713448642,-33.9264022000,150.8632728000
Liverpool-MG,"114","0","114",0.06804393403009,265.47702790610236,-33.9264516000,150.8625196000
Liverpool-MG,"115","0","115",0.06869862614858,265.29847933257258,-33.9265120000,150.8618677000
Liverpool-MG,"116","0","116",0.07006193144450,266.95586962926814,-33.9266097000,150.8605079000
Liverpool-MG,"117","0","117",0.07074543899387,268.14316283963910,-33.9266333000,150.8598248000
Liverpool-MG,"118","0","118",0.07098654952868,269.22071180063705,-33.9266406000,150.8595838000
Liverpool-MG,"119","0","119",0.07160365245367,270.05640503431061,-33.9266387000,150.8589667000
Liverpool-MG,"120","0","120",0.07250455300867,271.77761435658346,-33.9266397000,150.8580658000
Liverpool-MG,"121","0","121",0.07307649343388,274.26470678194522,-33.9266036000,150.8574950000
Liverpool-MG,"122","0","122",0.07355896434492,275.76289083991765,-33.9265623000,150.8570143000
Liverpool-MG,"123","0","123",0.07484281188260,277.53490640362423,-33.9264144000,150.8557390000
Liverpool-MG,"124","0","124",0.07577666036066,279.41814753225327,-33.9262771000,150.8548153000
Liverpool-MG,"125","0","125",0.07712401774831,281.76370046304822,-33.9260343000,150.8534900000
Liverpool-MG,"126","0","126",0.07977847846565,283.05681384282843,-33.9254306000,150.8509051000
Liverpool-MG,"127","0","127",0.08040546928695,282.98630883511970,-33.9252899000,150.8502941000
Liverpool-MG,"128","0","128",0.08100094224190,286.48229339249031,-33.9251559000,150.8497139000
Liverpool-MG,"129","0","129",0.08154874787344,291.97139101898756,-33.9249689000,150.8491990000
Liverpool-MG,"130","0","130",0.08183364387202,294.56582357652314,-33.9248531000,150.8489387000
Liverpool-MG,"131","0","131",0.08223531967412,296.57648036202357,-33.9246824000,150.8485751000
Liverpool-MG,"132","0","132",0.08234393739826,298.58771023525412,-33.9246314000,150.8484792000
Liverpool-MG,"133","0","133",0.08250622017615,342.13966486913461,-33.9245523000,150.8483375000
Liverpool-MG,"134","0","134",0.08269970260429,23.85495631606060,-33.9243771000,150.8484196000
Liverpool-MG,"135","0","135",0.08277281799255,22.57242103231163,-33.9243096000,150.8484477000
Liverpool-MG,"136","0","136",0.08295071046006,23.91716875030347,-33.9241453000,150.8485159000
Liverpool-MG,"137","0","137",0.08333294893274,26.87789651516704,-33.9237997000,150.8486792000
Liverpool-MG,"138","0","138",0.08361493788644,28.52137049433488,-33.9235518000,150.8488136000
Liverpool-MG,"139","0","139",0.08391283184408,29.87733400044813,-33.9232902000,150.8489561000
Liverpool-MG,"140","0","140",0.08457811373921,30.74003863709336,-33.9227210000,150.8493005000
Liverpool-MG,"141","0","141",0.08504998911470,34.25619796446238,-33.9223136000,150.8495386000
Liverpool-MG,"142","0","142",0.08581179709578,40.39368027422721,-33.9217150000,150.8500098000
Liverpool-MG,"143","0","143",0.08653482295977,42.19380579102069,-33.9211826000,150.8504990000
Liverpool-MG,"144","0","144",0.08667582654127,350.47165271235264,-33.9210775000,150.8505930000
Liverpool-MG,"145","0","145",0.08681549758338,300.64537408342272,-33.9210095000,150.8504710000
Liverpool-MG,"146","0","146",0.08704866612756,300.61689373374935,-33.9208854000,150.8502736000
Liverpool-MG,"147","0","147",0.08722006895717,295.21120355495771,-33.9208021000,150.8501238000
Liverpool-MG,"148","0","148",0.08739260396812,290.80259608572584,-33.9207393000,150.8499631000
Liverpool-MG,"149","0","149",0.08758522115322,284.06869664402740,-33.9206726000,150.8497824000
Liverpool-MG,"150","0","150",0.08809159939128,295.62167913039104,-33.9206032000,150.8492808000
Liverpool-MG,"151","0","151",0.08896204820083,315.37707009695384,-33.9200055000,150.8486480000
Liverpool-MG,"152","0","152",0.08912156860703,312.19761106742794,-33.9198881000,150.8485400000
Liverpool-MG,"153","0","153",0.08984426776784,292.54275407041808,-33.9194530966,150.8479628812
Liverpool-MG,"154","0","154",0.09009115811774,278.24890859040130,-33.9194184019,150.8477184408
Liverpool-MG,"155","0","155",0.09053275606526,277.80785397288673,-33.9193537434,150.8472816021
Liverpool-MG,"156","0","156",0.09084748815150,276.09511894651075,-33.9193143176,150.8469693491
Liverpool-MG,"157","0","157",0.09118037395085,304.98855449286924,-33.9192853394,150.8466377270
Liverpool-MG,"158","0","158",0.09122273330954,352.28812039357865,-33.9192469540,150.8466198139
Liverpool-MG,"159","0","159",0.09177553546787,8.63604903574357,-33.9187018822,150.8467119387
Liverpool-MG,"160","0","160",0.09223516325507,348.17513547212951,-33.9182463762,150.8467733552
Liverpool-MG,"161","0","161",0.09230406704312,321.25108390338636,-33.9181875187,150.8467375289
Liverpool-MG,"162","0","162",0.09265880330885,313.96970984751431,-33.9179418526,150.8464816267
Liverpool-MG,"163","0","163",0.09300772495634,314.89992453600837,-33.9176989961,150.8462310931
Liverpool-MG,"164","0","164",0.09371584419244,315.18995150420517,-33.9171922755,150.8457364548
Liverpool-MG,"165","0","165",0.09469267335101,316.57813060595277,-33.9165053171,150.8450419886
Liverpool-MG,"166","0","166",0.09526818460422,318.10994780078198,-33.9160745000,150.8446604000
Liverpool-MG,"167","0","167",0.09575856312132,317.08684357803617,-33.9157115000,150.8443307000
Liverpool-MG,"168","0","168",0.09604361487101,311.45499040778293,-33.9155050000,150.8441342000
Liverpool-MG,"169","0","169",0.09664288154461,339.22597356069122,-33.9151486389,150.8436524041
Liverpool-MG,"170","0","170",0.09741436367903,7.72171901297285,-33.9143939132,150.8438123222
Liverpool-MG,"171","0","171",0.09756304778730,8.23246074083496,-33.9142455033,150.8438213475
Liverpool-MG,"172","0","172",0.09783990587892,325.89512218770903,-33.9139757246,150.8438835558
Liverpool-MG,"173","0","173",0.09859850248714,326.78452424875530,-33.9138596000,150.8431339000
Liverpool-MG,"174","0","174",0.09894618107434,11.98922865005070,-33.9135234000,150.8432225000
Liverpool-MG,"175","0","175",0.09910979247370,3.41360845014319,-33.9133619000,150.8432487000
Liverpool-MG,"176","0","176",0.09925862167110,351.93531325494325,-33.9132132000,150.8432425000
Liverpool-MG,"177","0","177",0.09941438010587,345.99548193345555,-33.9130619000,150.8432055000
Liverpool-MG,"178","0","178",0.10028678783737,345.72655486909571,-33.9122164000,150.8429905000
Liverpool-MG,"179","0","179",0.10042949708725,345.41119594644215,-33.9120781000,150.8429553000
Liverpool-MG,"180","0","180",0.10069398784323,345.80155019184986,-33.9118225000,150.8428873000
Liverpool-MG,"181","0","181",0.10103799124438,349.68443334020003,-33.9114880000,150.8428070000
Liverpool-MG,"182","0","182",0.10123693055673,359.78546979063344,-33.9112906000,150.8427823000
Liverpool-MG,"183","0","183",0.10143568920434,8.61420014167815,-33.9110932000,150.8428055000
Liverpool-MG,"184","0","184",0.10159608801981,359.71775187173068,-33.9109355000,150.8428348000
Liverpool-MG,"185","0","185",0.10165223648409,355.97707143418057,-33.9108804000,150.8428240000
Liverpool-MG,"186","0","186",0.10179724107027,357.91160849818584,-33.9107356000,150.8428317000
Liverpool-MG,"187","0","187",0.10181951773964,352.82362953361292,-33.9107135000,150.8428289000
Liverpool-MG,"188","0","188",0.10192100296026,337.54350088432568,-33.9106128000,150.8428163000
Liverpool-MG,"189","0","189",0.10194238566356,328.31874575410137,-33.9105959000,150.8428032000
Liverpool-MG,"190","0","190",0.10196322888788,341.11271815312296,-33.9105771000,150.8427942000
Liverpool-MG,"191","0","191",0.10198358816090,354.47351476611124,-33.9105572000,150.8427899000
Liverpool-MG,"192","0","192",0.10200369214068,6.22499831570602,-33.9105371000,150.8427903000
Liverpool-MG,"193","0","193",0.10201389017965,14.43173869949051,-33.9105271000,150.8427923000
Liverpool-MG,"194","0","194",0.10202416879825,21.06755967505514,-33.9105173000,150.8427954000
Liverpool-MG,"195","0","195",0.10203450562563,27.63337379051662,-33.9105079000,150.8427997000
Liverpool-MG,"196","0","196",0.10204508721338,33.88383499787200,-33.9104988000,150.8428051000
Liverpool-MG,"197","0","197",0.10205586728760,39.92566118669640,-33.9104902000,150.8428116000
Liverpool-MG,"198","0","198",0.10206676499377,45.71830672882315,-33.9104822000,150.8428190000
Liverpool-MG,"199","0","199",0.10207781850001,51.30170091395106,-33.9104749000,150.8428273000
Liverpool-MG,"200","0","200",0.10208919962475,56.57118997452034,-33.9104682000,150.8428365000
Liverpool-MG,"201","0","201",0.10210072438071,61.87171051053941,-33.9104623000,150.8428464000
Liverpool-MG,"202","0","202",0.10211235408404,49.07349864091261,-33.9104573000,150.8428569000
Liverpool-MG,"203","0","203",0.10217215082308,29.24001522222926,-33.9104075000,150.8428900000
Liverpool-MG,"204","0","204",0.10221447575666,25.01015795569291,-33.9103691000,150.8429078000
Liverpool-MG,"205","0","205",0.10230506411128,23.53429165576808,-33.9102871000,150.8429463000
Liverpool-MG,"206","0","206",0.10242374224710,16.46206784929268,-33.9101770000,150.8429906000
Liverpool-MG,"207","0","207",0.10277887433521,10.93780367615898,-33.9098284000,150.8430584000
Liverpool-MG,"208","0","208",0.10312834400485,12.12646395228526,-33.9094852000,150.8431243000
Liverpool-MG,"209","0","209",0.10333485223712,11.43507833020413,-33.9092843000,150.8431721000
Liverpool-MG,"210","0","210",0.10352839918233,9.50351909271204,-33.9090934000,150.8432040000
Liverpool-MG,"211","0","211",0.10362573987270,16.00784577689311,-33.9089974000,150.8432201000
Liverpool-MG,"212","0","212",0.10376374019880,26.67434510681672,-33.9088699000,150.8432729000
Liverpool-MG,"213","0","213",0.10484984275379,35.70896794761234,-33.9079375000,150.8438299000
Liverpool-MG,"214","0","214",0.10488367306565,35.93384244298118,-33.9079118000,150.8438519000
Liverpool-MG,"215","0","215",0.10501686120325,22.85886820492447,-33.9077980000,150.8439211000
Liverpool-MG,"216","0","216",0.10532537324515,17.23382483939786,-33.9074992000,150.8439979000
Liverpool-MG,"217","0","217",0.10560534645815,32.80028904756392,-33.9072362000,150.8440939000
Liverpool-MG,"218","0","218",0.10597532161949,54.53901755639423,-33.9069771000,150.8443580000
Liverpool-MG,"219","0","219",0.10648483277732,69.49084134066881,-33.9067500000,150.8448141000
Liverpool-MG,"220","0","220",0.10747167696469,75.45118231117532,-33.9065021000,150.8457693000
MG-Miller-Cartwright-Liverpool,"0","0","0",0.00000000000000,75.34158886243456,-33.9065021000,150.8457693000
MG-Miller-Cartwright-Liverpool,"1","0","1",0.00015411622239,66.47725864353944,-33.9064631000,150.8459184000
MG-Miller-Cartwright-Liverpool,"2","0","2",0.00043098321204,57.50416703009500,-33.9063148000,150.8461522000
MG-Miller-Cartwright-Liverpool,"3","0","3",0.00044415970650,51.65239310253321,-33.9063077000,150.8461633000
MG-Miller-Cartwright-Liverpool,"4","0","4",0.00056445372105,56.48243505118342,-33.9062240000,150.8462497000
MG-Miller-Cartwright-Liverpool,"5","0","5",0.00064781486214,67.05548953220989,-33.9061915025,150.8463264658
MG-Miller-Cartwright-Liverpool,"6","0","6",0.00099908588495,67.05548949112602,-33.9060545632,150.8466499453
MG-Miller-Cartwright-Liverpool,"7","0","7",0.00125903124333,67.05548949010928,-33.9059532263,150.8468893245
MG-Miller-Cartwright-Liverpool,"8","0","8",0.00162745540042,84.81458989081382,-33.9058096000,150.8472286000
MG-Miller-Cartwright-Liverpool,"9","0","9",0.00182130451700,117.10710439599276,-33.9058518000,150.8474178000
MG-Miller-Cartwright-Liverpool,"10","0","10",0.00209400926577,133.91635056195483,-33.9060330000,150.8476216000
MG-Miller-Cartwright-Liverpool,"11","0","11",0.00254601905551,127.81379947379281,-33.9063592000,150.8479345000
MG-Miller-Cartwright-Liverpool,"12","0","12",0.00275499582455,109.19920752533226,-33.9064619000,150.8481165000
MG-Miller-Cartwright-Liverpool,"13","0","13",0.00290968470585,90.06406165468201,-33.9064860000,150.8482693000
MG-Miller-Cartwright-Liverpool,"14","0","14",0.00314538122684,79.46283945575716,-33.9064498000,150.8485022000
MG-Miller-Cartwright-Liverpool,"15","0","15",0.00391425765383,78.52513515573285,-33.9062868000,150.8492536000
MG-Miller-Cartwright-Liverpool,"16","0","16",0.00418222580492,79.28518886452025,-33.9062370000,150.8495169000
MG-Miller-Cartwright-Liverpool,"17","0","17",0.00454943355254,79.28266244303063,-33.9061687000,150.8498777000
MG-Miller-Cartwright-Liverpool,"18","0","18",0.00585530393284,73.28158251293583,-33.9059259000,150.8511608000
MG-Miller-Cartwright-Liverpool,"19","0","19",0.00597672720079,65.26165525656104,-33.9058790000,150.8512728000
MG-Miller-Cartwright-Liverpool,"20","0","20",0.00605758386409,65.93589569117918,-33.9058426000,150.8513450000
MG-Miller-Cartwright-Liverpool,"21","0","21",0.00615444525990,55.58647552087498,-33.9058073000,150.8514352000
MG-Miller-Cartwright-Liverpool,"22","0","22",0.00616435384204,45.57362322790113,-33.9058000000,150.8514419000
MG-Miller-Cartwright-Liverpool,"23","0","23",0.00617448547567,51.36921463548617,-33.9057933000,150.8514495000
MG-Miller-Cartwright-Liverpool,"24","0","24",0.00618472705763,56.58669723464461,-33.9057873000,150.8514578000
MG-Miller-Cartwright-Liverpool,"25","0","25",0.00619522277099,61.96070422973547,-33.9057819000,150.8514668000
MG-Miller-Cartwright-Liverpool,"26","0","26",0.00620582512922,67.03918707562821,-33.9057774000,150.8514764000
MG-Miller-Cartwright-Liverpool,"27","0","27",0.00621652279251,71.62390656210754,-33.9057736000,150.8514864000
MG-Miller-Cartwright-Liverpool,"28","0","28",0.00622744295735,76.73364138284478,-33.9057706000,150.8514969000
MG-Miller-Cartwright-Liverpool,"29","0","29",0.00623832826854,81.59342479919786,-33.9057686000,150.8515076000
MG-Miller-Cartwright-Liverpool,"30","0","30",0.00624939352950,86.10597303793597,-33.9057674000,150.8515186000
MG-Miller-Cartwright-Liverpool,"31","0","31",0.00626039761965,90.77995280020623,-33.9057671000,150.8515296000
MG-Miller-Cartwright-Liverpool,"32","0","32",0.00627141397113,95.47882775353256,-33.9057677000,150.8515406000
MG-Miller-Cartwright-Liverpool,"33","0","33",0.00628241669807,100.23883869149483,-33.9057692000,150.8515515000
MG-Miller-Cartwright-Liverpool,"34","0","34",0.00629338255416,104.95055330901238,-33.9057716000,150.8515622000
MG-Miller-Cartwright-Liverpool,"35","0","35",0.00630416819278,109.87771287661599,-33.9057748000,150.8515725000
MG-Miller-Cartwright-Liverpool,"36","0","36",0.00631488360225,98.64873949093786,-33.9057789000,150.8515824000
MG-Miller-Cartwright-Liverpool,"37","0","37",0.00642855123175,90.28319073529582,-33.9057686000,150.8516956000
MG-Miller-Cartwright-Liverpool,"38","0","38",0.00654303031281,91.62271270168223,-33.9057801000,150.8518095000
MG-Miller-Cartwright-Liverpool,"39","0","39",0.00666584908173,83.18235680673915,-33.9057747000,150.8519322000
MG-Miller-Cartwright-Liverpool,"40","0","40",0.00858872004203,79.74256491741367,-33.9054040000,150.8538190000
MG-Miller-Cartwright-Liverpool,"41","0","41",0.00885874554084,81.82785188699917,-33.9053599000,150.8540854000
MG-Miller-Cartwright-Liverpool,"42","0","42",0.00914655716321,85.16530378343046,-33.9053251000,150.8543711000
MG-Miller-Cartwright-Liverpool,"43","0","43",0.00930854027967,89.52264464231459,-33.9053174000,150.8545329000
MG-Miller-Cartwright-Liverpool,"44","0","44",0.00961288547841,95.76714427982986,-33.9053268000,150.8548371000
MG-Miller-Cartwright-Liverpool,"45","0","45",0.00975321840399,103.33444018281254,-33.9053506000,150.8549754000
MG-Miller-Cartwright-Liverpool,"46","0","46",0.00991898088471,109.87208658140450,-33.9053988000,150.8551340000
MG-Miller-Cartwright-Liverpool,"47","0","47",0.01135269143411,113.02270727542310,-33.9059553000,150.8564553000
MG-Miller-Cartwright-Liverpool,"48","0","48",0.01198309362335,129.93533569730229,-33.9062037000,150.8570347000
MG-Miller-Cartwright-Liverpool,"49","0","49",0.01205024137089,127.10524693292123,-33.9062598000,150.8570716000
MG-Miller-Cartwright-Liverpool,"50","0","50",0.01230897847687,101.09758718436190,-33.9063378000,150.8573183000
MG-Miller-Cartwright-Liverpool,"51","0","51",0.01296403421488,92.92126281542592,-33.9063909000,150.8579712000
MG-Miller-Cartwright-Liverpool,"52","0","52",0.01338672582832,84.33205851779928,-33.9063997000,150.8583938000
MG-Miller-Cartwright-Liverpool,"53","0","53",0.01346324804726,72.30587205842689,-33.9063831000,150.8584685000
MG-Miller-Cartwright-Liverpool,"54","0","54",0.01353867178355,28.21371464107747,-33.9063538000,150.8585380000
MG-Miller-Cartwright-Liverpool,"55","0","55",0.01354996868575,352.61864777642035,-33.9063427000,150.8585359000
MG-Miller-Cartwright-Liverpool,"56","0","56",0.01356129696895,359.25328394525587,-33.9063314000,150.8585351000
MG-Miller-Cartwright-Liverpool,"57","0","57",0.01357250812410,6.09215309794765,-33.9063202000,150.8585356000
MG-Miller-Cartwright-Liverpool,"58","0","58",0.01358386814172,12.99461688750320,-33.9063090000,150.8585375000
MG-Miller-Cartwright-Liverpool,"59","0","59",0.01359522815932,19.45206916555923,-33.9062981000,150.8585407000
MG-Miller-Cartwright-Liverpool,"60","0","60",0.01360670509271,25.75155896712682,-33.9062875000,150.8585451000
MG-Miller-Cartwright-Liverpool,"61","0","61",0.01361847709341,32.19291434032873,-33.9062772000,150.8585508000
MG-Miller-Cartwright-Liverpool,"62","0","62",0.01363038087427,38.19403062410204,-33.9062675000,150.8585577000
MG-Miller-Cartwright-Liverpool,"63","0","63",0.01364243160042,43.96861178304759,-33.9062584000,150.8585656000
MG-Miller-Cartwright-Liverpool,"64","0","64",0.01365474257114,49.87005002387097,-33.9062500000,150.8585746000
MG-Miller-Cartwright-Liverpool,"65","0","65",0.01366730282592,55.28471606578590,-33.9062424000,150.8585846000
MG-Miller-Cartwright-Liverpool,"66","0","66",0.01368006527083,60.42271785465161,-33.9062356000,150.8585954000
MG-Miller-Cartwright-Liverpool,"67","0","67",0.01369307949381,65.57941693224110,-33.9062297000,150.8586070000
MG-Miller-Cartwright-Liverpool,"68","0","68",0.01370622673686,70.52332149298955,-33.9062248000,150.8586192000
MG-Miller-Cartwright-Liverpool,"69","0","69",0.01371951206713,75.43204716760714,-33.9062209000,150.8586319000
MG-Miller-Cartwright-Liverpool,"70","0","70",0.01373290796201,80.14223231891172,-33.9062181000,150.8586450000
MG-Miller-Cartwright-Liverpool,"71","0","71",0.01374642831704,84.91161606368055,-33.9062163000,150.8586584000
MG-Miller-Cartwright-Liverpool,"72","0","72",0.01376004154586,89.58551964204430,-33.9062157000,150.8586720000
MG-Miller-Cartwright-Liverpool,"73","0","73",0.01377354747053,94.25310317064891,-33.9062161000,150.8586855000
MG-Miller-Cartwright-Liverpool,"74","0","74",0.01378704265486,98.97597002418416,-33.9062177000,150.8586989000
MG-Miller-Cartwright-Liverpool,"75","0","75",0.01380049627889,103.63274432561410,-33.9062203000,150.8587121000
MG-Miller-Cartwright-Liverpool,"76","0","76",0.01381382031733,108.51757322064820,-33.9062240000,150.8587249000
MG-Miller-Cartwright-Liverpool,"77","0","77",0.01382698770128,113.44347081946049,-33.9062287000,150.8587372000
MG-Miller-Cartwright-Liverpool,"78","0","78",0.01384000230844,118.46907518246394,-33.9062344000,150.8587489000
MG-Miller-Cartwright-Liverpool,"79","0","79",0.01385283040266,123.78019273799880,-33.9062410000,150.8587599000
MG-Miller-Cartwright-Liverpool,"80","0","80",0.01386541054570,129.32629137030480,-33.9062485000,150.8587700000
MG-Miller-Cartwright-Liverpool,"81","0","81",0.01387780126803,134.85947717928903,-33.9062568000,150.8587792000
MG-Miller-Cartwright-Liverpool,"82","0","82",0.01388997665305,140.58849424760669,-33.9062658000,150.8587874000
MG-Miller-Cartwright-Liverpool,"83","0","83",0.01390191692108,146.61114593341975,-33.9062754000,150.8587945000
MG-Miller-Cartwright-Liverpool,"84","0","84",0.01391361392923,152.89799337155773,-33.9062855000,150.8588004000
MG-Miller-Cartwright-Liverpool,"85","0","85",0.01392520918685,159.30645407716779,-33.9062961000,150.8588051000
MG-Miller-Cartwright-Liverpool,"86","0","86",0.01393653173075,165.95278513414777,-33.9063069000,150.8588085000
MG-Miller-Cartwright-Liverpool,"87","0","87",0.01394792690518,172.64736397921737,-33.9063181000,150.8588106000
MG-Miller-Cartwright-Liverpool,"88","0","88",0.01395915544025,179.23526662119846,-33.9063293000,150.8588114000
MG-Miller-Cartwright-Liverpool,"89","0","89",0.01397036659541,186.09215310391292,-33.9063405000,150.8588109000
MG-Miller-Cartwright-Liverpool,"90","0","90",0.01398172661301,192.99461674917063,-33.9063517000,150.8588090000
MG-Miller-Cartwright-Liverpool,"91","0","91",0.01399308663061,199.35713758652619,-33.9063626000,150.8588058000
MG-Miller-Cartwright-Liverpool,"92","0","92",0.01400465598669,205.77534191918167,-33.9063733000,150.8588014000
MG-Miller-Cartwright-Liverpool,"93","0","93",0.01401634059196,212.31162904854011,-33.9063835000,150.8587957000
MG-Miller-Cartwright-Liverpool,"94","0","94",0.01402824437286,198.79254093213481,-33.9063932000,150.8587888000
MG-Miller-Cartwright-Liverpool,"95","0","95",0.01408928771811,176.24970834175554,-33.9064542000,150.8587865000
MG-Miller-Cartwright-Liverpool,"96","0","96",0.01415126650482,166.78015155250532,-33.9065153000,150.8587969000
MG-Miller-Cartwright-Liverpool,"97","0","97",0.01427388754706,159.05929375974281,-33.9066327000,150.8588323000
MG-Miller-Cartwright-Liverpool,"98","0","98",0.01444549465644,151.29183067217895,-33.9067881000,150.8589051000
MG-Miller-Cartwright-Liverpool,"99","0","99",0.01464771339939,144.37766894739212,-33.9069590000,150.8590132000
MG-Miller-Cartwright-Liverpool,"100","0","100",0.01486303255786,139.57562457117433,-33.9071265000,150.8591485000
MG-Miller-Cartwright-Liverpool,"101","0","101",0.01523664219370,134.06823537254135,-33.9074045000,150.8593981000
MG-Miller-Cartwright-Liverpool,"102","0","102",0.01607095123117,130.23164637794892,-33.9079414000,150.8600367000
MG-Miller-Cartwright-Liverpool,"103","0","103",0.01659823624899,130.33185805472311,-33.9082832000,150.8604382000
MG-Miller-Cartwright-Liverpool,"104","0","104",0.01696329346368,130.25463623405386,-33.9085191000,150.8607168000
MG-Miller-Cartwright-Liverpool,"105","0","105",0.01731536723435,131.02337926569390,-33.9087466000,150.8609855000
MG-Miller-Cartwright-Liverpool,"106","0","106",0.01772365361669,129.90235457029249,-33.9090187000,150.8612899000
MG-Miller-Cartwright-Liverpool,"107","0","107",0.01777886457575,122.13370727437191,-33.9090527000,150.8613334000
MG-Miller-Cartwright-Liverpool,"108","0","108",0.01785346088934,99.69880178491795,-33.9090857000,150.8614003000
MG-Miller-Cartwright-Liverpool,"109","0","109",0.01788277061466,84.44393140487085,-33.9090822000,150.8614294000
MG-Miller-Cartwright-Liverpool,"110","0","110",0.01789490403959,88.10789527418605,-33.9090813000,150.8614415000
MG-Miller-Cartwright-Liverpool,"111","0","111",0.01790710444938,92.83202796423416,-33.9090814000,150.8614537000
MG-Miller-Cartwright-Liverpool,"112","0","112",0.01791925434657,97.32837554384359,-33.9090825000,150.8614658000
MG-Miller-Cartwright-Liverpool,"113","0","113",0.01793141987163,101.98124449613687,-33.9090845000,150.8614778000
MG-Miller-Cartwright-Liverpool,"114","0","114",0.01794340152424,107.07699543445636,-33.9090875000,150.8614894000
MG-Miller-Cartwright-Liverpool,"115","0","115",0.01795529437923,111.90736956028168,-33.9090915000,150.8615006000
MG-Miller-Cartwright-Liverpool,"116","0","116",0.01796702169780,116.79970237536867,-33.9090963000,150.8615113000
MG-Miller-Cartwright-Liverpool,"117","0","117",0.01797861911131,121.98657570941754,-33.9091020000,150.8615214000
MG-Miller-Cartwright-Liverpool,"118","0","118",0.01798990848678,127.23552239991741,-33.9091084000,150.8615307000
MG-Miller-Cartwright-Liverpool,"119","0","119",0.01800112454672,133.02259759402051,-33.9091156000,150.8615393000
MG-Miller-Cartwright-Liverpool,"120","0","120",0.01801208675453,138.93119319251292,-33.9091235000,150.8615469000
MG-Miller-Cartwright-Liverpool,"121","0","121",0.01802290987789,144.55803320367437,-33.9091320000,150.8615536000
MG-Miller-Cartwright-Liverpool,"122","0","122",0.01803347869999,150.64356832275681,-33.9091409000,150.8615593000
MG-Miller-Cartwright-Liverpool,"123","0","123",0.01804394388035,157.30414570254868,-33.9091503000,150.8615639000
MG-Miller-Cartwright-Liverpool,"124","0","124",0.01805422249895,145.02782454066812,-33.9091600000,150.8615673000
MG-Miller-Cartwright-Liverpool,"125","0","125",0.01818112348398,127.42302669201180,-33.9092405000,150.8616654000
MG-Miller-Cartwright-Liverpool,"126","0","126",0.01830674075982,120.19400911889828,-33.9093134000,150.8617677000
MG-Miller-Cartwright-Liverpool,"127","0","127",0.01844798473315,111.91730100132600,-33.9093729000,150.8618958000
MG-Miller-Cartwright-Liverpool,"128","0","128",0.01910456041042,108.63935802663708,-33.9095858000,150.8625169000
MG-Miller-Cartwright-Liverpool,"129","0","129",0.02009454394560,108.02833620461145,-33.9098976000,150.8634565000
MG-Miller-Cartwright-Liverpool,"130","0","130",0.02135930647676,111.82845100364105,-33.9102821000,150.8646614000
MG-Miller-Cartwright-Liverpool,"131","0","131",0.02150711885782,106.19337289830086,-33.9103468000,150.8647943000
MG-Miller-Cartwright-Liverpool,"132","0","132",0.02159048997313,96.86077166080972,-33.9103561344,150.8648771469
MG-Miller-Cartwright-Liverpool,"133","0","133",0.02169498847790,81.84370074678175,-33.9103694000,150.8649808000
MG-Miller-Cartwright-Liverpool,"134","0","134",0.02172270796558,72.93675449454132,-33.9103583000,150.8650062000
MG-Miller-Cartwright-Liverpool,"135","0","135",0.02175118672964,85.83707341430150,-33.9103531000,150.8650342000
MG-Miller-Cartwright-Liverpool,"136","0","136",0.02177990780204,98.61772995542852,-33.9103542000,150.8650629000
MG-Miller-Cartwright-Liverpool,"137","0","137",0.02181035069940,112.33213875378794,-33.9103621000,150.8650923000
MG-Miller-Cartwright-Liverpool,"138","0","138",0.02183968497970,127.45729387140860,-33.9103766000,150.8651178000
MG-Miller-Cartwright-Liverpool,"139","0","139",0.02186754534582,143.92740213024189,-33.9103964000,150.8651374000
MG-Miller-Cartwright-Liverpool,"140","0","140",0.02189402344996,162.86059591974154,-33.9104199000,150.8651496000
MG-Miller-Cartwright-Liverpool,"141","0","141",0.02191920280659,140.08702745918944,-33.9104449000,150.8651526000
MG-Miller-Cartwright-Liverpool,"142","0","142",0.02210064662711,104.33888857232886,-33.9104980000,150.8653261000
MG-Miller-Cartwright-Liverpool,"143","0","143",0.02317624614365,100.34529307676760,-33.9107154000,150.8663795000
MG-Miller-Cartwright-Liverpool,"144","0","144",0.02343748358354,97.66800869257638,-33.9107564000,150.8666375000
MG-Miller-Cartwright-Liverpool,"145","0","145",0.02360590273329,94.94841950441871,-33.9107749000,150.8668049000
MG-Miller-Cartwright-Liverpool,"146","0","146",0.02393484839745,92.20662691656116,-33.9107955000,150.8671332000
MG-Miller-Cartwright-Liverpool,"147","0","147",0.02574543508693,90.67320933807852,-33.9108215000,150.8689436000
MG-Miller-Cartwright-Liverpool,"148","0","148",0.02762751368258,90.20288186978408,-33.9108387000,150.8708256000
MG-Miller-Cartwright-Liverpool,"149","0","149",0.02835671522533,45.75723971972096,-33.9108372000,150.8715548000
MG-Miller-Cartwright-Liverpool,"150","0","150",0.02839533089572,12.73861925199156,-33.9107986000,150.8715559000
MG-Miller-Cartwright-Liverpool,"151","0","151",0.02843490917259,34.03533942049626,-33.9107624000,150.8715719000
MG-Miller-Cartwright-Liverpool,"152","0","152",0.02847677371607,53.27331079917573,-33.9107324000,150.8716011000
MG-Miller-Cartwright-Liverpool,"153","0","153",0.02852047474580,70.36909618737110,-33.9107121000,150.8716398000
MG-Miller-Cartwright-Liverpool,"154","0","154",0.02856579769805,86.21138557730296,-33.9107030000,150.8716842000
MG-Miller-Cartwright-Liverpool,"155","0","155",0.02861160959612,101.82962231856708,-33.9107062000,150.8717299000
MG-Miller-Cartwright-Liverpool,"156","0","156",0.02865620780231,118.16753607717041,-33.9107212000,150.8717719000
MG-Miller-Cartwright-Liverpool,"157","0","157",0.02869872803279,133.68617314536996,-33.9107466000,150.8718060000
MG-Miller-Cartwright-Liverpool,"158","0","158",0.02871940676579,148.33394118542193,-33.9107626000,150.8718191000
MG-Miller-Cartwright-Liverpool,"159","0","159",0.02875772595161,163.43609165462584,-33.9107976000,150.8718347000
MG-Miller-Cartwright-Liverpool,"160","0","160",0.02877352500222,178.18834787898552,-33.9108132000,150.8718372000
MG-Miller-Cartwright-Liverpool,"161","0","161",0.02879341595493,138.20749905979633,-33.9108330000,150.8718353000
MG-Miller-Cartwright-Liverpool,"162","0","162",0.02992256588299,90.56738185760236,-33.9108514000,150.8729643000
MG-Miller-Cartwright-Liverpool,"163","0","163",0.03072047079586,90.20840967012310,-33.9108542000,150.8737622000
MG-Miller-Cartwright-Liverpool,"164","0","164",0.03095947249038,90.46743758976578,-33.9108551000,150.8740012000
MG-Miller-Cartwright-Liverpool,"165","0","165",0.03158892206742,90.94017997108091,-33.9108630000,150.8746306000
MG-Miller-Cartwright-Liverpool,"166","0","166",0.03178136159040,90.39276863134270,-33.9108669000,150.8748230000
MG-Miller-Cartwright-Liverpool,"167","0","167",0.03193386486900,89.37880107502812,-33.9108659000,150.8749755000
MG-Miller-Cartwright-Liverpool,"168","0","168",0.03212558680311,140.74003964111091,-33.9108630000,150.8751672000
MG-Miller-Cartwright-Liverpool,"169","0","169",0.03226214521552,192.34049310642237,-33.9109964000,150.8751380000
MG-Miller-Cartwright-Liverpool,"170","0","170",0.03301584189854,192.08356583127821,-33.9117327000,150.8749770000
MG-Miller-Cartwright-Liverpool,"171","0","171",0.03470462906691,194.98270156684015,-33.9133856000,150.8746307000
MG-Miller-Cartwright-Liverpool,"172","0","172",0.03478849383900,152.56483240271012,-33.9134653000,150.8746046000
MG-Miller-Cartwright-Liverpool,"173","0","173",0.03481243981987,116.17982078325643,-33.9134723000,150.8746275000
MG-Miller-Cartwright-Liverpool,"174","0","174",0.03483524771320,135.91060704756683,-33.9134855000,150.8746461000
MG-Miller-Cartwright-Liverpool,"175","0","175",0.03485660374285,158.29045797458770,-33.9135033000,150.8746579000
MG-Miller-Cartwright-Liverpool,"176","0","176",0.03487700619368,182.28309978341923,-33.9135234000,150.8746614000
MG-Miller-Cartwright-Liverpool,"177","0","177",0.03489745246473,145.85197031112787,-33.9135432000,150.8746563000
MG-Miller-Cartwright-Liverpool,"178","0","178",0.03529786250452,98.51556892182720,-33.9135938000,150.8750535000
MG-Miller-Cartwright-Liverpool,"179","0","179",0.03566377064875,102.46124987550364,-33.9136559000,150.8754141000
MG-Miller-Cartwright-Liverpool,"180","0","180",0.03591054886906,108.27437881974367,-33.9137204000,150.8756523000
MG-Miller-Cartwright-Liverpool,"181","0","181",0.03606596115943,114.27744410442861,-33.9137771000,150.8757970000
MG-Miller-Cartwright-Liverpool,"182","0","182",0.03626927532519,121.02681015920899,-33.9138699000,150.8759779000
MG-Miller-Cartwright-Liverpool,"183","0","183",0.03642606834161,126.71000838154035,-33.9139596000,150.8761065000
MG-Miller-Cartwright-Liverpool,"184","0","184",0.03695895033607,128.52774315768443,-33.9142915000,150.8765234000
MG-Miller-Cartwright-Liverpool,"185","0","185",0.03734309189850,128.52897793521115,-33.9145308000,150.8768239000
MG-Miller-Cartwright-Liverpool,"186","0","186",0.03825435265701,128.04683152279517,-33.9150984000,150.8775368000
MG-Miller-Cartwright-Liverpool,"187","0","187",0.03913331778715,127.44699039585117,-33.9156343000,150.8782335000
MG-Miller-Cartwright-Liverpool,"188","0","188",0.03967029484438,127.32903626843496,-33.9159599000,150.8786605000
MG-Miller-Cartwright-Liverpool,"189","0","189",0.04003274660669,127.59019260222304,-33.9161797000,150.8789487000
MG-Miller-Cartwright-Liverpool,"190","0","190",0.04045648846208,128.19359265351227,-33.9164397000,150.8792833000
MG-Miller-Cartwright-Liverpool,"191","0","191",0.04124440248026,128.26246582179414,-33.9169306000,150.8798996000
MG-Miller-Cartwright-Liverpool,"192","0","192",0.04218952199651,128.42209958525783,-33.9175123000,150.8806445000
MG-Miller-Cartwright-Liverpool,"193","0","193",0.04251531802162,118.52072580053789,-33.9177167000,150.8808982000
MG-Miller-Cartwright-Liverpool,"194","0","194",0.04268130756950,112.39444597355265,-33.9177685000,150.8810559000
MG-Miller-Cartwright-Liverpool,"195","0","195",0.04293787407159,113.95952747774463,-33.9178834000,150.8812853000
MG-Miller-Cartwright-Liverpool,"196","0","196",0.04337668802987,85.69288973855650,-33.9180429000,150.8816941000
MG-Miller-Cartwright-Liverpool,"197","0","197",0.04342318889010,68.26670172480748,-33.9180197000,150.8817344000
MG-Miller-Cartwright-Liverpool,"198","0","198",0.04346505211979,84.28488740959082,-33.9180099000,150.8817751000
MG-Miller-Cartwright-Liverpool,"199","0","199",0.04351398523740,98.97558871976176,-33.9180117000,150.8818240000
MG-Miller-Cartwright-Liverpool,"200","0","200",0.04354475405276,113.05420118725884,-33.9180201000,150.8818536000
MG-Miller-Cartwright-Liverpool,"201","0","201",0.04359118216923,128.63392665272661,-33.9180435000,150.8818937000
MG-Miller-Cartwright-Liverpool,"202","0","202",0.04362153558752,148.66143986598325,-33.9180657000,150.8819144000
MG-Miller-Cartwright-Liverpool,"203","0","203",0.04368122185060,137.22270415060751,-33.9181219000,150.8819345000
MG-Miller-Cartwright-Liverpool,"204","0","204",0.04412136603151,112.49368482795560,-33.9183018000,150.8823362000
MG-Miller-Cartwright-Liverpool,"205","0","205",0.04431624232565,108.80805116971527,-33.9183712000,150.8825183000
MG-Miller-Cartwright-Liverpool,"206","0","206",0.04452751016509,109.40209616637199,-33.9184321000,150.8827206000
MG-Miller-Cartwright-Liverpool,"207","0","207",0.04483090207340,108.88875322517647,-33.9185460000,150.8830018000
MG-Miller-Cartwright-Liverpool,"208","0","208",0.04498954093996,108.26784215361728,-33.9185890000,150.8831545000
MG-Miller-Cartwright-Liverpool,"209","0","209",0.04528961394780,110.81526847484906,-33.9186956000,150.8834350000
MG-Miller-Cartwright-Liverpool,"210","0","210",0.04550144900151,111.30021005962085,-33.9187709000,150.8836330000
MG-Miller-Cartwright-Liverpool,"211","0","211",0.04615047282999,111.32111413569577,-33.9190117000,150.8842357000
MG-Miller-Cartwright-Liverpool,"212","0","212",0.04678026862234,111.07302441512600,-33.9192360000,150.8848242000
MG-Miller-Cartwright-Liverpool,"213","0","213",0.04694832980172,94.49997600491075,-33.9192970000,150.8849808000
MG-Miller-Cartwright-Liverpool,"214","0","214",0.04697606461734,84.76320586209009,-33.9192911000,150.8850079000
MG-Miller-Cartwright-Liverpool,"215","0","215",0.04699507408868,98.73354231257549,-33.9192917000,150.8850269000
MG-Miller-Cartwright-Liverpool,"216","0","216",0.04702249160132,112.81395740596574,-33.9192991000,150.8850533000
MG-Miller-Cartwright-Liverpool,"217","0","217",0.04703830615157,127.72551765411747,-33.9193070000,150.8850670000
MG-Miller-Cartwright-Liverpool,"218","0","218",0.04706355075495,144.61140281719119,-33.9193250000,150.8850847000
MG-Miller-Cartwright-Liverpool,"219","0","219",0.04708027678225,132.74029649578065,-33.9193400000,150.8850921000
MG-Miller-Cartwright-Liverpool,"220","0","220",0.04742262490929,110.95401563989873,-33.9194668000,150.8854101000
MG-Miller-Cartwright-Liverpool,"221","0","221",0.04800791423941,111.55261044237950,-33.9196686000,150.8859595000
MG-Miller-Cartwright-Liverpool,"222","0","222",0.04833508077197,112.07867547958237,-33.9197961000,150.8862608000
MG-Miller-Cartwright-Liverpool,"223","0","223",0.04865583022247,110.46456186845580,-33.9199122000,150.8865598000
MG-Miller-Cartwright-Liverpool,"224","0","224",0.04899595392055,111.77082465940958,-33.9200269000,150.8868800000
MG-Miller-Cartwright-Liverpool,"225","0","225",0.04947828518637,118.12320190565251,-33.9202218000,150.8873212000
MG-Miller-Cartwright-Liverpool,"226","0","226",0.04982547507681,125.17059481409076,-33.9204079000,150.8876143000
MG-Miller-Cartwright-Liverpool,"227","0","227",0.05025968914843,130.37746578321952,-33.9206748000,150.8879568000
MG-Miller-Cartwright-Liverpool,"228","0","228",0.05054124946168,132.93583506576542,-33.9208662000,150.8881633000
MG-Miller-Cartwright-Liverpool,"229","0","229",0.05085008134151,109.28641404700043,-33.9210770000,150.8883890000
MG-Miller-Cartwright-Liverpool,"230","0","230",0.05088599067181,93.34015513893537,-33.9210742000,150.8884248000
MG-Miller-Cartwright-Liverpool,"231","0","231",0.05092166433158,109.45549051316209,-33.9210811000,150.8884598000
MG-Miller-Cartwright-Liverpool,"232","0","232",0.05095601778838,126.64329870900424,-33.9210971000,150.8884902000
MG-Miller-Cartwright-Liverpool,"233","0","233",0.05098670752608,145.14249060767858,-33.9211190000,150.8885117000
MG-Miller-Cartwright-Liverpool,"234","0","234",0.05101578414899,165.25653605666926,-33.9211453000,150.8885241000
MG-Miller-Cartwright-Liverpool,"235","0","235",0.05104416195723,186.49551482040090,-33.9211736000,150.8885262000
MG-Miller-Cartwright-Liverpool,"236","0","236",0.05107285010810,163.67489791231378,-33.9212010000,150.8885177000
MG-Miller-Cartwright-Liverpool,"237","0","237",0.05136928541302,132.01331013456576,-33.9213920000,150.8887444000
MG-Miller-Cartwright-Liverpool,"238","0","238",0.05151448062643,136.20225268186556,-33.9214927000,150.8888490000
MG-Miller-Cartwright-Liverpool,"239","0","239",0.05169902474041,141.32193397202681,-33.9216309000,150.8889713000
MG-Miller-Cartwright-Liverpool,"240","0","240",0.05199647196262,146.01362999115076,-33.9218720000,150.8891455000
MG-Miller-Cartwright-Liverpool,"241","0","241",0.05218622258846,151.78635168939516,-33.9220327000,150.8892464000
MG-Miller-Cartwright-Liverpool,"242","0","242",0.05234488339013,158.36749889808567,-33.9221773000,150.8893117000
MG-Miller-Cartwright-Liverpool,"243","0","243",0.05263048074657,163.08620264018782,-33.9224474000,150.8894045000
MG-Miller-Cartwright-Liverpool,"244","0","244",0.05338741680728,166.62411328828370,-33.9231790000,150.8895987000
MG-Miller-Cartwright-Liverpool,"245","0","245",0.05358648473538,168.09831537152402,-33.9233738000,150.8896397000
MG-Miller-Cartwright-Liverpool,"246","0","246",0.05370851505949,166.62722952986735,-33.9234932000,150.8896649000
MG-Miller-Cartwright-Liverpool,"247","0","247",0.05382613181000,165.18254950470134,-33.9236069000,150.8896950000
MG-Miller-Cartwright-Liverpool,"248","0","248",0.05411099142455,168.50919654000495,-33.9238823000,150.8897678000
MG-Miller-Cartwright-Liverpool,"249","0","249",0.05431142797312,169.36172585946829,-33.9240807000,150.8897963000
MG-Miller-Cartwright-Liverpool,"250","0","250",0.05460743354738,165.67934804215540,-33.9243690000,150.8898634000
MG-Miller-Cartwright-Liverpool,"251","0","251",0.05470821752429,164.48049374318327,-33.9244661000,150.8898904000
MG-Miller-Cartwright-Liverpool,"252","0","252",0.05482122747960,141.75533722842613,-33.9245750000,150.8899206000
MG-Miller-Cartwright-Liverpool,"253","0","253",0.05483380563521,124.54928604441383,-33.9245811000,150.8899316000
MG-Miller-Cartwright-Liverpool,"254","0","254",0.05485197428958,138.16257799275215,-33.9245928000,150.8899455000
MG-Miller-Cartwright-Liverpool,"255","0","255",0.05487374628995,155.01811064800310,-33.9246109000,150.8899576000
MG-Miller-Cartwright-Liverpool,"256","0","256",0.05488915829826,171.33429300991651,-33.9246257000,150.8899619000
MG-Miller-Cartwright-Liverpool,"257","0","257",0.05490436125849,186.63466515961289,-33.9246409000,150.8899622000
MG-Miller-Cartwright-Liverpool,"258","0","258",0.05491964131085,201.69229084945292,-33.9246557000,150.8899584000
MG-Miller-Cartwright-Liverpool,"259","0","259",0.05493553155943,216.13187279361139,-33.9246696000,150.8899507000
MG-Miller-Cartwright-Liverpool,"260","0","260",0.05495201458100,196.08730652697048,-33.9246816000,150.8899394000
MG-Miller-Cartwright-Liverpool,"261","0","261",0.05502314636012,166.43882158827631,-33.9247514000,150.8899531000
MG-Miller-Cartwright-Liverpool,"262","0","262",0.05504489055475,163.91788114241689,-33.9247723000,150.8899591000
MG-Miller-Cartwright-Liverpool,"263","0","263",0.05518189482474,164.08073132692056,-33.9249039000,150.8899972000
MG-Miller-Cartwright-Liverpool,"264","0","264",0.05556715376364,165.32037127619887,-33.9252748000,150.8901014000
MG-Miller-Cartwright-Liverpool,"265","0","265",0.05687745540831,166.11248427216597,-33.9265480000,150.8904110000
MG-Miller-Cartwright-Liverpool,"266","0","266",0.05759540992637,165.68700530717143,-33.9272443000,150.8905860000
MG-Miller-Cartwright-Liverpool,"267","0","267",0.05773382990325,124.44679991991981,-33.9273783000,150.8906207000
MG-Miller-Cartwright-Liverpool,"268","0","268",0.05821843006829,83.40732907782423,-33.9273227000,150.8911021000
MG-Miller-Cartwright-Liverpool,"269","0","269",0.05844996313293,83.31342113193132,-33.9272961000,150.8913321000
MG-Miller-Cartwright-Liverpool,"270","0","270",0.05871269837990,81.74585680055266,-33.9272651000,150.8915930000
MG-Miller-Cartwright-Liverpool,"271","0","271",0.05979466943775,80.14680147652555,-33.9270822000,150.8926594000
MG-Miller-Cartwright-Liverpool,"272","0","272",0.06162198778439,80.38345005653188,-33.9267657000,150.8944591000
MG-Miller-Cartwright-Liverpool,"273","0","273",0.06222859099082,80.89895575667123,-33.9266681000,150.8950578000
MG-Miller-Cartwright-Liverpool,"274","0","274",0.06256244971837,80.60533713968533,-33.9266162000,150.8953876000
MG-Miller-Cartwright-Liverpool,"275","0","275",0.06358582349667,80.19461398304115,-33.9264412000,150.8963959000
MG-Miller-Cartwright-Liverpool,"276","0","276",0.06394725970122,80.79861102730607,-33.9263799000,150.8967521000
MG-Miller-Cartwright-Liverpool,"277","0","277",0.06422956196830,83.38144080476371,-33.9263375000,150.8970312000
MG-Miller-Cartwright-Liverpool,"278","0","278",0.06452140159893,85.85189686507020,-33.9263141000,150.8973221000
MG-Miller-Cartwright-Liverpool,"279","0","279",0.06471059536203,88.12665393305213,-33.9263019000,150.8975109000
MG-Miller-Cartwright-Liverpool,"280","0","280",0.06517399553473,91.52352893948704,-33.9263015000,150.8979743000
MG-Miller-Cartwright-Liverpool,"281","0","281",0.06592929830841,91.79007885035500,-33.9263423000,150.8987285000
MG-Miller-Cartwright-Liverpool,"282","0","282",0.06626101012611,90.83253080969546,-33.9263451000,150.8990602000
MG-Miller-Cartwright-Liverpool,"283","0","283",0.06651806477006,91.82217442431272,-33.9263504000,150.8993172000
MG-Miller-Cartwright-Liverpool,"284","0","284",0.06706026563697,94.69752991438357,-33.9263737000,150.8998589000
MG-Miller-Cartwright-Liverpool,"285","0","285",0.06775292913393,97.40556959202625,-33.9264573000,150.9005465000
MG-Miller-Cartwright-Liverpool,"286","0","286",0.07020548184484,97.87665366476526,-33.9267935000,150.9029759000
MG-Miller-Cartwright-Liverpool,"287","0","287",0.07037336481002,97.89592277805205,-33.9268165000,150.9031422000
MG-Miller-Cartwright-Liverpool,"288","0","288",0.07289318544844,97.59197584729118,-33.9271636000,150.9056380000
MG-Miller-Cartwright-Liverpool,"289","0","289",0.07386327646484,98.37517868711646,-33.9272863000,150.9066003000
MG-Miller-Cartwright-Liverpool,"290","0","290",0.07560508385951,99.44586812293232,-33.9275733000,150.9083183000
MG-Miller-Cartwright-Liverpool,"291","0","291",0.07582960365815,98.62214219968367,-33.9276100000,150.9085398000
MG-Miller-Cartwright-Liverpool,"292","0","292",0.07748274202199,97.37426792547888,-33.9278354000,150.9101775000
MG-Miller-Cartwright-Liverpool,"293","0","293",0.07769629409995,96.67973555775285,-33.9278611000,150.9103895000
MG-Miller-Cartwright-Liverpool,"294","0","294",0.07774349261688,96.90931513272852,-33.9278664000,150.9104364000
MG-Miller-Cartwright-Liverpool,"295","0","295",0.07782143676353,96.44007154396037,-33.9278764000,150.9105137000
MG-Miller-Cartwright-Liverpool,"296","0","296",0.07809851653544,95.42708733210156,-33.9279030000,150.9107895000
MG-Miller-Cartwright-Liverpool,"297","0","297",0.07840123290435,96.77682890628650,-33.9279312000,150.9110909000
MG-Miller-Cartwright-Liverpool,"298","0","298",0.07880466598427,98.13142364720335,-33.9279888000,150.9114902000
MG-Miller-Cartwright-Liverpool,"299","0","299",0.07954335279887,98.38030726589045,-33.9280923000,150.9122216000
MG-Miller-Cartwright-Liverpool,"300","0","300",0.07963055761524,97.76150157510754,-33.9281055000,150.9123078000
MG-Miller-Cartwright-Liverpool,"301","0","301",0.07971817701952,96.95594737093006,-33.9281159000,150.9123948000
MG-Miller-Cartwright-Liverpool,"302","0","302",0.08000315926454,97.83580281600385,-33.9281511000,150.9126776000
MG-Miller-Cartwright-Liverpool,"303","0","303",0.08010843651750,99.96718965333416,-33.9281668000,150.9127817000
MG-Miller-Cartwright-Liverpool,"304","0","304",0.08024909105890,101.88351541280832,-33.9281945000,150.9129196000
MG-Miller-Cartwright-Liverpool,"305","0","305",0.08044128101701,104.83256298707569,-33.9282358000,150.9131073000
MG-Miller-Cartwright-Liverpool,"306","0","306",0.08063646649289,102.59745660049668,-33.9282937000,150.9132937000
MG-Miller-Cartwright-Liverpool,"307","0","307",0.08300183669226,96.80974011032713,-33.9286204000,150.9156364000
MG-Miller-Cartwright-Liverpool,"308","0","308",0.08398787888197,92.75800160013942,-33.9287180000,150.9166176000
MG-Miller-Cartwright-Liverpool,"309","0","309",0.08426648003057,88.89049523397401,-33.9287172000,150.9168962000
MG-Miller-Cartwright-Liverpool,"310","0","310",0.08455936830280,85.03752220143119,-33.9287067000,150.9171889000
MG-Miller-Cartwright-Liverpool,"311","0","311",0.08489018453576,82.25660133138322,-33.9286614000,150.9175166000
MG-Miller-Cartwright-Liverpool,"312","0","312",0.08513464117819,81.27605476258741,-33.9286290000,150.9177589000
MG-Miller-Cartwright-Liverpool,"313","0","313",0.08528515157645,73.21985487070633,-33.9286033000,150.9179072000
MG-Miller-Cartwright-Liverpool,"314","0","314",0.08545686834912,62.62379195513311,-33.9285342000,150.9180644000
MG-Miller-Cartwright-Liverpool,"315","0","315",0.08555523999132,56.39803964359832,-33.9284835000,150.9181487000
MG-Miller-Cartwright-Liverpool,"316","0","316",0.08566822817656,51.41197079149934,-33.9284168000,150.9182399000
MG-Miller-Cartwright-Liverpool,"317","0","317",0.08579581885019,49.00630884685928,-33.9283331000,150.9183362000
MG-Miller-Cartwright-Liverpool,"318","0","318",0.08627832676723,49.16294800533893,-33.9280166000,150.9187004000
MG-Miller-Cartwright-Liverpool,"319","0","319",0.08659955771215,51.44389896197558,-33.9278072000,150.9189440000
MG-Miller-Cartwright-Liverpool,"320","0","320",0.08696396846944,54.08529241490960,-33.9275908000,150.9192372000
MG-Miller-Cartwright-Liverpool,"321","0","321",0.08735997882288,54.57819261547112,-33.9273614000,150.9195600000
MG-Miller-Cartwright-Liverpool,"322","0","322",0.08748775839863,60.21596268573415,-33.9272873000,150.9196641000
MG-Miller-Cartwright-Liverpool,"323","0","323",0.08796975529701,67.86201563435583,-33.9270903000,150.9201040000
MG-Miller-Cartwright-Liverpool,"324","0","324",0.08809747377648,73.53560172222474,-33.9270463000,150.9202239000
MG-Miller-Cartwright-Liverpool,"325","0","325",0.08820011538597,84.80370667355393,-33.9270236000,150.9203240000
MG-Miller-Cartwright-Liverpool,"326","0","326",0.08836115482219,87.24611416140093,-33.9270303000,150.9204849000
MG-Miller-Cartwright-Liverpool,"327","0","327",0.08857235529562,79.75746620474666,-33.9270013000,150.9206941000
MG-Miller-Cartwright-Liverpool,"328","0","328",0.08893149473929,73.14970853820782,-33.9269230000,150.9210446000
MG-Miller-Cartwright-Liverpool,"329","0","329",0.08906033960727,68.56888460639534,-33.9268766000,150.9211648000
MG-Miller-Cartwright-Liverpool,"330","0","330",0.08985385319255,68.28200448498359,-33.9265825000,150.9219018000
MG-Miller-Cartwright-Liverpool,"331","0","331",0.09083883913149,68.80701923244330,-33.9262186000,150.9228171000
MG-Miller-Cartwright-Liverpool,"332","0","332",0.09157989934499,70.19303573074217,-33.9259566000,150.9235103000
MG-Miller-Cartwright-Liverpool,"333","0","333",0.09204954530736,71.12796351694736,-33.9258044000,150.9239546000
MG-Miller-Cartwright-Liverpool,"334","0","334",0.09249837829414,69.24197932684052,-33.9256595000,150.9243794000
MG-Miller-Cartwright-Liverpool,"335","0","335",0.09329997106482,64.44583924126670,-33.9253504000,150.9251190000
MG-Miller-Cartwright-Liverpool,"336","0","336",0.09335227794773,55.99043891003217,-33.9253255000,150.9251650000
MG-Miller-Cartwright-Liverpool,"337","0","337",0.09339354452016,41.31940713919224,-33.9252992000,150.9251968000
MG-Miller-Cartwright-Liverpool,"338","0","338",0.09343929438353,34.56238097181821,-33.9252605000,150.9252212000
MG-Miller-Cartwright-Liverpool,"339","0","339",0.09348743438771,50.22588930513061,-33.9252220000,150.9252501000
MG-Miller-Cartwright-Liverpool,"340","0","340",0.09354986554980,72.16631765895501,-33.9251942000,150.9253060000
MG-Miller-Cartwright-Liverpool,"341","0","341",0.09364529997750,87.62353555557621,-33.9251789000,150.9254002000
MG-Miller-Cartwright-Liverpool,"342","0","342",0.09372865380169,95.26708669691962,-33.9251854000,150.9254833000
MG-Miller-Cartwright-Liverpool,"343","0","343",0.09451464843273,92.41262644414037,-33.9252684000,150.9262649000
MG-Miller-Cartwright-Liverpool,"344","0","344",0.09457026138086,80.39947542951631,-33.9252672000,150.9263205000
MG-Miller-Cartwright-Liverpool,"345","0","345",0.09463575435760,61.12308697474671,-33.9252470000,150.9263828000
MG-Miller-Cartwright-Liverpool,"346","0","346",0.09472529055134,30.69713371028586,-33.9251897000,150.9264516000
MG-Miller-Cartwright-Liverpool,"347","0","347",0.09553374206505,10.71918471494405,-33.9243966000,150.9266084000
MG-Miller-Cartwright-Liverpool,"348","0","348",0.09564664565223,10.18945605736918,-33.9242855000,150.9266285000
MG-Miller-Cartwright-Liverpool,"349","0","349",0.09624171102680,10.36295425318527,-33.9236997000,150.9267331000
MG-Miller-Cartwright-Liverpool,"350","0","350",0.09628138835030,10.97178667589741,-33.9236607000,150.9267404000
MG-Miller-Cartwright-Liverpool,"351","0","351",0.09698972071578,11.34165946313645,-33.9229662000,150.9268797000
Liverpool-Cartwright-Miller-MG,"0","0","0",0.00000000000000,277.74665359607661,-33.9229662000,150.9268797000
Liverpool-Cartwright-Miller-MG,"1","0","1",0.00151936608161,277.72729297340641,-33.9227614000,150.9253742000
Liverpool-Cartwright-Miller-MG,"2","0","2",0.00199728424405,277.56779540816729,-33.9226973000,150.9249006000
Liverpool-Cartwright-Miller-MG,"3","0","3",0.00318313486701,234.27597425446572,-33.9225440000,150.9237247000
Liverpool-Cartwright-Miller-MG,"4","0","4",0.00510188636995,191.63669082488920,-33.9244267000,150.9233545000
Liverpool-Cartwright-Miller-MG,"5","0","5",0.00529337509024,194.02663870839197,-33.9246139000,150.9233142000
Liverpool-Cartwright-Miller-MG,"6","0","6",0.00546525440837,204.71776983965310,-33.9247792000,150.9232671000
Liverpool-Cartwright-Miller-MG,"7","0","7",0.00559541530882,225.41728094625455,-33.9248877000,150.9231952000
Liverpool-Cartwright-Miller-MG,"8","0","8",0.00668817248674,236.32251145615172,-33.9254780000,150.9222756000
Liverpool-Cartwright-Miller-MG,"9","0","9",0.00771739921100,234.58149748245296,-33.9260633000,150.9214290000
Liverpool-Cartwright-Miller-MG,"10","0","10",0.00866588820412,228.20384733567596,-33.9266232000,150.9206634000
Liverpool-Cartwright-Miller-MG,"11","0","11",0.00887410371747,220.30645753591247,-33.9267765000,150.9205225000
Liverpool-Cartwright-Miller-MG,"12","0","12",0.00908318630880,219.12670320615970,-33.9269412000,150.9203937000
Liverpool-Cartwright-Miller-MG,"13","0","13",0.00919111151439,221.64942886558637,-33.9270236000,150.9203240000
Liverpool-Cartwright-Miller-MG,"14","0","14",0.00934032481809,229.67639910352020,-33.9271326000,150.9202221000
Liverpool-Cartwright-Miller-MG,"15","0","15",0.00950479344730,239.38847428500577,-33.9272239000,150.9200853000
Liverpool-Cartwright-Miller-MG,"16","0","16",0.01002058942439,241.80345533609582,-33.9274621000,150.9196278000
Liverpool-Cartwright-Miller-MG,"17","0","17",0.01015844460205,238.19095611958488,-33.9275287000,150.9195071000
Liverpool-Cartwright-Miller-MG,"18","0","18",0.01040471650465,233.13223185561665,-33.9276690000,150.9193047000
Liverpool-Cartwright-Miller-MG,"19","0","19",0.01069117566402,230.65431581833192,-33.9278493000,150.9190821000
Liverpool-Cartwright-Miller-MG,"20","0","20",0.01114077816625,229.06175269001417,-33.9281364000,150.9187361000
Liverpool-Cartwright-Miller-MG,"21","0","21",0.01154488003460,230.99858490141671,-33.9284078000,150.9184367000
Liverpool-Cartwright-Miller-MG,"22","0","22",0.01183712992765,236.54124104002108,-33.9285788000,150.9181997000
Liverpool-Cartwright-Miller-MG,"23","0","23",0.01197494661751,242.25880498584519,-33.9286500000,150.9180817000
Liverpool-Cartwright-Miller-MG,"24","0","24",0.01216345054318,252.64635391404053,-33.9287278000,150.9179100000
Liverpool-Cartwright-Miller-MG,"25","0","25",0.01255154254260,263.52174176156365,-33.9287974000,150.9175282000
Liverpool-Cartwright-Miller-MG,"26","0","26",0.01278078313675,270.03256375487001,-33.9288079000,150.9172992000
Liverpool-Cartwright-Miller-MG,"27","0","27",0.01309182597945,277.14007877776851,-33.9287933000,150.9169885000
Liverpool-Cartwright-Miller-MG,"28","0","28",0.01331159280186,281.45434513451136,-33.9287491482,150.9167732140
Liverpool-Cartwright-Miller-MG,"29","0","29",0.01347029352018,278.49972404124424,-33.9287180000,150.9166176000
Liverpool-Cartwright-Miller-MG,"30","0","30",0.01445633570989,276.80974011032708,-33.9286204000,150.9156364000
Liverpool-Cartwright-Miller-MG,"31","0","31",0.01682170590926,275.20398083954353,-33.9282937000,150.9132937000
Liverpool-Cartwright-Miller-MG,"32","0","32",0.01720936578596,274.64324623756778,-33.9282770000,150.9129064000
Liverpool-Cartwright-Miller-MG,"33","0","33",0.01763225590176,276.97814962739881,-33.9282268000,150.9124865000
Liverpool-Cartwright-Miller-MG,"34","0","34",0.01778675357158,277.55237104923572,-33.9282076000,150.9123332000
Liverpool-Cartwright-Miller-MG,"35","0","35",0.01868007351992,277.27393543625305,-33.9280838000,150.9114485000
Liverpool-Cartwright-Miller-MG,"36","0","36",0.01885019480014,274.84909709432998,-33.9280643000,150.9112795000
Liverpool-Cartwright-Miller-MG,"37","0","37",0.01908013481409,273.38197634350928,-33.9280518000,150.9110499000
Liverpool-Cartwright-Miller-MG,"38","0","38",0.01929547106278,273.45470916720092,-33.9280381000,150.9108350000
Liverpool-Cartwright-Miller-MG,"39","0","39",0.01938862196186,273.45912422806077,-33.9280328000,150.9107420000
Liverpool-Cartwright-Miller-MG,"40","0","40",0.01972731143613,274.10407813730291,-33.9280112000,150.9104040000
Liverpool-Cartwright-Miller-MG,"41","0","41",0.01996295459860,275.32935204947552,-33.9279925000,150.9101691000
Liverpool-Cartwright-Miller-MG,"42","0","42",0.02020452556120,276.71121298148194,-33.9279668000,150.9099289000
Liverpool-Cartwright-Miller-MG,"43","0","43",0.02041735793661,277.64090562270093,-33.9279397000,150.9097178000
Liverpool-Cartwright-Miller-MG,"44","0","44",0.02125247867727,277.32680730568467,-33.9278239577,150.9088907387
Liverpool-Cartwright-Miller-MG,"45","0","45",0.02142901842787,276.70536793459564,-33.9278034000,150.9087154000
Liverpool-Cartwright-Miller-MG,"46","0","46",0.02162375774080,277.14868787256484,-33.9277806000,150.9085220000
Liverpool-Cartwright-Miller-MG,"47","0","47",0.02213209248289,279.03738619449553,-33.9277136000,150.9080181000
Liverpool-Cartwright-Miller-MG,"48","0","48",0.02377816120867,278.87738865844466,-33.9274136000,150.9063996000
Liverpool-Cartwright-Miller-MG,"49","0","49",0.02498673390818,277.32652306053700,-33.9272610000,150.9052007000
Liverpool-Cartwright-Miller-MG,"50","0","50",0.02693031844454,277.97462179237334,-33.9270107000,150.9032733000
Liverpool-Cartwright-Miller-MG,"51","0","51",0.02709241995595,278.19620614011984,-33.9269866000,150.9031130000
Liverpool-Cartwright-Miller-MG,"52","0","52",0.02941050076778,278.45726498896153,-33.9266703000,150.9008166000
Liverpool-Cartwright-Miller-MG,"53","0","53",0.02972189611131,278.71465062286558,-33.9266212000,150.9005091000
Liverpool-Cartwright-Miller-MG,"54","0","54",0.03018218381484,274.91883439335965,-33.9265543000,150.9000537000
Liverpool-Cartwright-Miller-MG,"55","0","55",0.03048408459321,270.60614240375241,-33.9265465000,150.8997519000
Liverpool-Cartwright-Miller-MG,"56","0","56",0.03071908716766,268.45475440373963,-33.9265476000,150.8995169000
Liverpool-Cartwright-Miller-MG,"57","0","57",0.03155379963314,270.35272408067095,-33.9265887000,150.8986832000
Liverpool-Cartwright-Miller-MG,"58","0","58",0.03183332930957,273.35959498278794,-33.9265715000,150.8984042000
Liverpool-Cartwright-Miller-MG,"59","0","59",0.03240812075868,273.68868252325046,-33.9265395000,150.8978303000
Liverpool-Cartwright-Miller-MG,"60","0","60",0.03268485897435,273.66599692085083,-33.9265193000,150.8975543000
Liverpool-Cartwright-Miller-MG,"61","0","61",0.03291079949752,271.43632841383589,-33.9265069000,150.8973287000
Liverpool-Cartwright-Miller-MG,"62","0","62",0.03309940164491,267.42094019286822,-33.9265078000,150.8971401000
Liverpool-Cartwright-Miller-MG,"63","0","63",0.03339417223360,262.76079283922536,-33.9265329000,150.8968464000
Liverpool-Cartwright-Miller-MG,"64","0","64",0.03380998768550,260.21532662710268,-33.9266022000,150.8964364000
Liverpool-Cartwright-Miller-MG,"65","0","65",0.03768923611266,260.09907959587633,-33.9272742000,150.8926158000
Liverpool-Cartwright-Miller-MG,"66","0","66",0.03809823616159,260.16291657949324,-33.9273440000,150.8922128000
Liverpool-Cartwright-Miller-MG,"67","0","67",0.03835958715158,260.16179577758129,-33.9273887000,150.8919553000
Liverpool-Cartwright-Miller-MG,"68","0","68",0.03866831831303,262.14627432045518,-33.9274414000,150.8916511000
Liverpool-Cartwright-Miller-MG,"69","0","69",0.03897975634854,264.12128289767804,-33.9274733000,150.8913413000
Liverpool-Cartwright-Miller-MG,"70","0","70",0.03954703943488,265.15222069975204,-33.9275314000,150.8907770000
Liverpool-Cartwright-Miller-MG,"71","0","71",0.03967171601654,265.58672450294586,-33.9275397000,150.8906526000
Liverpool-Cartwright-Miller-MG,"72","0","72",0.03975302659387,305.99329099941025,-33.9275468000,150.8905716000
Liverpool-Cartwright-Miller-MG,"73","0","73",0.03984457439597,345.45406667732311,-33.9274576000,150.8905510000
Liverpool-Cartwright-Miller-MG,"74","0","74",0.03991638672080,339.10179927543993,-33.9273886000,150.8905311000
Liverpool-Cartwright-Miller-MG,"75","0","75",0.04005101305553,340.56877380599065,-33.9272673000,150.8904727000
Liverpool-Cartwright-Miller-MG,"76","0","76",0.04077079861388,346.50813211803677,-33.9265664000,150.8903089000
Liverpool-Cartwright-Miller-MG,"77","0","77",0.04231238930531,346.37000896210026,-33.9250695000,150.8899404000
Liverpool-Cartwright-Miller-MG,"78","0","78",0.04260128965149,345.59679180136754,-33.9247885000,150.8898733000
Liverpool-Cartwright-Miller-MG,"79","0","79",0.04269670500661,319.68524859572489,-33.9246965000,150.8898480000
Liverpool-Cartwright-Miller-MG,"80","0","80",0.04271079933171,299.39167933403553,-33.9246906000,150.8898352000
Liverpool-Cartwright-Miller-MG,"81","0","81",0.04272455614822,309.05875279882332,-33.9246829000,150.8898238000
Liverpool-Cartwright-Miller-MG,"82","0","82",0.04273778074652,319.27160868761598,-33.9246737000,150.8898143000
Liverpool-Cartwright-Miller-MG,"83","0","83",0.04275068423437,330.39011713327949,-33.9246632000,150.8898068000
Liverpool-Cartwright-Miller-MG,"84","0","84",0.04276313252746,342.22676092306688,-33.9246518000,150.8898018000
Liverpool-Cartwright-Miller-MG,"85","0","85",0.04277529229719,354.30261828347074,-33.9246399000,150.8897993000
Liverpool-Cartwright-Miller-MG,"86","0","86",0.04278749270701,6.62654047699800,-33.9246277000,150.8897994000
Liverpool-Cartwright-Miller-MG,"87","0","87",0.04279969516581,18.85887454345832,-33.9246158000,150.8898021000
Liverpool-Cartwright-Miller-MG,"88","0","88",0.04281226695962,30.54624027847149,-33.9246044000,150.8898074000
Liverpool-Cartwright-Miller-MG,"89","0","89",0.04282514795338,10.60531656402575,-33.9245940000,150.8898150000
Liverpool-Cartwright-Miller-MG,"90","0","90",0.04287089595879,346.03836915982026,-33.9245498000,150.8898032000
Liverpool-Cartwright-Miller-MG,"91","0","91",0.04293903588834,347.04509176262701,-33.9244834000,150.8897879000
Liverpool-Cartwright-Miller-MG,"92","0","92",0.04318743832390,346.58846951479376,-33.9242413000,150.8897323000
Liverpool-Cartwright-Miller-MG,"93","0","93",0.04366860634033,346.75168648734933,-33.9237742000,150.8896168000
Liverpool-Cartwright-Miller-MG,"94","0","94",0.04390500653067,346.22620708465638,-33.9235435000,150.8895652000
Liverpool-Cartwright-Miller-MG,"95","0","95",0.04425255480071,345.06139885981304,-33.9232077000,150.8894756000
Liverpool-Cartwright-Miller-MG,"96","0","96",0.04500673982441,344.45746149059818,-33.9224790000,150.8892812000
Liverpool-Cartwright-Miller-MG,"97","0","97",0.04521672422861,341.14083680596804,-33.9222773000,150.8892228000
Liverpool-Cartwright-Miller-MG,"98","0","98",0.04537802050876,335.47517495514654,-33.9221273000,150.8891635000
Liverpool-Cartwright-Miller-MG,"99","0","99",0.04555182982958,330.85497350822737,-33.9219731000,150.8890833000
Liverpool-Cartwright-Miller-MG,"100","0","100",0.04575116334407,326.27680214710523,-33.9218019000,150.8889812000
Liverpool-Cartwright-Miller-MG,"101","0","101",0.04610308629020,318.48526335053680,-33.9215195000,150.8887712000
Liverpool-Cartwright-Miller-MG,"102","0","102",0.04622806904898,314.63951387828229,-33.9214333000,150.8886807000
Liverpool-Cartwright-Miller-MG,"103","0","103",0.04632438363772,313.30315543392555,-33.9213644000,150.8886134000
Liverpool-Cartwright-Miller-MG,"104","0","104",0.04641611422152,309.97996271713203,-33.9213043000,150.8885441000
Liverpool-Cartwright-Miller-MG,"105","0","105",0.04651124160978,281.29568999802643,-33.9212444000,150.8884702000
Liverpool-Cartwright-Miller-MG,"106","0","106",0.04654658577478,261.54296728038258,-33.9212544000,150.8884363000
Liverpool-Cartwright-Miller-MG,"107","0","107",0.04658248702824,277.36689957318998,-33.9212547000,150.8884004000
Liverpool-Cartwright-Miller-MG,"108","0","108",0.04661792895255,293.65380131529338,-33.9212454000,150.8883662000
Liverpool-Cartwright-Miller-MG,"109","0","109",0.04665180652625,311.05649975264953,-33.9212274000,150.8883375000
Liverpool-Cartwright-Miller-MG,"110","0","110",0.04668090944708,329.58634300399126,-33.9212051000,150.8883188000
Liverpool-Cartwright-Miller-MG,"111","0","111",0.04670873048229,349.26023079845976,-33.9211791000,150.8883089000
Liverpool-Cartwright-Miller-MG,"112","0","112",0.04673583214276,9.68324292821374,-33.9211520000,150.8883086000
Liverpool-Cartwright-Miller-MG,"113","0","113",0.04676360731151,346.52597872055156,-33.9211259000,150.8883181000
Liverpool-Cartwright-Miller-MG,"114","0","114",0.04708382904718,312.13924448840987,-33.9209073000,150.8880841000
Liverpool-Cartwright-Miller-MG,"115","0","115",0.04727941437385,309.30715611466536,-33.9207784000,150.8879370000
Liverpool-Cartwright-Miller-MG,"116","0","116",0.04749878330966,306.18700404509718,-33.9206452000,150.8877627000
Liverpool-Cartwright-Miller-MG,"117","0","117",0.04805512370906,299.33275782526755,-33.9203262000,150.8873069000
Liverpool-Cartwright-Miller-MG,"118","0","118",0.04891567061072,292.16271444731012,-33.9199806000,150.8865188000
Liverpool-Cartwright-Miller-MG,"119","0","119",0.04956540194752,290.94284235901915,-33.9197515000,150.8859108000
Liverpool-Cartwright-Miller-MG,"120","0","120",0.05017436345698,290.87319880355165,-33.9195309000,150.8853432000
Liverpool-Cartwright-Miller-MG,"121","0","121",0.05049263356238,273.87773221907673,-33.9194194000,150.8850451000
Liverpool-Cartwright-Miller-MG,"122","0","122",0.05051211406546,265.65562314921419,-33.9194237000,150.8850261000
Liverpool-Cartwright-Miller-MG,"123","0","123",0.05054880629898,284.07769275457952,-33.9194211000,150.8849895000
Liverpool-Cartwright-Miller-MG,"124","0","124",0.05057575365505,303.62714136749679,-33.9194101000,150.8849649000
Liverpool-Cartwright-Miller-MG,"125","0","125",0.05060221305791,324.05803119732838,-33.9193920000,150.8849456000
Liverpool-Cartwright-Miller-MG,"126","0","126",0.05062583423482,312.21488933641791,-33.9193706000,150.8849356000
Liverpool-Cartwright-Miller-MG,"127","0","127",0.05084688230655,290.12359205716626,-33.9192969000,150.8847272000
Liverpool-Cartwright-Miller-MG,"128","0","128",0.05243019099723,290.56763922723013,-33.9187354000,150.8832468000
Liverpool-Cartwright-Miller-MG,"129","0","129",0.05323712401178,289.99330108652401,-33.9184546000,150.8824903000
Liverpool-Cartwright-Miller-MG,"130","0","130",0.05340953680134,291.47725439818748,-33.9183967000,150.8823279000
Liverpool-Cartwright-Miller-MG,"131","0","131",0.05380998311483,286.96175410929067,-33.9182381000,150.8819602000
Liverpool-Cartwright-Miller-MG,"132","0","132",0.05389757546611,264.76403962304096,-33.9182220000,150.8818741000
Liverpool-Cartwright-Miller-MG,"133","0","133",0.05394515455819,257.38737743132407,-33.9182391000,150.8818297000
Liverpool-Cartwright-Miller-MG,"134","0","134",0.05399338172893,274.10666737539657,-33.9182426000,150.8817816000
Liverpool-Cartwright-Miller-MG,"135","0","135",0.05404190924689,290.34817131680836,-33.9182322000,150.8817342000
Liverpool-Cartwright-Miller-MG,"136","0","136",0.05407985078088,305.13125685449080,-33.9182142000,150.8817008000
Liverpool-Cartwright-Miller-MG,"137","0","137",0.05410767972264,320.45407629258636,-33.9181956000,150.8816801000
Liverpool-Cartwright-Miller-MG,"138","0","138",0.05415015995335,338.25694867618091,-33.9181592000,150.8816582000
Liverpool-Cartwright-Miller-MG,"139","0","139",0.05417473819576,319.72119205805819,-33.9181352000,150.8816529000
Liverpool-Cartwright-Miller-MG,"140","0","140",0.05450323369040,294.53016098312929,-33.9180127000,150.8813481000
Liverpool-Cartwright-Miller-MG,"141","0","141",0.05463990965757,301.29926091886495,-33.9179503000,150.8812265000
Liverpool-Cartwright-Miller-MG,"142","0","142",0.05504283626358,306.82171583201813,-33.9177167000,150.8808982000
Liverpool-Cartwright-Miller-MG,"143","0","143",0.05631372381560,308.37409321668440,-33.9169306000,150.8798996000
Liverpool-Cartwright-Miller-MG,"144","0","144",0.05710163783379,308.19359265351227,-33.9164397000,150.8792833000
Liverpool-Cartwright-Miller-MG,"145","0","145",0.05752537968917,307.59019260222300,-33.9161797000,150.8789487000
Liverpool-Cartwright-Miller-MG,"146","0","146",0.05788783145148,307.32903626843500,-33.9159599000,150.8786605000
Liverpool-Cartwright-Miller-MG,"147","0","147",0.05842480850872,307.44699039585117,-33.9156343000,150.8782335000
Liverpool-Cartwright-Miller-MG,"148","0","148",0.05930377363885,308.04683152279512,-33.9150984000,150.8775368000
Liverpool-Cartwright-Miller-MG,"149","0","149",0.06021503439736,308.52897793521117,-33.9145308000,150.8768239000
Liverpool-Cartwright-Miller-MG,"150","0","150",0.06059917595979,308.52774315768443,-33.9142915000,150.8765234000
Liverpool-Cartwright-Miller-MG,"151","0","151",0.06113205795425,306.71000838154032,-33.9139596000,150.8761065000
Liverpool-Cartwright-Miller-MG,"152","0","152",0.06128885097067,301.02681015920905,-33.9138699000,150.8759779000
Liverpool-Cartwright-Miller-MG,"153","0","153",0.06149216513643,294.27744410442864,-33.9137771000,150.8757970000
Liverpool-Cartwright-Miller-MG,"154","0","154",0.06164757742681,288.27437881974362,-33.9137204000,150.8756523000
Liverpool-Cartwright-Miller-MG,"155","0","155",0.06189435564711,282.46124987550360,-33.9136559000,150.8754141000
Liverpool-Cartwright-Miller-MG,"156","0","156",0.06226026379135,278.51556892182720,-33.9135938000,150.8750535000
Liverpool-Cartwright-Miller-MG,"157","0","157",0.06266067383113,246.82839189548508,-33.9135432000,150.8746563000
Liverpool-Cartwright-Miller-MG,"158","0","158",0.06268005449128,225.77121167393335,-33.9135588000,150.8746448000
Liverpool-Cartwright-Miller-MG,"159","0","159",0.06270052715598,243.35529779542068,-33.9135705000,150.8746280000
Liverpool-Cartwright-Miller-MG,"160","0","160",0.06272203064408,259.48124447542631,-33.9135773000,150.8746076000
Liverpool-Cartwright-Miller-MG,"161","0","161",0.06274405335963,275.40046114361377,-33.9135783000,150.8745856000
Liverpool-Cartwright-Miller-MG,"162","0","162",0.06276821138107,292.54623265694471,-33.9135727000,150.8745621000
Liverpool-Cartwright-Miller-MG,"163","0","163",0.06279124548621,311.82551355618068,-33.9135606000,150.8745425000
Liverpool-Cartwright-Miller-MG,"164","0","164",0.06281282997136,333.48830524127766,-33.9135436000,150.8745292000
Liverpool-Cartwright-Miller-MG,"165","0","165",0.06283332704431,357.30775246167707,-33.9135238000,150.8745239000
Liverpool-Cartwright-Miller-MG,"166","0","166",0.06285371257841,21.34632033087756,-33.9135037000,150.8745273000
Liverpool-Cartwright-Miller-MG,"167","0","167",0.06287495875454,43.51365687959353,-33.9134859000,150.8745389000
Liverpool-Cartwright-Miller-MG,"168","0","168",0.06289772100397,63.35494752309133,-33.9134725000,150.8745573000
Liverpool-Cartwright-Miller-MG,"169","0","169",0.06292169640804,81.26973231787794,-33.9134654000,150.8745802000
Liverpool-Cartwright-Miller-MG,"170","0","170",0.06294609661296,53.94883431302197,-33.9134653000,150.8746046000
Liverpool-Cartwright-Miller-MG,"171","0","171",0.06302996138504,14.98270156684012,-33.9133856000,150.8746307000
Liverpool-Cartwright-Miller-MG,"172","0","172",0.06471874855341,12.08452904065786,-33.9117327000,150.8749770000
Liverpool-Cartwright-Miller-MG,"173","0","173",0.06560900364607,320.73472347123345,-33.9108630000,150.8751672000
Liverpool-Cartwright-Miller-MG,"174","0","174",0.06580072558017,268.96028673264351,-33.9108659000,150.8749755000
Liverpool-Cartwright-Miller-MG,"175","0","175",0.06589994780543,269.98478145534341,-33.9108680000,150.8748763000
Liverpool-Cartwright-Miller-MG,"176","0","176",0.06595325915508,271.17176907555682,-33.9108669000,150.8748230000
Liverpool-Cartwright-Miller-MG,"177","0","177",0.06614569867805,270.94017997108091,-33.9108630000,150.8746306000
Liverpool-Cartwright-Miller-MG,"178","0","178",0.06677514825510,270.46743758976578,-33.9108551000,150.8740012000
Liverpool-Cartwright-Miller-MG,"179","0","179",0.06701414994962,270.20840967012305,-33.9108542000,150.8737622000
Liverpool-Cartwright-Miller-MG,"180","0","180",0.06781205486248,270.56738185760236,-33.9108514000,150.8729643000
Liverpool-Cartwright-Miller-MG,"181","0","181",0.06894120479054,233.52143865532815,-33.9108330000,150.8718353000
Liverpool-Cartwright-Miller-MG,"182","0","182",0.06897003689033,204.74109743548877,-33.9108607000,150.8718273000
Liverpool-Cartwright-Miller-MG,"183","0","183",0.06900512221493,221.76389160182038,-33.9108900000,150.8718080000
Liverpool-Cartwright-Miller-MG,"184","0","184",0.06904211207840,237.81873931236845,-33.9109137000,150.8717796000
Liverpool-Cartwright-Miller-MG,"185","0","185",0.06908091027423,253.89458407289916,-33.9109298000,150.8717443000
Liverpool-Cartwright-Miller-MG,"186","0","186",0.06914216164155,273.48713929287663,-33.9109380000,150.8716836000
Liverpool-Cartwright-Miller-MG,"187","0","187",0.06920376943329,293.25599113514636,-33.9109224000,150.8716240000
Liverpool-Cartwright-Miller-MG,"188","0","188",0.06923390529229,307.93182033667955,-33.9109065000,150.8715984000
Liverpool-Cartwright-Miller-MG,"189","0","189",0.06926283019507,321.05073722816206,-33.9108864000,150.8715776000
Liverpool-Cartwright-Miller-MG,"190","0","190",0.06929063397178,335.26214704753164,-33.9108628000,150.8715629000
Liverpool-Cartwright-Miller-MG,"191","0","191",0.06931748485597,306.16222146748811,-33.9108372000,150.8715548000
Liverpool-Cartwright-Miller-MG,"192","0","192",0.07004668639872,270.20288186978405,-33.9108387000,150.8708256000
Liverpool-Cartwright-Miller-MG,"193","0","193",0.07192876499437,270.67320933807855,-33.9108215000,150.8689436000
Liverpool-Cartwright-Miller-MG,"194","0","194",0.07373935168385,271.82167118772958,-33.9107955000,150.8671332000
Liverpool-Cartwright-Miller-MG,"195","0","195",0.07396492495352,274.04510017722589,-33.9107844000,150.8669079000
Liverpool-Cartwright-Miller-MG,"196","0","196",0.07406836213248,275.78801646424176,-33.9107749000,150.8668049000
Liverpool-Cartwright-Miller-MG,"197","0","197",0.07423678128223,277.66800869257639,-33.9107564000,150.8666375000
Liverpool-Cartwright-Miller-MG,"198","0","198",0.07449801872212,280.33853742017180,-33.9107154000,150.8663795000
Liverpool-Cartwright-Miller-MG,"199","0","199",0.07534700058891,281.67950200541674,-33.9105440000,150.8655480000
Liverpool-Cartwright-Miller-MG,"200","0","200",0.07557361835070,284.36419740335594,-33.9104980000,150.8653261000
Liverpool-Cartwright-Miller-MG,"201","0","201",0.07575506217123,238.13147056912052,-33.9104449000,150.8651526000
Liverpool-Cartwright-Miller-MG,"202","0","202",0.07578120179596,198.81653975976712,-33.9104707000,150.8651484000
Liverpool-Cartwright-Miller-MG,"203","0","203",0.07580370801731,217.00828265090132,-33.9104905000,150.8651377000
Liverpool-Cartwright-Miller-MG,"204","0","204",0.07583588331840,234.56986932558726,-33.9105130000,150.8651147000
Liverpool-Cartwright-Miller-MG,"205","0","205",0.07586996102368,251.70413181252326,-33.9105282000,150.8650842000
Liverpool-Cartwright-Miller-MG,"206","0","206",0.07590530900810,267.61943204746859,-33.9105344000,150.8650494000
Liverpool-Cartwright-Miller-MG,"207","0","207",0.07594076292185,283.77628563183777,-33.9105311000,150.8650141000
Liverpool-Cartwright-Miller-MG,"208","0","208",0.07597964852331,302.16363683293406,-33.9105164000,150.8649781000
Liverpool-Cartwright-Miller-MG,"209","0","209",0.07601618152210,304.16966244224000,-33.9104919000,150.8649510000
Liverpool-Cartwright-Miller-MG,"210","0","210",0.07613634994556,297.36694345973308,-33.9104388000,150.8648432000
Liverpool-Cartwright-Miller-MG,"211","0","211",0.07623649404176,295.19254861316188,-33.9103910000,150.8647552000
Liverpool-Cartwright-Miller-MG,"212","0","212",0.07638089085611,289.89307102335545,-33.9103372000,150.8646212000
Liverpool-Cartwright-Miller-MG,"213","0","213",0.07762593161850,287.96054102652010,-33.9099543000,150.8634365000
Liverpool-Cartwright-Miller-MG,"214","0","214",0.07862372090485,288.91612126245690,-33.9096458000,150.8624876000
Liverpool-Cartwright-Miller-MG,"215","0","215",0.07936302513183,292.03539456212900,-33.9093951000,150.8617921000
Liverpool-Cartwright-Miller-MG,"216","0","216",0.07951350130935,290.88251839318491,-33.9093333000,150.8616549000
Liverpool-Cartwright-Miller-MG,"217","0","217",0.07957662848256,291.71537839689199,-33.9093143000,150.8615947000
Liverpool-Cartwright-Miller-MG,"218","0","218",0.07967113081059,273.63808721187831,-33.9092730000,150.8615097000
Liverpool-Cartwright-Miller-MG,"219","0","219",0.07970680152687,257.36740802840916,-33.9092844000,150.8614759000
Liverpool-Cartwright-Miller-MG,"220","0","220",0.07973106363724,268.10586421529263,-33.9092872000,150.8614518000
Liverpool-Cartwright-Miller-MG,"221","0","221",0.07975529337103,277.40041960924071,-33.9092860000,150.8614276000
Liverpool-Cartwright-Miller-MG,"222","0","222",0.07977941721817,286.92680966848042,-33.9092810000,150.8614040000
Liverpool-Cartwright-Miller-MG,"223","0","223",0.07980301912488,296.96167738634460,-33.9092722000,150.8613821000
Liverpool-Cartwright-Miller-MG,"224","0","224",0.07982602108128,307.41459429872913,-33.9092600000,150.8613626000
Liverpool-Cartwright-Miller-MG,"225","0","225",0.07984809912469,318.77052156371531,-33.9092450000,150.8613464000
Liverpool-Cartwright-Miller-MG,"226","0","226",0.07986940757372,331.00867894314615,-33.9092276000,150.8613341000
Liverpool-Cartwright-Miller-MG,"227","0","227",0.07989011530174,343.81283561373709,-33.9092085000,150.8613261000
Liverpool-Cartwright-Miller-MG,"228","0","228",0.07991040224336,350.03829822878623,-33.9091885000,150.8613227000
Liverpool-Cartwright-Miller-MG,"229","0","229",0.07994515968864,337.05268894403309,-33.9091543000,150.8613165000
Liverpool-Cartwright-Miller-MG,"230","0","230",0.08003496108061,320.51917531737809,-33.9090813000,150.8612642000
Liverpool-Cartwright-Miller-MG,"231","0","231",0.08018896267150,312.81654943571129,-33.9089693000,150.8611585000
Liverpool-Cartwright-Miller-MG,"232","0","232",0.08065383654682,308.98121418777339,-33.9086769000,150.8607971000
Liverpool-Cartwright-Miller-MG,"233","0","233",0.08102036672295,308.98635055357579,-33.9084463000,150.8605122000
Liverpool-Cartwright-Miller-MG,"234","0","234",0.08118233715237,309.48248443328504,-33.9083444000,150.8603863000
Liverpool-Cartwright-Miller-MG,"235","0","235",0.08243710433794,311.64983511339568,-33.9075382000,150.8594248000
Liverpool-Cartwright-Miller-MG,"236","0","236",0.08266871059865,315.55431714792672,-33.9073793000,150.8592563000
Liverpool-Cartwright-Miller-MG,"237","0","237",0.08288675761194,320.49446949929353,-33.9072178000,150.8591098000
Liverpool-Cartwright-Miller-MG,"238","0","238",0.08322731787094,327.06100501853285,-33.9069451000,150.8589058000
Liverpool-Cartwright-Miller-MG,"239","0","239",0.08345776517510,334.17453314256778,-33.9067437000,150.8587938000
Liverpool-Cartwright-Miller-MG,"240","0","240",0.08367034986406,333.40285757218481,-33.9065474000,150.8587122000
Liverpool-Cartwright-Miller-MG,"241","0","241",0.08372787151220,324.61549610815149,-33.9064979000,150.8586829000
Liverpool-Cartwright-Miller-MG,"242","0","242",0.08380309451400,302.98784758443242,-33.9064404000,150.8586344000
Liverpool-Cartwright-Miller-MG,"243","0","243",0.08381641855243,288.44046141492657,-33.9064367000,150.8586216000
Liverpool-Cartwright-Miller-MG,"244","0","244",0.08382967939704,293.36635908404224,-33.9064320000,150.8586092000
Liverpool-Cartwright-Miller-MG,"245","0","245",0.08384269400422,298.58474586637817,-33.9064263000,150.8585975000
Liverpool-Cartwright-Miller-MG,"246","0","246",0.08385543645297,303.89586333900473,-33.9064197000,150.8585866000
Liverpool-Cartwright-Miller-MG,"247","0","247",0.08386801659604,309.32629126489149,-33.9064122000,150.8585765000
Liverpool-Cartwright-Miller-MG,"248","0","248",0.08388040731837,314.85947719221298,-33.9064039000,150.8585673000
Liverpool-Cartwright-Miller-MG,"249","0","249",0.08389258270341,320.58849436761670,-33.9063949000,150.8585591000
Liverpool-Cartwright-Miller-MG,"250","0","250",0.08390452297139,326.61114583492503,-33.9063853000,150.8585520000
Liverpool-Cartwright-Miller-MG,"251","0","251",0.08391621997952,332.79705269312706,-33.9063752000,150.8585461000
Liverpool-Cartwright-Miller-MG,"252","0","252",0.08392772389194,339.28085558486072,-33.9063647000,150.8585414000
Liverpool-Cartwright-Miller-MG,"253","0","253",0.08393914185989,294.90823073223851,-33.9063538000,150.8585380000
Liverpool-Cartwright-Miller-MG,"254","0","254",0.08401456559618,252.30587205842690,-33.9063831000,150.8584685000
Liverpool-Cartwright-Miller-MG,"255","0","255",0.08409108781512,264.33205851779928,-33.9063997000,150.8583938000
Liverpool-Cartwright-Miller-MG,"256","0","256",0.08451377942856,272.92126281542591,-33.9063909000,150.8579712000
Liverpool-Cartwright-Miller-MG,"257","0","257",0.08516883516657,281.09758718436183,-33.9063378000,150.8573183000
Liverpool-Cartwright-Miller-MG,"258","0","258",0.08542757227255,307.10524693292115,-33.9062598000,150.8570716000
Liverpool-Cartwright-Miller-MG,"259","0","259",0.08549472002009,309.93533569730232,-33.9062037000,150.8570347000
Liverpool-Cartwright-Miller-MG,"260","0","260",0.08612512220933,293.01817223335848,-33.9059553000,150.8564553000
Liverpool-Cartwright-Miller-MG,"261","0","261",0.08745125328079,292.89103182152354,-33.9054407508,150.8552330632
Liverpool-Cartwright-Miller-MG,"262","0","262",0.08755883298018,289.92798991649460,-33.9053988000,150.8551340000
Liverpool-Cartwright-Miller-MG,"263","0","263",0.08772459546090,283.33444018281256,-33.9053506000,150.8549754000
Liverpool-Cartwright-Miller-MG,"264","0","264",0.08786492838648,275.76714427982989,-33.9053268000,150.8548371000
Liverpool-Cartwright-Miller-MG,"265","0","265",0.08816927358521,269.52264464231462,-33.9053174000,150.8545329000
Liverpool-Cartwright-Miller-MG,"266","0","266",0.08833125670167,265.16530378343049,-33.9053251000,150.8543711000
Liverpool-Cartwright-Miller-MG,"267","0","267",0.08861906832404,261.82785188699921,-33.9053599000,150.8540854000
Liverpool-Cartwright-Miller-MG,"268","0","268",0.08888909382285,259.74256491741369,-33.9054040000,150.8538190000
Liverpool-Cartwright-Miller-MG,"269","0","269",0.09081196478316,251.61449579871947,-33.9057747000,150.8519322000
Liverpool-Cartwright-Miller-MG,"270","0","270",0.09093876580823,246.35144237352756,-33.9058296000,150.8518179000
Liverpool-Cartwright-Miller-MG,"271","0","271",0.09105183614031,248.31273175342037,-33.9058713000,150.8517128000
Liverpool-Cartwright-Miller-MG,"272","0","272",0.09114527810090,232.45051105028315,-33.9059059000,150.8516260000
Liverpool-Cartwright-Miller-MG,"273","0","273",0.09115499818319,219.99876842992441,-33.9059137000,150.8516202000
Liverpool-Cartwright-Miller-MG,"274","0","274",0.09116490171794,225.79397278486704,-33.9059209000,150.8516134000
Liverpool-Cartwright-Miller-MG,"275","0","275",0.09117495855639,230.95543869713461,-33.9059276000,150.8516059000
Liverpool-Cartwright-Miller-MG,"276","0","276",0.09118525904181,236.59649805594978,-33.9059337000,150.8515976000
Liverpool-Cartwright-Miller-MG,"277","0","277",0.09119570365765,241.95222691696640,-33.9059390000,150.8515886000
Liverpool-Cartwright-Miller-MG,"278","0","278",0.09120634884438,247.04666928557631,-33.9059436000,150.8515790000
Liverpool-Cartwright-Miller-MG,"279","0","279",0.09121701139563,251.87506521986305,-33.9059473000,150.8515690000
Liverpool-Cartwright-Miller-MG,"280","0","280",0.09122793156048,256.52553180671197,-33.9059503000,150.8515585000
Liverpool-Cartwright-Miller-MG,"281","0","281",0.09123893383298,261.61691310714042,-33.9059524000,150.8515477000
Liverpool-Cartwright-Miller-MG,"282","0","282",0.09124988919694,266.33757090412053,-33.9059535000,150.8515368000
Liverpool-Cartwright-Miller-MG,"283","0","283",0.09126089328712,270.76591654494803,-33.9059538000,150.8515258000
Liverpool-Cartwright-Miller-MG,"284","0","284",0.09127200949151,275.46479166251515,-33.9059532000,150.8515147000
Liverpool-Cartwright-Miller-MG,"285","0","285",0.09128301221845,280.03892821220450,-33.9059517000,150.8515038000
Liverpool-Cartwright-Miller-MG,"286","0","286",0.09129385887692,284.92348230998948,-33.9059494000,150.8514932000
Liverpool-Cartwright-Miller-MG,"287","0","287",0.09130476988052,289.80266577991313,-33.9059461000,150.8514828000
Liverpool-Cartwright-Miller-MG,"288","0","288",0.09131544742706,280.03323758889644,-33.9059421000,150.8514729000
Liverpool-Cartwright-Miller-MG,"289","0","289",0.09133710789880,268.04985609563522,-33.9059428311,150.8514512519
Liverpool-Cartwright-Miller-MG,"290","0","290",0.09137289252174,268.03996798514567,-33.9059440588,150.8514154883
Liverpool-Cartwright-Miller-MG,"291","0","291",0.09140049688535,271.42674313606369,-33.9059450000,150.8513879000
Liverpool-Cartwright-Miller-MG,"292","0","292",0.09162839866240,267.04607438826974,-33.9059259000,150.8511608000
Liverpool-Cartwright-Miller-MG,"293","0","293",0.09293426904269,259.28266244303057,-33.9061687000,150.8498777000
Liverpool-Cartwright-Miller-MG,"294","0","294",0.09330147679031,259.28518886452025,-33.9062370000,150.8495169000
Liverpool-Cartwright-Miller-MG,"295","0","295",0.09356944494140,258.52513515573287,-33.9062868000,150.8492536000
Liverpool-Cartwright-Miller-MG,"296","0","296",0.09433832136839,259.46283945575715,-33.9064498000,150.8485022000
Liverpool-Cartwright-Miller-MG,"297","0","297",0.09457401788938,270.06406165468195,-33.9064860000,150.8482693000
Liverpool-Cartwright-Miller-MG,"298","0","298",0.09472870677068,289.19920752533227,-33.9064619000,150.8481165000
Liverpool-Cartwright-Miller-MG,"299","0","299",0.09493768353973,307.81379947379281,-33.9063592000,150.8479345000
Liverpool-Cartwright-Miller-MG,"300","0","300",0.09538969332946,313.91635056195480,-33.9060330000,150.8476216000
Liverpool-Cartwright-Miller-MG,"301","0","301",0.09566239807823,297.10710439599274,-33.9058518000,150.8474178000
Liverpool-Cartwright-Miller-MG,"302","0","302",0.09585624719481,264.81458989081386,-33.9058096000,150.8472286000
Liverpool-Cartwright-Miller-MG,"303","0","303",0.09622467135190,247.05548949010930,-33.9059532263,150.8468893245
Liverpool-Cartwright-Miller-MG,"304","0","304",0.09648461671029,247.05548949124801,-33.9060545632,150.8466499453
Liverpool-Cartwright-Miller-MG,"305","0","305",0.09691924887418,236.48243505066927,-33.9062240000,150.8462497000
Liverpool-Cartwright-Miller-MG,"306","0","306",0.09703954288873,231.65239310253321,-33.9063077000,150.8461633000
Liverpool-Cartwright-Miller-MG,"307","0","307",0.09705271938319,237.50416703009495,-33.9063148000,150.8461522000
Liverpool-Cartwright-Miller-MG,"308","0","308",0.09732958637284,246.47725864353953,-33.9064631000,150.8459184000
Liverpool-Cartwright-Miller-MG,"309","0","309",0.09748370259523,255.34158886243461,-33.9065021000,150.8457693000
MG-Liverpool,"0","0","0",0.00000000000000,255.45118231117539,-33.9065021000,150.8457693000
MG-Liverpool,"1","0","1",0.00098684418737,249.49084134066879,-33.9067500000,150.8448141000
MG-Liverpool,"2","0","2",0.00149635534520,234.53901755639427,-33.9069771000,150.8443580000
MG-Liverpool,"3","0","3",0.00186633050654,212.80028904756392,-33.9072362000,150.8440939000
MG-Liverpool,"4","0","4",0.00214630371954,197.23382483939784,-33.9074992000,150.8439979000
MG-Liverpool,"5","0","5",0.00245481576145,202.85886820492445,-33.9077980000,150.8439211000
MG-Liverpool,"6","0","6",0.00258800389904,215.93384244298119,-33.9079118000,150.8438519000
MG-Liverpool,"7","0","7",0.00262183421090,215.70896794761236,-33.9079375000,150.8438299000
MG-Liverpool,"8","0","8",0.00370793676589,206.67434510681673,-33.9088699000,150.8432729000
MG-Liverpool,"9","0","9",0.00384593709199,196.00784577689313,-33.9089974000,150.8432201000
MG-Liverpool,"10","0","10",0.00394327778236,189.50351909271205,-33.9090934000,150.8432040000
MG-Liverpool,"11","0","11",0.00413682472757,191.76997071320704,-33.9092843000,150.8431721000
MG-Liverpool,"12","0","12",0.00429990568869,192.46194074273924,-33.9094425000,150.8431325000
MG-Liverpool,"13","0","13",0.00434338591445,190.87001140406738,-33.9094852000,150.8431243000
MG-Liverpool,"14","0","14",0.00469285558409,190.93780367615898,-33.9098284000,150.8430584000
MG-Liverpool,"15","0","15",0.00504798767220,186.16634474323288,-33.9101770000,150.8429906000
MG-Liverpool,"16","0","16",0.00516461892834,179.56533039330131,-33.9102936000,150.8429879000
MG-Liverpool,"17","0","17",0.00522986684019,173.95373984159272,-33.9103588000,150.8429904000
MG-Liverpool,"18","0","18",0.00530143177575,170.95776299967022,-33.9104293000,150.8430027000
MG-Liverpool,"19","0","19",0.00535760436688,155.46221344157544,-33.9104849000,150.8430107000
MG-Liverpool,"20","0","20",0.00536845102537,142.19161636979194,-33.9104931000,150.8430178000
MG-Liverpool,"21","0","21",0.00537915849944,148.37394261477041,-33.9105019000,150.8430239000
MG-Liverpool,"22","0","22",0.00538962941151,154.68371653778129,-33.9105111000,150.8430289000
MG-Liverpool,"23","0","23",0.00539999136113,160.97257786481603,-33.9105207000,150.8430328000
MG-Liverpool,"24","0","24",0.00541018351496,167.48216360211222,-33.9105305000,150.8430356000
MG-Liverpool,"25","0","25",0.00542031070610,174.32088421412374,-33.9105405000,150.8430372000
MG-Liverpool,"26","0","26",0.00543041862380,181.13043487308391,-33.9105506000,150.8430376000
MG-Liverpool,"27","0","27",0.00544055025739,187.91937845091803,-33.9105607000,150.8430368000
MG-Liverpool,"28","0","28",0.00545074829643,194.78374777932564,-33.9105707000,150.8430348000
MG-Liverpool,"29","0","29",0.00546096250223,201.30528617785660,-33.9105804000,150.8430316000
MG-Liverpool,"30","0","30",0.00547139034954,207.65838285539661,-33.9105899000,150.8430273000
MG-Liverpool,"31","0","31",0.00548188606295,213.80993238931364,-33.9105989000,150.8430219000
MG-Liverpool,"32","0","32",0.00549260613759,219.71246687363674,-33.9106075000,150.8430155000
MG-Liverpool,"33","0","33",0.00550350384378,225.52485305622452,-33.9106155000,150.8430081000
MG-Liverpool,"34","0","34",0.00551462364590,231.10824721416247,-33.9106229000,150.8429998000
MG-Liverpool,"35","0","35",0.00552600477067,236.78567144608505,-33.9106296000,150.8429906000
MG-Liverpool,"36","0","36",0.00553747865405,241.97101473999200,-33.9106354000,150.8429807000
MG-Liverpool,"37","0","37",0.00554924173187,228.99818394627101,-33.9106405000,150.8429701000
MG-Liverpool,"38","0","38",0.00560801221764,209.51812174349035,-33.9106894000,150.8429375000
MG-Liverpool,"39","0","39",0.00565005980974,205.39806080370644,-33.9107274000,150.8429195000
MG-Liverpool,"40","0","40",0.00570521169093,201.14822712814802,-33.9107772000,150.8428958000
MG-Liverpool,"41","0","41",0.00581700954425,202.99319404408868,-33.9108842000,150.8428634000
MG-Liverpool,"42","0","42",0.00587574326570,199.83258964702350,-33.9109355000,150.8428348000
MG-Liverpool,"43","0","43",0.00603614208116,188.61420014167817,-33.9110932000,150.8428055000
MG-Liverpool,"44","0","44",0.00623490072877,179.78546979063339,-33.9112906000,150.8427823000
MG-Liverpool,"45","0","45",0.00643384004112,169.68443334020006,-33.9114880000,150.8428070000
MG-Liverpool,"46","0","46",0.00677784344227,165.80155019184986,-33.9118225000,150.8428873000
MG-Liverpool,"47","0","47",0.00704233419825,165.41655507339340,-33.9120781000,150.8429553000
MG-Liverpool,"48","0","48",0.00805745117672,165.99460528260158,-33.9130619000,150.8432055000
MG-Liverpool,"49","0","49",0.00821320961150,171.93531325494322,-33.9132132000,150.8432425000
MG-Liverpool,"50","0","50",0.00836203880890,183.41360845014322,-33.9133619000,150.8432487000
MG-Liverpool,"51","0","51",0.00852565020826,191.98922865005068,-33.9135234000,150.8432225000
MG-Liverpool,"52","0","52",0.00887332879546,146.78452424868178,-33.9138596000,150.8431339000
MG-Liverpool,"53","0","53",0.00919614882964,98.80535480780028,-33.9139090167,150.8434529153
MG-Liverpool,"54","0","54",0.00963192540368,145.89512218776343,-33.9139757246,150.8438835558
MG-Liverpool,"55","0","55",0.00990878349530,188.23246074083497,-33.9142455033,150.8438213475
MG-Liverpool,"56","0","56",0.01005746760356,187.72171901297284,-33.9143939132,150.8438123222
MG-Liverpool,"57","0","57",0.01082894973798,159.22597356069122,-33.9151486389,150.8436524041
MG-Liverpool,"58","0","58",0.01142821641159,131.45499040778287,-33.9155050000,150.8441342000
MG-Liverpool,"59","0","59",0.01171326816128,137.08684357803617,-33.9157115000,150.8443307000
MG-Liverpool,"60","0","60",0.01220364667837,137.93255198813387,-33.9160745000,150.8446604000
MG-Liverpool,"61","0","61",0.01237813524504,138.36743762367487,-33.9162044000,150.8447769000
MG-Liverpool,"62","0","62",0.01277916273245,136.65531579072643,-33.9165053171,150.8450419886
MG-Liverpool,"63","0","63",0.01375599189102,135.18995150420520,-33.9171922755,150.8457364548
MG-Liverpool,"64","0","64",0.01446411112712,134.89992453600846,-33.9176989961,150.8462310931
MG-Liverpool,"65","0","65",0.01481303277461,133.96970984751431,-33.9179418526,150.8464816267
MG-Liverpool,"66","0","66",0.01516776904035,141.25108390338639,-33.9181875187,150.8467375289
MG-Liverpool,"67","0","67",0.01523667282839,168.17513547212948,-33.9182463762,150.8467733552
MG-Liverpool,"68","0","68",0.01569630061559,188.63604903574358,-33.9187018822,150.8467119387
MG-Liverpool,"69","0","69",0.01624910277392,172.28812039357868,-33.9192469540,150.8466198139
MG-Liverpool,"70","0","70",0.01629146213261,124.98855449286923,-33.9192853394,150.8466377270
MG-Liverpool,"71","0","71",0.01662434793196,96.09511894651074,-33.9193143176,150.8469693491
MG-Liverpool,"72","0","72",0.01693908001820,97.80785397288676,-33.9193537434,150.8472816021
MG-Liverpool,"73","0","73",0.01738067796572,98.24890859040130,-33.9194184019,150.8477184408
MG-Liverpool,"74","0","74",0.01762756831562,112.54275407041811,-33.9194530966,150.8479628812
MG-Liverpool,"75","0","75",0.01835026747643,132.19761106742791,-33.9198881000,150.8485400000
MG-Liverpool,"76","0","76",0.01850978788263,135.37707009695384,-33.9200055000,150.8486480000
MG-Liverpool,"77","0","77",0.01938023669218,115.62167913039110,-33.9206032000,150.8492808000
MG-Liverpool,"78","0","78",0.01988661493024,104.32501866409537,-33.9206726000,150.8497824000
MG-Liverpool,"79","0","79",0.02025175080905,114.92504604992598,-33.9208021000,150.8501238000
MG-Liverpool,"80","0","80",0.02042315363867,120.61689373374938,-33.9208854000,150.8502736000
MG-Liverpool,"81","0","81",0.02065632218285,120.64537408342272,-33.9210095000,150.8504710000
MG-Liverpool,"82","0","82",0.02079599322495,120.82200775327043,-33.9210775000,150.8505930000
MG-Liverpool,"83","0","83",0.02098987434809,171.35813038010912,-33.9211817000,150.8507565000
MG-Liverpool,"84","0","84",0.02112526386026,220.22484525725378,-33.9212851000,150.8506691000
MG-Liverpool,"85","0","85",0.02251172604148,218.36135143372277,-33.9223434000,150.8497734000
MG-Liverpool,"86","0","86",0.02276419190058,214.07929924748143,-33.9225464000,150.8496233000
MG-Liverpool,"87","0","87",0.02337276775450,211.33698811572089,-33.9230643000,150.8493037000
MG-Liverpool,"88","0","88",0.02394018805727,209.34382452660111,-33.9235507000,150.8490115000
MG-Liverpool,"89","0","89",0.02450374161283,195.00776594628488,-33.9240497000,150.8487496000
MG-Liverpool,"90","0","90",0.02474554028950,182.66923919077394,-33.9242913000,150.8487398000
MG-Liverpool,"91","0","91",0.02485008506456,181.04498198245113,-33.9243957000,150.8487343000
MG-Liverpool,"92","0","92",0.02490579233521,175.80562766582372,-33.9244514000,150.8487352000
MG-Liverpool,"93","0","93",0.02501511845282,143.33297529062978,-33.9245598000,150.8487494000
MG-Liverpool,"94","0","94",0.02538547768385,112.32766748249394,-33.9247112000,150.8490874000
MG-Liverpool,"95","0","95",0.02579187971385,109.01355195038293,-33.9248537000,150.8494680000
MG-Liverpool,"96","0","96",0.02627871382318,105.27228878354553,-33.9250001000,150.8499323000
MG-Liverpool,"97","0","97",0.02706428328541,103.51526745866498,-33.9251774000,150.8506976000
MG-Liverpool,"98","0","98",0.02874779644842,103.99500763080512,-33.9255843000,150.8523312000
MG-Liverpool,"99","0","99",0.03005535472628,102.05507212637076,-33.9259007000,150.8535999000
MG-Liverpool,"100","0","100",0.03199911761562,98.06021399882216,-33.9262418000,150.8555135000
MG-Liverpool,"101","0","101",0.03357217400368,95.00955496091987,-33.9264066000,150.8570779000
MG-Liverpool,"102","0","102",0.03449983999961,92.06194786452421,-33.9264714000,150.8580033000
MG-Liverpool,"103","0","103",0.03546794206550,89.76376926679018,-33.9264734000,150.8589714000
MG-Liverpool,"104","0","104",0.03615647867312,88.63050750373606,-33.9264663000,150.8596599000
MG-Liverpool,"105","0","105",0.03640725490803,88.47062953194698,-33.9264569000,150.8599105000
MG-Liverpool,"106","0","106",0.03678480258712,87.65705451178093,-33.9264509000,150.8602880000
MG-Liverpool,"107","0","107",0.03751228126034,85.25489988605348,-33.9264030000,150.8610139000
MG-Liverpool,"108","0","108",0.03830763438945,85.09634995680800,-33.9263238000,150.8618053000
MG-Liverpool,"109","0","109",0.03896902075913,85.98139676956632,-33.9262766000,150.8624650000
MG-Liverpool,"110","0","110",0.04152297160050,86.10879353969641,-33.9261009000,150.8650129000
MG-Liverpool,"111","0","111",0.04291549398811,89.37993921597021,-33.9260077000,150.8664023000
MG-Liverpool,"112","0","112",0.04312070483090,93.14710810896125,-33.9260170000,150.8666073000
MG-Liverpool,"113","0","113",0.04350069547552,94.67818406284977,-33.9260415000,150.8669865000
MG-Liverpool,"114","0","114",0.04413850461625,97.62006653280139,-33.9261044000,150.8676212000
MG-Liverpool,"115","0","115",0.04485591044284,102.62049837966562,-33.9262238000,150.8683286000
MG-Liverpool,"116","0","116",0.04543604622002,106.28436421734111,-33.9263804000,150.8688872000
MG-Liverpool,"117","0","117",0.04631316231838,106.26417851933887,-33.9266355000,150.8697264000
MG-Liverpool,"118","0","118",0.04767059502023,105.35874940470910,-33.9270010000,150.8710337000
MG-Liverpool,"119","0","119",0.04816433670371,105.10604499076770,-33.9271296000,150.8715104000
MG-Liverpool,"120","0","120",0.04835762333025,104.21513426043835,-33.9271800000,150.8716970000
MG-Liverpool,"121","0","121",0.04951647746256,102.44507759382844,-33.9274469000,150.8728247000
MG-Liverpool,"122","0","122",0.05022120870210,100.77204414591333,-33.9275883000,150.8735151000
MG-Liverpool,"123","0","123",0.05055738492082,97.57205044355993,-33.9276465000,150.8738462000
MG-Liverpool,"124","0","124",0.05076693897110,97.63378274004278,-33.9276654000,150.8740549000
MG-Liverpool,"125","0","125",0.05091929674083,96.98808232680663,-33.9276921000,150.8742049000
MG-Liverpool,"126","0","126",0.05194996299622,91.88843773170531,-33.9277619000,150.8752332000
MG-Liverpool,"127","0","127",0.05259646410992,89.19576953556651,-33.9277607000,150.8758797000
MG-Liverpool,"128","0","128",0.05313434894890,87.84225007887741,-33.9277466000,150.8764174000
MG-Liverpool,"129","0","129",0.05386983543414,87.69740442300632,-33.9277105000,150.8771520000
MG-Liverpool,"130","0","130",0.05717995393656,88.25719825843390,-33.9276070000,150.8804605000
MG-Liverpool,"131","0","131",0.05766036384486,88.37812523770837,-33.9275928000,150.8809407000
MG-Liverpool,"132","0","132",0.05835171679381,89.05200070850145,-33.9275741000,150.8816318000
MG-Liverpool,"133","0","133",0.05931203430901,88.95457003313146,-33.9275683000,150.8825921000
MG-Liverpool,"134","0","134",0.06056991752298,88.26224727002817,-33.9275300000,150.8838494000
MG-Liverpool,"135","0","135",0.06244067091667,88.21041233640308,-33.9274735000,150.8857193000
MG-Liverpool,"136","0","136",0.06286539193102,88.92284288388888,-33.9274598000,150.8861438000
MG-Liverpool,"137","0","137",0.06368970367418,89.31743309220951,-33.9274554000,150.8869681000
MG-Liverpool,"138","0","138",0.06487430612648,88.01850435423287,-33.9274335000,150.8881525000
MG-Liverpool,"139","0","139",0.06520002431758,88.67484163727590,-33.9274170000,150.8884778000
MG-Liverpool,"140","0","140",0.06590103117203,89.51585775188052,-33.9274201000,150.8891788000
MG-Liverpool,"141","0","141",0.06708299983914,88.33172760010315,-33.9273949000,150.8903605000
MG-Liverpool,"142","0","142",0.06725371612424,85.66372141693192,-33.9273886000,150.8905311000
MG-Liverpool,"143","0","143",0.06734390620125,83.42560644924309,-33.9273783000,150.8906207000
MG-Liverpool,"144","0","144",0.06806003942908,83.31639980644100,-33.9272961000,150.8913321000
MG-Liverpool,"145","0","145",0.06832277467605,81.66985875866926,-33.9272651000,150.8915930000
MG-Liverpool,"146","0","146",0.07123205801908,80.42844912267120,-33.9267657000,150.8944591000
MG-Liverpool,"147","0","147",0.07183866122551,80.55853230042877,-33.9266681000,150.8950578000
MG-Liverpool,"148","0","148",0.07319586247072,80.30566915589495,-33.9264412000,150.8963959000
MG-Liverpool,"149","0","149",0.07355729867527,80.79861102730607,-33.9263799000,150.8967521000
MG-Liverpool,"150","0","150",0.07383960094235,83.55876930482776,-33.9263375000,150.8970312000
MG-Liverpool,"151","0","151",0.07432062012076,87.85311457845451,-33.9263019000,150.8975109000
MG-Liverpool,"152","0","152",0.07478402029345,91.66701199531974,-33.9263015000,150.8979743000
MG-Liverpool,"153","0","153",0.07519914390148,93.06490975376902,-33.9263260000,150.8983887000
MG-Liverpool,"154","0","154",0.07553933462742,91.61499081568962,-33.9263423000,150.8987285000
MG-Liverpool,"155","0","155",0.07587104644513,90.83253080969546,-33.9263451000,150.8990602000
MG-Liverpool,"156","0","156",0.07612810108907,91.82217442431272,-33.9263504000,150.8993172000
MG-Liverpool,"157","0","157",0.07667030195598,94.69752991438357,-33.9263737000,150.8998589000
MG-Liverpool,"158","0","158",0.07736296545294,97.40556959202625,-33.9264573000,150.9005465000
MG-Liverpool,"159","0","159",0.07981551816385,97.87665366476526,-33.9267935000,150.9029759000
MG-Liverpool,"160","0","160",0.07998340112903,97.89592277805205,-33.9268165000,150.9031422000
MG-Liverpool,"161","0","161",0.08250322176745,97.59197584729118,-33.9271636000,150.9056380000
MG-Liverpool,"162","0","162",0.08347331278385,98.37120288037003,-33.9272863000,150.9066003000
MG-Liverpool,"163","0","163",0.08530575504484,99.47052569367149,-33.9275879832,150.9084077379
MG-Liverpool,"164","0","164",0.08543963980369,98.65077557716928,-33.9276100000,150.9085398000
MG-Liverpool,"165","0","165",0.08709277816753,97.37426792547888,-33.9278354000,150.9101775000
MG-Liverpool,"166","0","166",0.08730633024549,96.67973555775285,-33.9278611000,150.9103895000
MG-Liverpool,"167","0","167",0.08735352876242,96.90931513272852,-33.9278664000,150.9104364000
MG-Liverpool,"168","0","168",0.08743147290907,96.44007154396037,-33.9278764000,150.9105137000
MG-Liverpool,"169","0","169",0.08770855268098,95.42708733210156,-33.9279030000,150.9107895000
MG-Liverpool,"170","0","170",0.08801126904989,96.77682890628650,-33.9279312000,150.9110909000
MG-Liverpool,"171","0","171",0.08841470212981,98.13142364720335,-33.9279888000,150.9114902000
MG-Liverpool,"172","0","172",0.08915338894440,98.38030726589045,-33.9280923000,150.9122216000
MG-Liverpool,"173","0","173",0.08924059376078,97.76150157510754,-33.9281055000,150.9123078000
MG-Liverpool,"174","0","174",0.08932821316506,96.95594737093006,-33.9281159000,150.9123948000
MG-Liverpool,"175","0","175",0.08961319541008,97.83580281600385,-33.9281511000,150.9126776000
MG-Liverpool,"176","0","176",0.08971847266304,99.96718965333416,-33.9281668000,150.9127817000
MG-Liverpool,"177","0","177",0.08985912720444,101.88351541280832,-33.9281945000,150.9129196000
MG-Liverpool,"178","0","178",0.09005131716255,104.83256298707569,-33.9282358000,150.9131073000
MG-Liverpool,"179","0","179",0.09024650263843,102.59745660049668,-33.9282937000,150.9132937000
MG-Liverpool,"180","0","180",0.09261187283780,96.80974011032713,-33.9286204000,150.9156364000
MG-Liverpool,"181","0","181",0.09359791502751,92.75800160013942,-33.9287180000,150.9166176000
MG-Liverpool,"182","0","182",0.09387651617611,88.89049523397401,-33.9287172000,150.9168962000
MG-Liverpool,"183","0","183",0.09416940444834,85.03752220143119,-33.9287067000,150.9171889000
MG-Liverpool,"184","0","184",0.09450022068130,82.25660133138322,-33.9286614000,150.9175166000
MG-Liverpool,"185","0","185",0.09474467732373,81.27605476258741,-33.9286290000,150.9177589000
MG-Liverpool,"186","0","186",0.09489518772199,73.21985487070633,-33.9286033000,150.9179072000
MG-Liverpool,"187","0","187",0.09506690449466,62.62379195513311,-33.9285342000,150.9180644000
MG-Liverpool,"188","0","188",0.09516527613686,56.39803964359832,-33.9284835000,150.9181487000
MG-Liverpool,"189","0","189",0.09527826432210,51.41197079149934,-33.9284168000,150.9182399000
MG-Liverpool,"190","0","190",0.09540585499573,49.00630884685928,-33.9283331000,150.9183362000
MG-Liverpool,"191","0","191",0.09588836291277,49.16294800533893,-33.9280166000,150.9187004000
MG-Liverpool,"192","0","192",0.09620959385769,51.44389896197558,-33.9278072000,150.9189440000
MG-Liverpool,"193","0","193",0.09657400461498,54.08529241490960,-33.9275908000,150.9192372000
MG-Liverpool,"194","0","194",0.09697001496842,54.57819261547112,-33.9273614000,150.9195600000
MG-Liverpool,"195","0","195",0.09709779454417,60.21596268573415,-33.9272873000,150.9196641000
MG-Liverpool,"196","0","196",0.09757979144255,67.86201563435583,-33.9270903000,150.9201040000
MG-Liverpool,"197","0","197",0.09770750992202,73.53560172222474,-33.9270463000,150.9202239000
MG-Liverpool,"198","0","198",0.09781015153151,84.80370667355393,-33.9270236000,150.9203240000
MG-Liverpool,"199","0","199",0.09797119096773,87.24611416140093,-33.9270303000,150.9204849000
MG-Liverpool,"200","0","200",0.09818239144116,79.75746620474666,-33.9270013000,150.9206941000
MG-Liverpool,"201","0","201",0.09854153088483,72.87151357062497,-33.9269230000,150.9210446000
MG-Liverpool,"202","0","202",0.09946388227669,68.32717503535794,-33.9265825000,150.9219018000
MG-Liverpool,"203","0","203",0.10044886821562,68.80701923244330,-33.9262186000,150.9228171000
MG-Liverpool,"204","0","204",0.10118992842913,70.19303573074217,-33.9259566000,150.9235103000
MG-Liverpool,"205","0","205",0.10165957439150,71.44922541636353,-33.9258044000,150.9239546000
MG-Liverpool,"206","0","206",0.10189083383470,71.14524215139544,-33.9257322000,150.9241743000
MG-Liverpool,"207","0","207",0.10210843737314,68.90055542305181,-33.9256595000,150.9243794000
MG-Liverpool,"208","0","208",0.10291003014381,64.44583924126670,-33.9253504000,150.9251190000
MG-Liverpool,"209","0","209",0.10296233702672,55.99043891003217,-33.9253255000,150.9251650000
MG-Liverpool,"210","0","210",0.10300360359916,41.31940713919224,-33.9252992000,150.9251968000
MG-Liverpool,"211","0","211",0.10304935346252,34.56238097181821,-33.9252605000,150.9252212000
MG-Liverpool,"212","0","212",0.10309749346671,50.22588930513061,-33.9252220000,150.9252501000
MG-Liverpool,"213","0","213",0.10315992462880,72.16631765895501,-33.9251942000,150.9253060000
MG-Liverpool,"214","0","214",0.10325535905650,87.62353555557621,-33.9251789000,150.9254002000
MG-Liverpool,"215","0","215",0.10333871288069,95.26708669691962,-33.9251854000,150.9254833000
MG-Liverpool,"216","0","216",0.10412470751173,92.41262644414037,-33.9252684000,150.9262649000
MG-Liverpool,"217","0","217",0.10418032045985,80.39947542951631,-33.9252672000,150.9263205000
MG-Liverpool,"218","0","218",0.10424581343660,61.12308697474671,-33.9252470000,150.9263828000
MG-Liverpool,"219","0","219",0.10433534963034,30.69713371028586,-33.9251897000,150.9264516000
MG-Liverpool,"220","0","220",0.10514380114405,10.71918471494405,-33.9243966000,150.9266084000
MG-Liverpool,"221","0","221",0.10525670473123,10.18945605736918,-33.9242855000,150.9266285000
MG-Liverpool,"222","0","222",0.10585177010580,10.36295425318527,-33.9236997000,150.9267331000
MG-Liverpool,"223","0","223",0.10589144742930,10.97178667589741,-33.9236607000,150.9267404000
MG-Liverpool,"224","0","224",0.10659977979478,11.34165946313645,-33.9229662000,150.9268797000
MG-EdmondsonPark,"0","0","0",0.00000000000000,258.78382219937902,-33.9118225000,150.8428873000
MG-EdmondsonPark,"1","0","1",0.00012601280696,258.78382211489486,-33.9118470109,150.8427636940
MG-EdmondsonPark,"2","0","2",0.00019176261357,257.06079149756181,-33.9118598000,150.8426992000
MG-EdmondsonPark,"3","0","3",0.00042485326120,259.38072520074155,-33.9119188000,150.8424737000
MG-EdmondsonPark,"4","0","4",0.00050256458597,268.61065077343704,-33.9119277000,150.8423965000
MG-EdmondsonPark,"5","0","5",0.00057201708774,275.55022208498997,-33.9119231000,150.8423272000
MG-EdmondsonPark,"6","0","6",0.00111955865693,277.52542426943984,-33.9118535000,150.8417841000
MG-EdmondsonPark,"7","0","7",0.00143554341921,274.73451029896376,-33.9118109000,150.8414710000
MG-EdmondsonPark,"8","0","8",0.00156540199616,268.93243903457483,-33.9118070000,150.8413412000
MG-EdmondsonPark,"9","0","9",0.00175573289219,264.74162545674102,-33.9118198000,150.8411513000
MG-EdmondsonPark,"10","0","10",0.00187815919658,263.33337150525352,-33.9118340000,150.8410297000
MG-EdmondsonPark,"11","0","11",0.00207609999582,267.41313853651570,-33.9118570000,150.8408331000
MG-EdmondsonPark,"12","0","12",0.00221754839629,274.91005720051459,-33.9118533000,150.8406917000
MG-EdmondsonPark,"13","0","13",0.00231083044172,278.33202523849729,-33.9118398000,150.8405994000
MG-EdmondsonPark,"14","0","14",0.00245556205541,278.34238141499503,-33.9118188000,150.8404562000
MG-EdmondsonPark,"15","0","15",0.00276159996157,324.97780409530918,-33.9117744000,150.8401534000
MG-EdmondsonPark,"16","0","16",0.00342375617427,11.61541898357420,-33.9111258000,150.8402867000
MG-EdmondsonPark,"17","0","17",0.00361395233618,8.62033704070854,-33.9109395000,150.8403250000
MG-EdmondsonPark,"18","0","18",0.00369253051381,0.29884042706399,-33.9108613000,150.8403327000
MG-EdmondsonPark,"19","0","19",0.00376330261285,345.66293680993368,-33.9107908000,150.8403265000
MG-EdmondsonPark,"20","0","20",0.00390216344239,23.84172882674958,-33.9106636000,150.8402708000
MG-EdmondsonPark,"21","0","21",0.00401088344975,70.44813318886018,-33.9106288000,150.8403738000
MG-EdmondsonPark,"22","0","22",0.00472833556663,74.05117526576723,-33.9103783000,150.8410461000
MG-EdmondsonPark,"23","0","23",0.00479476033610,78.55445574340246,-33.9103651000,150.8411112000
MG-EdmondsonPark,"24","0","24",0.00486087122778,80.86585244028802,-33.9103520000,150.8411760000
MG-EdmondsonPark,"25","0","25",0.00492804927481,83.16015212682626,-33.9103440000,150.8412427000
MG-EdmondsonPark,"26","0","26",0.00502040667839,87.14893370566620,-33.9103330000,150.8413344000
MG-EdmondsonPark,"27","0","27",0.00511102455742,94.71702507821546,-33.9103348000,150.8414250000
MG-EdmondsonPark,"28","0","28",0.00576112711089,54.90061426617826,-33.9104286000,150.8420683000
MG-EdmondsonPark,"29","0","29",0.00612912156738,54.75857243654714,-33.9100680000,150.8421417000
MG-EdmondsonPark,"30","0","30",0.00688247473820,95.11895502369566,-33.9101730000,150.8428877000
MG-EdmondsonPark,"31","0","31",0.00698545245426,92.33411570437922,-33.9101770000,150.8429906000
MG-EdmondsonPark,"32","0","32",0.00707463344997,94.98586788456775,-33.9101808000,150.8430797000
MG-EdmondsonPark,"33","0","33",0.00783166111791,144.52172805651969,-33.9102800000,150.8438302000
MG-EdmondsonPark,"34","0","34",0.00821742399842,144.40393244615376,-33.9106580000,150.8437532000
MG-EdmondsonPark,"35","0","35",0.00857356134175,97.29403370630099,-33.9107032157,150.8441064554
MG-EdmondsonPark,"36","0","36",0.00877664943594,93.64701685317593,-33.9107290000,150.8443079000
MG-EdmondsonPark,"37","0","37",0.00887084943595,89.19670990616092,-33.9107290000,150.8444021000
MG-EdmondsonPark,"38","0","38",0.00896358589050,84.16072653966094,-33.9107264000,150.8444948000
MG-EdmondsonPark,"39","0","39",0.00903620503396,119.87868992640981,-33.9107137000,150.8445663000
MG-EdmondsonPark,"40","0","40",0.00960520173865,159.83044031283961,-33.9112478000,150.8447625000
MG-EdmondsonPark,"41","0","41",0.00970555511428,159.82952606149072,-33.9113420000,150.8447971000
MG-EdmondsonPark,"42","0","42",0.01024579404288,166.10016836707331,-33.9118491000,150.8449834000
MG-EdmondsonPark,"43","0","43",0.01035052059160,176.18640932551241,-33.9119529000,150.8449973000
MG-EdmondsonPark,"44","0","44",0.01042742059159,186.14914273455696,-33.9120298000,150.8449973000
MG-EdmondsonPark,"45","0","45",0.01068892152850,235.21039222385997,-33.9122853000,150.8449416000
MG-EdmondsonPark,"46","0","46",0.01218088856566,278.11127817856556,-33.9120745000,150.8434646000
MG-EdmondsonPark,"47","0","47",0.01236967196008,275.49038189070319,-33.9120479000,150.8432777000
MG-EdmondsonPark,"48","0","48",0.01247911025318,270.38508183731852,-33.9120424000,150.8431684000
MG-EdmondsonPark,"49","0","49",0.01257957840735,261.01905486975005,-33.9120461000,150.8430680000
MG-EdmondsonPark,"50","0","50",0.01269673339027,209.93984490646847,-33.9120781000,150.8429553000
MG-EdmondsonPark,"51","0","51",0.01371185036874,165.99460528260158,-33.9130619000,150.8432055000
MG-EdmondsonPark,"52","0","52",0.01386760880352,171.93531325494322,-33.9132132000,150.8432425000
MG-EdmondsonPark,"53","0","53",0.01401643800092,183.41360845014322,-33.9133619000,150.8432487000
MG-EdmondsonPark,"54","0","54",0.01418004940028,191.98922865005068,-33.9135234000,150.8432225000
MG-EdmondsonPark,"55","0","55",0.01452772798748,146.78452424875530,-33.9138596000,150.8431339000
MG-EdmondsonPark,"56","0","56",0.01528632459570,145.89512218770898,-33.9139757246,150.8438835558
MG-EdmondsonPark,"57","0","57",0.01556318268732,188.23246074083497,-33.9142455033,150.8438213475
MG-EdmondsonPark,"58","0","58",0.01571186679558,187.72171901297284,-33.9143939132,150.8438123222
MG-EdmondsonPark,"59","0","59",0.01648334893000,159.22597356069122,-33.9151486389,150.8436524041
MG-EdmondsonPark,"60","0","60",0.01708261560361,131.45499040778287,-33.9155050000,150.8441342000
MG-EdmondsonPark,"61","0","61",0.01736766735330,137.08684357803617,-33.9157115000,150.8443307000
MG-EdmondsonPark,"62","0","62",0.01785804587039,138.10994780078198,-33.9160745000,150.8446604000
MG-EdmondsonPark,"63","0","63",0.01843355712361,136.57813060595277,-33.9165053171,150.8450419886
MG-EdmondsonPark,"64","0","64",0.01941038628218,135.18995150420520,-33.9171922755,150.8457364548
MG-EdmondsonPark,"65","0","65",0.02011850551827,134.89992453600846,-33.9176989961,150.8462310931
MG-EdmondsonPark,"66","0","66",0.02046742716576,133.96970984751431,-33.9179418526,150.8464816267
MG-EdmondsonPark,"67","0","67",0.02082216343150,141.25108390338639,-33.9181875187,150.8467375289
MG-EdmondsonPark,"68","0","68",0.02089106721954,168.17513547212948,-33.9182463762,150.8467733552
MG-EdmondsonPark,"69","0","69",0.02135069500674,188.63604903574358,-33.9187018822,150.8467119387
MG-EdmondsonPark,"70","0","70",0.02190349716508,172.28812039357868,-33.9192469540,150.8466198139
MG-EdmondsonPark,"71","0","71",0.02194585652377,124.98855449286923,-33.9192853394,150.8466377270
MG-EdmondsonPark,"72","0","72",0.02227874232312,96.09511894651074,-33.9193143176,150.8469693491
MG-EdmondsonPark,"73","0","73",0.02259347440936,97.80785397288676,-33.9193537434,150.8472816021
MG-EdmondsonPark,"74","0","74",0.02303507235688,98.24890859040130,-33.9194184019,150.8477184408
MG-EdmondsonPark,"75","0","75",0.02328196270677,112.54275407041811,-33.9194530966,150.8479628812
MG-EdmondsonPark,"76","0","76",0.02400466186758,132.19761106742791,-33.9198881000,150.8485400000
MG-EdmondsonPark,"77","0","77",0.02416418227379,135.37707009695384,-33.9200055000,150.8486480000
MG-EdmondsonPark,"78","0","78",0.02503463108334,115.62167913039110,-33.9206032000,150.8492808000
MG-EdmondsonPark,"79","0","79",0.02554100932140,95.79033414819943,-33.9206726000,150.8497824000
MG-EdmondsonPark,"80","0","80",0.02574072637121,96.87286772499129,-33.9206855000,150.8499817000
MG-EdmondsonPark,"81","0","81",0.02592423792397,107.68867629901125,-33.9207175000,150.8501624000
MG-EdmondsonPark,"82","0","82",0.02609506816137,118.53594552164429,-33.9207906000,150.8503168000
MG-EdmondsonPark,"83","0","83",0.02636197855831,121.04930189168589,-33.9209310000,150.8505438000
MG-EdmondsonPark,"84","0","84",0.02649908209582,120.50143789095921,-33.9210003000,150.8506621000
MG-EdmondsonPark,"85","0","85",0.02669097490442,170.43107385821494,-33.9210981000,150.8508272000
MG-EdmondsonPark,"86","0","86",0.02680046211830,220.21376542185939,-33.9211817000,150.8507565000
MG-EdmondsonPark,"87","0","87",0.02693585163047,220.22484525725378,-33.9212851000,150.8506691000
MG-EdmondsonPark,"88","0","88",0.02832231381169,218.36135143372277,-33.9223434000,150.8497734000
MG-EdmondsonPark,"89","0","89",0.02857477967079,214.07929924748143,-33.9225464000,150.8496233000
MG-EdmondsonPark,"90","0","90",0.02918335552471,211.33698811572089,-33.9230643000,150.8493037000
MG-EdmondsonPark,"91","0","91",0.02975077582748,209.34382452660111,-33.9235507000,150.8490115000
MG-EdmondsonPark,"92","0","92",0.03031432938304,206.66990167666330,-33.9240497000,150.8487496000
MG-EdmondsonPark,"93","0","93",0.03068838212001,205.84219013035963,-33.9243869000,150.8485877000
MG-EdmondsonPark,"94","0","94",0.03076606641699,204.55257007494109,-33.9244567000,150.8485536000
MG-EdmondsonPark,"95","0","95",0.03095594914430,199.79069150008752,-33.9246314000,150.8484792000
MG-EdmondsonPark,"96","0","96",0.03104460601055,199.11196007922766,-33.9247164000,150.8484540000
MG-EdmondsonPark,"97","0","97",0.03124330027318,203.19949836938005,-33.9249010000,150.8483805000
MG-EdmondsonPark,"98","0","98",0.03165030400785,204.04717527754880,-33.9252708000,150.8482105000
MG-EdmondsonPark,"99","0","99",0.03217693815977,202.25861750913998,-33.9257541000,150.8480013000
MG-EdmondsonPark,"100","0","100",0.03262726343113,200.66684558663957,-33.9261742000,150.8478391000
MG-EdmondsonPark,"101","0","101",0.03305108832420,197.40630636593926,-33.9265719000,150.8476926000
MG-EdmondsonPark,"102","0","102",0.03385852718872,192.41926477502361,-33.9273533000,150.8474892000
MG-EdmondsonPark,"103","0","103",0.03451784557166,190.05007926082945,-33.9280021000,150.8473719000
MG-EdmondsonPark,"104","0","104",0.03535651352741,190.96260130371354,-33.9288284000,150.8472284000
MG-EdmondsonPark,"105","0","105",0.03570839670400,193.04207222934068,-33.9291725000,150.8471548000
MG-EdmondsonPark,"106","0","106",0.03592854631221,192.63948636834493,-33.9293861000,150.8471015000
MG-EdmondsonPark,"107","0","107",0.03641063912487,194.97242220522602,-33.9298589000,150.8470073000
MG-EdmondsonPark,"108","0","108",0.03687499211561,200.58600313770080,-33.9302988000,150.8468586000
MG-EdmondsonPark,"109","0","109",0.03731670085447,204.80714580075463,-33.9307069000,150.8466896000
MG-EdmondsonPark,"110","0","110",0.03777914133714,210.94416326749732,-33.9311185000,150.8464788000
MG-EdmondsonPark,"111","0","111",0.03867012013598,215.02021305243761,-33.9318504000,150.8459707000
MG-EdmondsonPark,"112","0","112",0.03984009552036,214.39402419924187,-33.9328056000,150.8452951000
MG-EdmondsonPark,"113","0","113",0.04229798332903,215.99385175418453,-33.9348548000,150.8439379000
MG-EdmondsonPark,"114","0","114",0.04268167311257,218.20851770460305,-33.9351552000,150.8436992000
MG-EdmondsonPark,"115","0","115",0.04310546787421,218.81993171725955,-33.9354894000,150.8434386000
MG-EdmondsonPark,"116","0","116",0.04335473054690,159.24126006116265,-33.9356812000,150.8432794000
MG-EdmondsonPark,"117","0","117",0.04348759054840,98.36031123323021,-33.9357015000,150.8434107000
MG-EdmondsonPark,"118","0","118",0.04449704809086,98.08434235646820,-33.9358408000,150.8444105000
MG-EdmondsonPark,"119","0","119",0.04461850096237,97.22361230251025,-33.9358582000,150.8445307000
MG-EdmondsonPark,"120","0","120",0.04467211560589,97.06823982494916,-33.9358640000,150.8445840000
MG-EdmondsonPark,"121","0","121",0.04667797812613,97.94593877902525,-33.9361406000,150.8465707000
MG-EdmondsonPark,"122","0","122",0.04670756359551,89.70530443214838,-33.9361447000,150.8466000000
MG-EdmondsonPark,"123","0","123",0.04683528473707,78.24364307695809,-33.9361257000,150.8467263000
MG-EdmondsonPark,"124","0","124",0.04699064888996,74.76690683149840,-33.9360856000,150.8468764000
MG-EdmondsonPark,"125","0","125",0.04703029230048,79.82247847665062,-33.9360750000,150.8469146000
MG-EdmondsonPark,"126","0","126",0.04707053618201,91.14654554828041,-33.9360716000,150.8469547000
MG-EdmondsonPark,"127","0","127",0.04711961672806,103.80588774489253,-33.9360777000,150.8470034000
MG-EdmondsonPark,"128","0","128",0.04716765046621,117.63502140796099,-33.9360945000,150.8470484000
MG-EdmondsonPark,"129","0","129",0.04721356048690,132.68048605382248,-33.9361207000,150.8470861000
MG-EdmondsonPark,"130","0","130",0.04725732439896,148.93834106674709,-33.9361545000,150.8471139000
MG-EdmondsonPark,"131","0","131",0.04729699365658,126.41442466018657,-33.9361911000,150.8471292000
MG-EdmondsonPark,"132","0","132",0.04772045409156,94.54768443815840,-33.9362318000,150.8475507000
MG-EdmondsonPark,"133","0","133",0.04811121662816,93.48268776490779,-33.9362562000,150.8479407000
MG-EdmondsonPark,"134","0","134",0.04946257484865,93.25513957847234,-33.9363360000,150.8492897000
MG-EdmondsonPark,"135","0","135",0.04968821035113,93.65547786776754,-33.9363483000,150.8495150000
MG-EdmondsonPark,"136","0","136",0.05005398614311,97.09646814162005,-33.9363750000,150.8498798000
MG-EdmondsonPark,"137","0","137",0.05035496496296,102.38384720097771,-33.9364273000,150.8501762000
MG-EdmondsonPark,"138","0","138",0.05062538955503,106.91180169452596,-33.9364962000,150.8504377000
MG-EdmondsonPark,"139","0","139",0.05089666601918,111.48946389562016,-33.9365848000,150.8506941000
MG-EdmondsonPark,"140","0","140",0.05133598614165,116.36392424960616,-33.9367629000,150.8510957000
MG-EdmondsonPark,"141","0","141",0.05161092078843,123.89603271401779,-33.9368954000,150.8513366000
MG-EdmondsonPark,"142","0","142",0.05175049546380,120.49707428817725,-33.9369832000,150.8514451000
MG-EdmondsonPark,"143","0","143",0.05215627970449,100.40765410444808,-33.9371353000,150.8518213000
MG-EdmondsonPark,"144","0","144",0.05220409016358,93.36339715458060,-33.9371343000,150.8518691000
MG-EdmondsonPark,"145","0","145",0.05224760579296,103.41063178753296,-33.9371403000,150.8519122000
MG-EdmondsonPark,"146","0","146",0.05229083552811,114.28660168233087,-33.9371543000,150.8519531000
MG-EdmondsonPark,"147","0","147",0.05233284612200,125.48485643908239,-33.9371751000,150.8519896000
MG-EdmondsonPark,"148","0","148",0.05237330659658,137.49157392718774,-33.9372018000,150.8520200000
MG-EdmondsonPark,"149","0","149",0.05241214845541,149.77012807343760,-33.9372331000,150.8520430000
MG-EdmondsonPark,"150","0","150",0.05244930017139,164.24861301295977,-33.9372670000,150.8520582000
MG-EdmondsonPark,"151","0","151",0.05248680857046,179.37324792494144,-33.9373042000,150.8520630000
MG-EdmondsonPark,"152","0","152",0.05252351633529,193.67469033740031,-33.9373407000,150.8520591000
MG-EdmondsonPark,"153","0","153",0.05256407407192,179.39254206715685,-33.9373785000,150.8520444000
MG-EdmondsonPark,"154","0","154",0.05286371362204,146.85362398367829,-33.9376554000,150.8521589000
MG-EdmondsonPark,"155","0","155",0.05370676147355,132.91228026968619,-33.9382636000,150.8527427000
MG-EdmondsonPark,"156","0","156",0.05444188786407,126.46285975278649,-33.9387327000,150.8533087000
MG-EdmondsonPark,"157","0","157",0.05500692039409,126.21971052670983,-33.9390427000,150.8537811000
MG-EdmondsonPark,"158","0","158",0.05570043700526,128.86650861269104,-33.9394807000,150.8543188000
MG-EdmondsonPark,"159","0","159",0.05620409804208,126.74614629609898,-33.9397947000,150.8547126000
MG-EdmondsonPark,"160","0","160",0.05660951162106,125.35088558249846,-33.9400268000,150.8550450000
MG-EdmondsonPark,"161","0","161",0.05694083190417,125.84751554095101,-33.9402205000,150.8553138000
MG-EdmondsonPark,"162","0","162",0.05724545393224,122.57406459744570,-33.9403992000,150.8555605000
MG-EdmondsonPark,"163","0","163",0.05748976260995,117.39081699093857,-33.9405185000,150.8557737000
MG-EdmondsonPark,"164","0","164",0.05765158980173,114.40850081714531,-33.9405883000,150.8559197000
MG-EdmondsonPark,"165","0","165",0.05796704059030,106.16585483040186,-33.9407129000,150.8562095000
MG-EdmondsonPark,"166","0","166",0.05908267876192,98.17542817989489,-33.9408887000,150.8573112000
MG-EdmondsonPark,"167","0","167",0.05960398636785,97.28138997556799,-33.9409548000,150.8578283000
MG-EdmondsonPark,"168","0","168",0.06016047019511,97.50871565660040,-33.9410253000,150.8583803000
MG-EdmondsonPark,"169","0","169",0.06241349212356,97.63958715814508,-33.9413287000,150.8606128000
MG-EdmondsonPark,"170","0","170",0.06924637277522,144.43528610493030,-33.9422253000,150.8673866000
MG-EdmondsonPark,"171","0","171",0.06935529568376,190.51843772843284,-33.9423321000,150.8673652000
MG-EdmondsonPark,"172","0","172",0.07000773542044,190.48667419159614,-33.9429752000,150.8672552000
MG-EdmondsonPark,"173","0","173",0.07029588893855,191.00296738009274,-33.9432578000,150.8671989000
MG-EdmondsonPark,"174","0","174",0.07065599565883,190.17155964128600,-33.9436116000,150.8671318000
MG-EdmondsonPark,"175","0","175",0.07118703889628,190.22359405506222,-33.9441352000,150.8670432000
MG-EdmondsonPark,"176","0","176",0.07330220205073,190.57730651894309,-33.9462126000,150.8666453000
MG-EdmondsonPark,"177","0","177",0.07465860983971,190.57814128677353,-33.9475471000,150.8664025000
MG-EdmondsonPark,"178","0","178",0.07576466286735,192.48605449317580,-33.9486334000,150.8661944000
MG-EdmondsonPark,"179","0","179",0.07619116230463,194.92818515271452,-33.9490470000,150.8660903000
MG-EdmondsonPark,"180","0","180",0.07659103549705,197.39998401030272,-33.9494319000,150.8659819000
MG-EdmondsonPark,"181","0","181",0.07723191056287,198.16641413573481,-33.9500376000,150.8657725000
MG-EdmondsonPark,"182","0","182",0.08113637107873,196.74856306139873,-33.9537662000,150.8646139000
MG-EdmondsonPark,"183","0","183",0.08132093109608,195.87588586057930,-33.9539434000,150.8645623000
MG-EdmondsonPark,"184","0","184",0.08195753273761,195.05369101936233,-33.9545568000,150.8643920000
MG-EdmondsonPark,"185","0","185",0.08221555422894,194.86834277782890,-33.9548065000,150.8643270000
MG-EdmondsonPark,"186","0","186",0.08231200447519,191.21293096015222,-33.9548996000,150.8643018000
MG-EdmondsonPark,"187","0","187",0.08249981855878,192.09411777993617,-33.9550859000,150.8642780000
MG-EdmondsonPark,"188","0","188",0.08268377031877,196.91372096767256,-33.9552619000,150.8642245000
MG-EdmondsonPark,"189","0","189",0.08300539160228,197.63090177404396,-33.9555696000,150.8641309000
MG-EdmondsonPark,"190","0","190",0.08322083786008,195.72793981510060,-33.9557741000,150.8640631000
MG-EdmondsonPark,"191","0","191",0.08338347909102,191.58672035173515,-33.9559325000,150.8640262000
MG-EdmondsonPark,"192","0","192",0.08391302060025,191.38895223923737,-33.9564539000,150.8639337000
MG-EdmondsonPark,"193","0","193",0.08408063283130,195.46168147116884,-33.9566174000,150.8638968000
MG-EdmondsonPark,"194","0","194",0.08419906107965,200.43561429910136,-33.9567299000,150.8638598000
MG-EdmondsonPark,"195","0","195",0.08434308420281,203.70477096601471,-33.9568628000,150.8638043000
MG-EdmondsonPark,"196","0","196",0.08453445413248,205.80203483544477,-33.9570366000,150.8637242000
MG-EdmondsonPark,"197","0","197",0.08482085352148,206.40240110415201,-33.9572921000,150.8635948000
MG-EdmondsonPark,"198","0","198",0.08507273899145,206.17743457422486,-33.9575186000,150.8634846000
MG-EdmondsonPark,"199","0","199",0.08553654590173,204.54923378895933,-33.9579340000,150.8632783000
MG-EdmondsonPark,"200","0","200",0.08575613836518,201.41007323719438,-33.9581366000,150.8631936000
MG-EdmondsonPark,"201","0","201",0.08596649047475,200.36107104449013,-33.9583341000,150.8631212000
MG-EdmondsonPark,"202","0","202",0.08620278488855,199.93717420606572,-33.9585553000,150.8630381000
MG-EdmondsonPark,"203","0","203",0.08652919942561,199.58604728951190,-33.9588634000,150.8629303000
MG-EdmondsonPark,"204","0","204",0.08840996788558,199.88800387942109,-33.9606320000,150.8622905000
MG-EdmondsonPark,"205","0","205",0.09112701692634,199.74788926605805,-33.9631870000,150.8613662000
MG-EdmondsonPark,"206","0","206",0.09297041005045,200.29963361828226,-33.9649235000,150.8607476000
MG-EdmondsonPark,"207","0","207",0.09426203155070,200.33837851133683,-33.9661294000,150.8602849000
MG-EdmondsonPark,"208","0","208",0.09448379162376,199.31534282699980,-33.9663382000,150.8602102000
MG-EdmondsonPark,"209","0","209",0.09492023489614,198.96959480141155,-33.9667510000,150.8600685000
MG-EdmondsonPark,"210","0","210",0.09497861331683,196.60052195003792,-33.9668062000,150.8600495000
MG-EdmondsonPark,"211","0","211",0.09508414103829,191.91986269158789,-33.9669085000,150.8600236000
MG-EdmondsonPark,"212","0","212",0.09520605986376,186.29788966009323,-33.9670287000,150.8600032000
MG-EdmondsonPark,"213","0","213",0.09532211506615,178.70620743001311,-33.9671446000,150.8599972000
MG-EdmondsonPark,"214","0","214",0.09544720167616,171.26885656019982,-33.9672691000,150.8600093000
MG-EdmondsonPark,"215","0","215",0.09604895833791,172.57655556169885,-33.9678579000,150.8601335000
MG-EdmondsonPark,"216","0","216",0.09616220695820,180.27078275960173,-33.9679710000,150.8601393000
MG-EdmondsonPark,"217","0","217",0.09627761943587,187.26653364381679,-33.9680862000,150.8601323000
MG-EdmondsonPark,"218","0","218",0.09638817118842,193.09649698327473,-33.9681947000,150.8601111000
MG-EdmondsonPark,"219","0","219",0.09659266646959,196.91817741747678,-33.9683921000,150.8600577000
MG-EdmondsonPark,"220","0","220",0.09740177543627,240.70283486016126,-33.9691585000,150.8597983000
MG-EdmondsonPark,"221","0","221",0.09844061700745,282.75834732689702,-33.9689300000,150.8587849000
MG-EdmondsonPark,"222","0","222",0.09856870514117,282.81021412517327,-33.9689016000,150.8586600000
EdmondsonPark-MG,"0","0","0",0.00000000000000,102.71786685093909,-33.9689016000,150.8586600000
EdmondsonPark-MG,"1","0","1",0.00116692951801,60.70852802132043,-33.9691585000,150.8597983000
EdmondsonPark-MG,"2","0","2",0.00197603848469,17.27258323034152,-33.9683921000,150.8600577000
EdmondsonPark-MG,"3","0","3",0.00207894917416,15.13259496298124,-33.9682931000,150.8600858000
EdmondsonPark-MG,"4","0","4",0.00218054961709,12.73752049013948,-33.9681947000,150.8601111000
EdmondsonPark-MG,"5","0","5",0.00229110136964,7.26653364381680,-33.9680862000,150.8601323000
EdmondsonPark-MG,"6","0","6",0.00240651384731,0.27078275960172,-33.9679710000,150.8601393000
EdmondsonPark-MG,"7","0","7",0.00251976246760,352.57655556169885,-33.9678579000,150.8601335000
EdmondsonPark-MG,"8","0","8",0.00312151912935,351.26885656019988,-33.9672691000,150.8600093000
EdmondsonPark-MG,"9","0","9",0.00324660573936,358.70620743001314,-33.9671446000,150.8599972000
EdmondsonPark-MG,"10","0","10",0.00336266094175,6.29788966009323,-33.9670287000,150.8600032000
EdmondsonPark-MG,"11","0","11",0.00348457976721,11.91986269158789,-33.9669085000,150.8600236000
EdmondsonPark-MG,"12","0","12",0.00359010748868,16.57933868461620,-33.9668062000,150.8600495000
EdmondsonPark-MG,"13","0","13",0.00408492916365,19.31817628909636,-33.9663382000,150.8602102000
EdmondsonPark-MG,"14","0","14",0.00430668923672,355.57136593347536,-33.9661294000,150.8602849000
EdmondsonPark-MG,"15","0","15",0.00438056819176,355.06691412381997,-33.9660645000,150.8602496000
EdmondsonPark-MG,"16","0","16",0.00745221058140,18.89468778164035,-33.9631546000,150.8612332000
EdmondsonPark-MG,"17","0","17",0.01016114416494,19.50050931190088,-33.9605950000,150.8621202000
EdmondsonPark-MG,"18","0","18",0.01204191262494,19.57776235041180,-33.9588264000,150.8627600000
EdmondsonPark-MG,"19","0","19",0.01236829415012,19.94023692257222,-33.9585183000,150.8628677000
EdmondsonPark-MG,"20","0","20",0.01260462375047,20.35962968809746,-33.9582971000,150.8629509000
EdmondsonPark-MG,"21","0","21",0.01281494146252,20.73339055262459,-33.9580996000,150.8630232000
EdmondsonPark-MG,"22","0","22",0.01295002025433,23.68221731507186,-33.9579738000,150.8630724000
EdmondsonPark-MG,"23","0","23",0.01343880341687,26.12830933422380,-33.9575345000,150.8632867000
EdmondsonPark-MG,"24","0","24",0.01375033704269,26.55188065494837,-33.9572551000,150.8634245000
EdmondsonPark-MG,"25","0","25",0.01403682564630,25.80378560857335,-33.9569995000,150.8635539000
EdmondsonPark-MG,"26","0","26",0.01422810476174,23.71103975213805,-33.9568258000,150.8636340000
EdmondsonPark-MG,"27","0","27",0.01437212788488,20.41262906488593,-33.9566929000,150.8636895000
EdmondsonPark-MG,"28","0","28",0.01449052492876,15.45536648111596,-33.9565804000,150.8637264000
EdmondsonPark-MG,"29","0","29",0.01465815920327,11.40029554212571,-33.9564169000,150.8637634000
EdmondsonPark-MG,"30","0","30",0.01518768325374,11.59854584606273,-33.9558955000,150.8638558000
EdmondsonPark-MG,"31","0","31",0.01535034720180,15.74509225916345,-33.9557371000,150.8638928000
EdmondsonPark-MG,"32","0","32",0.01556579345965,19.27469266776553,-33.9555326000,150.8639606000
EdmondsonPark-MG,"33","0","33",0.01585009168331,20.47901640911878,-33.9552658000,150.8640588000
EdmondsonPark-MG,"34","0","34",0.01607701237432,21.47757223528497,-33.9550536000,150.8641392000
EdmondsonPark-MG,"35","0","35",0.01626462500711,25.79142650223829,-33.9548799000,150.8642101000
EdmondsonPark-MG,"36","0","36",0.01663540960768,22.44760003136437,-33.9545568000,150.8643920000
EdmondsonPark-MG,"37","0","37",0.01727201124920,15.87588586057927,-33.9539434000,150.8645623000
EdmondsonPark-MG,"38","0","38",0.01745657126655,16.74856306139871,-33.9537662000,150.8646139000
EdmondsonPark-MG,"39","0","39",0.02136103178242,18.16641413573483,-33.9500376000,150.8657725000
EdmondsonPark-MG,"40","0","40",0.02200190684824,17.39998401030273,-33.9494319000,150.8659819000
EdmondsonPark-MG,"41","0","41",0.02240178004066,14.92818515271451,-33.9490470000,150.8660903000
EdmondsonPark-MG,"42","0","42",0.02282827947794,12.48605449317581,-33.9486334000,150.8661944000
EdmondsonPark-MG,"43","0","43",0.02393433250558,10.57814128677352,-33.9475471000,150.8664025000
EdmondsonPark-MG,"44","0","44",0.02529074029455,10.57730651894307,-33.9462126000,150.8666453000
EdmondsonPark-MG,"45","0","45",0.02740590344900,10.22359405506221,-33.9441352000,150.8670432000
EdmondsonPark-MG,"46","0","46",0.02793694668646,10.17155964128600,-33.9436116000,150.8671318000
EdmondsonPark-MG,"47","0","47",0.02829705340674,11.00296738009276,-33.9432578000,150.8671989000
EdmondsonPark-MG,"48","0","48",0.02858520692485,10.48667419159614,-33.9429752000,150.8672552000
EdmondsonPark-MG,"49","0","49",0.02923764666153,10.51843772843284,-33.9423321000,150.8673652000
EdmondsonPark-MG,"50","0","50",0.02934656957007,324.42494859229544,-33.9422253000,150.8673866000
EdmondsonPark-MG,"51","0","51",0.02953761239250,277.52996730753989,-33.9422003000,150.8671972000
EdmondsonPark-MG,"52","0","52",0.03617945023452,277.63988450168085,-33.9413287000,150.8606128000
EdmondsonPark-MG,"53","0","53",0.03843247216298,277.50871565660037,-33.9410253000,150.8583803000
EdmondsonPark-MG,"54","0","54",0.03898895599023,277.28138997556795,-33.9409548000,150.8578283000
EdmondsonPark-MG,"55","0","55",0.03951026359616,278.17542817989482,-33.9408887000,150.8573112000
EdmondsonPark-MG,"56","0","56",0.04062590176778,286.16585483040183,-33.9407129000,150.8562095000
EdmondsonPark-MG,"57","0","57",0.04094135255635,294.40850081714530,-33.9405883000,150.8559197000
EdmondsonPark-MG,"58","0","58",0.04110317974813,297.39081699093856,-33.9405185000,150.8557737000
EdmondsonPark-MG,"59","0","59",0.04134748842584,302.57406459744567,-33.9403992000,150.8555605000
EdmondsonPark-MG,"60","0","60",0.04165211045391,305.84751554095101,-33.9402205000,150.8553138000
EdmondsonPark-MG,"61","0","61",0.04198343073702,305.35088558249851,-33.9400268000,150.8550450000
EdmondsonPark-MG,"62","0","62",0.04238884431600,306.74427131778117,-33.9397947000,150.8547126000
EdmondsonPark-MG,"63","0","63",0.04277047105770,308.82075824589140,-33.9395568000,150.8544142000
EdmondsonPark-MG,"64","0","64",0.04358601653161,306.17583513822808,-33.9390427000,150.8537811000
EdmondsonPark-MG,"65","0","65",0.04415104906164,306.46285975278653,-33.9387327000,150.8533087000
EdmondsonPark-MG,"66","0","66",0.04488617545216,312.91228026968616,-33.9382636000,150.8527427000
EdmondsonPark-MG,"67","0","67",0.04572922330366,310.27413870048002,-33.9376554000,150.8521589000
EdmondsonPark-MG,"68","0","68",0.04604448199114,284.84485411901483,-33.9374774000,150.8518987000
EdmondsonPark-MG,"69","0","69",0.04609344565114,270.79452481987340,-33.9374814000,150.8518499000
EdmondsonPark-MG,"70","0","70",0.04614193616565,281.93648385525074,-33.9374761000,150.8518017000
EdmondsonPark-MG,"71","0","71",0.04618956514843,293.47111812600673,-33.9374617000,150.8517563000
EdmondsonPark-MG,"72","0","72",0.04623568239033,305.75685860920811,-33.9374391000,150.8517161000
EdmondsonPark-MG,"73","0","73",0.04628007214140,319.10864797351525,-33.9374093000,150.8516832000
EdmondsonPark-MG,"74","0","74",0.04632250715053,333.46674158413492,-33.9373741000,150.8516595000
EdmondsonPark-MG,"75","0","75",0.04636251277514,349.02283264473789,-33.9373363000,150.8516464000
EdmondsonPark-MG,"76","0","76",0.04640085987411,342.40453573598671,-33.9372980000,150.8516445000
EdmondsonPark-MG,"77","0","77",0.04677349830475,318.31472562869760,-33.9369832000,150.8514451000
EdmondsonPark-MG,"78","0","78",0.04691307298013,303.89603271401779,-33.9368954000,150.8513366000
EdmondsonPark-MG,"79","0","79",0.04718800762690,296.36392424960616,-33.9367629000,150.8510957000
EdmondsonPark-MG,"80","0","80",0.04762732774937,291.48946389562013,-33.9365848000,150.8506941000
EdmondsonPark-MG,"81","0","81",0.04789860421352,286.91180169452593,-33.9364962000,150.8504377000
EdmondsonPark-MG,"82","0","82",0.04816902880559,282.38384720097770,-33.9364273000,150.8501762000
EdmondsonPark-MG,"83","0","83",0.04847000762544,277.09646814161999,-33.9363750000,150.8498798000
EdmondsonPark-MG,"84","0","84",0.04883578341742,273.65547786776756,-33.9363483000,150.8495150000
EdmondsonPark-MG,"85","0","85",0.04906141891990,273.25513957847232,-33.9363360000,150.8492897000
EdmondsonPark-MG,"86","0","86",0.05041277714039,273.48268776490778,-33.9362562000,150.8479407000
EdmondsonPark-MG,"87","0","87",0.05080353967699,267.28788030833215,-33.9362318000,150.8475507000
EdmondsonPark-MG,"88","0","88",0.05125591438892,242.25657458433503,-33.9363026000,150.8471039000
EdmondsonPark-MG,"89","0","89",0.05128597649134,228.78576456898290,-33.9363244000,150.8470832000
EdmondsonPark-MG,"90","0","90",0.05131698052332,238.98427396052006,-33.9363426000,150.8470581000
EdmondsonPark-MG,"91","0","91",0.05134904686080,248.62432134976044,-33.9363567000,150.8470293000
EdmondsonPark-MG,"92","0","92",0.05138182368189,261.11092143695936,-33.9363661000,150.8469979000
EdmondsonPark-MG,"93","0","93",0.05146423921441,280.05239289054435,-33.9363677000,150.8469155000
EdmondsonPark-MG,"94","0","94",0.05154437091849,299.95187743332252,-33.9363387000,150.8468408000
EdmondsonPark-MG,"95","0","95",0.05157780772454,303.24401412429012,-33.9363178000,150.8468147000
EdmondsonPark-MG,"96","0","96",0.05172081520687,295.82788943903557,-33.9362511000,150.8466882000
EdmondsonPark-MG,"97","0","97",0.05180686594772,285.72105742550195,-33.9362163000,150.8466095000
EdmondsonPark-MG,"98","0","98",0.05186215003222,277.56585420361944,-33.9362090000,150.8465547000
EdmondsonPark-MG,"99","0","99",0.05389968586260,277.89466741542770,-33.9359415000,150.8445348000
EdmondsonPark-MG,"100","0","100",0.05399103010161,277.94643103913080,-33.9359284000,150.8444444000
EdmondsonPark-MG,"101","0","101",0.05457189650620,277.64333201501591,-33.9358511000,150.8438687000
EdmondsonPark-MG,"102","0","102",0.05509846996736,277.59632782615290,-33.9357811000,150.8433468000
EdmondsonPark-MG,"103","0","103",0.05521790635212,278.52881442924212,-33.9357654000,150.8432284000
EdmondsonPark-MG,"104","0","104",0.05537536774420,334.16011954664481,-33.9357394000,150.8430731000
EdmondsonPark-MG,"105","0","105",0.05547101109211,33.70514261866528,-33.9356556000,150.8431192000
EdmondsonPark-MG,"106","0","106",0.05567572379323,36.77210858374035,-33.9354956000,150.8432469000
EdmondsonPark-MG,"107","0","107",0.05709351970595,34.05402630638554,-33.9343335000,150.8440591000
EdmondsonPark-MG,"108","0","108",0.05750873070047,32.70418986607385,-33.9339859000,150.8442862000
EdmondsonPark-MG,"109","0","109",0.05786085461332,32.57292746890373,-33.9336881000,150.8444741000
EdmondsonPark-MG,"110","0","110",0.05844489913217,33.81772921372318,-33.9331977000,150.8447913000
EdmondsonPark-MG,"111","0","111",0.05895503159536,34.69483306195335,-33.9327785000,150.8450820000
EdmondsonPark-MG,"112","0","112",0.05948989308212,34.14667233901297,-33.9323385000,150.8453861000
EdmondsonPark-MG,"113","0","113",0.06000268584726,34.24667275942172,-33.9319116000,150.8456702000
EdmondsonPark-MG,"114","0","114",0.06034253706474,35.55682045802017,-33.9316327000,150.8458644000
EdmondsonPark-MG,"115","0","115",0.06089468794988,35.07394463000010,-33.9311875000,150.8461910000
EdmondsonPark-MG,"116","0","116",0.06127979076733,29.09523729608312,-33.9308678000,150.8464057000
EdmondsonPark-MG,"117","0","117",0.06145568235328,24.71113229129749,-33.9307075000,150.8464781000
EdmondsonPark-MG,"118","0","118",0.06179164723239,22.18634734764052,-33.9304033000,150.8466207000
EdmondsonPark-MG,"119","0","119",0.06211790136643,18.54873312325901,-33.9300953000,150.8467283000
EdmondsonPark-MG,"120","0","120",0.06245931923359,15.63897632505447,-33.9297703000,150.8468329000
EdmondsonPark-MG,"121","0","121",0.06264263767236,12.31277177747779,-33.9295920000,150.8468755000
EdmondsonPark-MG,"122","0","122",0.06283642046314,13.10833376507383,-33.9294019000,150.8469131000
EdmondsonPark-MG,"123","0","123",0.06296947120534,11.22995652122245,-33.9292734000,150.8469476000
EdmondsonPark-MG,"124","0","124",0.06310168171929,8.29970792299176,-33.9291423000,150.8469647000
EdmondsonPark-MG,"125","0","125",0.06355294645314,10.15193006940441,-33.9286968000,150.8470366000
EdmondsonPark-MG,"126","0","126",0.06432753031559,10.45312228467186,-33.9279368000,150.8471862000
EdmondsonPark-MG,"127","0","127",0.06481368158835,10.61523359822702,-33.9274577000,150.8472687000
EdmondsonPark-MG,"128","0","128",0.06515794503399,13.67727815200887,-33.9271203000,150.8473371000
EdmondsonPark-MG,"129","0","129",0.06552892859158,16.14713317739805,-33.9267635000,150.8474387000
EdmondsonPark-MG,"130","0","130",0.06581298543447,17.64589026012700,-33.9264910000,150.8475189000
EdmondsonPark-MG,"131","0","131",0.06607859358569,20.95573891564429,-33.9262397000,150.8476049000
EdmondsonPark-MG,"132","0","132",0.06647343395850,23.89438032540405,-33.9258763000,150.8477593000
EdmondsonPark-MG,"133","0","133",0.06688301443899,23.74693145324930,-33.9255044000,150.8479309000
EdmondsonPark-MG,"134","0","134",0.06725759198773,23.02475877309361,-33.9251589000,150.8480756000
EdmondsonPark-MG,"135","0","135",0.06783519725950,23.43373757396644,-33.9246285000,150.8483043000
EdmondsonPark-MG,"136","0","136",0.06791831572917,24.32533683240888,-33.9245523000,150.8483375000
EdmondsonPark-MG,"137","0","137",0.06811179815731,23.85495631606060,-33.9243771000,150.8484196000
EdmondsonPark-MG,"138","0","138",0.06818491354557,22.57242103231163,-33.9243096000,150.8484477000
EdmondsonPark-MG,"139","0","139",0.06836280601308,23.91716874916593,-33.9241453000,150.8485159000
EdmondsonPark-MG,"140","0","140",0.06874504448579,26.87789651609378,-33.9237997000,150.8486792000
EdmondsonPark-MG,"141","0","141",0.06902703343945,28.52137049639916,-33.9235518000,150.8488136000
EdmondsonPark-MG,"142","0","142",0.06932492739710,29.87733399965617,-33.9232902000,150.8489561000
EdmondsonPark-MG,"143","0","143",0.06999020929226,30.74003863717206,-33.9227210000,150.8493005000
EdmondsonPark-MG,"144","0","144",0.07046208466772,34.25619796600759,-33.9223136000,150.8495386000
EdmondsonPark-MG,"145","0","145",0.07122389264882,40.45235230981923,-33.9217150000,150.8500098000
EdmondsonPark-MG,"146","0","146",0.07185004694291,42.25805616342029,-33.9212548000,150.8504344000
EdmondsonPark-MG,"147","0","147",0.07194692831363,41.81459155893895,-33.9211826000,150.8504990000
EdmondsonPark-MG,"148","0","148",0.07208793189516,350.47165269990268,-33.9210775000,150.8505930000
EdmondsonPark-MG,"149","0","149",0.07222760293725,300.64537407948006,-33.9210095000,150.8504710000
EdmondsonPark-MG,"150","0","150",0.07246077148144,300.61689373952055,-33.9208854000,150.8502736000
EdmondsonPark-MG,"151","0","151",0.07263217431107,295.81566710348881,-33.9208021000,150.8501238000
EdmondsonPark-MG,"152","0","152",0.07273255130047,291.32585582322560,-33.9207636000,150.8500311000
EdmondsonPark-MG,"153","0","153",0.07299737707324,283.98749283507181,-33.9206726000,150.8497824000
EdmondsonPark-MG,"154","0","154",0.07350375531130,295.62167913039104,-33.9206032000,150.8492808000
EdmondsonPark-MG,"155","0","155",0.07437420412084,315.37707009695384,-33.9200055000,150.8486480000
EdmondsonPark-MG,"156","0","156",0.07453372452705,312.19761106742794,-33.9198881000,150.8485400000
EdmondsonPark-MG,"157","0","157",0.07525642368786,292.54275407041808,-33.9194530966,150.8479628812
EdmondsonPark-MG,"158","0","158",0.07550331403776,278.24890859040130,-33.9194184019,150.8477184408
EdmondsonPark-MG,"159","0","159",0.07594491198528,277.80785397288673,-33.9193537434,150.8472816021
EdmondsonPark-MG,"160","0","160",0.07625964407152,276.09511894651075,-33.9193143176,150.8469693491
EdmondsonPark-MG,"161","0","161",0.07659252987087,304.98855449286924,-33.9192853394,150.8466377270
EdmondsonPark-MG,"162","0","162",0.07663488922956,352.28812039357865,-33.9192469540,150.8466198139
EdmondsonPark-MG,"163","0","163",0.07718769138789,8.63604903574357,-33.9187018822,150.8467119387
EdmondsonPark-MG,"164","0","164",0.07764731917509,348.17513547212951,-33.9182463762,150.8467733552
EdmondsonPark-MG,"165","0","165",0.07771622296313,321.25108390338636,-33.9181875187,150.8467375289
EdmondsonPark-MG,"166","0","166",0.07807095922887,313.96970984751431,-33.9179418526,150.8464816267
EdmondsonPark-MG,"167","0","167",0.07841988087636,314.89992453600837,-33.9176989961,150.8462310931
EdmondsonPark-MG,"168","0","168",0.07912800011246,315.18995150420517,-33.9171922755,150.8457364548
EdmondsonPark-MG,"169","0","169",0.08010482927103,316.57813060595277,-33.9165053171,150.8450419886
EdmondsonPark-MG,"170","0","170",0.08068034052424,318.10994780078198,-33.9160745000,150.8446604000
EdmondsonPark-MG,"171","0","171",0.08117071904133,317.08684357803617,-33.9157115000,150.8443307000
EdmondsonPark-MG,"172","0","172",0.08145577079103,311.45499040778293,-33.9155050000,150.8441342000
EdmondsonPark-MG,"173","0","173",0.08205503746463,339.22597356069122,-33.9151486389,150.8436524041
EdmondsonPark-MG,"174","0","174",0.08282651959905,7.72171901297285,-33.9143939132,150.8438123222
EdmondsonPark-MG,"175","0","175",0.08297520370732,8.23246074083496,-33.9142455033,150.8438213475
EdmondsonPark-MG,"176","0","176",0.08325206179894,325.89512218770903,-33.9139757246,150.8438835558
EdmondsonPark-MG,"177","0","177",0.08401065840716,326.78674612716497,-33.9138596000,150.8431339000
EdmondsonPark-MG,"178","0","178",0.08424799888023,14.76113624349274,-33.9136301000,150.8431944000
EdmondsonPark-MG,"179","0","179",0.08435833699660,11.98444932544249,-33.9135234000,150.8432225000
EdmondsonPark-MG,"180","0","180",0.08452194839597,3.41360845014319,-33.9133619000,150.8432487000
EdmondsonPark-MG,"181","0","181",0.08467077759337,351.93531325494325,-33.9132132000,150.8432425000
EdmondsonPark-MG,"182","0","182",0.08482653602814,345.99548193650315,-33.9130619000,150.8432055000
EdmondsonPark-MG,"183","0","183",0.08569894376001,345.72655485349679,-33.9122164000,150.8429905000
EdmondsonPark-MG,"184","0","184",0.08584165300952,345.41119592779563,-33.9120781000,150.8429553000
EdmondsonPark-MG,"185","0","185",0.08610614376550,301.94294750048641,-33.9118225000,150.8428873000
EdmondsonPark-MG,"186","0","186",0.08623215657246,257.43978674429434,-33.9118470109,150.8427636940
EdmondsonPark-MG,"187","0","187",0.08653090428243,259.75972036298992,-33.9119188000,150.8424737000
EdmondsonPark-MG,"188","0","188",0.08660861560721,268.61065077343704,-33.9119277000,150.8423965000
EdmondsonPark-MG,"189","0","189",0.08667806810897,275.55022208498997,-33.9119231000,150.8423272000
EdmondsonPark-MG,"190","0","190",0.08722560967816,277.52542426943984,-33.9118535000,150.8417841000
EdmondsonPark-MG,"191","0","191",0.08754159444044,274.73451029896376,-33.9118109000,150.8414710000
EdmondsonPark-MG,"192","0","192",0.08767145301739,268.93678625988440,-33.9118070000,150.8413412000
EdmondsonPark-MG,"193","0","193",0.08777428477318,266.14311217906231,-33.9118139000,150.8412386000
EdmondsonPark-MG,"194","0","194",0.08786178391599,264.73651646026775,-33.9118198000,150.8411513000
EdmondsonPark-MG,"195","0","195",0.08798421022038,263.33337150525352,-33.9118340000,150.8410297000
EdmondsonPark-MG,"196","0","196",0.08818215101962,267.41313853651570,-33.9118570000,150.8408331000
EdmondsonPark-MG,"197","0","197",0.08832359942010,274.91005720051459,-33.9118533000,150.8406917000
EdmondsonPark-MG,"198","0","198",0.08841688146553,278.33202523849729,-33.9118398000,150.8405994000
EdmondsonPark-MG,"199","0","199",0.08856161307922,278.34238141499503,-33.9118188000,150.8404562000
EdmondsonPark-MG,"200","0","200",0.08886765098538,324.97780409530918,-33.9117744000,150.8401534000
EdmondsonPark-MG,"201","0","201",0.08952980719807,11.61541898357420,-33.9111258000,150.8402867000
EdmondsonPark-MG,"202","0","202",0.08972000335999,8.62033704070854,-33.9109395000,150.8403250000
EdmondsonPark-MG,"203","0","203",0.08979858153762,0.29884042706399,-33.9108613000,150.8403327000
EdmondsonPark-MG,"204","0","204",0.08986935363665,345.66293680993368,-33.9107908000,150.8403265000
EdmondsonPark-MG,"205","0","205",0.09000821446620,23.84172882674958,-33.9106636000,150.8402708000
EdmondsonPark-MG,"206","0","206",0.09011693447356,70.44813318886018,-33.9106288000,150.8403738000
EdmondsonPark-MG,"207","0","207",0.09083438659043,74.05117526576723,-33.9103783000,150.8410461000
EdmondsonPark-MG,"208","0","208",0.09090081135991,79.71102767703962,-33.9103651000,150.8411112000
EdmondsonPark-MG,"209","0","209",0.09103399341576,82.02196264204898,-33.9103440000,150.8412427000
EdmondsonPark-MG,"210","0","210",0.09112635081935,87.14893370566620,-33.9103330000,150.8413344000
EdmondsonPark-MG,"211","0","211",0.09121696869837,94.71702507821546,-33.9103348000,150.8414250000
EdmondsonPark-MG,"212","0","212",0.09186707125185,54.90061426617826,-33.9104286000,150.8420683000
EdmondsonPark-MG,"213","0","213",0.09223506570834,54.75857243654714,-33.9100680000,150.8421417000
EdmondsonPark-MG,"214","0","214",0.09298841887916,95.11895502369566,-33.9101730000,150.8428877000
EdmondsonPark-MG,"215","0","215",0.09309139659521,92.33411570437922,-33.9101770000,150.8429906000
EdmondsonPark-MG,"216","0","216",0.09318057759093,94.98586788456775,-33.9101808000,150.8430797000
EdmondsonPark-MG,"217","0","217",0.09393760525887,144.52172805651969,-33.9102800000,150.8438302000
EdmondsonPark-MG,"218","0","218",0.09432336813937,144.40393244635874,-33.9106580000,150.8437532000
EdmondsonPark-MG,"219","0","219",0.09450401893302,97.29403370624414,-33.9106809357,150.8439323889
EdmondsonPark-MG,"220","0","220",0.09467950548271,97.29403370608999,-33.9107032157,150.8441064554
EdmondsonPark-MG,"221","0","221",0.09488259357690,93.64701685317593,-33.9107290000,150.8443079000
EdmondsonPark-MG,"222","0","222",0.09497679357691,89.19670990616092,-33.9107290000,150.8444021000
EdmondsonPark-MG,"223","0","223",0.09506953003146,84.16072653966094,-33.9107264000,150.8444948000
EdmondsonPark-MG,"224","0","224",0.09514214917492,119.87868992640981,-33.9107137000,150.8445663000
EdmondsonPark-MG,"225","0","225",0.09571114587961,159.83044031283961,-33.9112478000,150.8447625000
EdmondsonPark-MG,"226","0","226",0.09581149925524,159.82952606149072,-33.9113420000,150.8447971000
EdmondsonPark-MG,"227","0","227",0.09635173818383,166.10016836707331,-33.9118491000,150.8449834000
EdmondsonPark-MG,"228","0","228",0.09645646473255,176.18640932551241,-33.9119529000,150.8449973000
EdmondsonPark-MG,"229","0","229",0.09653336473255,186.14914273455696,-33.9120298000,150.8449973000
EdmondsonPark-MG,"230","0","230",0.09679486566946,235.21039222385997,-33.9122853000,150.8449416000
EdmondsonPark-MG,"231","0","231",0.09828683270662,278.11127817856556,-33.9120745000,150.8434646000
EdmondsonPark-MG,"232","0","232",0.09847561610104,275.49038189070319,-33.9120479000,150.8432777000
EdmondsonPark-MG,"233","0","233",0.09858505439414,270.38508183731852,-33.9120424000,150.8431684000
EdmondsonPark-MG,"234","0","234",0.09868552254831,267.88945727175604,-33.9120461000,150.8430680000
MG-WetherillPark,"0","0","0",0.00000000000000,98.80535480781934,-33.9138596000,150.8431339000
MG-WetherillPark,"1","0","1",0.00075859660822,145.89512218770898,-33.9139757246,150.8438835558
MG-WetherillPark,"2","0","2",0.00103545469984,188.23246074083497,-33.9142455033,150.8438213475
MG-WetherillPark,"3","0","3",0.00118413880811,187.72171901297284,-33.9143939132,150.8438123222
MG-WetherillPark,"4","0","4",0.00195562094253,159.22597356069122,-33.9151486389,150.8436524041
MG-WetherillPark,"5","0","5",0.00255488761613,131.45499040778287,-33.9155050000,150.8441342000
MG-WetherillPark,"6","0","6",0.00283993936582,137.08684357803617,-33.9157115000,150.8443307000
MG-WetherillPark,"7","0","7",0.00333031788292,137.93255198813387,-33.9160745000,150.8446604000
MG-WetherillPark,"8","0","8",0.00350480644958,138.36743762367487,-33.9162044000,150.8447769000
MG-WetherillPark,"9","0","9",0.00390583393700,136.65531579072643,-33.9165053171,150.8450419886
MG-WetherillPark,"10","0","10",0.00488266309556,135.18995150420520,-33.9171922755,150.8457364548
MG-WetherillPark,"11","0","11",0.00559078233166,134.89992453600846,-33.9176989961,150.8462310931
MG-WetherillPark,"12","0","12",0.00593970397915,133.96970984751431,-33.9179418526,150.8464816267
MG-WetherillPark,"13","0","13",0.00629444024489,141.25108390338639,-33.9181875187,150.8467375289
MG-WetherillPark,"14","0","14",0.00636334403293,168.17513547212948,-33.9182463762,150.8467733552
MG-WetherillPark,"15","0","15",0.00682297182013,188.63604903574358,-33.9187018822,150.8467119387
MG-WetherillPark,"16","0","16",0.00737577397847,172.28812039357868,-33.9192469540,150.8466198139
MG-WetherillPark,"17","0","17",0.00741813333715,201.06646544506256,-33.9192853394,150.8466377270
MG-WetherillPark,"18","0","18",0.00754497947379,244.97584820884171,-33.9193345966,150.8465208354
MG-WetherillPark,"19","0","19",0.00782253313034,243.72607955346976,-33.9194614577,150.8462739704
MG-WetherillPark,"20","0","20",0.00821611433743,284.93622784636619,-33.9196299664,150.8459182866
MG-WetherillPark,"21","0","21",0.00855816469879,330.62983983106744,-33.9193490165,150.8457231825
MG-WetherillPark,"22","0","22",0.00875031994538,351.27865638710028,-33.9191734229,150.8456451409
MG-WetherillPark,"23","0","23",0.00902524369715,8.88576730269493,-33.9189002771,150.8456763575
MG-WetherillPark,"24","0","24",0.00933509237761,8.26520470971691,-33.9185963839,150.8457368152
MG-WetherillPark,"25","0","25",0.00944616502441,319.85011809413163,-33.9184857823,150.8457470339
MG-WetherillPark,"26","0","26",0.00995310767700,276.54406361999696,-33.9184467000,150.8452416000
MG-WetherillPark,"27","0","27",0.01037451936407,278.66697739708161,-33.9183832000,150.8448250000
MG-WetherillPark,"28","0","28",0.01123717099713,278.19036609647759,-33.9182532000,150.8439722000
MG-WetherillPark,"29","0","29",0.01192933370923,278.99445622724505,-33.9181603000,150.8432863000
MG-WetherillPark,"30","0","30",0.01208686024665,240.05230373771724,-33.9181322000,150.8431313000
MG-WetherillPark,"31","0","31",0.01211545570079,190.37260287545399,-33.9181591000,150.8431216000
MG-WetherillPark,"32","0","32",0.01220926769362,221.16247013496681,-33.9182529000,150.8431201000
MG-WetherillPark,"33","0","33",0.01232172959828,266.52855952641744,-33.9182697000,150.8430089000
MG-WetherillPark,"34","0","34",0.01243297563191,274.89798514171207,-33.9182665000,150.8428977000
MG-WetherillPark,"35","0","35",0.01451377885424,324.64647248511136,-33.9179716000,150.8408379000
MG-WetherillPark,"36","0","36",0.01528512640889,11.14706345536836,-33.9172148000,150.8409870000
MG-WetherillPark,"37","0","37",0.01596159246861,9.97936694222247,-33.9165511000,150.8411178000
MG-WetherillPark,"38","0","38",0.01630621443624,10.30336034155505,-33.9162105439,150.8411705813
MG-WetherillPark,"39","0","39",0.01744302263306,11.45909147755522,-33.9150977465,150.8414029918
MG-WetherillPark,"40","0","40",0.01818235317715,11.21277749997537,-33.9143723000,150.8415456000
MG-WetherillPark,"41","0","41",0.01837723378169,11.30542962420588,-33.9141812000,150.8415838000
MG-WetherillPark,"42","0","42",0.01872406516720,18.69780630965753,-33.9138411000,150.8416518000
MG-WetherillPark,"43","0","43",0.01878864504024,39.04097618438021,-33.9137831000,150.8416802000
MG-WetherillPark,"44","0","44",0.01882291178796,51.90849862001627,-33.9137620000,150.8417072000
MG-WetherillPark,"45","0","45",0.01889134956989,62.47429941575888,-33.9137197000,150.8417610000
MG-WetherillPark,"46","0","46",0.01895990152100,78.91513382639776,-33.9136998000,150.8418266000
MG-WetherillPark,"47","0","47",0.01905852225918,91.32893060430327,-33.9136907000,150.8419248000
MG-WetherillPark,"48","0","48",0.02027936214231,56.36018251143960,-33.9138596000,150.8431339000
MG-WetherillPark,"49","0","49",0.02051670261538,14.76113624349274,-33.9136301000,150.8431944000
MG-WetherillPark,"50","0","50",0.02062704073175,11.98444932544249,-33.9135234000,150.8432225000
MG-WetherillPark,"51","0","51",0.02079065213111,3.41360845014319,-33.9133619000,150.8432487000
MG-WetherillPark,"52","0","52",0.02093948132852,351.93531325494325,-33.9132132000,150.8432425000
MG-WetherillPark,"53","0","53",0.02109523976329,345.99548193650315,-33.9130619000,150.8432055000
MG-WetherillPark,"54","0","54",0.02196764749515,345.72655485349679,-33.9122164000,150.8429905000
MG-WetherillPark,"55","0","55",0.02211035674466,345.41119592779563,-33.9120781000,150.8429553000
MG-WetherillPark,"56","0","56",0.02237484750065,345.80155019184986,-33.9118225000,150.8428873000
MG-WetherillPark,"57","0","57",0.02271885090180,349.68443334020003,-33.9114880000,150.8428070000
MG-WetherillPark,"58","0","58",0.02291779021415,359.78546979063344,-33.9112906000,150.8427823000
MG-WetherillPark,"59","0","59",0.02311654886175,8.61420014167815,-33.9110932000,150.8428055000
MG-WetherillPark,"60","0","60",0.02327694767722,359.71775187173068,-33.9109355000,150.8428348000
MG-WetherillPark,"61","0","61",0.02333309614151,355.97707143418057,-33.9108804000,150.8428240000
MG-WetherillPark,"62","0","62",0.02347810072768,357.91160849818584,-33.9107356000,150.8428317000
MG-WetherillPark,"63","0","63",0.02350037739705,352.82362953361292,-33.9107135000,150.8428289000
MG-WetherillPark,"64","0","64",0.02360186261768,335.99010481852054,-33.9106128000,150.8428163000
MG-WetherillPark,"65","0","65",0.02361270927611,322.25997001606282,-33.9106046000,150.8428092000
MG-WetherillPark,"66","0","66",0.02362327762513,328.20300606865823,-33.9105959000,150.8428032000
MG-WetherillPark,"67","0","67",0.02363379665546,334.44442609424630,-33.9105867000,150.8427981000
MG-WetherillPark,"68","0","68",0.02364415860513,341.31771640968549,-33.9105771000,150.8427942000
MG-WetherillPark,"69","0","69",0.02365442018394,347.82730223760194,-33.9105672000,150.8427915000
MG-WetherillPark,"70","0","70",0.02366454737502,354.32088427239654,-33.9105572000,150.8427899000
MG-WetherillPark,"71","0","71",0.02367465529275,1.15298329012587,-33.9105471000,150.8427895000
MG-WetherillPark,"72","0","72",0.02368468724175,7.94192690171832,-33.9105371000,150.8427903000
MG-WetherillPark,"73","0","73",0.02369488528072,14.43173869949051,-33.9105271000,150.8427923000
MG-WetherillPark,"74","0","74",0.02370516389932,21.06755967505514,-33.9105173000,150.8427954000
MG-WetherillPark,"75","0","75",0.02371550072670,27.63337379051662,-33.9105079000,150.8427997000
MG-WetherillPark,"76","0","76",0.02372608231445,33.88383499787200,-33.9104988000,150.8428051000
MG-WetherillPark,"77","0","77",0.02373686238866,39.92566118669640,-33.9104902000,150.8428116000
MG-WetherillPark,"78","0","78",0.02374776009483,45.71830672882315,-33.9104822000,150.8428190000
MG-WetherillPark,"79","0","79",0.02375881360108,51.30170091395106,-33.9104749000,150.8428273000
MG-WetherillPark,"80","0","80",0.02377019472582,56.57118997452034,-33.9104682000,150.8428365000
MG-WetherillPark,"81","0","81",0.02378171948177,61.87171051053941,-33.9104623000,150.8428464000
MG-WetherillPark,"82","0","82",0.02379334918511,49.07349864091261,-33.9104573000,150.8428569000
MG-WetherillPark,"83","0","83",0.02385314592414,29.24001522222926,-33.9104075000,150.8428900000
MG-WetherillPark,"84","0","84",0.02389547085773,25.01015795569291,-33.9103691000,150.8429078000
MG-WetherillPark,"85","0","85",0.02398605921235,23.53429165576808,-33.9102871000,150.8429463000
MG-WetherillPark,"86","0","86",0.02410473734816,16.46206784929268,-33.9101770000,150.8429906000
MG-WetherillPark,"87","0","87",0.02445986943627,10.93780367615898,-33.9098284000,150.8430584000
MG-WetherillPark,"88","0","88",0.02480933910591,10.87001140406738,-33.9094852000,150.8431243000
MG-WetherillPark,"89","0","89",0.02485281933167,12.46194074273923,-33.9094425000,150.8431325000
MG-WetherillPark,"90","0","90",0.02501590029279,11.76997071320704,-33.9092843000,150.8431721000
MG-WetherillPark,"91","0","91",0.02520944723800,9.50351909271204,-33.9090934000,150.8432040000
MG-WetherillPark,"92","0","92",0.02530678792837,16.00784577689311,-33.9089974000,150.8432201000
MG-WetherillPark,"93","0","93",0.02544478825447,26.67434510681672,-33.9088699000,150.8432729000
MG-WetherillPark,"94","0","94",0.02653089080946,35.70896794761234,-33.9079375000,150.8438299000
MG-WetherillPark,"95","0","95",0.02656472112132,35.93384244298118,-33.9079118000,150.8438519000
MG-WetherillPark,"96","0","96",0.02669790925891,22.85886820492447,-33.9077980000,150.8439211000
MG-WetherillPark,"97","0","97",0.02700642130082,17.23382483939786,-33.9074992000,150.8439979000
MG-WetherillPark,"98","0","98",0.02728639451382,32.80028904756392,-33.9072362000,150.8440939000
MG-WetherillPark,"99","0","99",0.02765636967516,54.53901755639423,-33.9069771000,150.8443580000
MG-WetherillPark,"100","0","100",0.02816588083299,69.50620058223130,-33.9067500000,150.8448141000
MG-WetherillPark,"101","0","101",0.02894454474008,75.40909296060643,-33.9065548000,150.8455679000
MG-WetherillPark,"102","0","102",0.02915272555086,75.33893699467353,-33.9065021000,150.8457693000
MG-WetherillPark,"103","0","103",0.02930684177325,66.47725864353944,-33.9064631000,150.8459184000
MG-WetherillPark,"104","0","104",0.02958370876290,52.32536979991976,-33.9063148000,150.8461522000
MG-WetherillPark,"105","0","105",0.02971694122894,57.04665035402060,-33.9062240000,150.8462497000
MG-WetherillPark,"106","0","106",0.02980030237003,67.05548953220989,-33.9061915025,150.8463264658
MG-WetherillPark,"107","0","107",0.03015157339283,67.05548949112602,-33.9060545632,150.8466499453
MG-WetherillPark,"108","0","108",0.03041151875122,67.05548949010928,-33.9059532263,150.8468893245
MG-WetherillPark,"109","0","109",0.03077994290831,84.81458989081382,-33.9058096000,150.8472286000
MG-WetherillPark,"110","0","110",0.03097379202489,117.10710439599276,-33.9058518000,150.8474178000
MG-WetherillPark,"111","0","111",0.03124649677366,133.91635056195483,-33.9060330000,150.8476216000
MG-WetherillPark,"112","0","112",0.03169850656339,127.81379947379281,-33.9063592000,150.8479345000
MG-WetherillPark,"113","0","113",0.03190748333243,109.19920752533226,-33.9064619000,150.8481165000
MG-WetherillPark,"114","0","114",0.03206217221374,90.06406165468201,-33.9064860000,150.8482693000
MG-WetherillPark,"115","0","115",0.03229786873473,79.66043378314627,-33.9064498000,150.8485022000
MG-WetherillPark,"116","0","116",0.03333464254321,78.71820232541737,-33.9062370000,150.8495169000
MG-WetherillPark,"117","0","117",0.03370185029084,79.28266244303063,-33.9061687000,150.8498777000
MG-WetherillPark,"118","0","118",0.03500772067113,72.97322495557042,-33.9059259000,150.8511608000
MG-WetherillPark,"119","0","119",0.03514554573694,65.09859044170624,-33.9058712995,150.8512873485
MG-WetherillPark,"120","0","120",0.03520994567182,66.08118843368982,-33.9058426000,150.8513450000
MG-WetherillPark,"121","0","121",0.03530680706763,55.58647552087498,-33.9058073000,150.8514352000
MG-WetherillPark,"122","0","122",0.03531671564977,45.57362322790113,-33.9058000000,150.8514419000
MG-WetherillPark,"123","0","123",0.03532684728340,51.36921463548617,-33.9057933000,150.8514495000
MG-WetherillPark,"124","0","124",0.03533708886535,56.58669723464461,-33.9057873000,150.8514578000
MG-WetherillPark,"125","0","125",0.03534758457872,61.96070422973547,-33.9057819000,150.8514668000
MG-WetherillPark,"126","0","126",0.03535818693694,67.03918707562821,-33.9057774000,150.8514764000
MG-WetherillPark,"127","0","127",0.03536888460024,71.62390656210754,-33.9057736000,150.8514864000
MG-WetherillPark,"128","0","128",0.03537980476508,76.73364138284478,-33.9057706000,150.8514969000
MG-WetherillPark,"129","0","129",0.03539069007627,81.59342479919786,-33.9057686000,150.8515076000
MG-WetherillPark,"130","0","130",0.03540175533723,86.10597303793597,-33.9057674000,150.8515186000
MG-WetherillPark,"131","0","131",0.03541275942737,90.77995280020623,-33.9057671000,150.8515296000
MG-WetherillPark,"132","0","132",0.03542377577886,95.47882775353256,-33.9057677000,150.8515406000
MG-WetherillPark,"133","0","133",0.03543477850580,100.23883869149483,-33.9057692000,150.8515515000
MG-WetherillPark,"134","0","134",0.03544574436189,104.95055330901238,-33.9057716000,150.8515622000
MG-WetherillPark,"135","0","135",0.03545653000050,109.87771287661599,-33.9057748000,150.8515725000
MG-WetherillPark,"136","0","136",0.03546724540997,98.64873949093786,-33.9057789000,150.8515824000
MG-WetherillPark,"137","0","137",0.03558091303948,90.28319073529582,-33.9057686000,150.8516956000
MG-WetherillPark,"138","0","138",0.03569539212054,91.62271270168223,-33.9057801000,150.8518095000
MG-WetherillPark,"139","0","139",0.03581821088945,83.18235680673915,-33.9057747000,150.8519322000
MG-WetherillPark,"140","0","140",0.03774108184976,79.74256491741367,-33.9054040000,150.8538190000
MG-WetherillPark,"141","0","141",0.03801110734857,81.82785188699917,-33.9053599000,150.8540854000
MG-WetherillPark,"142","0","142",0.03829891897094,85.16530378343046,-33.9053251000,150.8543711000
MG-WetherillPark,"143","0","143",0.03846090208740,89.52264464171031,-33.9053174000,150.8545329000
MG-WetherillPark,"144","0","144",0.03860510424161,91.76991782828553,-33.9053218538,150.8546770334
MG-WetherillPark,"145","0","145",0.03876524728613,95.76714428037403,-33.9053268000,150.8548371000
MG-WetherillPark,"146","0","146",0.03890558021171,103.33444018281254,-33.9053506000,150.8549754000
MG-WetherillPark,"147","0","147",0.03907134269243,109.92798991649460,-33.9053988000,150.8551340000
MG-WetherillPark,"148","0","148",0.03917892239182,112.89103182152348,-33.9054407508,150.8552330632
MG-WetherillPark,"149","0","149",0.04050505346328,113.01817223335851,-33.9059553000,150.8564553000
MG-WetherillPark,"150","0","150",0.04113545565252,129.93533569730229,-33.9062037000,150.8570347000
MG-WetherillPark,"151","0","151",0.04120260340006,127.10524693292123,-33.9062598000,150.8570716000
MG-WetherillPark,"152","0","152",0.04146134050604,101.09758718436190,-33.9063378000,150.8573183000
MG-WetherillPark,"153","0","153",0.04211639624405,92.92126281542592,-33.9063909000,150.8579712000
MG-WetherillPark,"154","0","154",0.04253908785749,84.33205851779928,-33.9063997000,150.8583938000
MG-WetherillPark,"155","0","155",0.04261561007643,72.30587205842689,-33.9063831000,150.8584685000
MG-WetherillPark,"156","0","156",0.04269103381272,29.88191298723016,-33.9063538000,150.8585380000
MG-WetherillPark,"157","0","157",0.04271362075584,359.36938885156741,-33.9063314000,150.8585351000
MG-WetherillPark,"158","0","158",0.04273614896038,12.79170635319130,-33.9063090000,150.8585375000
MG-WetherillPark,"159","0","159",0.04275895268814,25.83941839424642,-33.9062875000,150.8585451000
MG-WetherillPark,"160","0","160",0.04278259079295,38.10584203091352,-33.9062675000,150.8585577000
MG-WetherillPark,"161","0","161",0.04280691896595,48.38296121418478,-33.9062500000,150.8585746000
MG-WetherillPark,"162","0","162",0.04281947922073,55.28471606578590,-33.9062424000,150.8585846000
MG-WetherillPark,"163","0","163",0.04283224166565,61.69829871014582,-33.9062356000,150.8585954000
MG-WetherillPark,"164","0","164",0.04285837746483,70.51737878312250,-33.9062248000,150.8586192000
MG-WetherillPark,"165","0","165",0.04288503323344,80.18140919828265,-33.9062181000,150.8586450000
MG-WetherillPark,"166","0","166",0.04291213969020,88.30877415309899,-33.9062157000,150.8586720000
MG-WetherillPark,"167","0","167",0.04292564561487,95.33489139584374,-33.9062161000,150.8586855000
MG-WetherillPark,"168","0","168",0.04295257515254,102.54761269506115,-33.9062203000,150.8587121000
MG-WetherillPark,"169","0","169",0.04296589919098,109.77564578526041,-33.9062240000,150.8587249000
MG-WetherillPark,"170","0","170",0.04299205564333,118.59068932186135,-33.9062344000,150.8587489000
MG-WetherillPark,"171","0","171",0.04301743319246,127.90431975255859,-33.9062485000,150.8587700000
MG-WetherillPark,"172","0","172",0.04302982391479,136.30795041185186,-33.9062568000,150.8587792000
MG-WetherillPark,"173","0","173",0.04305390814204,145.13412561633487,-33.9062754000,150.8587945000
MG-WetherillPark,"174","0","174",0.04306560515019,152.89799337155773,-33.9062855000,150.8588004000
MG-WetherillPark,"175","0","175",0.04307720040781,161.02571955272947,-33.9062961000,150.8588051000
MG-WetherillPark,"176","0","176",0.04309987748877,172.59822404483148,-33.9063181000,150.8588106000
MG-WetherillPark,"177","0","177",0.04312227949761,184.43042389705391,-33.9063405000,150.8588109000
MG-WetherillPark,"178","0","178",0.04313363951521,194.50633591640664,-33.9063517000,150.8588090000
MG-WetherillPark,"179","0","179",0.04315653755005,204.29100086185940,-33.9063733000,150.8588014000
MG-WetherillPark,"180","0","180",0.04316822215532,212.31162904854011,-33.9063835000,150.8587957000
MG-WetherillPark,"181","0","181",0.04318012593623,198.79254093213481,-33.9063932000,150.8587888000
MG-WetherillPark,"182","0","182",0.04324116928148,176.24970834175554,-33.9064542000,150.8587865000
MG-WetherillPark,"183","0","183",0.04330314806818,166.78015155250532,-33.9065153000,150.8587969000
MG-WetherillPark,"184","0","184",0.04342576911042,159.05929375974281,-33.9066327000,150.8588323000
MG-WetherillPark,"185","0","185",0.04359737621980,151.29183067217895,-33.9067881000,150.8589051000
MG-WetherillPark,"186","0","186",0.04379959496276,144.37766894739212,-33.9069590000,150.8590132000
MG-WetherillPark,"187","0","187",0.04401491412123,139.57562457117433,-33.9071265000,150.8591485000
MG-WetherillPark,"188","0","188",0.04438852375707,134.06823537254135,-33.9074045000,150.8593981000
MG-WetherillPark,"189","0","189",0.04522283279453,130.23164637794892,-33.9079414000,150.8600367000
MG-WetherillPark,"190","0","190",0.04575011781235,130.33185805472311,-33.9082832000,150.8604382000
MG-WetherillPark,"191","0","191",0.04611517502704,130.25463623405386,-33.9085191000,150.8607168000
MG-WetherillPark,"192","0","192",0.04646724879771,131.02337926569390,-33.9087466000,150.8609855000
MG-WetherillPark,"193","0","193",0.04687553518005,129.90235457029249,-33.9090187000,150.8612899000
MG-WetherillPark,"194","0","194",0.04693074613911,122.13370727437191,-33.9090527000,150.8613334000
MG-WetherillPark,"195","0","195",0.04700534245270,99.69880178491795,-33.9090857000,150.8614003000
MG-WetherillPark,"196","0","196",0.04703465217803,84.44393140487085,-33.9090822000,150.8614294000
MG-WetherillPark,"197","0","197",0.04704678560296,88.10789527418605,-33.9090813000,150.8614415000
MG-WetherillPark,"198","0","198",0.04705898601274,92.83202796423416,-33.9090814000,150.8614537000
MG-WetherillPark,"199","0","199",0.04707113590994,97.32837554384359,-33.9090825000,150.8614658000
MG-WetherillPark,"200","0","200",0.04708330143500,101.98124449613687,-33.9090845000,150.8614778000
MG-WetherillPark,"201","0","201",0.04709528308760,107.07699543445636,-33.9090875000,150.8614894000
MG-WetherillPark,"202","0","202",0.04710717594259,111.90736956028168,-33.9090915000,150.8615006000
MG-WetherillPark,"203","0","203",0.04711890326117,116.79970237536867,-33.9090963000,150.8615113000
MG-WetherillPark,"204","0","204",0.04713050067467,121.98657570941754,-33.9091020000,150.8615214000
MG-WetherillPark,"205","0","205",0.04714179005015,127.23552239991741,-33.9091084000,150.8615307000
MG-WetherillPark,"206","0","206",0.04715300611009,133.02259759402051,-33.9091156000,150.8615393000
MG-WetherillPark,"207","0","207",0.04716396831790,138.93119319251292,-33.9091235000,150.8615469000
MG-WetherillPark,"208","0","208",0.04717479144126,144.55803320367437,-33.9091320000,150.8615536000
MG-WetherillPark,"209","0","209",0.04718536026336,150.64356832275681,-33.9091409000,150.8615593000
MG-WetherillPark,"210","0","210",0.04719582544371,157.30414570254868,-33.9091503000,150.8615639000
MG-WetherillPark,"211","0","211",0.04720610406232,145.02782454066812,-33.9091600000,150.8615673000
MG-WetherillPark,"212","0","212",0.04733300504734,127.42302669201180,-33.9092405000,150.8616654000
MG-WetherillPark,"213","0","213",0.04745862232318,120.19400911889828,-33.9093134000,150.8617677000
MG-WetherillPark,"214","0","214",0.04759986629652,111.91730100132600,-33.9093729000,150.8618958000
MG-WetherillPark,"215","0","215",0.04825644197379,108.53029704706863,-33.9095858000,150.8625169000
MG-WetherillPark,"216","0","216",0.04895664277345,108.51253101169193,-33.9098038000,150.8631823000
MG-WetherillPark,"217","0","217",0.04924644284253,108.29184710625600,-33.9098976000,150.8634565000
MG-WetherillPark,"218","0","218",0.05051120537369,111.82845100364105,-33.9102821000,150.8646614000
MG-WetherillPark,"219","0","219",0.05065901775475,107.57221824877142,-33.9103468000,150.8647943000
MG-WetherillPark,"220","0","220",0.05072040504978,97.49566299764341,-33.9103566000,150.8648549000
MG-WetherillPark,"221","0","221",0.05084695405218,81.09974673314484,-33.9103694000,150.8649808000
MG-WetherillPark,"222","0","222",0.05087467353986,72.93675449454132,-33.9103583000,150.8650062000
MG-WetherillPark,"223","0","223",0.05090315230392,85.83707341430150,-33.9103531000,150.8650342000
MG-WetherillPark,"224","0","224",0.05093187337632,98.61772995542852,-33.9103542000,150.8650629000
MG-WetherillPark,"225","0","225",0.05096231627368,112.33213875378794,-33.9103621000,150.8650923000
MG-WetherillPark,"226","0","226",0.05099165055398,127.45729387140860,-33.9103766000,150.8651178000
MG-WetherillPark,"227","0","227",0.05101951092010,143.92740213024189,-33.9103964000,150.8651374000
MG-WetherillPark,"228","0","228",0.05104598902424,162.86059591974154,-33.9104199000,150.8651496000
MG-WetherillPark,"229","0","229",0.05107116838087,140.08702745918944,-33.9104449000,150.8651526000
MG-WetherillPark,"230","0","230",0.05125261220139,104.33888857232886,-33.9104980000,150.8653261000
MG-WetherillPark,"231","0","231",0.05232821171793,100.76271463684959,-33.9107154000,150.8663795000
MG-WetherillPark,"232","0","232",0.05251324733606,98.43418226691412,-33.9107471000,150.8665618000
MG-WetherillPark,"233","0","233",0.05258951646486,96.65513207685876,-33.9107564000,150.8666375000
MG-WetherillPark,"234","0","234",0.05275793561461,95.78801646424175,-33.9107749000,150.8668049000
MG-WetherillPark,"235","0","235",0.05286137279357,94.04510017722582,-33.9107844000,150.8669079000
MG-WetherillPark,"236","0","236",0.05308694606324,91.82167118772958,-33.9107955000,150.8671332000
MG-WetherillPark,"237","0","237",0.05489753275272,90.67320933807852,-33.9108215000,150.8689436000
MG-WetherillPark,"238","0","238",0.05677961134837,90.20288186978408,-33.9108387000,150.8708256000
MG-WetherillPark,"239","0","239",0.05750881289112,45.75723971972096,-33.9108372000,150.8715548000
MG-WetherillPark,"240","0","240",0.05754742856151,12.73861925199156,-33.9107986000,150.8715559000
MG-WetherillPark,"241","0","241",0.05758700683838,34.03533942049626,-33.9107624000,150.8715719000
MG-WetherillPark,"242","0","242",0.05762887138186,53.27331079917573,-33.9107324000,150.8716011000
MG-WetherillPark,"243","0","243",0.05767257241159,70.36909618737110,-33.9107121000,150.8716398000
MG-WetherillPark,"244","0","244",0.05771789536384,86.21138557730296,-33.9107030000,150.8716842000
MG-WetherillPark,"245","0","245",0.05776370726190,101.82962231856708,-33.9107062000,150.8717299000
MG-WetherillPark,"246","0","246",0.05780830546810,118.16753607717041,-33.9107212000,150.8717719000
MG-WetherillPark,"247","0","247",0.05785082569857,133.68617314536996,-33.9107466000,150.8718060000
MG-WetherillPark,"248","0","248",0.05787150443158,148.33394118542193,-33.9107626000,150.8718191000
MG-WetherillPark,"249","0","249",0.05790982361740,163.43609165462584,-33.9107976000,150.8718347000
MG-WetherillPark,"250","0","250",0.05792562266800,178.18834787898552,-33.9108132000,150.8718372000
MG-WetherillPark,"251","0","251",0.05794551362072,138.20749905979633,-33.9108330000,150.8718353000
MG-WetherillPark,"252","0","252",0.05907466354878,90.56738185760236,-33.9108514000,150.8729643000
MG-WetherillPark,"253","0","253",0.05987256846164,90.20840967012310,-33.9108542000,150.8737622000
MG-WetherillPark,"254","0","254",0.06011157015616,90.46743758976578,-33.9108551000,150.8740012000
MG-WetherillPark,"255","0","255",0.06074101973321,90.94017997108091,-33.9108630000,150.8746306000
MG-WetherillPark,"256","0","256",0.06093345925618,91.17176907555685,-33.9108669000,150.8748230000
MG-WetherillPark,"257","0","257",0.06098677060583,89.98478145534344,-33.9108680000,150.8748763000
MG-WetherillPark,"258","0","258",0.06108599283109,57.22146868341510,-33.9108659000,150.8749755000
MG-WetherillPark,"259","0","259",0.06129732787350,22.32808753259507,-33.9106754000,150.8750670000
MG-WetherillPark,"260","0","260",0.06152799564326,18.20435944204522,-33.9104573000,150.8751421000
MG-WetherillPark,"261","0","261",0.06186859601025,14.09158787798216,-33.9101323000,150.8752440000
MG-WetherillPark,"262","0","262",0.06212695105666,9.06731641373277,-33.9098785000,150.8752923000
MG-WetherillPark,"263","0","263",0.06237832195791,7.31672586143486,-33.9096292000,150.8753245000
MG-WetherillPark,"264","0","264",0.06267450549898,6.73317792523895,-33.9093354000,150.8753620000
MG-WetherillPark,"265","0","265",0.06307313150165,6.82575192326788,-33.9089391000,150.8754050000
MG-WetherillPark,"266","0","266",0.06327957841977,4.66783345070832,-33.9087344000,150.8754318000
MG-WetherillPark,"267","0","267",0.06344446686690,1.04855303326664,-33.9085696000,150.8754372000
MG-WetherillPark,"268","0","268",0.06370446878998,1.07385443438382,-33.9083096000,150.8754382000
MG-WetherillPark,"269","0","269",0.06388286971485,1.93308278288497,-33.9081313000,150.8754442000
MG-WetherillPark,"270","0","270",0.06399223232274,4.66887861212764,-33.9080220000,150.8754479000
MG-WetherillPark,"271","0","271",0.06432691907180,6.62974499779425,-33.9076901000,150.8754910000
MG-WetherillPark,"272","0","272",0.06474510478412,6.27416422341923,-33.9072741000,150.8755337000
MG-WetherillPark,"273","0","273",0.06520020147715,6.68581788749310,-33.9068221000,150.8755867000
MG-WetherillPark,"274","0","274",0.06525175184087,7.12707214344065,-33.9067709000,150.8755927000
MG-WetherillPark,"275","0","275",0.06584229904475,6.85262814919736,-33.9061855000,150.8756705000
MG-WetherillPark,"276","0","276",0.06621845332162,6.33489295699764,-33.9058115000,150.8757107000
MG-WetherillPark,"277","0","277",0.06641352069460,6.53078888844981,-33.9056177000,150.8757329000
MG-WetherillPark,"278","0","278",0.06702055496875,7.00858939008818,-33.9050146000,150.8758019000
MG-WetherillPark,"279","0","279",0.06751457055558,6.84020368273533,-33.9045248000,150.8758663000
MG-WetherillPark,"280","0","280",0.06801166873498,7.11531046271981,-33.9040306000,150.8759199000
MG-WetherillPark,"281","0","281",0.06833767364290,7.35389450537483,-33.9037078000,150.8759655000
MG-WetherillPark,"282","0","282",0.06877694427700,6.49278170931556,-33.9032715000,150.8760165000
MG-WetherillPark,"283","0","283",0.06938664781975,6.61845546269478,-33.9026655000,150.8760836000
MG-WetherillPark,"284","0","284",0.06976520428843,4.97008669307707,-33.9022897000,150.8761292000
MG-WetherillPark,"285","0","285",0.07007062892728,2.07506623198614,-33.9019847000,150.8761453000
MG-WetherillPark,"286","0","286",0.07061393430183,0.56423561081954,-33.9014415000,150.8761560000
MG-WetherillPark,"287","0","287",0.07105963430181,0.20933132661369,-33.9009958000,150.8761560000
MG-WetherillPark,"288","0","288",0.07142914416636,3.53534957807963,-33.9006263000,150.8761587000
MG-WetherillPark,"289","0","289",0.07170711547786,12.07476692673395,-33.9003502000,150.8761909000
MG-WetherillPark,"290","0","290",0.07191199524746,19.15234679371159,-33.9001548000,150.8762525000
MG-WetherillPark,"291","0","291",0.07217633521792,21.23468479742687,-33.8999077000,150.8763464000
MG-WetherillPark,"292","0","292",0.07261953559024,21.41311186705494,-33.8994958000,150.8765100000
MG-WetherillPark,"293","0","293",0.07286659995430,22.74167949508702,-33.8992654000,150.8765992000
MG-WetherillPark,"294","0","294",0.07296931436423,21.94346019914238,-33.8991718000,150.8766415000
MG-WetherillPark,"295","0","295",0.07329566193964,14.49083311288586,-33.8988643000,150.8767508000
MG-WetherillPark,"296","0","296",0.07378353254752,7.04045640680791,-33.8983830000,150.8768306000
MG-WetherillPark,"297","0","297",0.07423583209427,7.04110071670174,-33.8979322000,150.8768674000
MG-WetherillPark,"298","0","298",0.07463683423892,10.28350548196235,-33.8975366000,150.8769330000
MG-WetherillPark,"299","0","299",0.07492793052882,13.11533018778052,-33.8972510000,150.8769893000
MG-WetherillPark,"300","0","300",0.07533308062445,16.83843362389765,-33.8968598000,150.8770947000
MG-WetherillPark,"301","0","301",0.07566670226644,19.35669562218119,-33.8965436000,150.8772011000
MG-WetherillPark,"302","0","302",0.07600312357968,21.86412466936210,-33.8962277000,150.8773168000
MG-WetherillPark,"303","0","303",0.07639732891957,25.99555867624111,-33.8958665000,150.8774747000
MG-WetherillPark,"304","0","304",0.07666726806087,27.81746008034204,-33.8956290000,150.8776030000
MG-WetherillPark,"305","0","305",0.07692295869427,29.31514756076763,-33.8954017000,150.8777201000
MG-WetherillPark,"306","0","306",0.07723931308414,32.07789151182736,-33.8951316000,150.8778848000
MG-WetherillPark,"307","0","307",0.07767333728853,35.85615937807535,-33.8947667000,150.8781198000
MG-WetherillPark,"308","0","308",0.07804715897059,39.33402205926534,-33.8944759000,150.8783547000
MG-WetherillPark,"309","0","309",0.07841491955848,40.03687809746917,-33.8941931000,150.8785898000
MG-WetherillPark,"310","0","310",0.07924888510334,39.28356630119136,-33.8935574000,150.8791296000
MG-WetherillPark,"311","0","311",0.07950145638043,39.00819699366471,-33.8933590000,150.8792859000
MG-WetherillPark,"312","0","312",0.08047705905573,40.19092673285283,-33.8926093000,150.8799102000
MG-WetherillPark,"313","0","313",0.08192850821430,40.84575167821227,-33.8915072000,150.8808547000
MG-WetherillPark,"314","0","314",0.08234901097290,41.20003964555733,-33.8911903000,150.8811311000
MG-WetherillPark,"315","0","315",0.08351979707206,41.69477442968786,-33.8903108000,150.8819039000
MG-WetherillPark,"316","0","316",0.08403693728519,43.52330325957900,-33.8899270000,150.8822505000
MG-WetherillPark,"317","0","317",0.08446586835190,47.30810957354154,-33.8896235000,150.8825536000
MG-WetherillPark,"318","0","318",0.08497219991321,49.25936427421136,-33.8892957000,150.8829395000
MG-WetherillPark,"319","0","319",0.08512117252816,49.45992559087757,-33.8891977000,150.8830517000
MG-WetherillPark,"320","0","320",0.08626391786286,50.02848165187596,-33.8884640000,150.8839278000
MG-WetherillPark,"321","0","321",0.08731905014366,51.06037008861648,-33.8877858000,150.8847361000
MG-WetherillPark,"322","0","322",0.08781202691798,53.42966355068693,-33.8874831000,150.8851252000
MG-WetherillPark,"323","0","323",0.08838921486827,54.88670264927633,-33.8871499000,150.8855965000
MG-WetherillPark,"324","0","324",0.08882107301632,53.95940867764391,-33.8869024000,150.8859504000
MG-WetherillPark,"325","0","325",0.08918699634159,52.08914115199799,-33.8866816000,150.8862422000
MG-WetherillPark,"326","0","326",0.08958053874086,48.47908711891192,-33.8864355000,150.8865493000
MG-WetherillPark,"327","0","327",0.08998220250573,46.29296900140348,-33.8861548000,150.8868366000
MG-WetherillPark,"328","0","328",0.09032406847357,46.91932538602568,-33.8859213000,150.8870863000
MG-WetherillPark,"329","0","329",0.09103588758683,47.82304108663372,-33.8854351000,150.8876062000
MG-WetherillPark,"330","0","330",0.09262599928733,46.99899233141125,-33.8843862000,150.8888013000
MG-WetherillPark,"331","0","331",0.09374995802769,44.71764783052348,-33.8835952000,150.8895998000
MG-WetherillPark,"332","0","332",0.09419633123475,44.16535853400652,-33.8832750000,150.8899108000
MG-WetherillPark,"333","0","333",0.09506566974766,44.86065033803106,-33.8826514000,150.8905165000
MG-WetherillPark,"334","0","334",0.09517506430874,45.20607530778403,-33.8825748000,150.8905946000
MG-WetherillPark,"335","0","335",0.09574018581783,44.55246387998712,-33.8821742000,150.8909932000
MG-WetherillPark,"336","0","336",0.09680199802813,44.69047397371175,-33.8814136000,150.8917341000
MG-WetherillPark,"337","0","337",0.09787107563523,47.81926489826984,-33.8806594000,150.8924918000
MG-WetherillPark,"338","0","338",0.10127218233309,50.52242998885560,-33.8784963000,150.8951164000
MG-WetherillPark,"339","0","339",0.10186410753104,50.56715018090162,-33.8781201000,150.8955734000
MG-WetherillPark,"340","0","340",0.10604720040595,50.43692316230813,-33.8754647000,150.8988056000
MG-WetherillPark,"341","0","341",0.10753908773748,44.12763302173962,-33.8745113000,150.8999531000
MG-WetherillPark,"342","0","342",0.10779585564825,33.01288015971578,-33.8743089000,150.9001111000
MG-WetherillPark,"343","0","343",0.10802553213810,20.97993901811846,-33.8741062000,150.9002191000
MG-WetherillPark,"344","0","344",0.10821395851633,9.30199256389903,-33.8739233000,150.9002644000
MG-WetherillPark,"345","0","345",0.10838262401372,358.06918647484986,-33.8737552000,150.9002782000
MG-WetherillPark,"346","0","346",0.10868984206328,344.90268171443546,-33.8734514000,150.9002325000
MG-WetherillPark,"347","0","347",0.10911802007531,334.61880882215087,-33.8730534000,150.9000746000
MG-WetherillPark,"348","0","348",0.10943773846703,331.22803579735887,-33.8727741000,150.8999190000
MG-WetherillPark,"349","0","349",0.11046346925530,332.36260239471505,-33.8718720000,150.8994308000
MG-WetherillPark,"350","0","350",0.11185883805959,333.06775006777576,-33.8706271000,150.8988005000
MG-WetherillPark,"351","0","351",0.11271469665775,331.61720779355539,-33.8698646000,150.8984118000
MG-WetherillPark,"352","0","352",0.11286340190312,332.62184199496016,-33.8697355000,150.8983380000
MG-WetherillPark,"353","0","353",0.11401589774258,336.26007918540608,-33.8686910000,150.8978509000
MG-WetherillPark,"354","0","354",0.11451285311283,336.09308575005412,-33.8682318000,150.8976609000
MG-WetherillPark,"355","0","355",0.11541137782586,333.71267809149458,-33.8674197000,150.8972764000
MG-WetherillPark,"356","0","356",0.11580311929676,332.60368651321426,-33.8670714000,150.8970971000
MG-WetherillPark,"357","0","357",0.11644322199161,334.33361932346037,-33.8665039000,150.8968010000
MG-WetherillPark,"358","0","358",0.11675695541349,338.95793804432196,-33.8662168000,150.8966745000
MG-WetherillPark,"359","0","359",0.11716194935172,344.00494838497599,-33.8658323000,150.8965473000
MG-WetherillPark,"360","0","360",0.11749418089752,348.21663369207681,-33.8655095000,150.8964687000
MG-WetherillPark,"361","0","361",0.11783097769082,353.21149754700588,-33.8651777000,150.8964109000
MG-WetherillPark,"362","0","362",0.11827009058063,358.96312511075695,-33.8647395000,150.8963826000
MG-WetherillPark,"363","0","363",0.11866945048097,3.52402459572557,-33.8643403000,150.8963939000
MG-WetherillPark,"364","0","364",0.11930389398517,5.43211019295901,-33.8637087000,150.8964539000
MG-WetherillPark,"365","0","365",0.12207506421632,5.76235132780279,-33.8609500000,150.8967165000
MG-WetherillPark,"366","0","366",0.12261259491305,6.22620623333833,-33.8604155000,150.8967735000
MG-WetherillPark,"367","0","367",0.12304103614595,4.80054937148650,-33.8599897000,150.8968210000
MG-WetherillPark,"368","0","368",0.12326248921094,4.57911288168437,-33.8597686000,150.8968335000
MG-WetherillPark,"369","0","369",0.12415669277087,5.92242452567178,-33.8588791692,150.8969257656
MG-WetherillPark,"370","0","370",0.12595385434598,4.66848950213982,-33.8570916000,150.8971112000
MG-WetherillPark,"371","0","371",0.12641557402281,3.58401830124982,-33.8566307000,150.8971387000
MG-WetherillPark,"372","0","372",0.12652250339205,1.17462240191749,-33.8565240000,150.8971457000
MG-WetherillPark,"373","0","373",0.12705706393117,357.89774175531505,-33.8559896000,150.8971326000
MG-WetherillPark,"374","0","374",0.12738865989014,355.47635891524220,-33.8556584000,150.8971164000
MG-WetherillPark,"375","0","375",0.12796578685194,351.81637263216652,-33.8550847000,150.8970536000
MG-WetherillPark,"376","0","376",0.12851269614054,348.73246326428847,-33.8545463000,150.8969575000
MG-WetherillPark,"377","0","377",0.12951042636961,347.45207446549574,-33.8535719000,150.8967430000
MG-WetherillPark,"378","0","378",0.13059231661360,347.19793404058521,-33.8525164000,150.8965055000
MG-WetherillPark,"379","0","379",0.13119282687997,349.11840713978103,-33.8519311000,150.8963712000
MG-WetherillPark,"380","0","380",0.13141081635219,348.75745145980960,-33.8517157000,150.8963377000
MG-WetherillPark,"381","0","381",0.13223487460250,344.06016784886964,-33.8509149000,150.8961433000
MG-WetherillPark,"382","0","382",0.13276857546443,342.36759643550755,-33.8504080000,150.8959763000
MG-WetherillPark,"383","0","383",0.13343029121158,343.29800922432514,-33.8497753000,150.8957825000
MG-WetherillPark,"384","0","384",0.13373890781839,343.50611543906996,-33.8494792000,150.8956955000
MG-WetherillPark,"385","0","385",0.13401555709093,344.90593245622512,-33.8492141000,150.8956164000
MG-WetherillPark,"386","0","386",0.13422006978003,347.62466679451461,-33.8490153000,150.8955684000
MG-WetherillPark,"387","0","387",0.13443056179887,350.13743629736979,-33.8488088000,150.8955276000
MG-WetherillPark,"388","0","388",0.13460479755870,352.98886330390434,-33.8486365000,150.8955017000
MG-WetherillPark,"389","0","389",0.13479245322740,355.66259879256785,-33.8484497000,150.8954838000
MG-WetherillPark,"390","0","390",0.13503062486721,1.93545400292603,-33.8482119000,150.8954705000
MG-WetherillPark,"391","0","391",0.13546029377465,9.53120298433508,-33.8477855000,150.8955234000
MG-WetherillPark,"392","0","392",0.13584345327140,11.80565722882674,-33.8474107000,150.8956030000
MG-WetherillPark,"393","0","393",0.13815534356728,11.61854088379698,-33.8451462000,150.8960687000
MG-WetherillPark,"394","0","394",0.13830582562600,11.46300850073510,-33.8449988000,150.8960990000
MG-WetherillPark,"395","0","395",0.13838231091870,54.81807502241277,-33.8449238000,150.8961140000
MG-WetherillPark,"396","0","396",0.13862608033841,98.37666349204761,-33.8449591000,150.8963552000
MG-WetherillPark,"397","0","397",0.14012112215056,98.23940298437365,-33.8451782000,150.8978341000
MG-WetherillPark,"398","0","398",0.14157828674316,97.72693028194783,-33.8453823000,150.8992769000
MG-WetherillPark,"399","0","399",0.14243986689614,97.81327419095919,-33.8454933000,150.9001313000
MG-WetherillPark,"400","0","400",0.14404699550645,99.19405231048373,-33.8457232000,150.9017219000
MG-WetherillPark,"401","0","401",0.14469699560644,99.34332406241089,-33.8458379000,150.9023617000
MG-WetherillPark,"402","0","402",0.14545607843458,98.40047174830541,-33.8459504000,150.9031124000
MG-WetherillPark,"403","0","403",0.14725289932159,98.36167990614324,-33.8462091000,150.9048905000
MG-WetherillPark,"404","0","404",0.14848667790788,98.40093067495965,-33.8463903000,150.9061109000
MG-WetherillPark,"405","0","405",0.15042637180642,98.16433995434414,-33.8466722000,150.9080300000
MG-WetherillPark,"406","0","406",0.15109331745639,98.14080526937681,-33.8467647000,150.9086905000
MG-WetherillPark,"407","0","407",0.15117012377125,96.37296113641170,-33.8467758000,150.9087665000
MG-WetherillPark,"408","0","408",0.15133301183096,95.85411140726296,-33.8467884000,150.9089289000
MG-WetherillPark,"409","0","409",0.15144440779139,97.23361236364774,-33.8468025000,150.9090394000
MG-WetherillPark,"410","0","410",0.15174699075522,97.94239838329024,-33.8468404000,150.9093396000
MG-WetherillPark,"411","0","411",0.15583167449450,98.35370881226781,-33.8474575000,150.9133774000
MG-WetherillPark,"412","0","412",0.15694576578339,98.16438943209782,-33.8476129000,150.9144806000
MG-WetherillPark,"413","0","413",0.16009574414840,98.03330520492271,-33.8480682000,150.9175975000
MG-WetherillPark,"414","0","414",0.16037509971036,93.71747368652497,-33.8481059000,150.9178743000
MG-WetherillPark,"415","0","415",0.16051790195123,84.27979754072048,-33.8481051000,150.9180171000
MG-WetherillPark,"416","0","416",0.16065945936010,68.67118481753616,-33.8480778000,150.9181560000
MG-WetherillPark,"417","0","417",0.16072446059085,66.43449111344709,-33.8480438000,150.9182114000
MG-WetherillPark,"418","0","418",0.16079588943656,81.60493158554355,-33.8480246000,150.9182802000
MG-WetherillPark,"419","0","419",0.16085810302029,95.76870990907891,-33.8480233000,150.9183424000
MG-WetherillPark,"420","0","420",0.16092751036860,110.73147485265827,-33.8480386000,150.9184101000
MG-WetherillPark,"421","0","421",0.16099741494640,126.74717247428931,-33.8480722000,150.9184714000
MG-WetherillPark,"422","0","422",0.16104938772778,123.16449615003168,-33.8481088000,150.9185083000
MG-WetherillPark,"423","0","423",0.16125454571567,107.46191110251844,-33.8481842000,150.9186991000
MG-WetherillPark,"424","0","424",0.16143975878214,100.57791464767550,-33.8482270000,150.9188793000
MG-WetherillPark,"425","0","425",0.16303015400977,98.12210555784861,-33.8484427000,150.9204550000
MG-WetherillPark,"426","0","426",0.16524337602303,98.31675253945434,-33.8487679000,150.9226442000
MG-WetherillPark,"427","0","427",0.16849650707020,98.18415237647797,-33.8492310000,150.9258642000
WetherillPark-MG,"0","0","0",0.00000000000000,278.42425893665643,-33.8493640000,150.9258409000
WetherillPark-MG,"1","0","1",0.00325320075772,278.28888097324068,-33.8488874000,150.9226228000
WetherillPark-MG,"2","0","2",0.00546930187904,278.10642059667811,-33.8485731000,150.9204291000
WetherillPark-MG,"3","0","3",0.00696931692232,280.09127781853960,-33.8483628000,150.9189439000
WetherillPark-MG,"4","0","4",0.00720834773622,278.64239100419502,-33.8483126000,150.9187102000
WetherillPark-MG,"5","0","5",0.00728726775903,270.51510002459923,-33.8483055000,150.9186316000
WetherillPark-MG,"6","0","6",0.00741219237629,247.28181169246878,-33.8483145000,150.9185070000
WetherillPark-MG,"7","0","7",0.00748460922519,237.84653794114229,-33.8483623000,150.9184526000
WetherillPark-MG,"8","0","8",0.00755728776399,255.07765729363254,-33.8483907000,150.9183857000
WetherillPark-MG,"9","0","9",0.00763030789818,271.10169683508116,-33.8483994000,150.9183132000
WetherillPark-MG,"10","0","10",0.00770726509409,286.77183821432982,-33.8483873000,150.9182372000
WetherillPark-MG,"11","0","11",0.00776924452616,302.37502569804263,-33.8483616000,150.9181808000
WetherillPark-MG,"12","0","12",0.00783161318815,303.12586368864351,-33.8483213000,150.9181332000
WetherillPark-MG,"13","0","13",0.00810330869787,289.23395680216669,-33.8482022000,150.9178890000
WetherillPark-MG,"14","0","14",0.00835156405027,280.33673241412959,-33.8481486000,150.9176466000
WetherillPark-MG,"15","0","15",0.01008864404268,278.16856655411038,-33.8479007000,150.9159273000
WetherillPark-MG,"16","0","16",0.01291415788974,277.91471672913502,-33.8475010000,150.9131302000
WetherillPark-MG,"17","0","17",0.01540641278842,278.40238070086014,-33.8471672000,150.9106604000
WetherillPark-MG,"18","0","18",0.01706664419702,279.50755120818911,-33.8469044000,150.9090211000
WetherillPark-MG,"19","0","19",0.01717881701009,279.92572584225303,-33.8468851000,150.9089106000
WetherillPark-MG,"20","0","20",0.01734501382113,279.42169599089436,-33.8468564000,150.9087469000
WetherillPark-MG,"21","0","21",0.01745878341286,278.63906382663180,-33.8468388000,150.9086345000
WetherillPark-MG,"22","0","22",0.02002608604794,278.50247622516116,-33.8464647000,150.9060946000
WetherillPark-MG,"23","0","23",0.02125286329339,278.51396519237994,-33.8462807000,150.9048817000
WetherillPark-MG,"24","0","24",0.02259496705242,278.20795131857892,-33.8460846000,150.9035540000
WetherillPark-MG,"25","0","25",0.02428557797749,278.06649927895398,-33.8458489000,150.9018799000
WetherillPark-MG,"26","0","26",0.02536893629774,277.90714167424238,-33.8456959000,150.9008074000
WetherillPark-MG,"27","0","27",0.02607539873127,277.87274157487315,-33.8456013000,150.9001073000
WetherillPark-MG,"28","0","28",0.02699866869782,278.09905753910613,-33.8454720065,150.8991931279
WetherillPark-MG,"29","0","29",0.02763936429953,278.91195911197326,-33.8453812000,150.8985589000
WetherillPark-MG,"30","0","30",0.02845090909805,279.00698917603376,-33.8452448000,150.8977589000
WetherillPark-MG,"31","0","31",0.02988456340087,278.65353112705901,-33.8450369000,150.8963404000
WetherillPark-MG,"32","0","32",0.03012895155527,235.29252732405632,-33.8449988000,150.8960990000
WetherillPark-MG,"33","0","33",0.03027943361399,191.61854088379698,-33.8451462000,150.8960687000
WetherillPark-MG,"34","0","34",0.03259132390987,191.80565722882679,-33.8474107000,150.8956030000
WetherillPark-MG,"35","0","35",0.03297448340662,189.70842529729276,-33.8477855000,150.8955234000
WetherillPark-MG,"36","0","36",0.03327853396166,186.82041134803100,-33.8480870000,150.8954841000
WetherillPark-MG,"37","0","37",0.03340417221219,181.50655427118062,-33.8482119000,150.8954705000
WetherillPark-MG,"38","0","38",0.03364234385201,175.66259879256782,-33.8484497000,150.8954838000
WetherillPark-MG,"39","0","39",0.03382999952071,172.98886330390440,-33.8486365000,150.8955017000
WetherillPark-MG,"40","0","40",0.03400423528053,170.13743629736982,-33.8488088000,150.8955276000
WetherillPark-MG,"41","0","41",0.03421472729937,167.62466679451461,-33.8490153000,150.8955684000
WetherillPark-MG,"42","0","42",0.03441923998847,164.90593245622509,-33.8492141000,150.8956164000
WetherillPark-MG,"43","0","43",0.03469588926102,163.50611543906993,-33.8494792000,150.8956955000
WetherillPark-MG,"44","0","44",0.03500450586783,163.29800922432514,-33.8497753000,150.8957825000
WetherillPark-MG,"45","0","45",0.03566622161497,162.36759643550758,-33.8504080000,150.8959763000
WetherillPark-MG,"46","0","46",0.03619992247691,164.06035019927816,-33.8509149000,150.8961433000
WetherillPark-MG,"47","0","47",0.03691675325885,166.35394936584282,-33.8516115000,150.8963124000
WetherillPark-MG,"48","0","48",0.03702398072732,169.35564429452805,-33.8517157000,150.8963377000
WetherillPark-MG,"49","0","49",0.03710520196842,171.36888617284717,-33.8517962000,150.8963485000
WetherillPark-MG,"50","0","50",0.03718238758883,170.45835475447555,-33.8518723000,150.8963614000
WetherillPark-MG,"51","0","51",0.03724199866161,168.80296726487319,-33.8519311000,150.8963712000
WetherillPark-MG,"52","0","52",0.03728981131683,167.07295082632811,-33.8519777000,150.8963819000
WetherillPark-MG,"53","0","53",0.03784250892857,167.19830778279089,-33.8525164000,150.8965055000
WetherillPark-MG,"54","0","54",0.03892439917256,167.45207446549577,-33.8535719000,150.8967430000
WetherillPark-MG,"55","0","55",0.03992212940163,168.73246326428850,-33.8545463000,150.8969575000
WetherillPark-MG,"56","0","56",0.04046903869023,171.81637263216655,-33.8550847000,150.8970536000
WetherillPark-MG,"57","0","57",0.04104616565203,175.47635891524220,-33.8556584000,150.8971164000
WetherillPark-MG,"58","0","58",0.04137776161100,177.89774175531502,-33.8559896000,150.8971326000
WetherillPark-MG,"59","0","59",0.04191232215012,181.17462240191750,-33.8565240000,150.8971457000
WetherillPark-MG,"60","0","60",0.04201925151936,183.58401830124981,-33.8566307000,150.8971387000
WetherillPark-MG,"61","0","61",0.04248097119619,184.66848950213983,-33.8570916000,150.8971112000
WetherillPark-MG,"62","0","62",0.04427813277130,185.92242452567177,-33.8588791692,150.8969257656
WetherillPark-MG,"63","0","63",0.04517233633123,184.57911288168438,-33.8597686000,150.8968335000
WetherillPark-MG,"64","0","64",0.04539378939622,184.80054937148648,-33.8599897000,150.8968210000
WetherillPark-MG,"65","0","65",0.04582223062912,186.22620623333833,-33.8604155000,150.8967735000
WetherillPark-MG,"66","0","66",0.04635976132585,185.76235132780280,-33.8609500000,150.8967165000
WetherillPark-MG,"67","0","67",0.04913093155700,185.43211019295902,-33.8637087000,150.8964539000
WetherillPark-MG,"68","0","68",0.04976537506120,183.52402459572556,-33.8643403000,150.8963939000
WetherillPark-MG,"69","0","69",0.05016473496154,178.96312511075698,-33.8647395000,150.8963826000
WetherillPark-MG,"70","0","70",0.05060384785135,173.21149754700585,-33.8651777000,150.8964109000
WetherillPark-MG,"71","0","71",0.05094064464465,168.21663369207681,-33.8655095000,150.8964687000
WetherillPark-MG,"72","0","72",0.05127287619045,164.00494838497602,-33.8658323000,150.8965473000
WetherillPark-MG,"73","0","73",0.05167787012868,158.95793804432196,-33.8662168000,150.8966745000
WetherillPark-MG,"74","0","74",0.05199160355056,154.33361932346043,-33.8665039000,150.8968010000
WetherillPark-MG,"75","0","75",0.05263170624541,152.60368651321426,-33.8670714000,150.8970971000
WetherillPark-MG,"76","0","76",0.05302344771631,153.59809164796715,-33.8674197000,150.8972764000
WetherillPark-MG,"77","0","77",0.05377680431847,155.14409001748857,-33.8680993000,150.8976015000
WetherillPark-MG,"78","0","78",0.05392200972465,156.68762573878718,-33.8682318000,150.8976609000
WetherillPark-MG,"79","0","79",0.05441896509491,156.26007918540614,-33.8686910000,150.8978509000
WetherillPark-MG,"80","0","80",0.05557146093437,152.62184199496019,-33.8697355000,150.8983380000
WetherillPark-MG,"81","0","81",0.05572016617973,151.61720779355537,-33.8698646000,150.8984118000
WetherillPark-MG,"82","0","82",0.05657602477789,153.06775006777573,-33.8706271000,150.8988005000
WetherillPark-MG,"83","0","83",0.05797139358218,152.57989765512136,-33.8718720000,150.8994308000
WetherillPark-MG,"84","0","84",0.05878606508039,150.95745362564648,-33.8725914000,150.8998131000
WetherillPark-MG,"85","0","85",0.05899723823210,150.38963456854302,-33.8727741000,150.8999190000
WetherillPark-MG,"86","0","86",0.05931695662382,154.61880882215081,-33.8730534000,150.9000746000
WetherillPark-MG,"87","0","87",0.05974513463585,164.90268171443552,-33.8734514000,150.9002325000
WetherillPark-MG,"88","0","88",0.06005235268541,178.06918647484994,-33.8737552000,150.9002782000
WetherillPark-MG,"89","0","89",0.06022101818280,189.30199256389903,-33.8739233000,150.9002644000
WetherillPark-MG,"90","0","90",0.06040944456103,200.97993901811850,-33.8741062000,150.9002191000
WetherillPark-MG,"91","0","91",0.06063912105088,213.01288015971576,-33.8743089000,150.9001111000
WetherillPark-MG,"92","0","92",0.06089588896165,224.12763302173963,-33.8745113000,150.8999531000
WetherillPark-MG,"93","0","93",0.06238777629318,230.43692316230815,-33.8754647000,150.8988056000
WetherillPark-MG,"94","0","94",0.06657086916809,230.56715018090165,-33.8781201000,150.8955734000
WetherillPark-MG,"95","0","95",0.06716279436604,230.52242998885561,-33.8784963000,150.8951164000
WetherillPark-MG,"96","0","96",0.07056390106390,227.81926489826986,-33.8806594000,150.8924918000
WetherillPark-MG,"97","0","97",0.07163297867100,224.69047397371179,-33.8814136000,150.8917341000
WetherillPark-MG,"98","0","98",0.07269479088130,224.55246387998716,-33.8821742000,150.8909932000
WetherillPark-MG,"99","0","99",0.07325991239039,225.20607530778406,-33.8825748000,150.8905946000
WetherillPark-MG,"100","0","100",0.07336930695147,224.86065033803106,-33.8826514000,150.8905165000
WetherillPark-MG,"101","0","101",0.07423864546438,224.16535853400651,-33.8832750000,150.8899108000
WetherillPark-MG,"102","0","102",0.07468501867144,224.16500019380726,-33.8835952000,150.8895998000
WetherillPark-MG,"103","0","103",0.07491308482414,224.85836871705220,-33.8837588000,150.8894409000
WetherillPark-MG,"104","0","104",0.07580903064840,227.13966256613008,-33.8843862000,150.8888013000
WetherillPark-MG,"105","0","105",0.07739914234889,227.82304108663374,-33.8854351000,150.8876062000
WetherillPark-MG,"106","0","106",0.07811096146216,226.91932538602569,-33.8859213000,150.8870863000
WetherillPark-MG,"107","0","107",0.07845282742999,226.29296900140352,-33.8861548000,150.8868366000
WetherillPark-MG,"108","0","108",0.07885449119487,228.29895578170169,-33.8864355000,150.8865493000
WetherillPark-MG,"109","0","109",0.07917468676013,231.89840490814137,-33.8866373000,150.8863007000
WetherillPark-MG,"110","0","110",0.07924806754781,232.87523401977592,-33.8866816000,150.8862422000
WetherillPark-MG,"111","0","111",0.07961399087308,233.95940867764392,-33.8869024000,150.8859504000
WetherillPark-MG,"112","0","112",0.08004584902113,234.88670264927634,-33.8871499000,150.8855965000
WetherillPark-MG,"113","0","113",0.08062303697142,233.42966355068694,-33.8874831000,150.8851252000
WetherillPark-MG,"114","0","114",0.08111601374574,231.06037008861648,-33.8877858000,150.8847361000
WetherillPark-MG,"115","0","115",0.08217114602654,230.02848165187598,-33.8884640000,150.8839278000
WetherillPark-MG,"116","0","116",0.08331389136124,229.45992559087762,-33.8891977000,150.8830517000
WetherillPark-MG,"117","0","117",0.08346286397619,229.25936427478985,-33.8892957000,150.8829395000
WetherillPark-MG,"118","0","118",0.08357720292286,229.65400072528308,-33.8893697232,150.8828523567
WetherillPark-MG,"119","0","119",0.08396919553750,227.30810957337280,-33.8896235000,150.8825536000
WetherillPark-MG,"120","0","120",0.08439812660421,223.52330325957902,-33.8899270000,150.8822505000
WetherillPark-MG,"121","0","121",0.08491526681734,221.69477442968787,-33.8903108000,150.8819039000
WetherillPark-MG,"122","0","122",0.08608605291650,221.20003964555730,-33.8911903000,150.8811311000
WetherillPark-MG,"123","0","123",0.08650655567510,220.84575167821231,-33.8915072000,150.8808547000
WetherillPark-MG,"124","0","124",0.08795800483367,220.19092673285286,-33.8926093000,150.8799102000
WetherillPark-MG,"125","0","125",0.08893360750897,219.00819699366471,-33.8933590000,150.8792859000
WetherillPark-MG,"126","0","126",0.08918617878606,219.28356630119134,-33.8935574000,150.8791296000
WetherillPark-MG,"127","0","127",0.09002014433092,220.03687809746918,-33.8941931000,150.8785898000
WetherillPark-MG,"128","0","128",0.09038790491881,219.33402205926535,-33.8944759000,150.8783547000
WetherillPark-MG,"129","0","129",0.09076172660087,215.85615937807535,-33.8947667000,150.8781198000
WetherillPark-MG,"130","0","130",0.09119575080526,212.07789151182735,-33.8951316000,150.8778848000
WetherillPark-MG,"131","0","131",0.09151210519513,209.31514756076760,-33.8954017000,150.8777201000
WetherillPark-MG,"132","0","132",0.09176779582853,207.81746008034202,-33.8956290000,150.8776030000
WetherillPark-MG,"133","0","133",0.09203773496983,205.99555867624110,-33.8958665000,150.8774747000
WetherillPark-MG,"134","0","134",0.09243194030972,201.86412466936210,-33.8962277000,150.8773168000
WetherillPark-MG,"135","0","135",0.09276836162296,199.35669562218118,-33.8965436000,150.8772011000
WetherillPark-MG,"136","0","136",0.09310198326495,196.83843362389766,-33.8968598000,150.8770947000
WetherillPark-MG,"137","0","137",0.09350713336058,193.11533018778050,-33.8972510000,150.8769893000
WetherillPark-MG,"138","0","138",0.09379822965048,190.28350548196235,-33.8975366000,150.8769330000
WetherillPark-MG,"139","0","139",0.09419923179513,187.04110071670175,-33.8979322000,150.8768674000
WetherillPark-MG,"140","0","140",0.09465153134188,187.04045640680789,-33.8983830000,150.8768306000
WetherillPark-MG,"141","0","141",0.09513940194976,194.49083311288589,-33.8988643000,150.8767508000
WetherillPark-MG,"142","0","142",0.09546574952517,201.94346019914235,-33.8991718000,150.8766415000
WetherillPark-MG,"143","0","143",0.09556846393510,202.74167949508700,-33.8992654000,150.8765992000
WetherillPark-MG,"144","0","144",0.09581552829916,201.41311186705497,-33.8994958000,150.8765100000
WetherillPark-MG,"145","0","145",0.09625872867148,201.23468479742687,-33.8999077000,150.8763464000
WetherillPark-MG,"146","0","146",0.09652306864195,199.15234679371162,-33.9001548000,150.8762525000
WetherillPark-MG,"147","0","147",0.09672794841154,192.07476692673396,-33.9003502000,150.8761909000
WetherillPark-MG,"148","0","148",0.09700591972304,183.53534957807966,-33.9006263000,150.8761587000
WetherillPark-MG,"149","0","149",0.09737542958759,180.20933132661372,-33.9009958000,150.8761560000
WetherillPark-MG,"150","0","150",0.09782112958757,180.56423561081954,-33.9014415000,150.8761560000
WetherillPark-MG,"151","0","151",0.09836443496212,182.07506623198614,-33.9019847000,150.8761453000
WetherillPark-MG,"152","0","152",0.09866985960097,184.97008669307709,-33.9022897000,150.8761292000
WetherillPark-MG,"153","0","153",0.09904841606965,186.61845546269478,-33.9026655000,150.8760836000
WetherillPark-MG,"154","0","154",0.09965811961240,186.49278170931558,-33.9032715000,150.8760165000
WetherillPark-MG,"155","0","155",0.10009739024650,187.35389450537485,-33.9037078000,150.8759655000
WetherillPark-MG,"156","0","156",0.10042339515442,187.11531046271986,-33.9040306000,150.8759199000
WetherillPark-MG,"157","0","157",0.10092049333382,186.84020368273539,-33.9045248000,150.8758663000
WetherillPark-MG,"158","0","158",0.10141450892065,187.00858939008822,-33.9050146000,150.8758019000
WetherillPark-MG,"159","0","159",0.10202154319480,186.53078888844982,-33.9056177000,150.8757329000
WetherillPark-MG,"160","0","160",0.10221661056778,186.33489295699766,-33.9058115000,150.8757107000
WetherillPark-MG,"161","0","161",0.10259276484465,186.85262814919733,-33.9061855000,150.8756705000
WetherillPark-MG,"162","0","162",0.10318331204853,187.12707214344064,-33.9067709000,150.8755927000
WetherillPark-MG,"163","0","163",0.10323486241225,186.68581788749310,-33.9068221000,150.8755867000
WetherillPark-MG,"164","0","164",0.10368995910528,186.27416422341926,-33.9072741000,150.8755337000
WetherillPark-MG,"165","0","165",0.10410814481760,186.62974499779429,-33.9076901000,150.8754910000
WetherillPark-MG,"166","0","166",0.10444283156666,184.66887861212763,-33.9080220000,150.8754479000
WetherillPark-MG,"167","0","167",0.10455219417455,181.93308278288498,-33.9081313000,150.8754442000
WetherillPark-MG,"168","0","168",0.10473059509942,181.07385443438383,-33.9083096000,150.8754382000
WetherillPark-MG,"169","0","169",0.10499059702250,181.04855303326664,-33.9085696000,150.8754372000
WetherillPark-MG,"170","0","170",0.10515548546963,184.66783345070832,-33.9087344000,150.8754318000
WetherillPark-MG,"171","0","171",0.10536193238775,186.82575192326789,-33.9089391000,150.8754050000
WetherillPark-MG,"172","0","172",0.10576055839042,186.73317792523895,-33.9093354000,150.8753620000
WetherillPark-MG,"173","0","173",0.10605674193149,187.31672586143489,-33.9096292000,150.8753245000
WetherillPark-MG,"174","0","174",0.10630811283274,189.06731641373278,-33.9098785000,150.8752923000
WetherillPark-MG,"175","0","175",0.10656646787915,194.09158787798216,-33.9101323000,150.8752440000
WetherillPark-MG,"176","0","176",0.10690706824614,198.20435944204519,-33.9104573000,150.8751421000
WetherillPark-MG,"177","0","177",0.10713773601590,202.32808753259505,-33.9106754000,150.8750670000
WetherillPark-MG,"178","0","178",0.10734907105831,237.22146868341511,-33.9108659000,150.8749755000
WetherillPark-MG,"179","0","179",0.10744829328357,269.98478145534341,-33.9108680000,150.8748763000
WetherillPark-MG,"180","0","180",0.10750160463322,271.17176907555682,-33.9108669000,150.8748230000
WetherillPark-MG,"181","0","181",0.10769404415619,270.94017997108091,-33.9108630000,150.8746306000
WetherillPark-MG,"182","0","182",0.10832349373324,270.46743758976578,-33.9108551000,150.8740012000
WetherillPark-MG,"183","0","183",0.10856249542776,270.20840967012305,-33.9108542000,150.8737622000
WetherillPark-MG,"184","0","184",0.10936040034062,270.56738185760236,-33.9108514000,150.8729643000
WetherillPark-MG,"185","0","185",0.11048955026868,233.52143865532815,-33.9108330000,150.8718353000
WetherillPark-MG,"186","0","186",0.11051838236847,204.74109743548877,-33.9108607000,150.8718273000
WetherillPark-MG,"187","0","187",0.11055346769306,221.76389160182038,-33.9108900000,150.8718080000
WetherillPark-MG,"188","0","188",0.11059045755653,237.81873931236845,-33.9109137000,150.8717796000
WetherillPark-MG,"189","0","189",0.11062925575237,253.89458407289916,-33.9109298000,150.8717443000
WetherillPark-MG,"190","0","190",0.11069050711968,273.48713929287663,-33.9109380000,150.8716836000
WetherillPark-MG,"191","0","191",0.11075211491142,293.25599113514636,-33.9109224000,150.8716240000
WetherillPark-MG,"192","0","192",0.11078225077043,307.93182033667955,-33.9109065000,150.8715984000
WetherillPark-MG,"193","0","193",0.11081117567321,321.05073722816206,-33.9108864000,150.8715776000
WetherillPark-MG,"194","0","194",0.11083897944991,335.26214704753164,-33.9108628000,150.8715629000
WetherillPark-MG,"195","0","195",0.11086583033410,306.16222146748811,-33.9108372000,150.8715548000
WetherillPark-MG,"196","0","196",0.11159503187686,270.20288186978405,-33.9108387000,150.8708256000
WetherillPark-MG,"197","0","197",0.11347711047250,270.67320933807855,-33.9108215000,150.8689436000
WetherillPark-MG,"198","0","198",0.11528769716199,271.82167118772958,-33.9107955000,150.8671332000
WetherillPark-MG,"199","0","199",0.11551327043165,274.04510017722589,-33.9107844000,150.8669079000
WetherillPark-MG,"200","0","200",0.11561670761062,275.78801646424176,-33.9107749000,150.8668049000
WetherillPark-MG,"201","0","201",0.11578512676037,276.65513207685876,-33.9107564000,150.8666375000
WetherillPark-MG,"202","0","202",0.11586139588916,278.43418226691409,-33.9107471000,150.8665618000
WetherillPark-MG,"203","0","203",0.11604643150729,280.75595898025381,-33.9107154000,150.8663795000
WetherillPark-MG,"204","0","204",0.11689541337408,281.67950200541674,-33.9105440000,150.8655480000
WetherillPark-MG,"205","0","205",0.11712203113587,284.36419740335594,-33.9104980000,150.8653261000
WetherillPark-MG,"206","0","206",0.11730347495640,238.13147056912052,-33.9104449000,150.8651526000
WetherillPark-MG,"207","0","207",0.11732961458113,198.81653975976712,-33.9104707000,150.8651484000
WetherillPark-MG,"208","0","208",0.11735212080248,217.00828265090132,-33.9104905000,150.8651377000
WetherillPark-MG,"209","0","209",0.11738429610357,234.56986932558726,-33.9105130000,150.8651147000
WetherillPark-MG,"210","0","210",0.11741837380885,251.70413181252326,-33.9105282000,150.8650842000
WetherillPark-MG,"211","0","211",0.11745372179327,267.61943204746859,-33.9105344000,150.8650494000
WetherillPark-MG,"212","0","212",0.11748917570702,283.77628563183777,-33.9105311000,150.8650141000
WetherillPark-MG,"213","0","213",0.11752806130848,302.16363683293406,-33.9105164000,150.8649781000
WetherillPark-MG,"214","0","214",0.11756459430727,304.16966244224000,-33.9104919000,150.8649510000
WetherillPark-MG,"215","0","215",0.11768476273073,297.36694345973308,-33.9104388000,150.8648432000
WetherillPark-MG,"216","0","216",0.11778490682692,295.19254861316188,-33.9103910000,150.8647552000
WetherillPark-MG,"217","0","217",0.11792930364128,289.89307102335545,-33.9103372000,150.8646212000
WetherillPark-MG,"218","0","218",0.11917434440367,287.96054102652010,-33.9099543000,150.8634365000
WetherillPark-MG,"219","0","219",0.12017213369002,288.91612126245690,-33.9096458000,150.8624876000
WetherillPark-MG,"220","0","220",0.12091143791700,292.03539456212900,-33.9093951000,150.8617921000
WetherillPark-MG,"221","0","221",0.12106191409452,290.88251839318491,-33.9093333000,150.8616549000
WetherillPark-MG,"222","0","222",0.12112504126773,289.21280559627570,-33.9093143000,150.8615947000
WetherillPark-MG,"223","0","223",0.12122759466848,272.33404114040752,-33.9092777000,150.8614989000
WetherillPark-MG,"224","0","224",0.12125155066981,258.56593475755477,-33.9092844000,150.8614759000
WetherillPark-MG,"225","0","225",0.12127581278018,268.10586421529263,-33.9092872000,150.8614518000
WetherillPark-MG,"226","0","226",0.12130004251397,277.40041960924071,-33.9092860000,150.8614276000
WetherillPark-MG,"227","0","227",0.12132416636110,286.92680966848042,-33.9092810000,150.8614040000
WetherillPark-MG,"228","0","228",0.12134776826782,296.96167738634460,-33.9092722000,150.8613821000
WetherillPark-MG,"229","0","229",0.12137077022422,307.41459429872913,-33.9092600000,150.8613626000
WetherillPark-MG,"230","0","230",0.12139284826762,318.77052156371531,-33.9092450000,150.8613464000
WetherillPark-MG,"231","0","231",0.12141415671666,331.00867894314615,-33.9092276000,150.8613341000
WetherillPark-MG,"232","0","232",0.12143486444467,343.81283561373709,-33.9092085000,150.8613261000
WetherillPark-MG,"233","0","233",0.12145515138630,350.03829822878623,-33.9091885000,150.8613227000
WetherillPark-MG,"234","0","234",0.12148990883157,337.05268894403309,-33.9091543000,150.8613165000
WetherillPark-MG,"235","0","235",0.12157971022355,320.51917531737809,-33.9090813000,150.8612642000
WetherillPark-MG,"236","0","236",0.12173371181444,312.81654943571129,-33.9089693000,150.8611585000
WetherillPark-MG,"237","0","237",0.12219858568975,308.98121418777339,-33.9086769000,150.8607971000
WetherillPark-MG,"238","0","238",0.12256511586589,308.98635055357579,-33.9084463000,150.8605122000
WetherillPark-MG,"239","0","239",0.12272708629531,309.53155104182889,-33.9083444000,150.8603863000
WetherillPark-MG,"240","0","240",0.12346129643551,309.95907367374258,-33.9078717000,150.8598245000
WetherillPark-MG,"241","0","241",0.12398185607667,311.58063032663489,-33.9075382000,150.8594248000
WetherillPark-MG,"242","0","242",0.12421346233738,315.55431714792672,-33.9073793000,150.8592563000
WetherillPark-MG,"243","0","243",0.12443150935067,320.49446949929353,-33.9072178000,150.8591098000
WetherillPark-MG,"244","0","244",0.12477206960967,327.06100501853285,-33.9069451000,150.8589058000
WetherillPark-MG,"245","0","245",0.12500251691384,334.17453314256778,-33.9067437000,150.8587938000
WetherillPark-MG,"246","0","246",0.12521510160280,333.40285757218481,-33.9065474000,150.8587122000
WetherillPark-MG,"247","0","247",0.12527262325093,324.61549610815149,-33.9064979000,150.8586829000
WetherillPark-MG,"248","0","248",0.12534784625273,302.98784758443242,-33.9064404000,150.8586344000
WetherillPark-MG,"249","0","249",0.12536117029117,288.44046141492657,-33.9064367000,150.8586216000
WetherillPark-MG,"250","0","250",0.12537443113577,293.36635908404224,-33.9064320000,150.8586092000
WetherillPark-MG,"251","0","251",0.12538744574295,298.58474586637817,-33.9064263000,150.8585975000
WetherillPark-MG,"252","0","252",0.12540018819171,303.89586333900473,-33.9064197000,150.8585866000
WetherillPark-MG,"253","0","253",0.12541276833478,309.32629126489149,-33.9064122000,150.8585765000
WetherillPark-MG,"254","0","254",0.12542515905711,314.85947719221298,-33.9064039000,150.8585673000
WetherillPark-MG,"255","0","255",0.12543733444214,320.58849436761670,-33.9063949000,150.8585591000
WetherillPark-MG,"256","0","256",0.12544927471012,326.61114583492503,-33.9063853000,150.8585520000
WetherillPark-MG,"257","0","257",0.12546097171825,332.79705269312706,-33.9063752000,150.8585461000
WetherillPark-MG,"258","0","258",0.12547247563068,339.28085558486072,-33.9063647000,150.8585414000
WetherillPark-MG,"259","0","259",0.12548389359862,294.90823073223851,-33.9063538000,150.8585380000
WetherillPark-MG,"260","0","260",0.12555931733491,252.30587205842690,-33.9063831000,150.8584685000
WetherillPark-MG,"261","0","261",0.12563583955385,264.40144614970325,-33.9063997000,150.8583938000
WetherillPark-MG,"262","0","262",0.12605152058560,272.92886444422044,-33.9063900394,150.8579782312
WetherillPark-MG,"263","0","263",0.12671351620287,281.03580118125251,-33.9063378000,150.8573183000
WetherillPark-MG,"264","0","264",0.12697225330885,307.10524693292115,-33.9062598000,150.8570716000
WetherillPark-MG,"265","0","265",0.12703940105639,309.93533569730232,-33.9062037000,150.8570347000
WetherillPark-MG,"266","0","266",0.12766980324563,293.01817223335848,-33.9059553000,150.8564553000
WetherillPark-MG,"267","0","267",0.12899593431708,292.89103182152354,-33.9054407508,150.8552330632
WetherillPark-MG,"268","0","268",0.12910351401648,289.92798991649460,-33.9053988000,150.8551340000
WetherillPark-MG,"269","0","269",0.12926927649720,283.33444018281256,-33.9053506000,150.8549754000
WetherillPark-MG,"270","0","270",0.12940960942277,275.76714427982989,-33.9053268000,150.8548371000
WetherillPark-MG,"271","0","271",0.12971395462151,269.52264464231462,-33.9053174000,150.8545329000
WetherillPark-MG,"272","0","272",0.12987593773797,265.16530378343049,-33.9053251000,150.8543711000
WetherillPark-MG,"273","0","273",0.13016374936034,261.82785188699921,-33.9053599000,150.8540854000
WetherillPark-MG,"274","0","274",0.13043377485915,259.74256491741369,-33.9054040000,150.8538190000
WetherillPark-MG,"275","0","275",0.13235664581945,251.61449579871947,-33.9057747000,150.8519322000
WetherillPark-MG,"276","0","276",0.13248344684453,246.33070828623673,-33.9058296000,150.8518179000
WetherillPark-MG,"277","0","277",0.13268995907175,232.47560053059453,-33.9059059000,150.8516260000
WetherillPark-MG,"278","0","278",0.13269967915404,219.99876842992441,-33.9059137000,150.8516202000
WetherillPark-MG,"279","0","279",0.13270958268879,225.79397278486704,-33.9059209000,150.8516134000
WetherillPark-MG,"280","0","280",0.13271963952723,230.95543869713461,-33.9059276000,150.8516059000
WetherillPark-MG,"281","0","281",0.13272994001266,236.59649805594978,-33.9059337000,150.8515976000
WetherillPark-MG,"282","0","282",0.13274038462850,241.95222691696640,-33.9059390000,150.8515886000
WetherillPark-MG,"283","0","283",0.13275102981523,247.04666928557631,-33.9059436000,150.8515790000
WetherillPark-MG,"284","0","284",0.13276169236648,251.87506521986305,-33.9059473000,150.8515690000
WetherillPark-MG,"285","0","285",0.13277261253133,256.52553180671197,-33.9059503000,150.8515585000
WetherillPark-MG,"286","0","286",0.13278361480383,261.61691310714042,-33.9059524000,150.8515477000
WetherillPark-MG,"287","0","287",0.13279457016779,266.33757090412053,-33.9059535000,150.8515368000
WetherillPark-MG,"288","0","288",0.13280557425797,270.76591654494803,-33.9059538000,150.8515258000
WetherillPark-MG,"289","0","289",0.13281669046236,275.46479166251515,-33.9059532000,150.8515147000
WetherillPark-MG,"290","0","290",0.13282769318930,280.03892821220450,-33.9059517000,150.8515038000
WetherillPark-MG,"291","0","291",0.13283853984777,284.92348230998948,-33.9059494000,150.8514932000
WetherillPark-MG,"292","0","292",0.13284945085137,289.80266577991313,-33.9059461000,150.8514828000
WetherillPark-MG,"293","0","293",0.13286012839790,280.03323758889644,-33.9059421000,150.8514729000
WetherillPark-MG,"294","0","294",0.13288178886965,268.04985609563522,-33.9059428311,150.8514512519
WetherillPark-MG,"295","0","295",0.13291757349259,268.03996798514567,-33.9059440588,150.8514154883
WetherillPark-MG,"296","0","296",0.13294517785620,271.42674313606369,-33.9059450000,150.8513879000
WetherillPark-MG,"297","0","297",0.13317307963324,267.04607438826974,-33.9059259000,150.8511608000
WetherillPark-MG,"298","0","298",0.13447895001354,259.28266244303057,-33.9061687000,150.8498777000
WetherillPark-MG,"299","0","299",0.13484615776116,259.28518886452025,-33.9062370000,150.8495169000
WetherillPark-MG,"300","0","300",0.13511412591225,258.52513515573287,-33.9062868000,150.8492536000
WetherillPark-MG,"301","0","301",0.13588300233924,259.46283945575715,-33.9064498000,150.8485022000
WetherillPark-MG,"302","0","302",0.13611869886023,270.06406165468195,-33.9064860000,150.8482693000
WetherillPark-MG,"303","0","303",0.13627338774153,289.19920752533227,-33.9064619000,150.8481165000
WetherillPark-MG,"304","0","304",0.13648236451058,307.81379947379281,-33.9063592000,150.8479345000
WetherillPark-MG,"305","0","305",0.13693437430031,313.91635056195480,-33.9060330000,150.8476216000
WetherillPark-MG,"306","0","306",0.13720707904908,297.10710439599274,-33.9058518000,150.8474178000
WetherillPark-MG,"307","0","307",0.13740092816566,264.81458989081386,-33.9058096000,150.8472286000
WetherillPark-MG,"308","0","308",0.13776935232275,247.05548949010930,-33.9059532263,150.8468893245
WetherillPark-MG,"309","0","309",0.13802929768114,247.05548949112602,-33.9060545632,150.8466499453
WetherillPark-MG,"310","0","310",0.13838056870394,247.05548953220986,-33.9061915025,150.8463264658
WetherillPark-MG,"311","0","311",0.13846392984503,237.04665035402058,-33.9062240000,150.8462497000
WetherillPark-MG,"312","0","312",0.13859716231107,232.32536979991977,-33.9063148000,150.8461522000
WetherillPark-MG,"313","0","313",0.13887402930072,246.47725864353953,-33.9064631000,150.8459184000
WetherillPark-MG,"314","0","314",0.13902814552311,255.39638558680497,-33.9065021000,150.8457693000
WetherillPark-MG,"315","0","315",0.14001498971048,249.49084134066879,-33.9067500000,150.8448141000
WetherillPark-MG,"316","0","316",0.14052450086831,234.53901755639427,-33.9069771000,150.8443580000
WetherillPark-MG,"317","0","317",0.14089447602965,212.80028904756392,-33.9072362000,150.8440939000
WetherillPark-MG,"318","0","318",0.14117444924265,197.23382483939784,-33.9074992000,150.8439979000
WetherillPark-MG,"319","0","319",0.14148296128456,202.85886820492445,-33.9077980000,150.8439211000
WetherillPark-MG,"320","0","320",0.14161614942215,215.93384244298119,-33.9079118000,150.8438519000
WetherillPark-MG,"321","0","321",0.14164997973401,215.70896794761236,-33.9079375000,150.8438299000
WetherillPark-MG,"322","0","322",0.14273608228900,206.67434510681673,-33.9088699000,150.8432729000
WetherillPark-MG,"323","0","323",0.14287408261510,196.00784577689313,-33.9089974000,150.8432201000
WetherillPark-MG,"324","0","324",0.14297142330547,189.50351909271205,-33.9090934000,150.8432040000
WetherillPark-MG,"325","0","325",0.14316497025068,191.76997071320704,-33.9092843000,150.8431721000
WetherillPark-MG,"326","0","326",0.14332805121180,192.46194074273924,-33.9094425000,150.8431325000
WetherillPark-MG,"327","0","327",0.14337153143756,190.87001140406738,-33.9094852000,150.8431243000
WetherillPark-MG,"328","0","328",0.14372100110720,190.93780367615898,-33.9098284000,150.8430584000
WetherillPark-MG,"329","0","329",0.14407613319531,186.16634474323288,-33.9101770000,150.8429906000
WetherillPark-MG,"330","0","330",0.14419276445145,179.56533039330131,-33.9102936000,150.8429879000
WetherillPark-MG,"331","0","331",0.14425801236330,173.96315764915192,-33.9103588000,150.8429904000
WetherillPark-MG,"332","0","332",0.14427841481411,170.10899022476175,-33.9103789000,150.8429939000
WetherillPark-MG,"333","0","333",0.14432957730040,170.95400738952586,-33.9104293000,150.8430027000
WetherillPark-MG,"334","0","334",0.14438574989153,155.46221344157544,-33.9104849000,150.8430107000
WetherillPark-MG,"335","0","335",0.14439659655003,142.19161636979194,-33.9104931000,150.8430178000
WetherillPark-MG,"336","0","336",0.14440730402409,148.37394261477041,-33.9105019000,150.8430239000
WetherillPark-MG,"337","0","337",0.14441777493616,154.68371653778129,-33.9105111000,150.8430289000
WetherillPark-MG,"338","0","338",0.14442813688578,160.97257786481603,-33.9105207000,150.8430328000
WetherillPark-MG,"339","0","339",0.14443832903961,167.48216360211222,-33.9105305000,150.8430356000
WetherillPark-MG,"340","0","340",0.14444845623075,174.32088421412374,-33.9105405000,150.8430372000
WetherillPark-MG,"341","0","341",0.14445856414845,181.13043487308391,-33.9105506000,150.8430376000
WetherillPark-MG,"342","0","342",0.14446869578205,187.91937845091803,-33.9105607000,150.8430368000
WetherillPark-MG,"343","0","343",0.14447889382108,194.78374777932564,-33.9105707000,150.8430348000
WetherillPark-MG,"344","0","344",0.14448910802688,201.30528617785660,-33.9105804000,150.8430316000
WetherillPark-MG,"345","0","345",0.14449953587419,207.65838285539661,-33.9105899000,150.8430273000
WetherillPark-MG,"346","0","346",0.14451003158760,213.80993238931364,-33.9105989000,150.8430219000
WetherillPark-MG,"347","0","347",0.14452075166224,219.71246687363674,-33.9106075000,150.8430155000
WetherillPark-MG,"348","0","348",0.14453164936843,225.52485305622452,-33.9106155000,150.8430081000
WetherillPark-MG,"349","0","349",0.14454276917056,231.10824721416247,-33.9106229000,150.8429998000
WetherillPark-MG,"350","0","350",0.14455415029532,236.78567144608505,-33.9106296000,150.8429906000
WetherillPark-MG,"351","0","351",0.14456562417870,241.97101473999200,-33.9106354000,150.8429807000
WetherillPark-MG,"352","0","352",0.14457738725653,228.99818394627101,-33.9106405000,150.8429701000
WetherillPark-MG,"353","0","353",0.14463615774229,209.51812174349035,-33.9106894000,150.8429375000
WetherillPark-MG,"354","0","354",0.14467820533439,205.39806080370644,-33.9107274000,150.8429195000
WetherillPark-MG,"355","0","355",0.14473335721559,201.14822712814802,-33.9107772000,150.8428958000
WetherillPark-MG,"356","0","356",0.14484515506890,202.99319404408868,-33.9108842000,150.8428634000
WetherillPark-MG,"357","0","357",0.14490388879035,199.83258964702350,-33.9109355000,150.8428348000
WetherillPark-MG,"358","0","358",0.14506428760582,188.61420014167817,-33.9110932000,150.8428055000
WetherillPark-MG,"359","0","359",0.14526304625342,179.78546979063339,-33.9112906000,150.8427823000
WetherillPark-MG,"360","0","360",0.14546198556577,169.68443334020006,-33.9114880000,150.8428070000
WetherillPark-MG,"361","0","361",0.14580598896692,165.80155017465469,-33.9118225000,150.8428873000
WetherillPark-MG,"362","0","362",0.14596973001532,165.10207281234466,-33.9119807370,150.8429293975
WetherillPark-MG,"363","0","363",0.14607047972291,165.41119597438819,-33.9120781000,150.8429553000
WetherillPark-MG,"364","0","364",0.14621318897278,165.76635003630244,-33.9122164000,150.8429905000
WetherillPark-MG,"365","0","365",0.14724134958280,171.71241713559527,-33.9132132000,150.8432425000
WetherillPark-MG,"366","0","366",0.14739017878020,183.41360845014322,-33.9133619000,150.8432487000
WetherillPark-MG,"367","0","367",0.14755379017957,191.98444932544248,-33.9135234000,150.8432225000
WetherillPark-MG,"368","0","368",0.14766412829594,194.76113624349276,-33.9136301000,150.8431944000
WetherillPark-MG,"369","0","369",0.14790146876901,146.78674612716497,-33.9138596000,150.8431339000
WetherillPark-MG,"370","0","370",0.14866006537723,146.12363882346210,-33.9139757246,150.8438835558
WetherillPark-MG,"371","0","371",0.14881768961916,192.91133988603002,-33.9141290309,150.8438469146
WetherillPark-MG,"372","0","372",0.14893693511219,187.93039442351329,-33.9142455033,150.8438213475
WetherillPark-MG,"373","0","373",0.14908561922046,187.72171901297284,-33.9143939132,150.8438123222
WetherillPark-MG,"374","0","374",0.14985710135488,159.22597356069122,-33.9151486389,150.8436524041
WetherillPark-MG,"375","0","375",0.15045636802848,131.45499040778287,-33.9155050000,150.8441342000
WetherillPark-MG,"376","0","376",0.15074141977818,137.08684357803617,-33.9157115000,150.8443307000
WetherillPark-MG,"377","0","377",0.15123179829527,138.10994780078198,-33.9160745000,150.8446604000
WetherillPark-MG,"378","0","378",0.15180730954848,136.57813060595277,-33.9165053171,150.8450419886
WetherillPark-MG,"379","0","379",0.15278413870705,135.18995150420520,-33.9171922755,150.8457364548
WetherillPark-MG,"380","0","380",0.15349225794315,134.89992453600846,-33.9176989961,150.8462310931
WetherillPark-MG,"381","0","381",0.15384117959064,133.96970984751431,-33.9179418526,150.8464816267
WetherillPark-MG,"382","0","382",0.15419591585638,141.25108390338639,-33.9181875187,150.8467375289
WetherillPark-MG,"383","0","383",0.15426481964442,168.17513547212948,-33.9182463762,150.8467733552
WetherillPark-MG,"384","0","384",0.15472444743162,188.63604903574358,-33.9187018822,150.8467119387
WetherillPark-MG,"385","0","385",0.15527724958995,172.28812039357868,-33.9192469540,150.8466198139
WetherillPark-MG,"386","0","386",0.15531960894864,201.06646544506256,-33.9192853394,150.8466377270
WetherillPark-MG,"387","0","387",0.15544645508527,244.97584820884171,-33.9193345966,150.8465208354
WetherillPark-MG,"388","0","388",0.15572400874183,243.72607955346976,-33.9194614577,150.8462739704
WetherillPark-MG,"389","0","389",0.15611758994892,284.93622784636619,-33.9196299664,150.8459182866
WetherillPark-MG,"390","0","390",0.15645964031028,330.62983983106744,-33.9193490165,150.8457231825
WetherillPark-MG,"391","0","391",0.15665179555687,351.27865638710028,-33.9191734229,150.8456451409
WetherillPark-MG,"392","0","392",0.15692671930863,9.59365257318332,-33.9189002771,150.8456763575
WetherillPark-MG,"393","0","393",0.15705401729518,11.46619291416244,-33.9187760777,150.8457042731
WetherillPark-MG,"394","0","394",0.15723663393649,7.77177949764033,-33.9185963839,150.8457368152
WetherillPark-MG,"395","0","395",0.15734770658329,319.85011809413163,-33.9184857823,150.8457470339
WetherillPark-MG,"396","0","396",0.15785464923589,276.54406361999696,-33.9184467000,150.8452416000
WetherillPark-MG,"397","0","397",0.15827606092295,278.66697739708161,-33.9183832000,150.8448250000
WetherillPark-MG,"398","0","398",0.15913871255602,278.19036609647759,-33.9182532000,150.8439722000
WetherillPark-MG,"399","0","399",0.15983087526811,278.99445622724505,-33.9181603000,150.8432863000
WetherillPark-MG,"400","0","400",0.15998840180553,240.05230373771724,-33.9181322000,150.8431313000
WetherillPark-MG,"401","0","401",0.16001699725967,190.37260287545399,-33.9181591000,150.8431216000
WetherillPark-MG,"402","0","402",0.16011080925251,221.16247013496681,-33.9182529000,150.8431201000
WetherillPark-MG,"403","0","403",0.16022327115716,266.52855952641744,-33.9182697000,150.8430089000
WetherillPark-MG,"404","0","404",0.16033451719079,274.89798514171207,-33.9182665000,150.8428977000
WetherillPark-MG,"405","0","405",0.16241532041312,324.64647248511136,-33.9179716000,150.8408379000
WetherillPark-MG,"406","0","406",0.16318666796778,11.14706345536836,-33.9172148000,150.8409870000
WetherillPark-MG,"407","0","407",0.16386313402749,9.97936694222247,-33.9165511000,150.8411178000
WetherillPark-MG,"408","0","408",0.16420775599512,10.30336034155505,-33.9162105439,150.8411705813
WetherillPark-MG,"409","0","409",0.16534456419194,11.45909147755522,-33.9150977465,150.8414029918
WetherillPark-MG,"410","0","410",0.16608389473603,11.21277749997537,-33.9143723000,150.8415456000
WetherillPark-MG,"411","0","411",0.16627877534057,11.30542962420588,-33.9141812000,150.8415838000
WetherillPark-MG,"412","0","412",0.16662560672609,18.69780630965753,-33.9138411000,150.8416518000
WetherillPark-MG,"413","0","413",0.16669018659912,39.04097618438021,-33.9137831000,150.8416802000
WetherillPark-MG,"414","0","414",0.16672445334685,51.90849862001627,-33.9137620000,150.8417072000
WetherillPark-MG,"415","0","415",0.16679289112877,62.47429941575888,-33.9137197000,150.8417610000
WetherillPark-MG,"416","0","416",0.16686144307988,78.91513382639776,-33.9136998000,150.8418266000
WetherillPark-MG,"417","0","417",0.16696006381807,91.32893060430327,-33.9136907000,150.8419248000
WetherillPark-MG,"418","0","418",0.16818090370119,97.95222757636863,-33.9138596000,150.8431339000
MG-Austral_FAST,"0","0","0",0.00000000000000,274.42155962457991,-33.9184857823,150.8457470339
MG-Austral_FAST,"1","0","1",0.00050694265260,276.54406361999696,-33.9184467000,150.8452416000
MG-Austral_FAST,"2","0","2",0.00092835433966,278.66697739708161,-33.9183832000,150.8448250000
MG-Austral_FAST,"3","0","3",0.00179100597273,278.19036609647759,-33.9182532000,150.8439722000
MG-Austral_FAST,"4","0","4",0.00248316868482,278.99445622724505,-33.9181603000,150.8432863000
MG-Austral_FAST,"5","0","5",0.00264069522224,240.05230373771724,-33.9181322000,150.8431313000
MG-Austral_FAST,"6","0","6",0.00266929067638,190.37260287545399,-33.9181591000,150.8431216000
MG-Austral_FAST,"7","0","7",0.00276310266921,221.16247013496681,-33.9182529000,150.8431201000
MG-Austral_FAST,"8","0","8",0.00287556457387,266.52855952641744,-33.9182697000,150.8430089000
MG-Austral_FAST,"9","0","9",0.00298681060750,274.89798514171207,-33.9182665000,150.8428977000
MG-Austral_FAST,"10","0","10",0.00506761382983,234.58122499185421,-33.9179716000,150.8408379000
MG-Austral_FAST,"11","0","11",0.00521991964056,191.40210779211927,-33.9181211000,150.8408088000
MG-Austral_FAST,"12","0","12",0.00647141974049,147.46569619742277,-33.9193462000,150.8405531000
MG-Austral_FAST,"13","0","13",0.00649473025315,111.39593225795653,-33.9193515000,150.8405758000
MG-Austral_FAST,"14","0","14",0.00651716816747,128.66086409016944,-33.9193626000,150.8405953000
MG-Austral_FAST,"15","0","15",0.00653840445720,147.98837757702555,-33.9193783000,150.8406096000
MG-Austral_FAST,"16","0","16",0.00655842244910,169.15244524003745,-33.9193969000,150.8406170000
MG-Austral_FAST,"17","0","17",0.00657802244908,190.75930469113987,-33.9194165000,150.8406170000
MG-Austral_FAST,"18","0","18",0.00659683361597,211.10707018124262,-33.9194340000,150.8406101000
MG-Austral_FAST,"19","0","19",0.00661661770051,229.37402577138795,-33.9194490000,150.8405972000
MG-Austral_FAST,"20","0","20",0.00663759506925,245.89089467681933,-33.9194601000,150.8405794000
MG-Austral_FAST,"21","0","21",0.00665936706963,260.95753842906981,-33.9194662000,150.8405585000
MG-Austral_FAST,"22","0","22",0.00668147815279,229.23032920214720,-33.9194669000,150.8405364000
MG-Austral_FAST,"23","0","23",0.00733068927407,190.88462921104093,-33.9201057000,150.8404206000
MG-Austral_FAST,"24","0","24",0.00750733199256,191.33351747419991,-33.9202788000,150.8403854000
MG-Austral_FAST,"25","0","25",0.00808018886824,191.21269282475345,-33.9208408000,150.8402744000
MG-Austral_FAST,"26","0","26",0.00880736824777,191.24990886160131,-33.9215540000,150.8401325000
MG-Austral_FAST,"27","0","27",0.00930777847947,194.37933572772459,-33.9220448000,150.8400349000
MG-Austral_FAST,"28","0","28",0.00947261779518,152.33201711802309,-33.9222020000,150.8399853000
MG-Austral_FAST,"29","0","29",0.00948957185074,112.09164105184686,-33.9222070000,150.8400015000
MG-Austral_FAST,"30","0","30",0.00950607457782,122.34328051550915,-33.9222145000,150.8400162000
MG-Austral_FAST,"31","0","31",0.00952211608644,133.44604769225563,-33.9222243000,150.8400289000
MG-Austral_FAST,"32","0","32",0.00953743143820,145.22119671963938,-33.9222359000,150.8400389000
MG-Austral_FAST,"33","0","33",0.00955237968225,156.01349534163444,-33.9222490000,150.8400461000
MG-Austral_FAST,"34","0","34",0.00955968515965,165.81029574700429,-33.9222559000,150.8400485000
MG-Austral_FAST,"35","0","35",0.00957407022135,175.79766150853987,-33.9222701000,150.8400508000
MG-Austral_FAST,"36","0","36",0.00958127091575,184.40640827736453,-33.9222773000,150.8400507000
MG-Austral_FAST,"37","0","37",0.00958844099246,192.85074252424110,-33.9222844000,150.8400497000
MG-Austral_FAST,"38","0","38",0.00960292546691,202.81076745602630,-33.9222982000,150.8400453000
MG-Austral_FAST,"39","0","39",0.00961039607601,212.32823031771034,-33.9223048000,150.8400418000
MG-Austral_FAST,"40","0","40",0.00962561612859,222.40668790234548,-33.9223170000,150.8400327000
MG-Austral_FAST,"41","0","41",0.00964133681557,232.29943674656741,-33.9223275000,150.8400210000
MG-Austral_FAST,"42","0","42",0.00964949095561,239.19580325042912,-33.9223320000,150.8400142000
MG-Austral_FAST,"43","0","43",0.00965776742831,244.20789898061489,-33.9223359000,150.8400069000
MG-Austral_FAST,"44","0","44",0.00966605295787,250.43042326150299,-33.9223392000,150.8399993000
MG-Austral_FAST,"45","0","45",0.00968308586718,257.81816829328915,-33.9223438000,150.8399829000
MG-Austral_FAST,"46","0","46",0.00969168470432,264.82450522381743,-33.9223451000,150.8399744000
MG-Austral_FAST,"47","0","47",0.00970899192825,271.82952962138887,-33.9223456000,150.8399571000
MG-Austral_FAST,"48","0","48",0.00971762905740,277.71960861271549,-33.9223448000,150.8399485000
MG-Austral_FAST,"49","0","49",0.00972616193494,283.63854662635293,-33.9223433000,150.8399401000
MG-Austral_FAST,"50","0","50",0.00974311599054,290.93986808414559,-33.9223383000,150.8399239000
MG-Austral_FAST,"51","0","51",0.00975148318840,298.57217592972734,-33.9223348000,150.8399163000
MG-Austral_FAST,"52","0","52",0.00976771217482,306.39078717280597,-33.9223261000,150.8399026000
MG-Austral_FAST,"53","0","53",0.00977558681769,313.20308168381007,-33.9223210000,150.8398966000
MG-Austral_FAST,"54","0","54",0.00978336627778,319.21383473209602,-33.9223154000,150.8398912000
MG-Austral_FAST,"55","0","55",0.00979106692709,326.70316769825496,-33.9223093000,150.8398865000
MG-Austral_FAST,"56","0","56",0.00980592761352,337.72698730124472,-33.9222963000,150.8398793000
MG-Austral_FAST,"57","0","57",0.00982046067928,349.00246718663573,-33.9222823000,150.8398754000
MG-Austral_FAST,"58","0","58",0.00982760560755,358.98497874847601,-33.9222752000,150.8398746000
MG-Austral_FAST,"59","0","59",0.00984194785283,321.09437146892895,-33.9222609000,150.8398757000
MG-Austral_FAST,"60","0","60",0.01165760377286,277.78922085023845,-33.9220148000,150.8380768000
MG-Austral_FAST,"61","0","61",0.01487791017444,277.88336752387607,-33.9215784000,150.8348862000
MG-Austral_FAST,"62","0","62",0.01591898714087,277.98026301037538,-33.9214339000,150.8338552000
MG-Austral_FAST,"63","0","63",0.01752413902464,277.88274900301730,-33.9212110000,150.8322656000
MG-Austral_FAST,"64","0","64",0.02007090145958,278.10556449302118,-33.9208661000,150.8297423000
MG-Austral_FAST,"65","0","65",0.02105068184319,278.15393434456848,-33.9207225000,150.8287731000
MG-Austral_FAST,"66","0","66",0.02194556903229,277.88030476127818,-33.9205998114,150.8278866630
MG-Austral_FAST,"67","0","67",0.02326207913449,277.88082740271915,-33.9204193066,150.8265825860
MG-Austral_FAST,"68","0","68",0.02414365435647,277.88149755936547,-33.9202984271,150.8257093374
MG-Austral_FAST,"69","0","69",0.02463921643209,277.88652228695520,-33.9202304698,150.8252184570
MG-Austral_FAST,"70","0","70",0.02528171339171,277.88445791465557,-33.9201422605,150.8245820440
MG-Austral_FAST,"71","0","71",0.02671807711822,277.88780417049793,-33.9199453920,150.8231592357
MG-Austral_FAST,"72","0","72",0.02713947336607,277.89007831076037,-33.9198874892,150.8227418366
MG-Austral_FAST,"73","0","73",0.02829114577705,277.87796442946535,-33.9197295499,150.8216010454
MG-Austral_FAST,"74","0","74",0.02886743803916,277.87861903202071,-33.9196506047,150.8210301860
MG-Austral_FAST,"75","0","75",0.02928700620655,277.88379126088853,-33.9195930561,150.8206145833
MG-Austral_FAST,"76","0","76",0.03017801844707,277.88415609609291,-33.9194708386,150.8197319930
MG-Austral_FAST,"77","0","77",0.03105454042017,277.88453186699832,-33.9193506023,150.8188637568
MG-Austral_FAST,"78","0","78",0.03158087310852,278.39952545860172,-33.9192784000,150.8183424000
MG-Austral_FAST,"79","0","79",0.03183609327950,278.37293348552424,-33.9192388516,150.8180902626
MG-Austral_FAST,"80","0","80",0.03317310878536,277.91893703985471,-33.9190566692,150.8167657174
MG-Austral_FAST,"81","0","81",0.03401761998323,278.00594074856156,-33.9189390432,150.8159294380
MG-Austral_FAST,"82","0","82",0.03504759542373,278.01522167524212,-33.9187956000,150.8149095000
MG-Austral_FAST,"83","0","83",0.03614603189086,278.02514051924265,-33.9186422541,150.8138218200
MG-Austral_FAST,"84","0","84",0.03689210623514,278.02560101978372,-33.9185380936,150.8130830525
MG-Austral_FAST,"85","0","85",0.03818395607932,278.02605649611542,-33.9183577259,150.8118038560
MG-Austral_FAST,"86","0","86",0.03869430372757,278.02636540733204,-33.9182864675,150.8112985077
MG-Austral_FAST,"87","0","87",0.03898614953228,278.02660132124947,-33.9182457169,150.8110095209
MG-Austral_FAST,"88","0","88",0.03988105443330,278.02694611922971,-33.9181207566,150.8101233834
MG-Austral_FAST,"89","0","89",0.04070642477050,277.46336844405300,-33.9180055000,150.8093061000
MG-Austral_FAST,"90","0","90",0.04119506338952,276.74382806434232,-33.9179468000,150.8088210000
MG-Austral_FAST,"91","0","91",0.04123079936570,276.58806940140602,-33.9179427000,150.8087855000
Austral-MG_FAST,"0","0","0",0.00000000000000,96.87835699628853,-33.9179427000,150.8087855000
Austral-MG_FAST,"1","0","1",0.00052437410300,97.45275357855797,-33.9180055000,150.8093061000
Austral-MG_FAST,"2","0","2",0.00134974444020,98.02694611922978,-33.9181207566,150.8101233834
Austral-MG_FAST,"3","0","3",0.00224464934122,98.02654078295424,-33.9182457169,150.8110095209
Austral-MG_FAST,"4","0","4",0.00304684279417,98.02609111535496,-33.9183577259,150.8118038560
Austral-MG_FAST,"5","0","5",0.00433869263836,98.02560101978374,-33.9185380936,150.8130830525
Austral-MG_FAST,"6","0","6",0.00508476698264,98.02514051924271,-33.9186422541,150.8138218200
Austral-MG_FAST,"7","0","7",0.00618320344977,98.01522167524219,-33.9187956000,150.8149095000
Austral-MG_FAST,"8","0","8",0.00721317889027,98.00594074856151,-33.9189390432,150.8159294380
Austral-MG_FAST,"9","0","9",0.00805769008814,98.00571843392879,-33.9190566692,150.8167657174
Austral-MG_FAST,"10","0","10",0.00964988749233,97.94478367064906,-33.9192784000,150.8183424000
Austral-MG_FAST,"11","0","11",0.01105274215377,97.88421847874709,-33.9194708386,150.8197319930
Austral-MG_FAST,"12","0","12",0.01194375439429,97.88372295804525,-33.9195930561,150.8206145833
Austral-MG_FAST,"13","0","13",0.01293960898863,97.88319483626836,-33.9197296468,150.8216010261
Austral-MG_FAST,"14","0","14",0.01451268346069,97.88239876847071,-33.9199453920,150.8231592357
Austral-MG_FAST,"15","0","15",0.01663633484241,97.88163614728484,-33.9202366120,150.8252628246
Austral-MG_FAST,"16","0","16",0.01796868143232,97.88096599076121,-33.9204193066,150.8265825860
Austral-MG_FAST,"17","0","17",0.01928519153452,97.87313471960417,-33.9205998114,150.8278866630
Austral-MG_FAST,"18","0","18",0.02031542140813,98.19940834028573,-33.9207408000,150.8289072000
Austral-MG_FAST,"19","0","19",0.02115986921592,98.15820853041248,-33.9208661000,150.8297423000
Austral-MG_FAST,"20","0","20",0.02370663165086,97.88198889860105,-33.9212110000,150.8322656000
Austral-MG_FAST,"21","0","21",0.02635286049962,97.88453946704171,-33.9215784000,150.8348862000
Austral-MG_FAST,"22","0","22",0.02957316690121,97.78922085023842,-33.9220148000,150.8380768000
Austral-MG_FAST,"23","0","23",0.03138882282123,56.10540542216972,-33.9222609000,150.8398757000
Austral-MG_FAST,"24","0","24",0.03139605054561,17.89569777244099,-33.9222539000,150.8398775000
Austral-MG_FAST,"25","0","25",0.03140345999904,24.31297532482142,-33.9222470000,150.8398802000
Austral-MG_FAST,"26","0","26",0.03141088428353,30.47269795960588,-33.9222404000,150.8398836000
Austral-MG_FAST,"27","0","27",0.03141845594120,36.69999325761194,-33.9222341000,150.8398878000
Austral-MG_FAST,"28","0","28",0.03142612536101,42.87577258754177,-33.9222282000,150.8398927000
Austral-MG_FAST,"29","0","29",0.03143390482114,48.57856492449747,-33.9222228000,150.8398983000
Austral-MG_FAST,"30","0","30",0.03144186974423,53.61427212441254,-33.9222178000,150.8399045000
Austral-MG_FAST,"31","0","31",0.03144994067973,58.99991601894870,-33.9222133000,150.8399112000
Austral-MG_FAST,"32","0","32",0.03145821715242,64.34410042670274,-33.9222094000,150.8399185000
Austral-MG_FAST,"33","0","33",0.03146659450283,69.07593525288097,-33.9222061000,150.8399262000
Austral-MG_FAST,"34","0","34",0.03147503784339,74.22835850929137,-33.9222034000,150.8399342000
Austral-MG_FAST,"35","0","35",0.03148355253662,79.20537662767300,-33.9222015000,150.8399425000
Austral-MG_FAST,"36","0","36",0.03149215137373,83.32557271871080,-33.9222002000,150.8399510000
Austral-MG_FAST,"37","0","37",0.03150077981505,88.33178035682651,-33.9221995000,150.8399596000
Austral-MG_FAST,"38","0","38",0.03150948211362,93.31572921489604,-33.9221997000,150.8399683000
Austral-MG_FAST,"39","0","39",0.03151811924277,97.71960866633981,-33.9222005000,150.8399769000
Austral-MG_FAST,"40","0","40",0.03152665212034,59.62915733769950,-33.9222020000,150.8399853000
Austral-MG_FAST,"41","0","41",0.03160444993517,17.59825194177721,-33.9221285000,150.8400108000
Austral-MG_FAST,"42","0","42",0.03169155045188,13.65495980310440,-33.9220448000,150.8400349000
Austral-MG_FAST,"43","0","43",0.03219196068357,11.24990886160131,-33.9215540000,150.8401325000
Austral-MG_FAST,"44","0","44",0.03291914006311,11.21269282475344,-33.9208408000,150.8402744000
Austral-MG_FAST,"45","0","45",0.03349199693878,11.33351747419990,-33.9202788000,150.8403854000
Austral-MG_FAST,"46","0","46",0.03366863965728,10.88462921104092,-33.9201057000,150.8404206000
Austral-MG_FAST,"47","0","47",0.03431785077856,326.12549136477685,-33.9194669000,150.8405364000
Austral-MG_FAST,"48","0","48",0.03433809133192,289.14007843781013,-33.9194627000,150.8405166000
Austral-MG_FAST,"49","0","49",0.03435772421253,303.81673792517125,-33.9194540000,150.8404990000
Austral-MG_FAST,"50","0","50",0.03437650105996,319.71325191129330,-33.9194416000,150.8404849000
Austral-MG_FAST,"51","0","51",0.03439428785280,337.43788612772715,-33.9194265000,150.8404755000
Austral-MG_FAST,"52","0","52",0.03441133983218,356.26143908830261,-33.9194099000,150.8404716000
Austral-MG_FAST,"53","0","53",0.03442832511990,15.52276846951872,-33.9193930000,150.8404733000
Austral-MG_FAST,"54","0","54",0.03444657587333,34.19963288238585,-33.9193765000,150.8404811000
Austral-MG_FAST,"55","0","55",0.03446574903165,51.35938062825021,-33.9193625000,150.8404942000
Austral-MG_FAST,"56","0","56",0.03448591831523,67.06301267669846,-33.9193523000,150.8405116000
Austral-MG_FAST,"57","0","57",0.03450688018538,81.58021354252404,-33.9193467000,150.8405318000
Austral-MG_FAST,"58","0","58",0.03452818605310,50.22233358551397,-33.9193462000,150.8405531000
Austral-MG_FAST,"59","0","59",0.03577968615304,11.40210779211927,-33.9181211000,150.8408088000
Austral-MG_FAST,"60","0","60",0.03593199196377,54.58122499185424,-33.9179716000,150.8408379000
Austral-MG_FAST,"61","0","61",0.03801279518610,94.89798514171207,-33.9182665000,150.8428977000
Austral-MG_FAST,"62","0","62",0.03812404121973,86.52855952641748,-33.9182697000,150.8430089000
Austral-MG_FAST,"63","0","63",0.03823650312438,41.16247013496679,-33.9182529000,150.8431201000
Austral-MG_FAST,"64","0","64",0.03833031511722,10.37260287545397,-33.9181591000,150.8431216000
Austral-MG_FAST,"65","0","65",0.03835891057136,60.05230373771727,-33.9181322000,150.8431313000
Austral-MG_FAST,"66","0","66",0.03851643710878,98.99445622724505,-33.9181603000,150.8432863000
Austral-MG_FAST,"67","0","67",0.03920859982087,98.19036609647759,-33.9182532000,150.8439722000
Austral-MG_FAST,"68","0","68",0.04007125145394,98.66697739708162,-33.9183832000,150.8448250000
Austral-MG_FAST,"69","0","69",0.04049266314100,96.54406361999692,-33.9184467000,150.8452416000
Austral-MG_FAST,"70","0","70",0.04099960579360,94.42155962457996,-33.9184857823,150.8457470339
FAST_MG_TOD,"0","0","0",0.00000000000000,97.77088589990224,-33.9207225000,150.8287731000
FAST_MG_TOD,"1","0","1",0.00013534289786,98.27574006728571,-33.9207408000,150.8289072000
FAST_MG_TOD,"2","0","2",0.00054018762126,98.59892988746151,-33.9208026000,150.8293073000
FAST_MG_TOD,"3","0","3",0.00073488484776,98.31669379288958,-33.9208311000,150.8294999000
FAST_MG_TOD,"4","0","4",0.00097979862846,97.99971249680129,-33.9208661000,150.8297423000
FAST_MG_TOD,"5","0","5",0.00352656106340,97.88274900301727,-33.9212110000,150.8322656000
FAST_MG_TOD,"6","0","6",0.00513171294717,97.90849959135781,-33.9214339000,150.8338552000
FAST_MG_TOD,"7","0","7",0.00939309199276,97.81242087013834,-33.9220148000,150.8380768000
FAST_MG_TOD,"8","0","8",0.01120874791279,56.10540542216972,-33.9222609000,150.8398757000
FAST_MG_TOD,"9","0","9",0.01121597563716,17.89569777244099,-33.9222539000,150.8398775000
FAST_MG_TOD,"10","0","10",0.01122338509060,24.31297532482142,-33.9222470000,150.8398802000
FAST_MG_TOD,"11","0","11",0.01123080937508,30.47269795960588,-33.9222404000,150.8398836000
FAST_MG_TOD,"12","0","12",0.01123838103276,36.69999325761194,-33.9222341000,150.8398878000
FAST_MG_TOD,"13","0","13",0.01124605045257,42.87577258754177,-33.9222282000,150.8398927000
FAST_MG_TOD,"14","0","14",0.01125382991269,48.57856492449747,-33.9222228000,150.8398983000
FAST_MG_TOD,"15","0","15",0.01126179483579,53.61427212441254,-33.9222178000,150.8399045000
FAST_MG_TOD,"16","0","16",0.01126986577129,58.99991601894870,-33.9222133000,150.8399112000
FAST_MG_TOD,"17","0","17",0.01127814224397,64.34410042670274,-33.9222094000,150.8399185000
FAST_MG_TOD,"18","0","18",0.01128651959439,69.07593525288097,-33.9222061000,150.8399262000
FAST_MG_TOD,"19","0","19",0.01129496293495,74.22835850929137,-33.9222034000,150.8399342000
FAST_MG_TOD,"20","0","20",0.01130347762818,79.20537662767300,-33.9222015000,150.8399425000
FAST_MG_TOD,"21","0","21",0.01131207646528,83.32557271871080,-33.9222002000,150.8399510000
FAST_MG_TOD,"22","0","22",0.01132070490660,88.33178035682651,-33.9221995000,150.8399596000
FAST_MG_TOD,"23","0","23",0.01132940720517,93.31572921489604,-33.9221997000,150.8399683000
FAST_MG_TOD,"24","0","24",0.01133804433433,97.71960866633981,-33.9222005000,150.8399769000
FAST_MG_TOD,"25","0","25",0.01134657721190,59.62915733769950,-33.9222020000,150.8399853000
FAST_MG_TOD,"26","0","26",0.01142437502672,17.59825194177721,-33.9221285000,150.8400108000
FAST_MG_TOD,"27","0","27",0.01151147554343,13.65495980310440,-33.9220448000,150.8400349000
FAST_MG_TOD,"28","0","28",0.01201188577513,11.24990886160131,-33.9215540000,150.8401325000
FAST_MG_TOD,"29","0","29",0.01273906515466,11.21269282475344,-33.9208408000,150.8402744000
FAST_MG_TOD,"30","0","30",0.01331192203034,11.33351747419990,-33.9202788000,150.8403854000
FAST_MG_TOD,"31","0","31",0.01348856474883,10.88462921104092,-33.9201057000,150.8404206000
FAST_MG_TOD,"32","0","32",0.01413777587011,326.12549136477685,-33.9194669000,150.8405364000
FAST_MG_TOD,"33","0","33",0.01415801642348,289.14007843781013,-33.9194627000,150.8405166000
FAST_MG_TOD,"34","0","34",0.01417764930409,303.81673792517125,-33.9194540000,150.8404990000
FAST_MG_TOD,"35","0","35",0.01419642615151,319.71325191129330,-33.9194416000,150.8404849000
FAST_MG_TOD,"36","0","36",0.01421421294435,337.43788612772715,-33.9194265000,150.8404755000
FAST_MG_TOD,"37","0","37",0.01423126492373,356.26143908830261,-33.9194099000,150.8404716000
FAST_MG_TOD,"38","0","38",0.01424825021146,15.52276846951872,-33.9193930000,150.8404733000
FAST_MG_TOD,"39","0","39",0.01426650096489,34.19963288238585,-33.9193765000,150.8404811000
FAST_MG_TOD,"40","0","40",0.01428567412320,51.35938062825021,-33.9193625000,150.8404942000
FAST_MG_TOD,"41","0","41",0.01430584340679,67.06301267669846,-33.9193523000,150.8405116000
FAST_MG_TOD,"42","0","42",0.01432680527694,81.58021354252404,-33.9193467000,150.8405318000
FAST_MG_TOD,"43","0","43",0.01434811114466,50.22233358551397,-33.9193462000,150.8405531000
FAST_MG_TOD,"44","0","44",0.01559961124459,11.40210779211927,-33.9181211000,150.8408088000
FAST_MG_TOD,"45","0","45",0.01575191705533,54.58122499185424,-33.9179716000,150.8408379000
FAST_MG_TOD,"46","0","46",0.01783272027765,94.89798514171207,-33.9182665000,150.8428977000
FAST_MG_TOD,"47","0","47",0.01794396631128,86.52855952641748,-33.9182697000,150.8430089000
FAST_MG_TOD,"48","0","48",0.01805642821594,41.16247013496679,-33.9182529000,150.8431201000
FAST_MG_TOD,"49","0","49",0.01815024020877,10.37260287545397,-33.9181591000,150.8431216000
FAST_MG_TOD,"50","0","50",0.01817883566292,60.05230373771727,-33.9181322000,150.8431313000
FAST_MG_TOD,"51","0","51",0.01833636220033,98.99445622724505,-33.9181603000,150.8432863000
FAST_MG_TOD,"52","0","52",0.01902852491243,98.19036609647759,-33.9182532000,150.8439722000
FAST_MG_TOD,"53","0","53",0.01989117654549,98.66697739708162,-33.9183832000,150.8448250000
FAST_MG_TOD,"54","0","54",0.02031258823256,96.54406361999692,-33.9184467000,150.8452416000
FAST_MG_TOD,"55","0","55",0.02081953088515,94.42155962457996,-33.9184857823,150.8457470339
MG_FAST_TOD,"0","0","0",0.00000000000000,274.42155962457991,-33.9184857823,150.8457470339
MG_FAST_TOD,"1","0","1",0.00050694265260,276.54406361999696,-33.9184467000,150.8452416000
MG_FAST_TOD,"2","0","2",0.00092835433966,278.66697739708161,-33.9183832000,150.8448250000
MG_FAST_TOD,"3","0","3",0.00179100597273,278.19036609647759,-33.9182532000,150.8439722000
MG_FAST_TOD,"4","0","4",0.00248316868482,278.99445622724505,-33.9181603000,150.8432863000
MG_FAST_TOD,"5","0","5",0.00264069522224,240.05230373771724,-33.9181322000,150.8431313000
MG_FAST_TOD,"6","0","6",0.00266929067638,190.37260287545399,-33.9181591000,150.8431216000
MG_FAST_TOD,"7","0","7",0.00276310266921,221.16247013496681,-33.9182529000,150.8431201000
MG_FAST_TOD,"8","0","8",0.00287556457387,266.52855952641744,-33.9182697000,150.8430089000
MG_FAST_TOD,"9","0","9",0.00298681060750,274.89798514171207,-33.9182665000,150.8428977000
MG_FAST_TOD,"10","0","10",0.00506761382983,234.58122499185421,-33.9179716000,150.8408379000
MG_FAST_TOD,"11","0","11",0.00521991964056,191.40210779211927,-33.9181211000,150.8408088000
MG_FAST_TOD,"12","0","12",0.00647141974049,147.46569619742277,-33.9193462000,150.8405531000
MG_FAST_TOD,"13","0","13",0.00649473025315,111.39593225795653,-33.9193515000,150.8405758000
MG_FAST_TOD,"14","0","14",0.00651716816747,128.66086409016944,-33.9193626000,150.8405953000
MG_FAST_TOD,"15","0","15",0.00653840445720,147.98837757702555,-33.9193783000,150.8406096000
MG_FAST_TOD,"16","0","16",0.00655842244910,169.15244524003745,-33.9193969000,150.8406170000
MG_FAST_TOD,"17","0","17",0.00657802244908,190.75930469113987,-33.9194165000,150.8406170000
MG_FAST_TOD,"18","0","18",0.00659683361597,211.10707018124262,-33.9194340000,150.8406101000
MG_FAST_TOD,"19","0","19",0.00661661770051,229.37402577138795,-33.9194490000,150.8405972000
MG_FAST_TOD,"20","0","20",0.00663759506925,245.89089467681933,-33.9194601000,150.8405794000
MG_FAST_TOD,"21","0","21",0.00665936706963,260.95753842906981,-33.9194662000,150.8405585000
MG_FAST_TOD,"22","0","22",0.00668147815279,229.23032920214720,-33.9194669000,150.8405364000
MG_FAST_TOD,"23","0","23",0.00733068927407,190.88462921104093,-33.9201057000,150.8404206000
MG_FAST_TOD,"24","0","24",0.00750733199256,191.33351747419991,-33.9202788000,150.8403854000
MG_FAST_TOD,"25","0","25",0.00808018886824,191.21269282475345,-33.9208408000,150.8402744000
MG_FAST_TOD,"26","0","26",0.00880736824777,191.24990886160131,-33.9215540000,150.8401325000
MG_FAST_TOD,"27","0","27",0.00930777847947,193.65495980310442,-33.9220448000,150.8400349000
MG_FAST_TOD,"28","0","28",0.00939487899618,197.59825194177725,-33.9221285000,150.8400108000
MG_FAST_TOD,"29","0","29",0.00947267681100,151.66609854507641,-33.9222020000,150.8399853000
MG_FAST_TOD,"30","0","30",0.00948123835293,107.17808244196804,-33.9222041000,150.8399936000
MG_FAST_TOD,"31","0","31",0.00948965381488,112.44246277544948,-33.9222070000,150.8400015000
MG_FAST_TOD,"32","0","32",0.00949802101276,117.06168374655431,-33.9222105000,150.8400091000
MG_FAST_TOD,"33","0","33",0.00950617024586,122.42576353127659,-33.9222145000,150.8400162000
MG_FAST_TOD,"34","0","34",0.00951427271460,127.67665452543771,-33.9222192000,150.8400228000
MG_FAST_TOD,"35","0","35",0.00952222381515,133.23719246999127,-33.9222243000,150.8400289000
MG_FAST_TOD,"36","0","36",0.00952993419774,139.25188402955689,-33.9222299000,150.8400342000
MG_FAST_TOD,"37","0","37",0.00953755587735,144.96091740210127,-33.9222359000,150.8400389000
MG_FAST_TOD,"38","0","38",0.00954510306228,151.23245942212770,-33.9222423000,150.8400429000
MG_FAST_TOD,"39","0","39",0.00955252802017,157.64564704071236,-33.9222490000,150.8400461000
MG_FAST_TOD,"40","0","40",0.00955983349757,163.97299514238162,-33.9222559000,150.8400485000
MG_FAST_TOD,"41","0","41",0.00956701402680,170.78601368553763,-33.9222629000,150.8400501000
MG_FAST_TOD,"42","0","42",0.00957424797455,177.62137628803464,-33.9222701000,150.8400508000
MG_FAST_TOD,"43","0","43",0.00958144866895,184.40640827736453,-33.9222773000,150.8400507000
MG_FAST_TOD,"44","0","44",0.00958861874566,191.21893311051286,-33.9222844000,150.8400497000
MG_FAST_TOD,"45","0","45",0.00959584647007,197.67263741195987,-33.9222914000,150.8400479000
MG_FAST_TOD,"46","0","46",0.00960312657995,204.43082228154705,-33.9222982000,150.8400453000
MG_FAST_TOD,"47","0","47",0.00961059718905,210.49648283469884,-33.9223048000,150.8400418000
MG_FAST_TOD,"48","0","48",0.00961811383722,216.66784289485622,-33.9223111000,150.8400377000
MG_FAST_TOD,"49","0","49",0.00962584752978,222.63993159012020,-33.9223170000,150.8400327000
MG_FAST_TOD,"50","0","50",0.00963362570433,228.05775179619894,-33.9223225000,150.8400272000
MG_FAST_TOD,"51","0","51",0.00964159062744,233.81015942816839,-33.9223275000,150.8400210000
MG_FAST_TOD,"52","0","52",0.00964974476748,239.19580325042912,-33.9223320000,150.8400142000
MG_FAST_TOD,"53","0","53",0.00965802124019,244.20789898061489,-33.9223359000,150.8400069000
MG_FAST_TOD,"54","0","54",0.00966630676975,249.36650899305531,-33.9223392000,150.8399993000
MG_FAST_TOD,"55","0","55",0.00967481382564,254.32803611817397,-33.9223418000,150.8399912000
MG_FAST_TOD,"56","0","56",0.00968335138968,258.87827902925551,-33.9223438000,150.8399829000
MG_FAST_TOD,"57","0","57",0.00969195022683,263.65679196640360,-33.9223451000,150.8399744000
MG_FAST_TOD,"58","0","58",0.00970057113165,268.33381509125735,-33.9223457000,150.8399658000
MG_FAST_TOD,"59","0","59",0.00970927170634,272.98654445834825,-33.9223456000,150.8399571000
MG_FAST_TOD,"60","0","60",0.00971790883549,277.71960861271549,-33.9223448000,150.8399485000
MG_FAST_TOD,"61","0","61",0.00972644171304,282.57151612488633,-33.9223433000,150.8399401000
MG_FAST_TOD,"62","0","62",0.00973493170718,287.15420344649641,-33.9223411000,150.8399319000
MG_FAST_TOD,"63","0","63",0.00974340755522,292.00868027376777,-33.9223383000,150.8399239000
MG_FAST_TOD,"64","0","64",0.00975177475309,297.36611758345697,-33.9223348000,150.8399163000
MG_FAST_TOD,"65","0","65",0.00975997353348,302.44012455015394,-33.9223307000,150.8399092000
MG_FAST_TOD,"66","0","66",0.00976801840763,307.61993261972583,-33.9223261000,150.8399026000
MG_FAST_TOD,"67","0","67",0.00977589305050,313.20308168381007,-33.9223210000,150.8398966000
MG_FAST_TOD,"68","0","68",0.00978367251059,319.21383473209602,-33.9223154000,150.8398912000
MG_FAST_TOD,"69","0","69",0.00979137315990,324.98686826465331,-33.9223093000,150.8398865000
MG_FAST_TOD,"70","0","70",0.00979883573325,331.02899781735448,-33.9223030000,150.8398825000
MG_FAST_TOD,"71","0","71",0.00980626069114,337.64564704071239,-33.9222963000,150.8398793000
MG_FAST_TOD,"72","0","72",0.00981356616854,344.44583492160649,-33.9222894000,150.8398769000
MG_FAST_TOD,"73","0","73",0.00982082288956,350.82096501724135,-33.9222823000,150.8398754000
MG_FAST_TOD,"74","0","74",0.00982796781783,357.58119617895943,-33.9222752000,150.8398746000
MG_FAST_TOD,"75","0","75",0.00983517059505,4.40772793907324,-33.9222680000,150.8398748000
MG_FAST_TOD,"76","0","76",0.00984232741001,322.50717665517931,-33.9222609000,150.8398757000
MG_FAST_TOD,"77","0","77",0.01165798333003,277.78922085023845,-33.9220148000,150.8380768000
MG_FAST_TOD,"78","0","78",0.01487828973162,277.88336752387607,-33.9215784000,150.8348862000
MG_FAST_TOD,"79","0","79",0.01591936669804,277.98026301037538,-33.9214339000,150.8338552000
MG_FAST_TOD,"80","0","80",0.01752451858181,277.88274900301730,-33.9212110000,150.8322656000
MG_FAST_TOD,"81","0","81",0.02007128101675,278.04425423346277,-33.9208661000,150.8297423000
MG_FAST_TOD,"82","0","82",0.02051089135555,278.54289987675872,-33.9208026000,150.8293073000
MG_FAST_TOD,"83","0","83",0.02091573607894,278.27573997638433,-33.9207408000,150.8289072000
MG_FAST_TOD,"84","0","84",0.02105107897675,277.77088571809946,-33.9207225000,150.8287731000
